{
    "0": {
        "Loss_Exp": 217.01483154296875,
        "RelativeDistance_Exp": 1.1114909648895264,
        "R2Score_Exp": 0.19780905544757843,
        "Forgetting_Exp": 0.7020386904478073,
        "BWT_Exp": -0.7020386904478073
    },
    "1": {
        "Loss_Exp": 246.0072479248047,
        "RelativeDistance_Exp": 1.0662734508514404,
        "R2Score_Exp": 0.09739620983600616,
        "Forgetting_Exp": 0.798185870051384,
        "BWT_Exp": -0.798185870051384
    },
    "2": {
        "Loss_Exp": 261.2759704589844,
        "RelativeDistance_Exp": 1.3870742321014404,
        "R2Score_Exp": 0.01455754041671753,
        "Forgetting_Exp": 0.8756619095802307,
        "BWT_Exp": -0.8756619095802307
    },
    "3": {
        "Loss_Exp": 235.568603515625,
        "RelativeDistance_Exp": 1.3376667499542236,
        "R2Score_Exp": 0.033190131187438965,
        "Forgetting_Exp": 0.8611493110656738,
        "BWT_Exp": -0.8611493110656738
    },
    "4": {
        "Loss_Exp": 347.5892333984375,
        "RelativeDistance_Exp": 1.4251283407211304,
        "R2Score_Exp": -0.1278689205646515,
        "Forgetting_Exp": 1.0152100622653961,
        "BWT_Exp": -1.0152100622653961
    },
    "5": {
        "Loss_Exp": 238.1764678955078,
        "RelativeDistance_Exp": 1.1990712881088257,
        "R2Score_Exp": 0.19450104236602783,
        "Forgetting_Exp": 0.6849098801612854,
        "BWT_Exp": -0.6849098801612854
    },
    "6": {
        "Loss_Exp": 266.3478088378906,
        "RelativeDistance_Exp": 1.6408885717391968,
        "R2Score_Exp": 0.14521491527557373,
        "Forgetting_Exp": 0.7428699135780334,
        "BWT_Exp": -0.7428699135780334
    },
    "7": {
        "Loss_Exp": 241.831298828125,
        "RelativeDistance_Exp": 0.9782115817070007,
        "R2Score_Exp": 0.16071854531764984,
        "Forgetting_Exp": 0.6745056062936783,
        "BWT_Exp": -0.6745056062936783
    },
    "8": {
        "Loss_Exp": 286.8619384765625,
        "RelativeDistance_Exp": 1.3331620693206787,
        "R2Score_Exp": 0.11358287930488586,
        "Forgetting_Exp": 0.70799520611763,
        "BWT_Exp": -0.70799520611763
    },
    "9": {
        "Loss_Exp": 36.282772064208984,
        "RelativeDistance_Exp": 0.8579491972923279,
        "R2Score_Exp": 0.8593611717224121
    },
    "stream": {
        "Loss_Stream/eval_phase/test_stream": 254.39164294336697,
        "RelativeDistance_Stream/eval_phase/test_stream": 1.233691644668579,
        "R2Score_Stream/eval_phase/test_stream": 0.1688462570309639,
        "Forgetting_Stream/eval_phase/test_stream": {
            "0": 0.7020386904478073,
            "1": 0.798185870051384,
            "2": 0.8756619095802307,
            "3": 0.8611493110656738,
            "4": 1.0152100622653961,
            "5": 0.6849098801612854,
            "6": 0.7428699135780334,
            "7": 0.6745056062936783,
            "8": 0.70799520611763
        },
        "BWT_Stream/eval_phase/test_stream": {
            "0": 0.7020386904478073,
            "1": 0.798185870051384,
            "2": 0.8756619095802307,
            "3": 0.8611493110656738,
            "4": 1.0152100622653961,
            "5": 0.6849098801612854,
            "6": 0.7428699135780334,
            "7": 0.6745056062936783,
            "8": 0.70799520611763
        }
    }
}