{
    "0": {
        "Loss_Exp": 83.52145587408054,
        "RelativeDistance_Exp": 1.019896149635315,
        "R2Score_Exp": 0.8120348751544952,
        "Forgetting_Exp": 0.061417341232299805,
        "BWT_Exp": -0.061417341232299805
    },
    "1": {
        "Loss_Exp": 63.86664100795623,
        "RelativeDistance_Exp": 1.6451709866523743,
        "R2Score_Exp": 0.8136876821517944,
        "Forgetting_Exp": 0.07815739512443542,
        "BWT_Exp": -0.07815739512443542
    },
    "2": {
        "Loss_Exp": 54.385842308279095,
        "RelativeDistance_Exp": 0.7888633211453756,
        "R2Score_Exp": 0.8239380915959676,
        "Forgetting_Exp": 0.006226301193237305,
        "BWT_Exp": -0.006226301193237305
    },
    "3": {
        "Loss_Exp": 44.17540757134031,
        "RelativeDistance_Exp": 0.645054966211319,
        "R2Score_Exp": 0.853755533695221,
        "Forgetting_Exp": 0.006570041179656982,
        "BWT_Exp": -0.006570041179656982
    },
    "4": {
        "Loss_Exp": 44.07824841212258,
        "RelativeDistance_Exp": 0.8131342530250549,
        "R2Score_Exp": 0.8555096834897995,
        "Forgetting_Exp": -0.01034402847290039,
        "BWT_Exp": 0.01034402847290039
    },
    "5": {
        "Loss_Exp": 38.68421305780826,
        "RelativeDistance_Exp": 0.6885723869005839,
        "R2Score_Exp": 0.8488858540852865,
        "Forgetting_Exp": -0.001947939395904541,
        "BWT_Exp": 0.001947939395904541
    },
    "6": {
        "Loss_Exp": 50.25178453341725,
        "RelativeDistance_Exp": 0.7369153698285421,
        "R2Score_Exp": 0.8405814369519552,
        "Forgetting_Exp": 0.023038864135742188,
        "BWT_Exp": -0.023038864135742188
    },
    "7": {
        "Loss_Exp": 35.5257453918457,
        "RelativeDistance_Exp": 0.6927111744880676,
        "R2Score_Exp": 0.8599177598953247,
        "Forgetting_Exp": 0.01626572012901306,
        "BWT_Exp": -0.01626572012901306
    },
    "8": {
        "Loss_Exp": 48.964758096496915,
        "RelativeDistance_Exp": 1.1034307479858398,
        "R2Score_Exp": 0.8412708342075348,
        "Forgetting_Exp": -0.01747092604637146,
        "BWT_Exp": 0.01747092604637146
    },
    "9": {
        "Loss_Exp": 56.82698122586818,
        "RelativeDistance_Exp": 0.8096651136875153,
        "R2Score_Exp": 0.8446357846260071
    },
    "stream": {
        "Loss_Stream/eval_phase/test_stream": 51.237507257841884,
        "RelativeDistance_Stream/eval_phase/test_stream": 0.8764473895231882,
        "R2Score_Stream/eval_phase/test_stream": 0.8397059192260107,
        "Forgetting_Stream/eval_phase/test_stream": {
            "0": 0.061417341232299805,
            "1": 0.07815739512443542,
            "2": 0.006226301193237305,
            "3": 0.006570041179656982,
            "4": -0.01034402847290039,
            "5": -0.001947939395904541,
            "6": 0.023038864135742188,
            "7": 0.01626572012901306,
            "8": -0.01747092604637146
        },
        "BWT_Stream/eval_phase/test_stream": {
            "0": 0.061417341232299805,
            "1": 0.07815739512443542,
            "2": 0.006226301193237305,
            "3": 0.006570041179656982,
            "4": -0.01034402847290039,
            "5": -0.001947939395904541,
            "6": 0.023038864135742188,
            "7": 0.01626572012901306,
            "8": -0.01747092604637146
        }
    }
}