{
    "0": {
        "Loss_Exp": 24.958114624023438,
        "RelativeDistance_Exp": 0.6141903400421143,
        "R2Score_Exp": 0.888210117816925,
        "Forgetting_Exp": -0.005216777324676514,
        "BWT_Exp": 0.005216777324676514
    },
    "1": {
        "Loss_Exp": 25.248863220214844,
        "RelativeDistance_Exp": 0.5785487294197083,
        "R2Score_Exp": 0.8903180360794067,
        "Forgetting_Exp": -0.008859455585479736,
        "BWT_Exp": 0.008859455585479736
    },
    "2": {
        "Loss_Exp": 23.8569393157959,
        "RelativeDistance_Exp": 0.5957953929901123,
        "R2Score_Exp": 0.8937235474586487,
        "Forgetting_Exp": -0.0065735578536987305,
        "BWT_Exp": 0.0065735578536987305
    },
    "3": {
        "Loss_Exp": 17.88088607788086,
        "RelativeDistance_Exp": 0.6416097283363342,
        "R2Score_Exp": 0.9274696111679077,
        "Forgetting_Exp": -0.0075075626373291016,
        "BWT_Exp": 0.0075075626373291016
    },
    "4": {
        "Loss_Exp": 20.32634735107422,
        "RelativeDistance_Exp": 0.6425874829292297,
        "R2Score_Exp": 0.9151198863983154,
        "Forgetting_Exp": -0.023845314979553223,
        "BWT_Exp": 0.023845314979553223
    },
    "5": {
        "Loss_Exp": 23.97341537475586,
        "RelativeDistance_Exp": 0.5948137640953064,
        "R2Score_Exp": 0.9039204120635986,
        "Forgetting_Exp": -0.026777446269989014,
        "BWT_Exp": 0.026777446269989014
    },
    "6": {
        "Loss_Exp": 24.239294052124023,
        "RelativeDistance_Exp": 0.7201693058013916,
        "R2Score_Exp": 0.9047032594680786,
        "Forgetting_Exp": -0.0072135329246521,
        "BWT_Exp": 0.0072135329246521
    },
    "7": {
        "Loss_Exp": 33.66114807128906,
        "RelativeDistance_Exp": 0.522316038608551,
        "R2Score_Exp": 0.8787740468978882,
        "Forgetting_Exp": 0.005173623561859131,
        "BWT_Exp": -0.005173623561859131
    },
    "8": {
        "Loss_Exp": 27.649871826171875,
        "RelativeDistance_Exp": 0.5553696155548096,
        "R2Score_Exp": 0.9063875675201416,
        "Forgetting_Exp": -0.008673906326293945,
        "BWT_Exp": 0.008673906326293945
    },
    "9": {
        "Loss_Exp": 20.436485290527344,
        "RelativeDistance_Exp": 0.5380298495292664,
        "R2Score_Exp": 0.9310247898101807
    },
    "stream": {
        "Loss_Stream/eval_phase/test_stream": 24.35072190488848,
        "RelativeDistance_Stream/eval_phase/test_stream": 0.6003430247306824,
        "R2Score_Stream/eval_phase/test_stream": 0.9039651274681091,
        "Forgetting_Stream/eval_phase/test_stream": {
            "0": -0.005216777324676514,
            "1": -0.008859455585479736,
            "2": -0.0065735578536987305,
            "3": -0.0075075626373291016,
            "4": -0.023845314979553223,
            "5": -0.026777446269989014,
            "6": -0.0072135329246521,
            "7": 0.005173623561859131,
            "8": -0.008673906326293945
        },
        "BWT_Stream/eval_phase/test_stream": {
            "0": -0.005216777324676514,
            "1": -0.008859455585479736,
            "2": -0.0065735578536987305,
            "3": -0.0075075626373291016,
            "4": -0.023845314979553223,
            "5": -0.026777446269989014,
            "6": -0.0072135329246521,
            "7": 0.005173623561859131,
            "8": -0.008673906326293945
        }
    }
}