{
    "0": {
        "Loss_Exp": 81.15224254730086,
        "RelativeDistance_Exp": 0.778692752122879,
        "R2Score_Exp": 0.7541060745716095,
        "Forgetting_Exp": 0.08549991250038147,
        "BWT_Exp": -0.08549991250038147
    },
    "1": {
        "Loss_Exp": 42.94892545543235,
        "RelativeDistance_Exp": 0.7404375374317169,
        "R2Score_Exp": 0.8434411883354187,
        "Forgetting_Exp": 0.04340779781341553,
        "BWT_Exp": -0.04340779781341553
    },
    "2": {
        "Loss_Exp": 54.844976401763496,
        "RelativeDistance_Exp": 0.5847892959912618,
        "R2Score_Exp": 0.7928125858306885,
        "Forgetting_Exp": 0.04721170663833618,
        "BWT_Exp": -0.04721170663833618
    },
    "3": {
        "Loss_Exp": 38.82223952847947,
        "RelativeDistance_Exp": 0.49746495485305786,
        "R2Score_Exp": 0.844332754611969,
        "Forgetting_Exp": 0.01637279987335205,
        "BWT_Exp": -0.01637279987335205
    },
    "4": {
        "Loss_Exp": 32.31080283051374,
        "RelativeDistance_Exp": 0.555049404501915,
        "R2Score_Exp": 0.8339537382125854,
        "Forgetting_Exp": 0.05351758003234863,
        "BWT_Exp": -0.05351758003234863
    },
    "5": {
        "Loss_Exp": 36.64958887804275,
        "RelativeDistance_Exp": 0.5189765989780426,
        "R2Score_Exp": 0.8139553467432658,
        "Forgetting_Exp": 0.06526933113733935,
        "BWT_Exp": -0.06526933113733935
    },
    "6": {
        "Loss_Exp": 39.70188968393157,
        "RelativeDistance_Exp": 0.5627898971239725,
        "R2Score_Exp": 0.8495450019836426,
        "Forgetting_Exp": 0.01448589563369751,
        "BWT_Exp": -0.01448589563369751
    },
    "7": {
        "Loss_Exp": 35.70257740256227,
        "RelativeDistance_Exp": 0.3561367094516754,
        "R2Score_Exp": 0.8666917085647583,
        "Forgetting_Exp": 0.05536973476409912,
        "BWT_Exp": -0.05536973476409912
    },
    "8": {
        "Loss_Exp": 34.6684113744658,
        "RelativeDistance_Exp": 0.4392644613981247,
        "R2Score_Exp": 0.8608995974063873,
        "Forgetting_Exp": 0.013281852006912231,
        "BWT_Exp": -0.013281852006912231
    },
    "9": {
        "Loss_Exp": 39.899454256859975,
        "RelativeDistance_Exp": 0.5198148339986801,
        "R2Score_Exp": 0.8679015040397644
    },
    "stream": {
        "Loss_Stream/eval_phase/test_stream": 43.175282985968636,
        "RelativeDistance_Stream/eval_phase/test_stream": 0.5553394997119904,
        "R2Score_Stream/eval_phase/test_stream": 0.8311799764633179,
        "Forgetting_Stream/eval_phase/test_stream": {
            "0": 0.08549991250038147,
            "1": 0.04340779781341553,
            "2": 0.04721170663833618,
            "3": 0.01637279987335205,
            "4": 0.05351758003234863,
            "5": 0.06526933113733935,
            "6": 0.01448589563369751,
            "7": 0.05536973476409912,
            "8": 0.013281852006912231
        },
        "BWT_Stream/eval_phase/test_stream": {
            "0": 0.08549991250038147,
            "1": 0.04340779781341553,
            "2": 0.04721170663833618,
            "3": 0.01637279987335205,
            "4": 0.05351758003234863,
            "5": 0.06526933113733935,
            "6": 0.01448589563369751,
            "7": 0.05536973476409912,
            "8": 0.013281852006912231
        }
    }
}