{
    "0": {
        "Loss_Exp": 108.06270599365234,
        "RelativeDistance_Exp": 0.9720829129219055,
        "R2Score_Exp": 0.6598817110061646,
        "Forgetting_Exp": 0.19021713733673096,
        "BWT_Exp": -0.19021713733673096
    },
    "1": {
        "Loss_Exp": 62.79671096801758,
        "RelativeDistance_Exp": 0.8903128504753113,
        "R2Score_Exp": 0.7815386056900024,
        "Forgetting_Exp": 0.10513007640838623,
        "BWT_Exp": -0.10513007640838623
    },
    "2": {
        "Loss_Exp": 83.57804107666016,
        "RelativeDistance_Exp": 0.7475666403770447,
        "R2Score_Exp": 0.7284049987792969,
        "Forgetting_Exp": 0.07468688488006592,
        "BWT_Exp": -0.07468688488006592
    },
    "3": {
        "Loss_Exp": 49.558807373046875,
        "RelativeDistance_Exp": 0.6605512499809265,
        "R2Score_Exp": 0.8083078861236572,
        "Forgetting_Exp": 0.05136704444885254,
        "BWT_Exp": -0.05136704444885254
    },
    "4": {
        "Loss_Exp": 41.5331916809082,
        "RelativeDistance_Exp": 0.7376888394355774,
        "R2Score_Exp": 0.8068533539772034,
        "Forgetting_Exp": 0.0730777382850647,
        "BWT_Exp": -0.0730777382850647
    },
    "5": {
        "Loss_Exp": 48.8678092956543,
        "RelativeDistance_Exp": 0.6745147705078125,
        "R2Score_Exp": 0.7596620321273804,
        "Forgetting_Exp": 0.08740532398223877,
        "BWT_Exp": -0.08740532398223877
    },
    "6": {
        "Loss_Exp": 53.053810119628906,
        "RelativeDistance_Exp": 0.6182918548583984,
        "R2Score_Exp": 0.7839359045028687,
        "Forgetting_Exp": 0.0628279447555542,
        "BWT_Exp": -0.0628279447555542
    },
    "7": {
        "Loss_Exp": 41.28323745727539,
        "RelativeDistance_Exp": 0.5814845561981201,
        "R2Score_Exp": 0.7948310971260071,
        "Forgetting_Exp": 0.0036346912384033203,
        "BWT_Exp": -0.0036346912384033203
    },
    "8": {
        "Loss_Exp": 47.44211196899414,
        "RelativeDistance_Exp": 0.5305173993110657,
        "R2Score_Exp": 0.8240541219711304,
        "Forgetting_Exp": -0.03214174509048462,
        "BWT_Exp": 0.03214174509048462
    },
    "9": {
        "Loss_Exp": 43.81753158569336,
        "RelativeDistance_Exp": 0.6359785795211792,
        "R2Score_Exp": 0.8523677587509155
    },
    "stream": {
        "Loss_Stream/eval_phase/test_stream": 57.91111937977947,
        "RelativeDistance_Stream/eval_phase/test_stream": 0.7048989653587341,
        "R2Score_Stream/eval_phase/test_stream": 0.7799837470054627,
        "Forgetting_Stream/eval_phase/test_stream": {
            "0": 0.19021713733673096,
            "1": 0.10513007640838623,
            "2": 0.07468688488006592,
            "3": 0.05136704444885254,
            "4": 0.0730777382850647,
            "5": 0.08740532398223877,
            "6": 0.0628279447555542,
            "7": 0.0036346912384033203,
            "8": -0.03214174509048462
        },
        "BWT_Stream/eval_phase/test_stream": {
            "0": 0.19021713733673096,
            "1": 0.10513007640838623,
            "2": 0.07468688488006592,
            "3": 0.05136704444885254,
            "4": 0.0730777382850647,
            "5": 0.08740532398223877,
            "6": 0.0628279447555542,
            "7": 0.0036346912384033203,
            "8": -0.03214174509048462
        }
    }
}