{
    "0": {
        "Loss_Exp": 80.48003387451172,
        "RelativeDistance_Exp": 0.8067312836647034,
        "R2Score_Exp": 0.7321144342422485,
        "Forgetting_Exp": 0.11730295419692993,
        "BWT_Exp": -0.11730295419692993
    },
    "1": {
        "Loss_Exp": 44.18611526489258,
        "RelativeDistance_Exp": 0.7941646575927734,
        "R2Score_Exp": 0.8369309902191162,
        "Forgetting_Exp": 0.06053447723388672,
        "BWT_Exp": -0.06053447723388672
    },
    "2": {
        "Loss_Exp": 50.78803253173828,
        "RelativeDistance_Exp": 0.6255927681922913,
        "R2Score_Exp": 0.8091344833374023,
        "Forgetting_Exp": 0.030402958393096924,
        "BWT_Exp": -0.030402958393096924
    },
    "3": {
        "Loss_Exp": 39.30052947998047,
        "RelativeDistance_Exp": 0.5383638143539429,
        "R2Score_Exp": 0.8490996956825256,
        "Forgetting_Exp": 0.028598248958587646,
        "BWT_Exp": -0.028598248958587646
    },
    "4": {
        "Loss_Exp": 32.354862213134766,
        "RelativeDistance_Exp": 0.5508533716201782,
        "R2Score_Exp": 0.8505931496620178,
        "Forgetting_Exp": 0.05347561836242676,
        "BWT_Exp": -0.05347561836242676
    },
    "5": {
        "Loss_Exp": 36.492977142333984,
        "RelativeDistance_Exp": 0.5396754741668701,
        "R2Score_Exp": 0.8229984641075134,
        "Forgetting_Exp": 0.06769198179244995,
        "BWT_Exp": -0.06769198179244995
    },
    "6": {
        "Loss_Exp": 38.12646484375,
        "RelativeDistance_Exp": 0.4910731315612793,
        "R2Score_Exp": 0.8401463031768799,
        "Forgetting_Exp": 0.03741466999053955,
        "BWT_Exp": -0.03741466999053955
    },
    "7": {
        "Loss_Exp": 30.363431930541992,
        "RelativeDistance_Exp": 0.5370326042175293,
        "R2Score_Exp": 0.8576879501342773,
        "Forgetting_Exp": 0.05391204357147217,
        "BWT_Exp": -0.05391204357147217
    },
    "8": {
        "Loss_Exp": 33.65700912475586,
        "RelativeDistance_Exp": 0.403922438621521,
        "R2Score_Exp": 0.8701303005218506,
        "Forgetting_Exp": 0.022521555423736572,
        "BWT_Exp": -0.022521555423736572
    },
    "9": {
        "Loss_Exp": 36.041114807128906,
        "RelativeDistance_Exp": 0.5639742612838745,
        "R2Score_Exp": 0.8770262002944946
    },
    "stream": {
        "Loss_Stream/eval_phase/test_stream": 41.928657236050036,
        "RelativeDistance_Stream/eval_phase/test_stream": 0.5851383805274963,
        "R2Score_Stream/eval_phase/test_stream": 0.8345861971378327,
        "Forgetting_Stream/eval_phase/test_stream": {
            "0": 0.11730295419692993,
            "1": 0.06053447723388672,
            "2": 0.030402958393096924,
            "3": 0.028598248958587646,
            "4": 0.05347561836242676,
            "5": 0.06769198179244995,
            "6": 0.03741466999053955,
            "7": 0.05391204357147217,
            "8": 0.022521555423736572
        },
        "BWT_Stream/eval_phase/test_stream": {
            "0": 0.11730295419692993,
            "1": 0.06053447723388672,
            "2": 0.030402958393096924,
            "3": 0.028598248958587646,
            "4": 0.05347561836242676,
            "5": 0.06769198179244995,
            "6": 0.03741466999053955,
            "7": 0.05391204357147217,
            "8": 0.022521555423736572
        }
    }
}