{
    "0": {
        "Loss_Exp": 50.35139465332031,
        "RelativeDistance_Exp": 0.7914285659790039,
        "R2Score_Exp": 0.7944650650024414,
        "Forgetting_Exp": 0.10275149345397949,
        "BWT_Exp": -0.10275149345397949
    },
    "1": {
        "Loss_Exp": 53.915382385253906,
        "RelativeDistance_Exp": 0.8162941932678223,
        "R2Score_Exp": 0.7820103764533997,
        "Forgetting_Exp": 0.10928851366043091,
        "BWT_Exp": -0.10928851366043091
    },
    "2": {
        "Loss_Exp": 61.24448013305664,
        "RelativeDistance_Exp": 0.9413477778434753,
        "R2Score_Exp": 0.750709593296051,
        "Forgetting_Exp": 0.15060758590698242,
        "BWT_Exp": -0.15060758590698242
    },
    "3": {
        "Loss_Exp": 56.08224105834961,
        "RelativeDistance_Exp": 0.8529696464538574,
        "R2Score_Exp": 0.7657619714736938,
        "Forgetting_Exp": 0.1347411870956421,
        "BWT_Exp": -0.1347411870956421
    },
    "4": {
        "Loss_Exp": 58.72969436645508,
        "RelativeDistance_Exp": 0.9827660918235779,
        "R2Score_Exp": 0.7920112609863281,
        "Forgetting_Exp": 0.09951937198638916,
        "BWT_Exp": -0.09951937198638916
    },
    "5": {
        "Loss_Exp": 56.71554946899414,
        "RelativeDistance_Exp": 0.8762152791023254,
        "R2Score_Exp": 0.7930700182914734,
        "Forgetting_Exp": 0.09989100694656372,
        "BWT_Exp": -0.09989100694656372
    },
    "6": {
        "Loss_Exp": 44.5404052734375,
        "RelativeDistance_Exp": 0.6720307469367981,
        "R2Score_Exp": 0.8320691585540771,
        "Forgetting_Exp": 0.05667829513549805,
        "BWT_Exp": -0.05667829513549805
    },
    "7": {
        "Loss_Exp": 42.60282516479492,
        "RelativeDistance_Exp": 0.7920033931732178,
        "R2Score_Exp": 0.8360472321510315,
        "Forgetting_Exp": 0.02190631628036499,
        "BWT_Exp": -0.02190631628036499
    },
    "8": {
        "Loss_Exp": 42.719932556152344,
        "RelativeDistance_Exp": 0.5241667032241821,
        "R2Score_Exp": 0.8544386029243469,
        "Forgetting_Exp": 0.03987914323806763,
        "BWT_Exp": -0.03987914323806763
    },
    "9": {
        "Loss_Exp": 19.606035232543945,
        "RelativeDistance_Exp": 0.7965923547744751,
        "R2Score_Exp": 0.9250628352165222
    },
    "stream": {
        "Loss_Stream/eval_phase/test_stream": 54.74935345381303,
        "RelativeDistance_Stream/eval_phase/test_stream": 0.8045814752578735,
        "R2Score_Stream/eval_phase/test_stream": 0.8125646114349365,
        "Forgetting_Stream/eval_phase/test_stream": {
            "0": 0.10275149345397949,
            "1": 0.10928851366043091,
            "2": 0.15060758590698242,
            "3": 0.1347411870956421,
            "4": 0.09951937198638916,
            "5": 0.09989100694656372,
            "6": 0.05667829513549805,
            "7": 0.02190631628036499,
            "8": 0.03987914323806763
        },
        "BWT_Stream/eval_phase/test_stream": {
            "0": 0.10275149345397949,
            "1": 0.10928851366043091,
            "2": 0.15060758590698242,
            "3": 0.1347411870956421,
            "4": 0.09951937198638916,
            "5": 0.09989100694656372,
            "6": 0.05667829513549805,
            "7": 0.02190631628036499,
            "8": 0.03987914323806763
        }
    }
}