{
    "0": {
        "Loss_Exp": 62.547447204589844,
        "RelativeDistance_Exp": 0.8735303282737732,
        "R2Score_Exp": 0.7471821308135986,
        "Forgetting_Exp": 0.13714486360549927,
        "BWT_Exp": -0.13714486360549927
    },
    "1": {
        "Loss_Exp": 70.07738494873047,
        "RelativeDistance_Exp": 0.8555872440338135,
        "R2Score_Exp": 0.7316055297851562,
        "Forgetting_Exp": 0.1525915265083313,
        "BWT_Exp": -0.1525915265083313
    },
    "2": {
        "Loss_Exp": 49.65407943725586,
        "RelativeDistance_Exp": 0.8315850496292114,
        "R2Score_Exp": 0.7953910827636719,
        "Forgetting_Exp": 0.09393942356109619,
        "BWT_Exp": -0.09393942356109619
    },
    "3": {
        "Loss_Exp": 37.40599822998047,
        "RelativeDistance_Exp": 0.9038577675819397,
        "R2Score_Exp": 0.8564124703407288,
        "Forgetting_Exp": 0.07420694828033447,
        "BWT_Exp": -0.07420694828033447
    },
    "4": {
        "Loss_Exp": 42.476741790771484,
        "RelativeDistance_Exp": 0.8696693778038025,
        "R2Score_Exp": 0.8296133279800415,
        "Forgetting_Exp": 0.07734543085098267,
        "BWT_Exp": -0.07734543085098267
    },
    "5": {
        "Loss_Exp": 40.68159866333008,
        "RelativeDistance_Exp": 0.7507038116455078,
        "R2Score_Exp": 0.8460981845855713,
        "Forgetting_Exp": 0.03759109973907471,
        "BWT_Exp": -0.03759109973907471
    },
    "6": {
        "Loss_Exp": 34.15444564819336,
        "RelativeDistance_Exp": 0.9127407073974609,
        "R2Score_Exp": 0.8709560632705688,
        "Forgetting_Exp": 0.01678776741027832,
        "BWT_Exp": -0.01678776741027832
    },
    "7": {
        "Loss_Exp": 43.20289993286133,
        "RelativeDistance_Exp": 0.6169230937957764,
        "R2Score_Exp": 0.8486546874046326,
        "Forgetting_Exp": 0.038250744342803955,
        "BWT_Exp": -0.038250744342803955
    },
    "8": {
        "Loss_Exp": 33.47149658203125,
        "RelativeDistance_Exp": 0.6097996234893799,
        "R2Score_Exp": 0.8869367837905884,
        "Forgetting_Exp": 0.016359806060791016,
        "BWT_Exp": -0.016359806060791016
    },
    "9": {
        "Loss_Exp": 22.365888595581055,
        "RelativeDistance_Exp": 0.549470067024231,
        "R2Score_Exp": 0.9241832494735718
    },
    "stream": {
        "Loss_Stream/eval_phase/test_stream": 49.40259298799992,
        "RelativeDistance_Stream/eval_phase/test_stream": 0.7773867070674896,
        "R2Score_Stream/eval_phase/test_stream": 0.8337033510208129,
        "Forgetting_Stream/eval_phase/test_stream": {
            "0": 0.13714486360549927,
            "1": 0.1525915265083313,
            "2": 0.09393942356109619,
            "3": 0.07420694828033447,
            "4": 0.07734543085098267,
            "5": 0.03759109973907471,
            "6": 0.01678776741027832,
            "7": 0.038250744342803955,
            "8": 0.016359806060791016
        },
        "BWT_Stream/eval_phase/test_stream": {
            "0": 0.13714486360549927,
            "1": 0.1525915265083313,
            "2": 0.09393942356109619,
            "3": 0.07420694828033447,
            "4": 0.07734543085098267,
            "5": 0.03759109973907471,
            "6": 0.01678776741027832,
            "7": 0.038250744342803955,
            "8": 0.016359806060791016
        }
    }
}