{
    "0": {
        "Loss_Exp": 48.82612524292504,
        "RelativeDistance_Exp": 1.0037623167037963,
        "R2Score_Exp": 0.7844285786151886,
        "Forgetting_Exp": 0.06678076982498171,
        "BWT_Exp": -0.06678076982498171
    },
    "1": {
        "Loss_Exp": 49.82806715054221,
        "RelativeDistance_Exp": 0.9628769477208455,
        "R2Score_Exp": 0.7928009748458862,
        "Forgetting_Exp": 0.054940323034922356,
        "BWT_Exp": -0.054940323034922356
    },
    "2": {
        "Loss_Exp": 41.97990471017403,
        "RelativeDistance_Exp": 0.9596653030468867,
        "R2Score_Exp": 0.8188641163019034,
        "Forgetting_Exp": 0.04337877952135527,
        "BWT_Exp": -0.04337877952135527
    },
    "3": {
        "Loss_Exp": 35.541125088697164,
        "RelativeDistance_Exp": 1.0623273452123005,
        "R2Score_Exp": 0.8552356362342834,
        "Forgetting_Exp": 0.037081148889329674,
        "BWT_Exp": -0.037081148889329674
    },
    "4": {
        "Loss_Exp": 38.184118351302544,
        "RelativeDistance_Exp": 1.0000049557004655,
        "R2Score_Exp": 0.8457004938806806,
        "Forgetting_Exp": 0.019137637955801923,
        "BWT_Exp": -0.019137637955801923
    },
    "5": {
        "Loss_Exp": 39.793429356406925,
        "RelativeDistance_Exp": 0.9234777490297953,
        "R2Score_Exp": 0.8448928892612457,
        "Forgetting_Exp": 0.008331060409545898,
        "BWT_Exp": -0.008331060409545898
    },
    "6": {
        "Loss_Exp": 36.444310866806205,
        "RelativeDistance_Exp": 1.2252564430236816,
        "R2Score_Exp": 0.8634858578443527,
        "Forgetting_Exp": 0.0036430880427360535,
        "BWT_Exp": -0.0036430880427360535
    },
    "7": {
        "Loss_Exp": 45.61297082265564,
        "RelativeDistance_Exp": 0.8386527895927429,
        "R2Score_Exp": 0.8414934799075127,
        "Forgetting_Exp": 0.008472852408885956,
        "BWT_Exp": -0.008472852408885956
    },
    "8": {
        "Loss_Exp": 34.599323090636005,
        "RelativeDistance_Exp": 0.7940894365310669,
        "R2Score_Exp": 0.8664586146672567,
        "Forgetting_Exp": 0.02324366569519043,
        "BWT_Exp": -0.02324366569519043
    },
    "9": {
        "Loss_Exp": 31.56515779812627,
        "RelativeDistance_Exp": 0.7701018452644348,
        "R2Score_Exp": 0.8865728080272675
    },
    "stream": {
        "Loss_Stream/eval_phase/test_stream": 42.53821599111262,
        "RelativeDistance_Stream/eval_phase/test_stream": 0.9813829564753874,
        "R2Score_Stream/eval_phase/test_stream": 0.8281515012552709,
        "Forgetting_Stream/eval_phase/test_stream": {
            "0": 0.06678076982498171,
            "1": 0.054940323034922356,
            "2": 0.04337877952135527,
            "3": 0.037081148889329674,
            "4": 0.019137637955801923,
            "5": 0.008331060409545898,
            "6": 0.0036430880427360535,
            "7": 0.008472852408885956,
            "8": 0.02324366569519043
        },
        "BWT_Stream/eval_phase/test_stream": {
            "0": 0.06678076982498171,
            "1": 0.054940323034922356,
            "2": 0.04337877952135527,
            "3": 0.037081148889329674,
            "4": 0.019137637955801923,
            "5": 0.008331060409545898,
            "6": 0.0036430880427360535,
            "7": 0.008472852408885956,
            "8": 0.02324366569519043
        }
    }
}