{
    "0": {
        "Loss_Exp": 51.85678482055664,
        "RelativeDistance_Exp": 0.8097232580184937,
        "R2Score_Exp": 0.8255074620246887,
        "Forgetting_Exp": 0.023577392101287842,
        "BWT_Exp": -0.023577392101287842
    },
    "1": {
        "Loss_Exp": 45.52251434326172,
        "RelativeDistance_Exp": 0.8168870806694031,
        "R2Score_Exp": 0.8267669677734375,
        "Forgetting_Exp": -0.019098758697509766,
        "BWT_Exp": 0.019098758697509766
    },
    "2": {
        "Loss_Exp": 52.800872802734375,
        "RelativeDistance_Exp": 0.6691765785217285,
        "R2Score_Exp": 0.7974967956542969,
        "Forgetting_Exp": -0.037227630615234375,
        "BWT_Exp": 0.037227630615234375
    },
    "3": {
        "Loss_Exp": 44.149044036865234,
        "RelativeDistance_Exp": 0.6103808283805847,
        "R2Score_Exp": 0.8211491107940674,
        "Forgetting_Exp": -0.08742392063140869,
        "BWT_Exp": 0.08742392063140869
    },
    "4": {
        "Loss_Exp": 37.816410064697266,
        "RelativeDistance_Exp": 0.6789534687995911,
        "R2Score_Exp": 0.8153952956199646,
        "Forgetting_Exp": -0.023409903049468994,
        "BWT_Exp": 0.023409903049468994
    },
    "5": {
        "Loss_Exp": 40.22965621948242,
        "RelativeDistance_Exp": 0.6161770820617676,
        "R2Score_Exp": 0.7826684713363647,
        "Forgetting_Exp": 0.005891859531402588,
        "BWT_Exp": -0.005891859531402588
    },
    "6": {
        "Loss_Exp": 45.13682174682617,
        "RelativeDistance_Exp": 0.5560866594314575,
        "R2Score_Exp": 0.7965919971466064,
        "Forgetting_Exp": -0.004565894603729248,
        "BWT_Exp": 0.004565894603729248
    },
    "7": {
        "Loss_Exp": 41.084259033203125,
        "RelativeDistance_Exp": 0.5817618370056152,
        "R2Score_Exp": 0.7775237560272217,
        "Forgetting_Exp": 0.04634052515029907,
        "BWT_Exp": -0.04634052515029907
    },
    "8": {
        "Loss_Exp": 47.389808654785156,
        "RelativeDistance_Exp": 0.5873138308525085,
        "R2Score_Exp": 0.8077497482299805,
        "Forgetting_Exp": -0.006214618682861328,
        "BWT_Exp": 0.006214618682861328
    },
    "9": {
        "Loss_Exp": 76.49981689453125,
        "RelativeDistance_Exp": 0.9452901482582092,
        "R2Score_Exp": 0.7547372579574585
    },
    "stream": {
        "Loss_Stream/eval_phase/test_stream": 47.27968252026372,
        "RelativeDistance_Stream/eval_phase/test_stream": 0.6871750771999359,
        "R2Score_Stream/eval_phase/test_stream": 0.8005586862564087,
        "Forgetting_Stream/eval_phase/test_stream": {
            "0": 0.023577392101287842,
            "1": -0.019098758697509766,
            "2": -0.037227630615234375,
            "3": -0.08742392063140869,
            "4": -0.023409903049468994,
            "5": 0.005891859531402588,
            "6": -0.004565894603729248,
            "7": 0.04634052515029907,
            "8": -0.006214618682861328
        },
        "BWT_Stream/eval_phase/test_stream": {
            "0": 0.023577392101287842,
            "1": -0.019098758697509766,
            "2": -0.037227630615234375,
            "3": -0.08742392063140869,
            "4": -0.023409903049468994,
            "5": 0.005891859531402588,
            "6": -0.004565894603729248,
            "7": 0.04634052515029907,
            "8": -0.006214618682861328
        }
    }
}