{
    "0": {
        "Loss_Exp": 45.86839667426215,
        "RelativeDistance_Exp": 1.1029710292816162,
        "R2Score_Exp": 0.7972347021102906,
        "Forgetting_Exp": 0.05140554904937744,
        "BWT_Exp": -0.05140554904937744
    },
    "1": {
        "Loss_Exp": 46.60216911315406,
        "RelativeDistance_Exp": 1.013778813680013,
        "R2Score_Exp": 0.8045544942220052,
        "Forgetting_Exp": 0.047701370716094926,
        "BWT_Exp": -0.047701370716094926
    },
    "2": {
        "Loss_Exp": 35.092990059072804,
        "RelativeDistance_Exp": 0.9912248712319595,
        "R2Score_Exp": 0.8477899982379034,
        "Forgetting_Exp": 0.019531515928415066,
        "BWT_Exp": -0.019531515928415066
    },
    "3": {
        "Loss_Exp": 29.23658384168013,
        "RelativeDistance_Exp": 1.0218883355458577,
        "R2Score_Exp": 0.8801680405934652,
        "Forgetting_Exp": 0.02293778790367973,
        "BWT_Exp": -0.02293778790367973
    },
    "4": {
        "Loss_Exp": 31.73341917766102,
        "RelativeDistance_Exp": 1.0037767546517509,
        "R2Score_Exp": 0.8772131545203072,
        "Forgetting_Exp": -0.006665246827261773,
        "BWT_Exp": 0.006665246827261773
    },
    "5": {
        "Loss_Exp": 32.134776640995874,
        "RelativeDistance_Exp": 0.9270342091719309,
        "R2Score_Exp": 0.8734610776106516,
        "Forgetting_Exp": -0.004428088665008545,
        "BWT_Exp": 0.004428088665008545
    },
    "6": {
        "Loss_Exp": 32.21357015856729,
        "RelativeDistance_Exp": 1.2117550373077393,
        "R2Score_Exp": 0.8767700120806694,
        "Forgetting_Exp": 0.008126877248287201,
        "BWT_Exp": -0.008126877248287201
    },
    "7": {
        "Loss_Exp": 41.0884918044824,
        "RelativeDistance_Exp": 0.8402496725320816,
        "R2Score_Exp": 0.8538580387830734,
        "Forgetting_Exp": 0.017644457519054413,
        "BWT_Exp": -0.017644457519054413
    },
    "8": {
        "Loss_Exp": 29.210258629191845,
        "RelativeDistance_Exp": 0.7737030188242594,
        "R2Score_Exp": 0.8909021615982056,
        "Forgetting_Exp": 0.019896109898885128,
        "BWT_Exp": -0.019896109898885128
    },
    "9": {
        "Loss_Exp": 22.09093965025598,
        "RelativeDistance_Exp": 0.7491181194782257,
        "R2Score_Exp": 0.918023407459259
    },
    "stream": {
        "Loss_Stream/eval_phase/test_stream": 37.39999152263513,
        "RelativeDistance_Stream/eval_phase/test_stream": 1.0017695846381012,
        "R2Score_Stream/eval_phase/test_stream": 0.8483763337135315,
        "Forgetting_Stream/eval_phase/test_stream": {
            "0": 0.05140554904937744,
            "1": 0.047701370716094926,
            "2": 0.019531515928415066,
            "3": 0.02293778790367973,
            "4": -0.006665246827261773,
            "5": -0.004428088665008545,
            "6": 0.008126877248287201,
            "7": 0.017644457519054413,
            "8": 0.019896109898885128
        },
        "BWT_Stream/eval_phase/test_stream": {
            "0": 0.05140554904937744,
            "1": 0.047701370716094926,
            "2": 0.019531515928415066,
            "3": 0.02293778790367973,
            "4": -0.006665246827261773,
            "5": -0.004428088665008545,
            "6": 0.008126877248287201,
            "7": 0.017644457519054413,
            "8": 0.019896109898885128
        }
    }
}