{
    "0": {
        "Loss_Exp": 30.01106834411621,
        "RelativeDistance_Exp": 0.669216513633728,
        "R2Score_Exp": 0.8763463497161865,
        "Forgetting_Exp": 0.025885343551635742,
        "BWT_Exp": -0.025885343551635742
    },
    "1": {
        "Loss_Exp": 32.68889617919922,
        "RelativeDistance_Exp": 0.6469991207122803,
        "R2Score_Exp": 0.8617544174194336,
        "Forgetting_Exp": 0.0245286226272583,
        "BWT_Exp": -0.0245286226272583
    },
    "2": {
        "Loss_Exp": 34.931331634521484,
        "RelativeDistance_Exp": 0.7229382991790771,
        "R2Score_Exp": 0.8583793640136719,
        "Forgetting_Exp": 0.03281372785568237,
        "BWT_Exp": -0.03281372785568237
    },
    "3": {
        "Loss_Exp": 31.393943786621094,
        "RelativeDistance_Exp": 0.6586576700210571,
        "R2Score_Exp": 0.8614588379859924,
        "Forgetting_Exp": 0.03104114532470703,
        "BWT_Exp": -0.03104114532470703
    },
    "4": {
        "Loss_Exp": 35.99671936035156,
        "RelativeDistance_Exp": 0.7830243706703186,
        "R2Score_Exp": 0.8664281368255615,
        "Forgetting_Exp": 0.02634906768798828,
        "BWT_Exp": -0.02634906768798828
    },
    "5": {
        "Loss_Exp": 35.12592315673828,
        "RelativeDistance_Exp": 0.7394168376922607,
        "R2Score_Exp": 0.8677159547805786,
        "Forgetting_Exp": 0.024784862995147705,
        "BWT_Exp": -0.024784862995147705
    },
    "6": {
        "Loss_Exp": 30.869712829589844,
        "RelativeDistance_Exp": 0.5517088174819946,
        "R2Score_Exp": 0.8780597448348999,
        "Forgetting_Exp": 0.00719904899597168,
        "BWT_Exp": -0.00719904899597168
    },
    "7": {
        "Loss_Exp": 30.269485473632812,
        "RelativeDistance_Exp": 0.7029065489768982,
        "R2Score_Exp": 0.881508469581604,
        "Forgetting_Exp": -0.019827306270599365,
        "BWT_Exp": 0.019827306270599365
    },
    "8": {
        "Loss_Exp": 28.267786026000977,
        "RelativeDistance_Exp": 0.4550771415233612,
        "R2Score_Exp": 0.890717625617981,
        "Forgetting_Exp": 0.014643430709838867,
        "BWT_Exp": -0.014643430709838867
    },
    "9": {
        "Loss_Exp": 18.46462059020996,
        "RelativeDistance_Exp": 0.9196031093597412,
        "R2Score_Exp": 0.9318413734436035
    },
    "stream": {
        "Loss_Stream/eval_phase/test_stream": 32.97892777593943,
        "RelativeDistance_Stream/eval_phase/test_stream": 0.6849548429250717,
        "R2Score_Stream/eval_phase/test_stream": 0.8774210274219513,
        "Forgetting_Stream/eval_phase/test_stream": {
            "0": 0.025885343551635742,
            "1": 0.0245286226272583,
            "2": 0.03281372785568237,
            "3": 0.03104114532470703,
            "4": 0.02634906768798828,
            "5": 0.024784862995147705,
            "6": 0.00719904899597168,
            "7": -0.019827306270599365,
            "8": 0.014643430709838867
        },
        "BWT_Stream/eval_phase/test_stream": {
            "0": 0.025885343551635742,
            "1": 0.0245286226272583,
            "2": 0.03281372785568237,
            "3": 0.03104114532470703,
            "4": 0.02634906768798828,
            "5": 0.024784862995147705,
            "6": 0.00719904899597168,
            "7": -0.019827306270599365,
            "8": 0.014643430709838867
        }
    }
}