{
    "0": {
        "Loss_Exp": 51.974441884998505,
        "RelativeDistance_Exp": 1.1334542334079742,
        "R2Score_Exp": 0.7569418609142303,
        "Forgetting_Exp": 0.09476848244667058,
        "BWT_Exp": -0.09476848244667058
    },
    "1": {
        "Loss_Exp": 51.62473970432024,
        "RelativeDistance_Exp": 1.0218199769655862,
        "R2Score_Exp": 0.7818850159645081,
        "Forgetting_Exp": 0.0523450295130411,
        "BWT_Exp": -0.0523450295130411
    },
    "2": {
        "Loss_Exp": 40.764981540342845,
        "RelativeDistance_Exp": 0.9321989875573379,
        "R2Score_Exp": 0.8255846913044269,
        "Forgetting_Exp": 0.02577004065880406,
        "BWT_Exp": -0.02577004065880406
    },
    "3": {
        "Loss_Exp": 37.58168866695288,
        "RelativeDistance_Exp": 0.9532094995180765,
        "R2Score_Exp": 0.8502500189675225,
        "Forgetting_Exp": 0.032010290357801674,
        "BWT_Exp": -0.032010290357801674
    },
    "4": {
        "Loss_Exp": 42.19215304870263,
        "RelativeDistance_Exp": 0.8634793417794364,
        "R2Score_Exp": 0.8323481593813215,
        "Forgetting_Exp": 0.01390207665307186,
        "BWT_Exp": -0.01390207665307186
    },
    "5": {
        "Loss_Exp": 42.128596281198256,
        "RelativeDistance_Exp": 0.765868216753006,
        "R2Score_Exp": 0.8410965204238892,
        "Forgetting_Exp": 0.012092351913452148,
        "BWT_Exp": -0.012092351913452148
    },
    "6": {
        "Loss_Exp": 40.083287320308415,
        "RelativeDistance_Exp": 0.920008972287178,
        "R2Score_Exp": 0.8478192761540413,
        "Forgetting_Exp": 0.021550625562667847,
        "BWT_Exp": -0.021550625562667847
    },
    "7": {
        "Loss_Exp": 54.80306160070665,
        "RelativeDistance_Exp": 0.7005394622683525,
        "R2Score_Exp": 0.8104225546121597,
        "Forgetting_Exp": 0.03574120253324509,
        "BWT_Exp": -0.03574120253324509
    },
    "8": {
        "Loss_Exp": 38.23177213174261,
        "RelativeDistance_Exp": 0.7096161643664042,
        "R2Score_Exp": 0.8664471109708151,
        "Forgetting_Exp": 0.04198288917541504,
        "BWT_Exp": -0.04198288917541504
    },
    "9": {
        "Loss_Exp": 27.33494263783499,
        "RelativeDistance_Exp": 0.5797511041164398,
        "R2Score_Exp": 0.9044145345687866
    },
    "stream": {
        "Loss_Stream/eval_phase/test_stream": 45.11849341844663,
        "RelativeDistance_Stream/eval_phase/test_stream": 0.9166866320150869,
        "R2Score_Stream/eval_phase/test_stream": 0.8176502011440419,
        "Forgetting_Stream/eval_phase/test_stream": {
            "0": 0.09476848244667058,
            "1": 0.0523450295130411,
            "2": 0.02577004065880406,
            "3": 0.032010290357801674,
            "4": 0.01390207665307186,
            "5": 0.012092351913452148,
            "6": 0.021550625562667847,
            "7": 0.03574120253324509,
            "8": 0.04198288917541504
        },
        "BWT_Stream/eval_phase/test_stream": {
            "0": 0.09476848244667058,
            "1": 0.0523450295130411,
            "2": 0.02577004065880406,
            "3": 0.032010290357801674,
            "4": 0.01390207665307186,
            "5": 0.012092351913452148,
            "6": 0.021550625562667847,
            "7": 0.03574120253324509,
            "8": 0.04198288917541504
        }
    }
}