{
    "0": {
        "Loss_Exp": 35.07054138183594,
        "RelativeDistance_Exp": 0.7587699890136719,
        "R2Score_Exp": 0.8434603214263916,
        "Forgetting_Exp": 0.04340946674346924,
        "BWT_Exp": -0.04340946674346924
    },
    "1": {
        "Loss_Exp": 41.267147064208984,
        "RelativeDistance_Exp": 0.6472845077514648,
        "R2Score_Exp": 0.8268291354179382,
        "Forgetting_Exp": 0.046810805797576904,
        "BWT_Exp": -0.046810805797576904
    },
    "2": {
        "Loss_Exp": 33.48545455932617,
        "RelativeDistance_Exp": 0.6487743258476257,
        "R2Score_Exp": 0.8528971076011658,
        "Forgetting_Exp": 0.03368920087814331,
        "BWT_Exp": -0.03368920087814331
    },
    "3": {
        "Loss_Exp": 30.041540145874023,
        "RelativeDistance_Exp": 0.71624356508255,
        "R2Score_Exp": 0.8814618587493896,
        "Forgetting_Exp": 0.03279787302017212,
        "BWT_Exp": -0.03279787302017212
    },
    "4": {
        "Loss_Exp": 35.23346710205078,
        "RelativeDistance_Exp": 0.6813579201698303,
        "R2Score_Exp": 0.8580650091171265,
        "Forgetting_Exp": 0.03257113695144653,
        "BWT_Exp": -0.03257113695144653
    },
    "5": {
        "Loss_Exp": 37.97590255737305,
        "RelativeDistance_Exp": 0.5966822504997253,
        "R2Score_Exp": 0.8522553443908691,
        "Forgetting_Exp": 0.02710270881652832,
        "BWT_Exp": -0.02710270881652832
    },
    "6": {
        "Loss_Exp": 33.765132904052734,
        "RelativeDistance_Exp": 0.676051139831543,
        "R2Score_Exp": 0.871566653251648,
        "Forgetting_Exp": 0.02623814344406128,
        "BWT_Exp": -0.02623814344406128
    },
    "7": {
        "Loss_Exp": 45.29364776611328,
        "RelativeDistance_Exp": 0.5203163623809814,
        "R2Score_Exp": 0.8401009440422058,
        "Forgetting_Exp": 0.042488694190979004,
        "BWT_Exp": -0.042488694190979004
    },
    "8": {
        "Loss_Exp": 30.204866409301758,
        "RelativeDistance_Exp": 0.533494234085083,
        "R2Score_Exp": 0.8991320729255676,
        "Forgetting_Exp": 0.012103021144866943,
        "BWT_Exp": -0.012103021144866943
    },
    "9": {
        "Loss_Exp": 22.04791831970215,
        "RelativeDistance_Exp": 0.4520864486694336,
        "R2Score_Exp": 0.925647497177124
    },
    "stream": {
        "Loss_Stream/eval_phase/test_stream": 36.184261082601594,
        "RelativeDistance_Stream/eval_phase/test_stream": 0.6231060743331909,
        "R2Score_Stream/eval_phase/test_stream": 0.8651415944099426,
        "Forgetting_Stream/eval_phase/test_stream": {
            "0": 0.04340946674346924,
            "1": 0.046810805797576904,
            "2": 0.03368920087814331,
            "3": 0.03279787302017212,
            "4": 0.03257113695144653,
            "5": 0.02710270881652832,
            "6": 0.02623814344406128,
            "7": 0.042488694190979004,
            "8": 0.012103021144866943
        },
        "BWT_Stream/eval_phase/test_stream": {
            "0": 0.04340946674346924,
            "1": 0.046810805797576904,
            "2": 0.03368920087814331,
            "3": 0.03279787302017212,
            "4": 0.03257113695144653,
            "5": 0.02710270881652832,
            "6": 0.02623814344406128,
            "7": 0.042488694190979004,
            "8": 0.012103021144866943
        }
    }
}