{
    "0": {
        "Loss_Exp": 148.5042585941783,
        "RelativeDistance_Exp": 1.2501479387283325,
        "R2Score_Exp": 0.6648825407028198,
        "Forgetting_Exp": 0.20770806074142456,
        "BWT_Exp": -0.20770806074142456
    },
    "1": {
        "Loss_Exp": 76.08328125739236,
        "RelativeDistance_Exp": 1.7976999282836914,
        "R2Score_Exp": 0.7802425026893616,
        "Forgetting_Exp": 0.11420932412147522,
        "BWT_Exp": -0.11420932412147522
    },
    "2": {
        "Loss_Exp": 67.13375551720266,
        "RelativeDistance_Exp": 0.9741029342015585,
        "R2Score_Exp": 0.7839421629905701,
        "Forgetting_Exp": 0.04852098226547241,
        "BWT_Exp": -0.04852098226547241
    },
    "3": {
        "Loss_Exp": 52.71488984201318,
        "RelativeDistance_Exp": 0.8264596164226532,
        "R2Score_Exp": 0.8256444036960602,
        "Forgetting_Exp": 0.04435482621192932,
        "BWT_Exp": -0.04435482621192932
    },
    "4": {
        "Loss_Exp": 45.08873147545162,
        "RelativeDistance_Exp": 1.08121357858181,
        "R2Score_Exp": 0.8545059263706207,
        "Forgetting_Exp": -0.002391815185546875,
        "BWT_Exp": 0.002391815185546875
    },
    "5": {
        "Loss_Exp": 46.58180137302565,
        "RelativeDistance_Exp": 0.899885356426239,
        "R2Score_Exp": 0.8184112509091696,
        "Forgetting_Exp": 0.023167749245961433,
        "BWT_Exp": -0.023167749245961433
    },
    "6": {
        "Loss_Exp": 58.52405224162072,
        "RelativeDistance_Exp": 0.8973176678021749,
        "R2Score_Exp": 0.8194488883018494,
        "Forgetting_Exp": 0.018712401390075684,
        "BWT_Exp": -0.018712401390075684
    },
    "7": {
        "Loss_Exp": 37.349876403808594,
        "RelativeDistance_Exp": 0.8816130757331848,
        "R2Score_Exp": 0.8527249693870544,
        "Forgetting_Exp": 0.02075570821762085,
        "BWT_Exp": -0.02075570821762085
    },
    "8": {
        "Loss_Exp": 51.15859716744464,
        "RelativeDistance_Exp": 1.3507746756076813,
        "R2Score_Exp": 0.8406077325344086,
        "Forgetting_Exp": -0.02786073088645935,
        "BWT_Exp": 0.02786073088645935
    },
    "9": {
        "Loss_Exp": 59.9302969960119,
        "RelativeDistance_Exp": 0.9936058521270752,
        "R2Score_Exp": 0.8369830846786499
    },
    "stream": {
        "Loss_Stream/eval_phase/test_stream": 62.70817263766623,
        "RelativeDistance_Stream/eval_phase/test_stream": 1.0815733869870503,
        "R2Score_Stream/eval_phase/test_stream": 0.8097031712532043,
        "Forgetting_Stream/eval_phase/test_stream": {
            "0": 0.20770806074142456,
            "1": 0.11420932412147522,
            "2": 0.04852098226547241,
            "3": 0.04435482621192932,
            "4": -0.002391815185546875,
            "5": 0.023167749245961433,
            "6": 0.018712401390075684,
            "7": 0.02075570821762085,
            "8": -0.02786073088645935
        },
        "BWT_Stream/eval_phase/test_stream": {
            "0": 0.20770806074142456,
            "1": 0.11420932412147522,
            "2": 0.04852098226547241,
            "3": 0.04435482621192932,
            "4": -0.002391815185546875,
            "5": 0.023167749245961433,
            "6": 0.018712401390075684,
            "7": 0.02075570821762085,
            "8": -0.02786073088645935
        }
    }
}