{
    "0": {
        "Loss_Exp": 116.97998722720908,
        "RelativeDistance_Exp": 0.9472055733203888,
        "R2Score_Exp": 0.6400644183158875,
        "Forgetting_Exp": 0.2051154375076294,
        "BWT_Exp": -0.2051154375076294
    },
    "1": {
        "Loss_Exp": 68.23908407277074,
        "RelativeDistance_Exp": 0.9041379988193512,
        "R2Score_Exp": 0.7609169185161591,
        "Forgetting_Exp": 0.13263145089149475,
        "BWT_Exp": -0.13263145089149475
    },
    "2": {
        "Loss_Exp": 83.5968899285319,
        "RelativeDistance_Exp": 0.7204376459121704,
        "R2Score_Exp": 0.7229191263516744,
        "Forgetting_Exp": 0.1134477059046427,
        "BWT_Exp": -0.1134477059046427
    },
    "3": {
        "Loss_Exp": 49.581312152701365,
        "RelativeDistance_Exp": 0.622159868478775,
        "R2Score_Exp": 0.8073838949203491,
        "Forgetting_Exp": 0.05956315994262695,
        "BWT_Exp": -0.05956315994262695
    },
    "4": {
        "Loss_Exp": 40.14026339156572,
        "RelativeDistance_Exp": 0.6923122853040695,
        "R2Score_Exp": 0.8092694729566574,
        "Forgetting_Exp": 0.0798603892326355,
        "BWT_Exp": -0.0798603892326355
    },
    "5": {
        "Loss_Exp": 46.479382856740244,
        "RelativeDistance_Exp": 0.6420223911603292,
        "R2Score_Exp": 0.7698440154393514,
        "Forgetting_Exp": 0.1129007339477539,
        "BWT_Exp": -0.1129007339477539
    },
    "6": {
        "Loss_Exp": 53.77181504064327,
        "RelativeDistance_Exp": 0.7122103373209635,
        "R2Score_Exp": 0.7900207042694092,
        "Forgetting_Exp": 0.05089847246805823,
        "BWT_Exp": -0.05089847246805823
    },
    "7": {
        "Loss_Exp": 43.3042910314127,
        "RelativeDistance_Exp": 0.448383629322052,
        "R2Score_Exp": 0.8497647941112518,
        "Forgetting_Exp": 0.04361063241958618,
        "BWT_Exp": -0.04361063241958618
    },
    "8": {
        "Loss_Exp": 47.14672040789852,
        "RelativeDistance_Exp": 0.5257905423641205,
        "R2Score_Exp": 0.8242589235305786,
        "Forgetting_Exp": 0.03552994132041931,
        "BWT_Exp": -0.03552994132041931
    },
    "9": {
        "Loss_Exp": 42.1553511991376,
        "RelativeDistance_Exp": 0.5831867456436157,
        "R2Score_Exp": 0.8603308796882629
    },
    "stream": {
        "Loss_Stream/eval_phase/test_stream": 58.597074855793146,
        "RelativeDistance_Stream/eval_phase/test_stream": 0.6821995592117309,
        "R2Score_Stream/eval_phase/test_stream": 0.7828347635269165,
        "Forgetting_Stream/eval_phase/test_stream": {
            "0": 0.2051154375076294,
            "1": 0.13263145089149475,
            "2": 0.1134477059046427,
            "3": 0.05956315994262695,
            "4": 0.0798603892326355,
            "5": 0.1129007339477539,
            "6": 0.05089847246805823,
            "7": 0.04361063241958618,
            "8": 0.03552994132041931
        },
        "BWT_Stream/eval_phase/test_stream": {
            "0": 0.2051154375076294,
            "1": 0.13263145089149475,
            "2": 0.1134477059046427,
            "3": 0.05956315994262695,
            "4": 0.0798603892326355,
            "5": 0.1129007339477539,
            "6": 0.05089847246805823,
            "7": 0.04361063241958618,
            "8": 0.03552994132041931
        }
    }
}