{
    "0": {
        "Loss_Exp": 51.11165949949744,
        "RelativeDistance_Exp": 0.7097365260124207,
        "R2Score_Exp": 0.8847666382789612
    },
    "1": {
        "Loss_Exp": 42.420591899757326,
        "RelativeDistance_Exp": 1.2565074563026428,
        "R2Score_Exp": 0.8759345412254333
    },
    "2": {
        "Loss_Exp": 39.18073843335712,
        "RelativeDistance_Exp": 0.6194209059079488,
        "R2Score_Exp": 0.874564011891683
    },
    "3": {
        "Loss_Exp": 33.276119601714505,
        "RelativeDistance_Exp": 0.5120869278907776,
        "R2Score_Exp": 0.8887634575366974
    },
    "4": {
        "Loss_Exp": 34.05643334544632,
        "RelativeDistance_Exp": 0.6523247957229614,
        "R2Score_Exp": 0.8890088051557541
    },
    "5": {
        "Loss_Exp": 31.62708381984545,
        "RelativeDistance_Exp": 0.5839772423108419,
        "R2Score_Exp": 0.8772649168968201
    },
    "6": {
        "Loss_Exp": 38.09503336967306,
        "RelativeDistance_Exp": 0.5464268724123637,
        "R2Score_Exp": 0.8826306660970052
    },
    "7": {
        "Loss_Exp": 30.984495162963867,
        "RelativeDistance_Exp": 0.5911033153533936,
        "R2Score_Exp": 0.8778244256973267
    },
    "8": {
        "Loss_Exp": 41.38232186918236,
        "RelativeDistance_Exp": 0.5938883721828461,
        "R2Score_Exp": 0.8665820062160492
    },
    "9": {
        "Loss_Exp": 56.563165613957224,
        "RelativeDistance_Exp": 0.7763836681842804,
        "R2Score_Exp": 0.8468966782093048
    },
    "stream": {
        "Loss_Stream/eval_phase/test_stream": 39.024343144507256,
        "RelativeDistance_Stream/eval_phase/test_stream": 0.6727951442201933,
        "R2Score_Stream/eval_phase/test_stream": 0.8776302114129066,
        "Forgetting_Stream/eval_phase/test_stream": {},
        "BWT_Stream/eval_phase/test_stream": {}
    }
}