{
    "0": {
        "Loss_Exp": 59.013302500342924,
        "RelativeDistance_Exp": 1.302114760875702,
        "R2Score_Exp": 0.7388909816741943,
        "Forgetting_Exp": 0.10737493038177492,
        "BWT_Exp": -0.10737493038177492
    },
    "1": {
        "Loss_Exp": 67.15237736034759,
        "RelativeDistance_Exp": 1.2744438330332437,
        "R2Score_Exp": 0.7380961974461874,
        "Forgetting_Exp": 0.10602889855702713,
        "BWT_Exp": -0.10602889855702713
    },
    "2": {
        "Loss_Exp": 43.65970619351136,
        "RelativeDistance_Exp": 0.9755542966035696,
        "R2Score_Exp": 0.8190092581969041,
        "Forgetting_Exp": 0.04688179034453177,
        "BWT_Exp": -0.04688179034453177
    },
    "3": {
        "Loss_Exp": 35.791570829685895,
        "RelativeDistance_Exp": 0.9664282533857558,
        "R2Score_Exp": 0.8588685790697733,
        "Forgetting_Exp": 0.03759205341339111,
        "BWT_Exp": -0.03759205341339111
    },
    "4": {
        "Loss_Exp": 41.282232667422356,
        "RelativeDistance_Exp": 0.8550317117146083,
        "R2Score_Exp": 0.8423829674720764,
        "Forgetting_Exp": 0.023935650076184922,
        "BWT_Exp": -0.023935650076184922
    },
    "5": {
        "Loss_Exp": 41.599696286742,
        "RelativeDistance_Exp": 0.7349995871384939,
        "R2Score_Exp": 0.8412883579730988,
        "Forgetting_Exp": 0.02617586652437842,
        "BWT_Exp": -0.02617586652437842
    },
    "6": {
        "Loss_Exp": 38.18785891586897,
        "RelativeDistance_Exp": 0.9030640423297882,
        "R2Score_Exp": 0.855466715991497,
        "Forgetting_Exp": 0.028390347957611084,
        "BWT_Exp": -0.028390347957611084
    },
    "7": {
        "Loss_Exp": 50.84317643220314,
        "RelativeDistance_Exp": 0.6843031346797943,
        "R2Score_Exp": 0.8249480426311493,
        "Forgetting_Exp": 0.04157575964927673,
        "BWT_Exp": -0.04157575964927673
    },
    "8": {
        "Loss_Exp": 35.47035796579936,
        "RelativeDistance_Exp": 0.6429723699887594,
        "R2Score_Exp": 0.8753336469332377,
        "Forgetting_Exp": 0.04200136661529541,
        "BWT_Exp": -0.04200136661529541
    },
    "9": {
        "Loss_Exp": 23.37705630923602,
        "RelativeDistance_Exp": 0.5544729381799698,
        "R2Score_Exp": 0.9148503541946411
    },
    "stream": {
        "Loss_Stream/eval_phase/test_stream": 48.444501951139785,
        "RelativeDistance_Stream/eval_phase/test_stream": 0.9833319154050615,
        "R2Score_Stream/eval_phase/test_stream": 0.8108730985794539,
        "Forgetting_Stream/eval_phase/test_stream": {
            "0": 0.10737493038177492,
            "1": 0.10602889855702713,
            "2": 0.04688179034453177,
            "3": 0.03759205341339111,
            "4": 0.023935650076184922,
            "5": 0.02617586652437842,
            "6": 0.028390347957611084,
            "7": 0.04157575964927673,
            "8": 0.04200136661529541
        },
        "BWT_Stream/eval_phase/test_stream": {
            "0": 0.10737493038177492,
            "1": 0.10602889855702713,
            "2": 0.04688179034453177,
            "3": 0.03759205341339111,
            "4": 0.023935650076184922,
            "5": 0.02617586652437842,
            "6": 0.028390347957611084,
            "7": 0.04157575964927673,
            "8": 0.04200136661529541
        }
    }
}