{
    "0": {
        "Loss_Exp": 76.78279886305707,
        "RelativeDistance_Exp": 1.063939642906189,
        "R2Score_Exp": 0.6777853190898895,
        "Forgetting_Exp": 0.17429900765419015,
        "BWT_Exp": -0.17429900765419015
    },
    "1": {
        "Loss_Exp": 81.58737653303879,
        "RelativeDistance_Exp": 0.9389832456906636,
        "R2Score_Exp": 0.6761884609858195,
        "Forgetting_Exp": 0.20603379408518474,
        "BWT_Exp": -0.20603379408518474
    },
    "2": {
        "Loss_Exp": 56.37186414862766,
        "RelativeDistance_Exp": 0.7640542387962341,
        "R2Score_Exp": 0.7626738227330722,
        "Forgetting_Exp": 0.13899292395665097,
        "BWT_Exp": -0.13899292395665097
    },
    "3": {
        "Loss_Exp": 39.86392842267083,
        "RelativeDistance_Exp": 0.8437252971861098,
        "R2Score_Exp": 0.8411564429601034,
        "Forgetting_Exp": 0.08993719683753121,
        "BWT_Exp": -0.08993719683753121
    },
    "4": {
        "Loss_Exp": 45.18750952237001,
        "RelativeDistance_Exp": 0.7338307585035052,
        "R2Score_Exp": 0.817112650190081,
        "Forgetting_Exp": 0.095950390611376,
        "BWT_Exp": -0.095950390611376
    },
    "5": {
        "Loss_Exp": 42.355235459984634,
        "RelativeDistance_Exp": 0.6466802656650543,
        "R2Score_Exp": 0.8359834452470144,
        "Forgetting_Exp": 0.05664204557736707,
        "BWT_Exp": -0.05664204557736707
    },
    "6": {
        "Loss_Exp": 35.97499828066279,
        "RelativeDistance_Exp": 0.774717777967453,
        "R2Score_Exp": 0.8642720431089401,
        "Forgetting_Exp": 0.038275882601737976,
        "BWT_Exp": -0.038275882601737976
    },
    "7": {
        "Loss_Exp": 43.86701344211756,
        "RelativeDistance_Exp": 0.5956428870558739,
        "R2Score_Exp": 0.8484910354018211,
        "Forgetting_Exp": 0.04563146084547043,
        "BWT_Exp": -0.04563146084547043
    },
    "8": {
        "Loss_Exp": 30.311885574641934,
        "RelativeDistance_Exp": 0.4938687284787496,
        "R2Score_Exp": 0.894236147403717,
        "Forgetting_Exp": 0.028694570064544678,
        "BWT_Exp": -0.028694570064544678
    },
    "9": {
        "Loss_Exp": 16.95916654946498,
        "RelativeDistance_Exp": 0.5006119608879089,
        "R2Score_Exp": 0.9334889054298401
    },
    "stream": {
        "Loss_Stream/eval_phase/test_stream": 55.210579160613435,
        "RelativeDistance_Stream/eval_phase/test_stream": 0.7989258052390299,
        "R2Score_Stream/eval_phase/test_stream": 0.782633677676872,
        "Forgetting_Stream/eval_phase/test_stream": {
            "0": 0.17429900765419015,
            "1": 0.20603379408518474,
            "2": 0.13899292395665097,
            "3": 0.08993719683753121,
            "4": 0.095950390611376,
            "5": 0.05664204557736707,
            "6": 0.038275882601737976,
            "7": 0.04563146084547043,
            "8": 0.028694570064544678
        },
        "BWT_Stream/eval_phase/test_stream": {
            "0": 0.17429900765419015,
            "1": 0.20603379408518474,
            "2": 0.13899292395665097,
            "3": 0.08993719683753121,
            "4": 0.095950390611376,
            "5": 0.05664204557736707,
            "6": 0.038275882601737976,
            "7": 0.04563146084547043,
            "8": 0.028694570064544678
        }
    }
}