{
    "0": {
        "Loss_Exp": 45.085731506347656,
        "RelativeDistance_Exp": 0.9121675491333008,
        "R2Score_Exp": 0.8070800304412842,
        "Forgetting_Exp": 0.08249926567077637,
        "BWT_Exp": -0.08249926567077637
    },
    "1": {
        "Loss_Exp": 49.93230056762695,
        "RelativeDistance_Exp": 0.8046802878379822,
        "R2Score_Exp": 0.8018695116043091,
        "Forgetting_Exp": 0.07679426670074463,
        "BWT_Exp": -0.07679426670074463
    },
    "2": {
        "Loss_Exp": 38.045101165771484,
        "RelativeDistance_Exp": 0.7608332633972168,
        "R2Score_Exp": 0.8393951654434204,
        "Forgetting_Exp": 0.053449392318725586,
        "BWT_Exp": -0.053449392318725586
    },
    "3": {
        "Loss_Exp": 31.0618896484375,
        "RelativeDistance_Exp": 0.7312033772468567,
        "R2Score_Exp": 0.8782954216003418,
        "Forgetting_Exp": 0.042238056659698486,
        "BWT_Exp": -0.042238056659698486
    },
    "4": {
        "Loss_Exp": 39.85795974731445,
        "RelativeDistance_Exp": 0.7050780057907104,
        "R2Score_Exp": 0.8406148552894592,
        "Forgetting_Exp": 0.05483156442642212,
        "BWT_Exp": -0.05483156442642212
    },
    "5": {
        "Loss_Exp": 37.07585525512695,
        "RelativeDistance_Exp": 0.5968747735023499,
        "R2Score_Exp": 0.8590508699417114,
        "Forgetting_Exp": 0.024882733821868896,
        "BWT_Exp": -0.024882733821868896
    },
    "6": {
        "Loss_Exp": 33.203556060791016,
        "RelativeDistance_Exp": 0.6899587512016296,
        "R2Score_Exp": 0.8735232353210449,
        "Forgetting_Exp": 0.027807295322418213,
        "BWT_Exp": -0.027807295322418213
    },
    "7": {
        "Loss_Exp": 47.40562438964844,
        "RelativeDistance_Exp": 0.5163458585739136,
        "R2Score_Exp": 0.8322310447692871,
        "Forgetting_Exp": 0.0540088415145874,
        "BWT_Exp": -0.0540088415145874
    },
    "8": {
        "Loss_Exp": 30.08064842224121,
        "RelativeDistance_Exp": 0.512889564037323,
        "R2Score_Exp": 0.8994694948196411,
        "Forgetting_Exp": 0.013059020042419434,
        "BWT_Exp": -0.013059020042419434
    },
    "9": {
        "Loss_Exp": 21.20781898498535,
        "RelativeDistance_Exp": 0.4712682366371155,
        "R2Score_Exp": 0.9288134574890137
    },
    "stream": {
        "Loss_Stream/eval_phase/test_stream": 40.40379791525954,
        "RelativeDistance_Stream/eval_phase/test_stream": 0.6701299667358398,
        "R2Score_Stream/eval_phase/test_stream": 0.8560343086719513,
        "Forgetting_Stream/eval_phase/test_stream": {
            "0": 0.08249926567077637,
            "1": 0.07679426670074463,
            "2": 0.053449392318725586,
            "3": 0.042238056659698486,
            "4": 0.05483156442642212,
            "5": 0.024882733821868896,
            "6": 0.027807295322418213,
            "7": 0.0540088415145874,
            "8": 0.013059020042419434
        },
        "BWT_Stream/eval_phase/test_stream": {
            "0": 0.08249926567077637,
            "1": 0.07679426670074463,
            "2": 0.053449392318725586,
            "3": 0.042238056659698486,
            "4": 0.05483156442642212,
            "5": 0.024882733821868896,
            "6": 0.027807295322418213,
            "7": 0.0540088415145874,
            "8": 0.013059020042419434
        }
    }
}