{
    "0": {
        "Loss_Exp": 30.72686195373535,
        "RelativeDistance_Exp": 0.6162834763526917,
        "R2Score_Exp": 0.8773024082183838,
        "Forgetting_Exp": 0.02416384220123291,
        "BWT_Exp": -0.02416384220123291
    },
    "1": {
        "Loss_Exp": 41.41690444946289,
        "RelativeDistance_Exp": 0.7545120120048523,
        "R2Score_Exp": 0.8328736424446106,
        "Forgetting_Exp": 0.001083672046661377,
        "BWT_Exp": -0.001083672046661377
    },
    "2": {
        "Loss_Exp": 46.492767333984375,
        "RelativeDistance_Exp": 0.8450599312782288,
        "R2Score_Exp": 0.8107602596282959,
        "Forgetting_Exp": 0.041535913944244385,
        "BWT_Exp": -0.041535913944244385
    },
    "3": {
        "Loss_Exp": 43.94301223754883,
        "RelativeDistance_Exp": 0.8596364259719849,
        "R2Score_Exp": 0.8134298920631409,
        "Forgetting_Exp": 0.02562922239303589,
        "BWT_Exp": -0.02562922239303589
    },
    "4": {
        "Loss_Exp": 53.65699768066406,
        "RelativeDistance_Exp": 0.8871407508850098,
        "R2Score_Exp": 0.8118960857391357,
        "Forgetting_Exp": 0.03699469566345215,
        "BWT_Exp": -0.03699469566345215
    },
    "5": {
        "Loss_Exp": 51.73759460449219,
        "RelativeDistance_Exp": 0.8208253979682922,
        "R2Score_Exp": 0.8121722936630249,
        "Forgetting_Exp": 0.03407782316207886,
        "BWT_Exp": -0.03407782316207886
    },
    "6": {
        "Loss_Exp": 45.0831298828125,
        "RelativeDistance_Exp": 0.8208798766136169,
        "R2Score_Exp": 0.8272669911384583,
        "Forgetting_Exp": 0.033323466777801514,
        "BWT_Exp": -0.033323466777801514
    },
    "7": {
        "Loss_Exp": 39.4457893371582,
        "RelativeDistance_Exp": 0.7185248136520386,
        "R2Score_Exp": 0.8526247143745422,
        "Forgetting_Exp": -0.021127820014953613,
        "BWT_Exp": 0.021127820014953613
    },
    "8": {
        "Loss_Exp": 50.799407958984375,
        "RelativeDistance_Exp": 0.6244787573814392,
        "R2Score_Exp": 0.8298927545547485,
        "Forgetting_Exp": 0.03374171257019043,
        "BWT_Exp": -0.03374171257019043
    },
    "9": {
        "Loss_Exp": 34.643245697021484,
        "RelativeDistance_Exp": 0.8168025612831116,
        "R2Score_Exp": 0.8757337331771851
    },
    "stream": {
        "Loss_Stream/eval_phase/test_stream": 45.041015462846005,
        "RelativeDistance_Stream/eval_phase/test_stream": 0.7764144003391266,
        "R2Score_Stream/eval_phase/test_stream": 0.8343952775001526,
        "Forgetting_Stream/eval_phase/test_stream": {
            "0": 0.02416384220123291,
            "1": 0.001083672046661377,
            "2": 0.041535913944244385,
            "3": 0.02562922239303589,
            "4": 0.03699469566345215,
            "5": 0.03407782316207886,
            "6": 0.033323466777801514,
            "7": -0.021127820014953613,
            "8": 0.03374171257019043
        },
        "BWT_Stream/eval_phase/test_stream": {
            "0": 0.02416384220123291,
            "1": 0.001083672046661377,
            "2": 0.041535913944244385,
            "3": 0.02562922239303589,
            "4": 0.03699469566345215,
            "5": 0.03407782316207886,
            "6": 0.033323466777801514,
            "7": -0.021127820014953613,
            "8": 0.03374171257019043
        }
    }
}