{
    "0": {
        "Loss_Exp": 52.14973802226644,
        "Time_Exp": 0.33331770000222605,
        "RelativeDistance_Exp": 1.1489124298095703,
        "R2Score_Exp": 0.7863976418972015,
        "Forgetting_Exp": 0.100783783197403,
        "BWT_Exp": -0.100783783197403
    },
    "1": {
        "Loss_Exp": 54.725804458135855,
        "Time_Exp": 0.5435509000017191,
        "RelativeDistance_Exp": 1.1359729329744974,
        "R2Score_Exp": 0.7902191162109375,
        "Forgetting_Exp": 0.017443589369455892,
        "BWT_Exp": -0.017443589369455892
    },
    "2": {
        "Loss_Exp": 47.447152795070934,
        "Time_Exp": 0.722910900003626,
        "RelativeDistance_Exp": 1.2297348059140718,
        "R2Score_Exp": 0.8098736313673166,
        "Forgetting_Exp": 0.030818778734940766,
        "BWT_Exp": -0.030818778734940766
    },
    "3": {
        "Loss_Exp": 36.48930121530745,
        "Time_Exp": 0.33659829999669455,
        "RelativeDistance_Exp": 1.359720508257548,
        "R2Score_Exp": 0.8659658763143752,
        "Forgetting_Exp": 0.013560771942138672,
        "BWT_Exp": -0.013560771942138672
    },
    "4": {
        "Loss_Exp": 40.76001897637271,
        "Time_Exp": 0.25515290000475943,
        "RelativeDistance_Exp": 1.3210516486849104,
        "R2Score_Exp": 0.8555169957024711,
        "Forgetting_Exp": 0.004192837647029268,
        "BWT_Exp": -0.004192837647029268
    },
    "5": {
        "Loss_Exp": 41.011897854393915,
        "Time_Exp": 0.23754709999775514,
        "RelativeDistance_Exp": 1.1998278597990673,
        "R2Score_Exp": 0.8523777623971304,
        "Forgetting_Exp": -0.00703214605649316,
        "BWT_Exp": 0.00703214605649316
    },
    "6": {
        "Loss_Exp": 37.76396650072978,
        "Time_Exp": 0.3482586999962223,
        "RelativeDistance_Exp": 1.458936482667923,
        "R2Score_Exp": 0.8634386211633682,
        "Forgetting_Exp": -0.0003722161054611206,
        "BWT_Exp": 0.0003722161054611206
    },
    "7": {
        "Loss_Exp": 49.81090014273296,
        "Time_Exp": 0.4609995000064373,
        "RelativeDistance_Exp": 1.0969086736440659,
        "R2Score_Exp": 0.8316795825958252,
        "Forgetting_Exp": 0.01338951289653778,
        "BWT_Exp": -0.01338951289653778
    },
    "8": {
        "Loss_Exp": 33.98316855953614,
        "Time_Exp": 0.0795609000051627,
        "RelativeDistance_Exp": 0.993015984694163,
        "R2Score_Exp": 0.8808970053990682,
        "Forgetting_Exp": 0.02306044101715088,
        "BWT_Exp": -0.02306044101715088
    },
    "9": {
        "Loss_Exp": 22.528606517568065,
        "Time_Exp": 0.0624076000021887,
        "RelativeDistance_Exp": 0.9268664121627808,
        "R2Score_Exp": 0.9179787337779999
    },
    "stream": {
        "Loss_Stream/eval_phase/test_stream": 45.58245726344451,
        "Time_Stream/eval_phase/test_stream": 3.445343100000173,
        "RelativeDistance_Stream/eval_phase/test_stream": 1.2157855070667503,
        "R2Score_Stream/eval_phase/test_stream": 0.8294048508008321,
        "Forgetting_Stream/eval_phase/test_stream": {
            "0": 0.100783783197403,
            "1": 0.017443589369455892,
            "2": 0.030818778734940766,
            "3": 0.013560771942138672,
            "4": 0.004192837647029268,
            "5": -0.00703214605649316,
            "6": -0.0003722161054611206,
            "7": 0.01338951289653778,
            "8": 0.02306044101715088
        },
        "BWT_Stream/eval_phase/test_stream": {
            "0": 0.100783783197403,
            "1": 0.017443589369455892,
            "2": 0.030818778734940766,
            "3": 0.013560771942138672,
            "4": 0.004192837647029268,
            "5": -0.00703214605649316,
            "6": -0.0003722161054611206,
            "7": 0.01338951289653778,
            "8": 0.02306044101715088
        }
    }
}