{
    "0": {
        "Loss_Exp": 37.650252389008145,
        "RelativeDistance_Exp": 1.0634155750274659,
        "R2Score_Exp": 0.8314461886882782,
        "Forgetting_Exp": 0.021244299411773637,
        "BWT_Exp": -0.021244299411773637
    },
    "1": {
        "Loss_Exp": 42.062034879832545,
        "RelativeDistance_Exp": 0.9856423298517863,
        "R2Score_Exp": 0.8225415190060933,
        "Forgetting_Exp": 0.02761641343434662,
        "BWT_Exp": -0.02761641343434662
    },
    "2": {
        "Loss_Exp": 35.30150307507002,
        "RelativeDistance_Exp": 0.973233319245852,
        "R2Score_Exp": 0.8436095439470731,
        "Forgetting_Exp": 0.020701866883497955,
        "BWT_Exp": -0.020701866883497955
    },
    "3": {
        "Loss_Exp": 28.676228474630467,
        "RelativeDistance_Exp": 1.036345276567671,
        "R2Score_Exp": 0.8825429346826341,
        "Forgetting_Exp": 0.017655207051171184,
        "BWT_Exp": -0.017655207051171184
    },
    "4": {
        "Loss_Exp": 31.330092258401383,
        "RelativeDistance_Exp": 1.0105843544006348,
        "R2Score_Exp": 0.8736888936587742,
        "Forgetting_Exp": -0.002545424870082247,
        "BWT_Exp": 0.002545424870082247
    },
    "5": {
        "Loss_Exp": 33.66272481759628,
        "RelativeDistance_Exp": 0.938755452632904,
        "R2Score_Exp": 0.8677599231402079,
        "Forgetting_Exp": -0.0015659729639688758,
        "BWT_Exp": 0.0015659729639688758
    },
    "6": {
        "Loss_Exp": 30.827250313958412,
        "RelativeDistance_Exp": 1.242396131157875,
        "R2Score_Exp": 0.8798248618841171,
        "Forgetting_Exp": 0.007681161165237427,
        "BWT_Exp": -0.007681161165237427
    },
    "7": {
        "Loss_Exp": 42.20157721641111,
        "RelativeDistance_Exp": 0.8665798231959343,
        "R2Score_Exp": 0.8529716730117798,
        "Forgetting_Exp": 0.01941688358783722,
        "BWT_Exp": -0.01941688358783722
    },
    "8": {
        "Loss_Exp": 29.06740613309765,
        "RelativeDistance_Exp": 0.75859135389328,
        "R2Score_Exp": 0.8909164071083069,
        "Forgetting_Exp": 0.02153499921162927,
        "BWT_Exp": -0.02153499921162927
    },
    "9": {
        "Loss_Exp": 24.268932233710675,
        "RelativeDistance_Exp": 0.7562753558158875,
        "R2Score_Exp": 0.9117541611194611
    },
    "stream": {
        "Loss_Stream/eval_phase/test_stream": 35.54475592454876,
        "RelativeDistance_Stream/eval_phase/test_stream": 0.9970949005197596,
        "R2Score_Stream/eval_phase/test_stream": 0.8548568737359694,
        "Forgetting_Stream/eval_phase/test_stream": {
            "0": 0.021244299411773637,
            "1": 0.02761641343434662,
            "2": 0.020701866883497955,
            "3": 0.017655207051171184,
            "4": -0.002545424870082247,
            "5": -0.0015659729639688758,
            "6": 0.007681161165237427,
            "7": 0.01941688358783722,
            "8": 0.02153499921162927
        },
        "BWT_Stream/eval_phase/test_stream": {
            "0": 0.021244299411773637,
            "1": 0.02761641343434662,
            "2": 0.020701866883497955,
            "3": 0.017655207051171184,
            "4": -0.002545424870082247,
            "5": -0.0015659729639688758,
            "6": 0.007681161165237427,
            "7": 0.01941688358783722,
            "8": 0.02153499921162927
        }
    }
}