{
    "0": {
        "Loss_Exp": 71.26213278460553,
        "RelativeDistance_Exp": 1.1166591763496398,
        "R2Score_Exp": 0.709226542711258,
        "Forgetting_Exp": 0.17964393496513364,
        "BWT_Exp": -0.17964393496513364
    },
    "1": {
        "Loss_Exp": 71.23288204560991,
        "RelativeDistance_Exp": 1.0716159502665201,
        "R2Score_Exp": 0.7248621265093486,
        "Forgetting_Exp": 0.15799911419550572,
        "BWT_Exp": -0.15799911419550572
    },
    "2": {
        "Loss_Exp": 49.292056127073096,
        "RelativeDistance_Exp": 0.9007638922104468,
        "R2Score_Exp": 0.8001161722036508,
        "Forgetting_Exp": 0.09741785434576178,
        "BWT_Exp": -0.09741785434576178
    },
    "3": {
        "Loss_Exp": 38.812994042684615,
        "RelativeDistance_Exp": 0.8937648667229546,
        "R2Score_Exp": 0.8490640984641181,
        "Forgetting_Exp": 0.08022923601998222,
        "BWT_Exp": -0.08022923601998222
    },
    "4": {
        "Loss_Exp": 44.50455978984383,
        "RelativeDistance_Exp": 0.8050400955336434,
        "R2Score_Exp": 0.8283960138048444,
        "Forgetting_Exp": 0.08087801933288574,
        "BWT_Exp": -0.08087801933288574
    },
    "5": {
        "Loss_Exp": 41.591849700001575,
        "RelativeDistance_Exp": 0.7222832341988882,
        "R2Score_Exp": 0.8397998114426931,
        "Forgetting_Exp": 0.05064079165458679,
        "BWT_Exp": -0.05064079165458679
    },
    "6": {
        "Loss_Exp": 35.99396261518545,
        "RelativeDistance_Exp": 0.8555552065372467,
        "R2Score_Exp": 0.8595006763935089,
        "Forgetting_Exp": 0.036101751029491425,
        "BWT_Exp": -0.036101751029491425
    },
    "7": {
        "Loss_Exp": 47.18039032866328,
        "RelativeDistance_Exp": 0.6132418513298035,
        "R2Score_Exp": 0.838744655251503,
        "Forgetting_Exp": 0.05052120238542557,
        "BWT_Exp": -0.05052120238542557
    },
    "8": {
        "Loss_Exp": 31.6818367851716,
        "RelativeDistance_Exp": 0.581798275311788,
        "R2Score_Exp": 0.8905784090360006,
        "Forgetting_Exp": 0.023188670476277595,
        "BWT_Exp": -0.023188670476277595
    },
    "9": {
        "Loss_Exp": 23.34304657224241,
        "RelativeDistance_Exp": 0.5115889757871628,
        "R2Score_Exp": 0.9051155745983124
    },
    "stream": {
        "Loss_Stream/eval_phase/test_stream": 51.587579338563316,
        "RelativeDistance_Stream/eval_phase/test_stream": 0.8825009226063152,
        "R2Score_Stream/eval_phase/test_stream": 0.8014047462263225,
        "Forgetting_Stream/eval_phase/test_stream": {
            "0": 0.17964393496513364,
            "1": 0.15799911419550572,
            "2": 0.09741785434576178,
            "3": 0.08022923601998222,
            "4": 0.08087801933288574,
            "5": 0.05064079165458679,
            "6": 0.036101751029491425,
            "7": 0.05052120238542557,
            "8": 0.023188670476277595
        },
        "BWT_Stream/eval_phase/test_stream": {
            "0": 0.17964393496513364,
            "1": 0.15799911419550572,
            "2": 0.09741785434576178,
            "3": 0.08022923601998222,
            "4": 0.08087801933288574,
            "5": 0.05064079165458679,
            "6": 0.036101751029491425,
            "7": 0.05052120238542557,
            "8": 0.023188670476277595
        }
    }
}