{
    "0": {
        "Loss_Exp": 111.91068940636707,
        "RelativeDistance_Exp": 1.1928254961967468,
        "R2Score_Exp": 0.7448460459709167,
        "Forgetting_Exp": 0.14072149991989136,
        "BWT_Exp": -0.14072149991989136
    },
    "1": {
        "Loss_Exp": 78.48420183805493,
        "RelativeDistance_Exp": 2.0000186562538147,
        "R2Score_Exp": 0.7739335000514984,
        "Forgetting_Exp": 0.1212797462940216,
        "BWT_Exp": -0.1212797462940216
    },
    "2": {
        "Loss_Exp": 67.39974979592371,
        "RelativeDistance_Exp": 0.9514558513959249,
        "R2Score_Exp": 0.7834206620852152,
        "Forgetting_Exp": 0.049905339876810784,
        "BWT_Exp": -0.049905339876810784
    },
    "3": {
        "Loss_Exp": 49.52958895917136,
        "RelativeDistance_Exp": 0.8318606913089752,
        "R2Score_Exp": 0.8358542919158936,
        "Forgetting_Exp": 0.026223719120025635,
        "BWT_Exp": -0.026223719120025635
    },
    "4": {
        "Loss_Exp": 44.12109444025808,
        "RelativeDistance_Exp": 1.0490782260894775,
        "R2Score_Exp": 0.857044443488121,
        "Forgetting_Exp": -0.009626343846321106,
        "BWT_Exp": 0.009626343846321106
    },
    "5": {
        "Loss_Exp": 50.025592969811484,
        "RelativeDistance_Exp": 0.8801902731259664,
        "R2Score_Exp": 0.8049705227216085,
        "Forgetting_Exp": 0.039194564024607303,
        "BWT_Exp": -0.039194564024607303
    },
    "6": {
        "Loss_Exp": 61.08002010913605,
        "RelativeDistance_Exp": 0.8410033782323202,
        "R2Score_Exp": 0.8143846193949381,
        "Forgetting_Exp": 0.02891329924265551,
        "BWT_Exp": -0.02891329924265551
    },
    "7": {
        "Loss_Exp": 37.9885139465332,
        "RelativeDistance_Exp": 0.8487657904624939,
        "R2Score_Exp": 0.850206732749939,
        "Forgetting_Exp": 0.026377499103546143,
        "BWT_Exp": -0.026377499103546143
    },
    "8": {
        "Loss_Exp": 51.03069566284466,
        "RelativeDistance_Exp": 1.3640739023685455,
        "R2Score_Exp": 0.8302817344665527,
        "Forgetting_Exp": -0.028576523065567017,
        "BWT_Exp": 0.028576523065567017
    },
    "9": {
        "Loss_Exp": 59.08394419940221,
        "RelativeDistance_Exp": 0.9184314608573914,
        "R2Score_Exp": 0.8388935327529907
    },
    "stream": {
        "Loss_Stream/eval_phase/test_stream": 60.19511219798483,
        "RelativeDistance_Stream/eval_phase/test_stream": 1.0698936507105827,
        "R2Score_Stream/eval_phase/test_stream": 0.8139304220676422,
        "Forgetting_Stream/eval_phase/test_stream": {
            "0": 0.14072149991989136,
            "1": 0.1212797462940216,
            "2": 0.049905339876810784,
            "3": 0.026223719120025635,
            "4": -0.009626343846321106,
            "5": 0.039194564024607303,
            "6": 0.02891329924265551,
            "7": 0.026377499103546143,
            "8": -0.028576523065567017
        },
        "BWT_Stream/eval_phase/test_stream": {
            "0": 0.14072149991989136,
            "1": 0.1212797462940216,
            "2": 0.049905339876810784,
            "3": 0.026223719120025635,
            "4": -0.009626343846321106,
            "5": 0.039194564024607303,
            "6": 0.02891329924265551,
            "7": 0.026377499103546143,
            "8": -0.028576523065567017
        }
    }
}