{
    "0": {
        "Loss_Exp": 40.019564686581276,
        "RelativeDistance_Exp": 0.682097566127777,
        "R2Score_Exp": 0.8222963333129882,
        "Forgetting_Exp": 0.06613535284996042,
        "BWT_Exp": -0.06613535284996042
    },
    "1": {
        "Loss_Exp": 43.897816667684125,
        "RelativeDistance_Exp": 0.6756811062494914,
        "R2Score_Exp": 0.8173055807749431,
        "Forgetting_Exp": 0.06887124379475906,
        "BWT_Exp": -0.06887124379475906
    },
    "2": {
        "Loss_Exp": 37.063110333259274,
        "RelativeDistance_Exp": 0.6519768604865441,
        "R2Score_Exp": 0.8373920963360713,
        "Forgetting_Exp": 0.05478136814557599,
        "BWT_Exp": -0.05478136814557599
    },
    "3": {
        "Loss_Exp": 27.711941223803237,
        "RelativeDistance_Exp": 0.6643121706114875,
        "R2Score_Exp": 0.8910452458593581,
        "Forgetting_Exp": 0.03329883681403267,
        "BWT_Exp": -0.03329883681403267
    },
    "4": {
        "Loss_Exp": 29.153107960560163,
        "RelativeDistance_Exp": 0.6913706830569676,
        "R2Score_Exp": 0.8882384300231934,
        "Forgetting_Exp": 0.011806147439139214,
        "BWT_Exp": -0.011806147439139214
    },
    "5": {
        "Loss_Exp": 29.791094674852584,
        "RelativeDistance_Exp": 0.6246302823225657,
        "R2Score_Exp": 0.8829888800779978,
        "Forgetting_Exp": 0.004825105269749996,
        "BWT_Exp": -0.004825105269749996
    },
    "6": {
        "Loss_Exp": 29.856508061546577,
        "RelativeDistance_Exp": 0.7589520439505577,
        "R2Score_Exp": 0.8859903812408447,
        "Forgetting_Exp": 0.007520146667957306,
        "BWT_Exp": -0.007520146667957306
    },
    "7": {
        "Loss_Exp": 38.82410946468118,
        "RelativeDistance_Exp": 0.5475535504519939,
        "R2Score_Exp": 0.8673799708485603,
        "Forgetting_Exp": 0.016316890716552734,
        "BWT_Exp": -0.016316890716552734
    },
    "8": {
        "Loss_Exp": 29.11691069548258,
        "RelativeDistance_Exp": 0.509366105000178,
        "R2Score_Exp": 0.8855795860290527,
        "Forgetting_Exp": 0.025380035241444943,
        "BWT_Exp": -0.025380035241444943
    },
    "9": {
        "Loss_Exp": 22.379844357207915,
        "RelativeDistance_Exp": 0.4944896847009659,
        "R2Score_Exp": 0.9151204228401184
    },
    "stream": {
        "Loss_Stream/eval_phase/test_stream": 35.439445282592914,
        "RelativeDistance_Stream/eval_phase/test_stream": 0.6539160480469833,
        "R2Score_Stream/eval_phase/test_stream": 0.857007360752718,
        "Forgetting_Stream/eval_phase/test_stream": {
            "0": 0.06613535284996042,
            "1": 0.06887124379475906,
            "2": 0.05478136814557599,
            "3": 0.03329883681403267,
            "4": 0.011806147439139214,
            "5": 0.004825105269749996,
            "6": 0.007520146667957306,
            "7": 0.016316890716552734,
            "8": 0.025380035241444943
        },
        "BWT_Stream/eval_phase/test_stream": {
            "0": 0.06613535284996042,
            "1": 0.06887124379475906,
            "2": 0.05478136814557599,
            "3": 0.03329883681403267,
            "4": 0.011806147439139214,
            "5": 0.004825105269749996,
            "6": 0.007520146667957306,
            "7": 0.016316890716552734,
            "8": 0.025380035241444943
        }
    }
}