{
    "0": {
        "Loss_Exp": 30.829349517822266,
        "RelativeDistance_Exp": 0.645258903503418,
        "R2Score_Exp": 0.8712952136993408,
        "Forgetting_Exp": 0.028210163116455078,
        "BWT_Exp": -0.028210163116455078
    },
    "1": {
        "Loss_Exp": 44.76460647583008,
        "RelativeDistance_Exp": 0.8046795129776001,
        "R2Score_Exp": 0.8204325437545776,
        "Forgetting_Exp": -0.01419985294342041,
        "BWT_Exp": 0.01419985294342041
    },
    "2": {
        "Loss_Exp": 48.519744873046875,
        "RelativeDistance_Exp": 0.9150078892707825,
        "R2Score_Exp": 0.8066095113754272,
        "Forgetting_Exp": -0.021452486515045166,
        "BWT_Exp": 0.021452486515045166
    },
    "3": {
        "Loss_Exp": 46.6066780090332,
        "RelativeDistance_Exp": 0.8862125277519226,
        "R2Score_Exp": 0.8000129461288452,
        "Forgetting_Exp": 0.03092479705810547,
        "BWT_Exp": -0.03092479705810547
    },
    "4": {
        "Loss_Exp": 52.547210693359375,
        "RelativeDistance_Exp": 0.9965426921844482,
        "R2Score_Exp": 0.8169535398483276,
        "Forgetting_Exp": 0.026358366012573242,
        "BWT_Exp": -0.026358366012573242
    },
    "5": {
        "Loss_Exp": 47.02473068237305,
        "RelativeDistance_Exp": 0.846998393535614,
        "R2Score_Exp": 0.829547107219696,
        "Forgetting_Exp": 0.01708167791366577,
        "BWT_Exp": -0.01708167791366577
    },
    "6": {
        "Loss_Exp": 45.34281539916992,
        "RelativeDistance_Exp": 0.9878307580947876,
        "R2Score_Exp": 0.8271744251251221,
        "Forgetting_Exp": 0.026638507843017578,
        "BWT_Exp": -0.026638507843017578
    },
    "7": {
        "Loss_Exp": 40.84131622314453,
        "RelativeDistance_Exp": 0.8194206357002258,
        "R2Score_Exp": 0.8482666611671448,
        "Forgetting_Exp": -0.019400596618652344,
        "BWT_Exp": 0.019400596618652344
    },
    "8": {
        "Loss_Exp": 50.226959228515625,
        "RelativeDistance_Exp": 0.7269575595855713,
        "R2Score_Exp": 0.8311784267425537,
        "Forgetting_Exp": 0.024555504322052002,
        "BWT_Exp": -0.024555504322052002
    },
    "9": {
        "Loss_Exp": 32.67979049682617,
        "RelativeDistance_Exp": 0.9435136318206787,
        "R2Score_Exp": 0.8827911019325256
    },
    "stream": {
        "Loss_Stream/eval_phase/test_stream": 45.69131873146434,
        "RelativeDistance_Stream/eval_phase/test_stream": 0.8572422504425049,
        "R2Score_Stream/eval_phase/test_stream": 0.8334261476993561,
        "Forgetting_Stream/eval_phase/test_stream": {
            "0": 0.028210163116455078,
            "1": -0.01419985294342041,
            "2": -0.021452486515045166,
            "3": 0.03092479705810547,
            "4": 0.026358366012573242,
            "5": 0.01708167791366577,
            "6": 0.026638507843017578,
            "7": -0.019400596618652344,
            "8": 0.024555504322052002
        },
        "BWT_Stream/eval_phase/test_stream": {
            "0": 0.028210163116455078,
            "1": -0.01419985294342041,
            "2": -0.021452486515045166,
            "3": 0.03092479705810547,
            "4": 0.026358366012573242,
            "5": 0.01708167791366577,
            "6": 0.026638507843017578,
            "7": -0.019400596618652344,
            "8": 0.024555504322052002
        }
    }
}