{
    "0": {
        "Loss_Exp": 61.69852066040039,
        "RelativeDistance_Exp": 0.8626940846443176,
        "R2Score_Exp": 0.7886415123939514,
        "Forgetting_Exp": 0.06407439708709717,
        "BWT_Exp": -0.06407439708709717
    },
    "1": {
        "Loss_Exp": 49.769412994384766,
        "RelativeDistance_Exp": 0.8031989336013794,
        "R2Score_Exp": 0.8035026788711548,
        "Forgetting_Exp": 0.03169405460357666,
        "BWT_Exp": -0.03169405460357666
    },
    "2": {
        "Loss_Exp": 55.29595184326172,
        "RelativeDistance_Exp": 0.6459365487098694,
        "R2Score_Exp": 0.7903180718421936,
        "Forgetting_Exp": -0.013103783130645752,
        "BWT_Exp": 0.013103783130645752
    },
    "3": {
        "Loss_Exp": 41.775611877441406,
        "RelativeDistance_Exp": 0.5726366639137268,
        "R2Score_Exp": 0.8317933678627014,
        "Forgetting_Exp": -0.05852913856506348,
        "BWT_Exp": 0.05852913856506348
    },
    "4": {
        "Loss_Exp": 34.561885833740234,
        "RelativeDistance_Exp": 0.6586030125617981,
        "R2Score_Exp": 0.8191317319869995,
        "Forgetting_Exp": 0.006473958492279053,
        "BWT_Exp": -0.006473958492279053
    },
    "5": {
        "Loss_Exp": 37.417991638183594,
        "RelativeDistance_Exp": 0.6054759621620178,
        "R2Score_Exp": 0.7881798148155212,
        "Forgetting_Exp": 0.03800719976425171,
        "BWT_Exp": -0.03800719976425171
    },
    "6": {
        "Loss_Exp": 40.28823471069336,
        "RelativeDistance_Exp": 0.5716577172279358,
        "R2Score_Exp": 0.8183225393295288,
        "Forgetting_Exp": 0.018204152584075928,
        "BWT_Exp": -0.018204152584075928
    },
    "7": {
        "Loss_Exp": 37.36651611328125,
        "RelativeDistance_Exp": 0.5770387649536133,
        "R2Score_Exp": 0.7901484966278076,
        "Forgetting_Exp": 0.06253838539123535,
        "BWT_Exp": -0.06253838539123535
    },
    "8": {
        "Loss_Exp": 38.77151870727539,
        "RelativeDistance_Exp": 0.4946078360080719,
        "R2Score_Exp": 0.8413128852844238,
        "Forgetting_Exp": -0.003503084182739258,
        "BWT_Exp": 0.003503084182739258
    },
    "9": {
        "Loss_Exp": 50.40690612792969,
        "RelativeDistance_Exp": 0.6828843951225281,
        "R2Score_Exp": 0.8292384147644043
    },
    "stream": {
        "Loss_Stream/eval_phase/test_stream": 44.25610828654798,
        "RelativeDistance_Stream/eval_phase/test_stream": 0.6474733918905258,
        "R2Score_Stream/eval_phase/test_stream": 0.8100589513778687,
        "Forgetting_Stream/eval_phase/test_stream": {
            "0": 0.06407439708709717,
            "1": 0.03169405460357666,
            "2": -0.013103783130645752,
            "3": -0.05852913856506348,
            "4": 0.006473958492279053,
            "5": 0.03800719976425171,
            "6": 0.018204152584075928,
            "7": 0.06253838539123535,
            "8": -0.003503084182739258
        },
        "BWT_Stream/eval_phase/test_stream": {
            "0": 0.06407439708709717,
            "1": 0.03169405460357666,
            "2": -0.013103783130645752,
            "3": -0.05852913856506348,
            "4": 0.006473958492279053,
            "5": 0.03800719976425171,
            "6": 0.018204152584075928,
            "7": 0.06253838539123535,
            "8": -0.003503084182739258
        }
    }
}