{
    "0": {
        "Loss_Exp": 39.85132425816054,
        "Time_Exp": 0.3307769000002736,
        "RelativeDistance_Exp": 0.8800000786781311,
        "R2Score_Exp": 0.8187042832374573,
        "Forgetting_Exp": 0.06831598877906797,
        "BWT_Exp": -0.06831598877906797
    },
    "1": {
        "Loss_Exp": 42.47612265396195,
        "Time_Exp": 0.24780199999986507,
        "RelativeDistance_Exp": 0.8501893440882365,
        "R2Score_Exp": 0.821783185005188,
        "Forgetting_Exp": 0.0025276223818461174,
        "BWT_Exp": -0.0025276223818461174
    },
    "2": {
        "Loss_Exp": 37.14533944402586,
        "Time_Exp": 0.23995930000091903,
        "RelativeDistance_Exp": 0.8445056631014898,
        "R2Score_Exp": 0.8429912099471459,
        "Forgetting_Exp": 0.003266595877133849,
        "BWT_Exp": -0.003266595877133849
    },
    "3": {
        "Loss_Exp": 30.477647867493168,
        "Time_Exp": 0.3319584000000759,
        "RelativeDistance_Exp": 0.893345574537913,
        "R2Score_Exp": 0.8757084475623237,
        "Forgetting_Exp": 0.012159215079413532,
        "BWT_Exp": -0.012159215079413532
    },
    "4": {
        "Loss_Exp": 31.764573698608046,
        "Time_Exp": 0.12790990000030433,
        "RelativeDistance_Exp": 0.8925443632262093,
        "R2Score_Exp": 0.8694266591753278,
        "Forgetting_Exp": -0.008216406617845728,
        "BWT_Exp": 0.008216406617845728
    },
    "5": {
        "Loss_Exp": 33.560717353547275,
        "Time_Exp": 0.09366020000015851,
        "RelativeDistance_Exp": 0.7773898343245188,
        "R2Score_Exp": 0.869283547004064,
        "Forgetting_Exp": -0.015200098355611202,
        "BWT_Exp": 0.015200098355611202
    },
    "6": {
        "Loss_Exp": 31.70266808810814,
        "Time_Exp": 0.15361080000002403,
        "RelativeDistance_Exp": 0.9512349963188171,
        "R2Score_Exp": 0.880231037735939,
        "Forgetting_Exp": -0.004344530403614044,
        "BWT_Exp": 0.004344530403614044
    },
    "7": {
        "Loss_Exp": 44.47597708661886,
        "Time_Exp": 0.13647589999891352,
        "RelativeDistance_Exp": 0.70687136054039,
        "R2Score_Exp": 0.8414250314235687,
        "Forgetting_Exp": 0.01754888892173767,
        "BWT_Exp": -0.01754888892173767
    },
    "8": {
        "Loss_Exp": 29.139152676537257,
        "Time_Exp": 0.030257599999458762,
        "RelativeDistance_Exp": 0.6254975100358328,
        "R2Score_Exp": 0.9087653358777364,
        "Forgetting_Exp": 0.006637414296468025,
        "BWT_Exp": -0.006637414296468025
    },
    "9": {
        "Loss_Exp": 22.68245631730311,
        "Time_Exp": 0.02101039999979548,
        "RelativeDistance_Exp": 0.6909712553024292,
        "R2Score_Exp": 0.9114340543746948
    },
    "stream": {
        "Loss_Stream/eval_phase/test_stream": 36.71543340855881,
        "Time_Stream/eval_phase/test_stream": 1.7491879999997764,
        "RelativeDistance_Stream/eval_phase/test_stream": 0.8395921010294078,
        "R2Score_Stream/eval_phase/test_stream": 0.8515821349473647,
        "Forgetting_Stream/eval_phase/test_stream": {
            "0": 0.06831598877906797,
            "1": 0.0025276223818461174,
            "2": 0.003266595877133849,
            "3": 0.012159215079413532,
            "4": -0.008216406617845728,
            "5": -0.015200098355611202,
            "6": -0.004344530403614044,
            "7": 0.01754888892173767,
            "8": 0.006637414296468025
        },
        "BWT_Stream/eval_phase/test_stream": {
            "0": 0.06831598877906797,
            "1": 0.0025276223818461174,
            "2": 0.003266595877133849,
            "3": 0.012159215079413532,
            "4": -0.008216406617845728,
            "5": -0.015200098355611202,
            "6": -0.004344530403614044,
            "7": 0.01754888892173767,
            "8": 0.006637414296468025
        }
    }
}