{
    "0": {
        "Loss_Exp": 74.12254500159177,
        "Time_Exp": 0.16042559999914374,
        "RelativeDistance_Exp": 1.258954071998596,
        "R2Score_Exp": 0.6958913087844849,
        "Forgetting_Exp": 0.1925708711147308,
        "BWT_Exp": -0.1925708711147308
    },
    "1": {
        "Loss_Exp": 78.82612927665119,
        "Time_Exp": 0.37779759999921225,
        "RelativeDistance_Exp": 1.1472535173098246,
        "R2Score_Exp": 0.708063006401062,
        "Forgetting_Exp": 0.12243016958236697,
        "BWT_Exp": -0.12243016958236697
    },
    "2": {
        "Loss_Exp": 51.06823402322421,
        "Time_Exp": 0.20797440000023926,
        "RelativeDistance_Exp": 1.093884220490089,
        "R2Score_Exp": 0.7938563915399405,
        "Forgetting_Exp": 0.06998632045892572,
        "BWT_Exp": -0.06998632045892572
    },
    "3": {
        "Loss_Exp": 39.857073489126726,
        "Time_Exp": 0.1373396999997567,
        "RelativeDistance_Exp": 1.0785256690449185,
        "R2Score_Exp": 0.8496213754018148,
        "Forgetting_Exp": 0.057477692763010624,
        "BWT_Exp": -0.057477692763010624
    },
    "4": {
        "Loss_Exp": 45.61533775592588,
        "Time_Exp": 0.10361339999963093,
        "RelativeDistance_Exp": 1.080631136894226,
        "R2Score_Exp": 0.8298024790627616,
        "Forgetting_Exp": 0.05144866875239773,
        "BWT_Exp": -0.05144866875239773
    },
    "5": {
        "Loss_Exp": 41.58502405143408,
        "Time_Exp": 0.24141539999982342,
        "RelativeDistance_Exp": 0.9239034553368887,
        "R2Score_Exp": 0.8461954891681671,
        "Forgetting_Exp": 0.022803018490473392,
        "BWT_Exp": -0.022803018490473392
    },
    "6": {
        "Loss_Exp": 37.18953334633674,
        "Time_Exp": 0.13814350000029663,
        "RelativeDistance_Exp": 1.1531746834516525,
        "R2Score_Exp": 0.8617173284292221,
        "Forgetting_Exp": 0.018673613667488098,
        "BWT_Exp": -0.018673613667488098
    },
    "7": {
        "Loss_Exp": 49.99660966057216,
        "Time_Exp": 0.12228830000003654,
        "RelativeDistance_Exp": 0.8459101617336273,
        "R2Score_Exp": 0.8320960178971291,
        "Forgetting_Exp": 0.034608133137226105,
        "BWT_Exp": -0.034608133137226105
    },
    "8": {
        "Loss_Exp": 33.36127046687497,
        "Time_Exp": 0.036638200000197685,
        "RelativeDistance_Exp": 0.6894493301709493,
        "R2Score_Exp": 0.886968195438385,
        "Forgetting_Exp": 0.028158028920491573,
        "BWT_Exp": -0.028158028920491573
    },
    "9": {
        "Loss_Exp": 19.925538560289965,
        "Time_Exp": 0.02777200000036828,
        "RelativeDistance_Exp": 0.6901032328605652,
        "R2Score_Exp": 0.9234881401062012
    },
    "stream": {
        "Loss_Stream/eval_phase/test_stream": 54.30379288094878,
        "Time_Stream/eval_phase/test_stream": 1.5844498999995267,
        "RelativeDistance_Stream/eval_phase/test_stream": 1.0651190280914307,
        "R2Score_Stream/eval_phase/test_stream": 0.7961822417047288,
        "Forgetting_Stream/eval_phase/test_stream": {
            "0": 0.1925708711147308,
            "1": 0.12243016958236697,
            "2": 0.06998632045892572,
            "3": 0.057477692763010624,
            "4": 0.05144866875239773,
            "5": 0.022803018490473392,
            "6": 0.018673613667488098,
            "7": 0.034608133137226105,
            "8": 0.028158028920491573
        },
        "BWT_Stream/eval_phase/test_stream": {
            "0": 0.1925708711147308,
            "1": 0.12243016958236697,
            "2": 0.06998632045892572,
            "3": 0.057477692763010624,
            "4": 0.05144866875239773,
            "5": 0.022803018490473392,
            "6": 0.018673613667488098,
            "7": 0.034608133137226105,
            "8": 0.028158028920491573
        }
    }
}