{
    "0": {
        "Loss_Exp": 74.82575988769531,
        "RelativeDistance_Exp": 0.6356927156448364,
        "R2Score_Exp": 0.7572611570358276,
        "Forgetting_Exp": 0.09598910808563232,
        "BWT_Exp": -0.09598910808563232
    },
    "1": {
        "Loss_Exp": 41.794795989990234,
        "RelativeDistance_Exp": 0.6606404781341553,
        "R2Score_Exp": 0.8268191814422607,
        "Forgetting_Exp": 0.0712122917175293,
        "BWT_Exp": -0.0712122917175293
    },
    "2": {
        "Loss_Exp": 50.4047737121582,
        "RelativeDistance_Exp": 0.5262840390205383,
        "R2Score_Exp": 0.7883292436599731,
        "Forgetting_Exp": 0.04870486259460449,
        "BWT_Exp": -0.04870486259460449
    },
    "3": {
        "Loss_Exp": 31.734750747680664,
        "RelativeDistance_Exp": 0.4327468276023865,
        "R2Score_Exp": 0.8782516121864319,
        "Forgetting_Exp": -0.00735318660736084,
        "BWT_Exp": 0.00735318660736084
    },
    "4": {
        "Loss_Exp": 27.52761459350586,
        "RelativeDistance_Exp": 0.4694855809211731,
        "R2Score_Exp": 0.8702924251556396,
        "Forgetting_Exp": 0.036971986293792725,
        "BWT_Exp": -0.036971986293792725
    },
    "5": {
        "Loss_Exp": 31.522274017333984,
        "RelativeDistance_Exp": 0.4827025830745697,
        "R2Score_Exp": 0.8359878659248352,
        "Forgetting_Exp": 0.03943604230880737,
        "BWT_Exp": -0.03943604230880737
    },
    "6": {
        "Loss_Exp": 32.844337463378906,
        "RelativeDistance_Exp": 0.431867778301239,
        "R2Score_Exp": 0.8508102893829346,
        "Forgetting_Exp": 0.011935830116271973,
        "BWT_Exp": -0.011935830116271973
    },
    "7": {
        "Loss_Exp": 31.598705291748047,
        "RelativeDistance_Exp": 0.46048930287361145,
        "R2Score_Exp": 0.8450031876564026,
        "Forgetting_Exp": 0.033936381340026855,
        "BWT_Exp": -0.033936381340026855
    },
    "8": {
        "Loss_Exp": 36.63459777832031,
        "RelativeDistance_Exp": 0.4064764380455017,
        "R2Score_Exp": 0.847029983997345,
        "Forgetting_Exp": 0.013499319553375244,
        "BWT_Exp": -0.013499319553375244
    },
    "9": {
        "Loss_Exp": 40.31834030151367,
        "RelativeDistance_Exp": 0.5552615523338318,
        "R2Score_Exp": 0.860975444316864
    },
    "stream": {
        "Loss_Stream/eval_phase/test_stream": 39.041592303093275,
        "RelativeDistance_Stream/eval_phase/test_stream": 0.5061647295951843,
        "R2Score_Stream/eval_phase/test_stream": 0.8360760390758515,
        "Forgetting_Stream/eval_phase/test_stream": {
            "0": 0.09598910808563232,
            "1": 0.0712122917175293,
            "2": 0.04870486259460449,
            "3": -0.00735318660736084,
            "4": 0.036971986293792725,
            "5": 0.03943604230880737,
            "6": 0.011935830116271973,
            "7": 0.033936381340026855,
            "8": 0.013499319553375244
        },
        "BWT_Stream/eval_phase/test_stream": {
            "0": 0.09598910808563232,
            "1": 0.0712122917175293,
            "2": 0.04870486259460449,
            "3": -0.00735318660736084,
            "4": 0.036971986293792725,
            "5": 0.03943604230880737,
            "6": 0.011935830116271973,
            "7": 0.033936381340026855,
            "8": 0.013499319553375244
        }
    }
}