{
    "0": {
        "Loss_Exp": 51.953083876443856,
        "RelativeDistance_Exp": 1.074375534057617,
        "R2Score_Exp": 0.7763675928115845,
        "Forgetting_Exp": 0.07541109919548028,
        "BWT_Exp": -0.07541109919548028
    },
    "1": {
        "Loss_Exp": 52.15881866471462,
        "RelativeDistance_Exp": 0.9538422664006551,
        "R2Score_Exp": 0.7882375677426656,
        "Forgetting_Exp": 0.06353340148925779,
        "BWT_Exp": -0.06353340148925779
    },
    "2": {
        "Loss_Exp": 41.1847012427939,
        "RelativeDistance_Exp": 0.9717900936420147,
        "R2Score_Exp": 0.8266975650420556,
        "Forgetting_Exp": 0.03436501668049741,
        "BWT_Exp": -0.03436501668049741
    },
    "3": {
        "Loss_Exp": 33.20162446606522,
        "RelativeDistance_Exp": 1.0401491787698534,
        "R2Score_Exp": 0.8673269550005595,
        "Forgetting_Exp": 0.02543681197696268,
        "BWT_Exp": -0.02543681197696268
    },
    "4": {
        "Loss_Exp": 35.799078611221304,
        "RelativeDistance_Exp": 1.0033260328429086,
        "R2Score_Exp": 0.860880468572889,
        "Forgetting_Exp": -0.005595649991716578,
        "BWT_Exp": 0.005595649991716578
    },
    "5": {
        "Loss_Exp": 38.242749284620544,
        "RelativeDistance_Exp": 0.9095767239729563,
        "R2Score_Exp": 0.852258950471878,
        "Forgetting_Exp": 0.005204339822133419,
        "BWT_Exp": -0.005204339822133419
    },
    "6": {
        "Loss_Exp": 35.644741663141595,
        "RelativeDistance_Exp": 1.2172284424304962,
        "R2Score_Exp": 0.8660396188497543,
        "Forgetting_Exp": 0.003158003091812134,
        "BWT_Exp": -0.003158003091812134
    },
    "7": {
        "Loss_Exp": 45.664385874698695,
        "RelativeDistance_Exp": 0.839373953640461,
        "R2Score_Exp": 0.8426487669348717,
        "Forgetting_Exp": 0.014695100486278534,
        "BWT_Exp": -0.014695100486278534
    },
    "8": {
        "Loss_Exp": 35.813235292964265,
        "RelativeDistance_Exp": 0.7818924784660339,
        "R2Score_Exp": 0.8599340518315634,
        "Forgetting_Exp": 0.036633074283599854,
        "BWT_Exp": -0.036633074283599854
    },
    "9": {
        "Loss_Exp": 26.561185011584104,
        "RelativeDistance_Exp": 0.7535467147827148,
        "R2Score_Exp": 0.9037079215049744
    },
    "stream": {
        "Loss_Stream/eval_phase/test_stream": 42.54608634907932,
        "RelativeDistance_Stream/eval_phase/test_stream": 0.9855843922238291,
        "R2Score_Stream/eval_phase/test_stream": 0.8313171907707497,
        "Forgetting_Stream/eval_phase/test_stream": {
            "0": 0.07541109919548028,
            "1": 0.06353340148925779,
            "2": 0.03436501668049741,
            "3": 0.02543681197696268,
            "4": -0.005595649991716578,
            "5": 0.005204339822133419,
            "6": 0.003158003091812134,
            "7": 0.014695100486278534,
            "8": 0.036633074283599854
        },
        "BWT_Stream/eval_phase/test_stream": {
            "0": 0.07541109919548028,
            "1": 0.06353340148925779,
            "2": 0.03436501668049741,
            "3": 0.02543681197696268,
            "4": -0.005595649991716578,
            "5": 0.005204339822133419,
            "6": 0.003158003091812134,
            "7": 0.014695100486278534,
            "8": 0.036633074283599854
        }
    }
}