{
    "0": {
        "Loss_Exp": 129.8793969940721,
        "RelativeDistance_Exp": 0.9991691708564758,
        "R2Score_Exp": 0.7035729587078094,
        "Forgetting_Exp": 0.18100106716156006,
        "BWT_Exp": -0.18100106716156006
    },
    "1": {
        "Loss_Exp": 79.2877174285037,
        "RelativeDistance_Exp": 1.4854960441589355,
        "R2Score_Exp": 0.7675903141498566,
        "Forgetting_Exp": 0.12398535013198853,
        "BWT_Exp": -0.12398535013198853
    },
    "2": {
        "Loss_Exp": 69.83737410411563,
        "RelativeDistance_Exp": 0.7300921479860941,
        "R2Score_Exp": 0.7764063676198324,
        "Forgetting_Exp": 0.04803685347239173,
        "BWT_Exp": -0.04803685347239173
    },
    "3": {
        "Loss_Exp": 68.60559574746941,
        "RelativeDistance_Exp": 0.6286958754062653,
        "R2Score_Exp": 0.7730070054531097,
        "Forgetting_Exp": 0.06873336434364319,
        "BWT_Exp": -0.06873336434364319
    },
    "4": {
        "Loss_Exp": 57.53589384558504,
        "RelativeDistance_Exp": 0.7884949445724487,
        "R2Score_Exp": 0.8088848143815994,
        "Forgetting_Exp": 0.037773340940475464,
        "BWT_Exp": -0.037773340940475464
    },
    "5": {
        "Loss_Exp": 49.57277878471043,
        "RelativeDistance_Exp": 0.6840685804684957,
        "R2Score_Exp": 0.8055931925773621,
        "Forgetting_Exp": 0.023387233416239384,
        "BWT_Exp": -0.023387233416239384
    },
    "6": {
        "Loss_Exp": 69.31540409205371,
        "RelativeDistance_Exp": 0.7741442124048868,
        "R2Score_Exp": 0.7925589084625244,
        "Forgetting_Exp": -0.03365997473398841,
        "BWT_Exp": 0.03365997473398841
    },
    "7": {
        "Loss_Exp": 45.231327056884766,
        "RelativeDistance_Exp": 0.6251841187477112,
        "R2Score_Exp": 0.8216474652290344,
        "Forgetting_Exp": 0.011129260063171387,
        "BWT_Exp": -0.011129260063171387
    },
    "8": {
        "Loss_Exp": 69.63752703700189,
        "RelativeDistance_Exp": 0.8881382346153259,
        "R2Score_Exp": 0.7744736969470978,
        "Forgetting_Exp": 0.04080519080162048,
        "BWT_Exp": -0.04080519080162048
    },
    "9": {
        "Loss_Exp": 70.06962327020017,
        "RelativeDistance_Exp": 0.7980689406394958,
        "R2Score_Exp": 0.8081070482730865
    },
    "stream": {
        "Loss_Stream/eval_phase/test_stream": 69.31133190616548,
        "RelativeDistance_Stream/eval_phase/test_stream": 0.8309673021237055,
        "R2Score_Stream/eval_phase/test_stream": 0.7847651739915212,
        "Forgetting_Stream/eval_phase/test_stream": {
            "0": 0.18100106716156006,
            "1": 0.12398535013198853,
            "2": 0.04803685347239173,
            "3": 0.06873336434364319,
            "4": 0.037773340940475464,
            "5": 0.023387233416239384,
            "6": -0.03365997473398841,
            "7": 0.011129260063171387,
            "8": 0.04080519080162048
        },
        "BWT_Stream/eval_phase/test_stream": {
            "0": 0.18100106716156006,
            "1": 0.12398535013198853,
            "2": 0.04803685347239173,
            "3": 0.06873336434364319,
            "4": 0.037773340940475464,
            "5": 0.023387233416239384,
            "6": -0.03365997473398841,
            "7": 0.011129260063171387,
            "8": 0.04080519080162048
        }
    }
}