{
    "0": {
        "Loss_Exp": 50.923143176512646,
        "RelativeDistance_Exp": 1.0697821140289308,
        "R2Score_Exp": 0.7778175294399261,
        "Forgetting_Exp": 0.07471613883972172,
        "BWT_Exp": -0.07471613883972172
    },
    "1": {
        "Loss_Exp": 50.44711358341929,
        "RelativeDistance_Exp": 0.9848795612653096,
        "R2Score_Exp": 0.792420220375061,
        "Forgetting_Exp": 0.06231338183085133,
        "BWT_Exp": -0.06231338183085133
    },
    "2": {
        "Loss_Exp": 37.104394467646294,
        "RelativeDistance_Exp": 0.9554596818410434,
        "R2Score_Exp": 0.8410591253867516,
        "Forgetting_Exp": 0.03128568484232974,
        "BWT_Exp": -0.03128568484232974
    },
    "3": {
        "Loss_Exp": 28.9131418045003,
        "RelativeDistance_Exp": 1.0471854938401117,
        "R2Score_Exp": 0.8847884270879958,
        "Forgetting_Exp": 0.018471678098042732,
        "BWT_Exp": -0.018471678098042732
    },
    "4": {
        "Loss_Exp": 29.60541368062171,
        "RelativeDistance_Exp": 0.9662073850631714,
        "R2Score_Exp": 0.881245493888855,
        "Forgetting_Exp": -0.00863072701862877,
        "BWT_Exp": 0.00863072701862877
    },
    "5": {
        "Loss_Exp": 31.499876809831814,
        "RelativeDistance_Exp": 0.8967274824778239,
        "R2Score_Exp": 0.8759247362613678,
        "Forgetting_Exp": -0.006064524253209469,
        "BWT_Exp": 0.006064524253209469
    },
    "6": {
        "Loss_Exp": 30.07586501350196,
        "RelativeDistance_Exp": 1.190007396042347,
        "R2Score_Exp": 0.8843811228871346,
        "Forgetting_Exp": 0.0018242523074150085,
        "BWT_Exp": -0.0018242523074150085
    },
    "7": {
        "Loss_Exp": 42.28560404846258,
        "RelativeDistance_Exp": 0.8367716446518898,
        "R2Score_Exp": 0.8527315855026245,
        "Forgetting_Exp": 0.015893973410129547,
        "BWT_Exp": -0.015893973410129547
    },
    "8": {
        "Loss_Exp": 29.706248771383873,
        "RelativeDistance_Exp": 0.7585996786753336,
        "R2Score_Exp": 0.8925397992134094,
        "Forgetting_Exp": 0.014761646588643429,
        "BWT_Exp": -0.014761646588643429
    },
    "9": {
        "Loss_Exp": 23.228114604194268,
        "RelativeDistance_Exp": 0.7270864844322205,
        "R2Score_Exp": 0.9134405851364136
    },
    "stream": {
        "Loss_Stream/eval_phase/test_stream": 38.76648492545679,
        "RelativeDistance_Stream/eval_phase/test_stream": 0.9803047010928024,
        "R2Score_Stream/eval_phase/test_stream": 0.8442841010329164,
        "Forgetting_Stream/eval_phase/test_stream": {
            "0": 0.07471613883972172,
            "1": 0.06231338183085133,
            "2": 0.03128568484232974,
            "3": 0.018471678098042732,
            "4": -0.00863072701862877,
            "5": -0.006064524253209469,
            "6": 0.0018242523074150085,
            "7": 0.015893973410129547,
            "8": 0.014761646588643429
        },
        "BWT_Stream/eval_phase/test_stream": {
            "0": 0.07471613883972172,
            "1": 0.06231338183085133,
            "2": 0.03128568484232974,
            "3": 0.018471678098042732,
            "4": -0.00863072701862877,
            "5": -0.006064524253209469,
            "6": 0.0018242523074150085,
            "7": 0.015893973410129547,
            "8": 0.014761646588643429
        }
    }
}