{
    "0": {
        "Loss_Exp": 38.393790280644,
        "RelativeDistance_Exp": 1.0504908781302602,
        "R2Score_Exp": 0.8218263073971397,
        "Forgetting_Exp": 0.03241945097320964,
        "BWT_Exp": -0.03241945097320964
    },
    "1": {
        "Loss_Exp": 42.92321983285178,
        "RelativeDistance_Exp": 0.9617336099430666,
        "R2Score_Exp": 0.8192481398582458,
        "Forgetting_Exp": 0.03783211869708558,
        "BWT_Exp": -0.03783211869708558
    },
    "2": {
        "Loss_Exp": 34.87652011994885,
        "RelativeDistance_Exp": 0.9373757267484859,
        "R2Score_Exp": 0.8477647718118162,
        "Forgetting_Exp": 0.016995717068107763,
        "BWT_Exp": -0.016995717068107763
    },
    "3": {
        "Loss_Exp": 27.601405306077172,
        "RelativeDistance_Exp": 1.0041239051257862,
        "R2Score_Exp": 0.8877119018751032,
        "Forgetting_Exp": 0.01309306656613074,
        "BWT_Exp": -0.01309306656613074
    },
    "4": {
        "Loss_Exp": 29.337270502136633,
        "RelativeDistance_Exp": 1.0042875266075135,
        "R2Score_Exp": 0.8794076609611511,
        "Forgetting_Exp": -0.00630082368850704,
        "BWT_Exp": 0.00630082368850704
    },
    "5": {
        "Loss_Exp": 30.19289351948822,
        "RelativeDistance_Exp": 0.8976421256860098,
        "R2Score_Exp": 0.8830707172552744,
        "Forgetting_Exp": -0.021409563720226288,
        "BWT_Exp": 0.021409563720226288
    },
    "6": {
        "Loss_Exp": 31.164964735067752,
        "RelativeDistance_Exp": 1.1902946271002293,
        "R2Score_Exp": 0.8829494323581457,
        "Forgetting_Exp": -0.0060273464769124985,
        "BWT_Exp": 0.0060273464769124985
    },
    "7": {
        "Loss_Exp": 42.23746117515865,
        "RelativeDistance_Exp": 0.8343255211567057,
        "R2Score_Exp": 0.8506514018979566,
        "Forgetting_Exp": 0.01007932424545288,
        "BWT_Exp": -0.01007932424545288
    },
    "8": {
        "Loss_Exp": 31.864806281584784,
        "RelativeDistance_Exp": 0.8801528745227389,
        "R2Score_Exp": 0.8914756377538046,
        "Forgetting_Exp": 0.008659150865342857,
        "BWT_Exp": -0.008659150865342857
    },
    "9": {
        "Loss_Exp": 24.542290942982525,
        "RelativeDistance_Exp": 0.7829525470733643,
        "R2Score_Exp": 0.9195866346359253
    },
    "stream": {
        "Loss_Stream/eval_phase/test_stream": 35.30488812561155,
        "RelativeDistance_Stream/eval_phase/test_stream": 0.9786321240428247,
        "R2Score_Stream/eval_phase/test_stream": 0.855299649858161,
        "Forgetting_Stream/eval_phase/test_stream": {
            "0": 0.03241945097320964,
            "1": 0.03783211869708558,
            "2": 0.016995717068107763,
            "3": 0.01309306656613074,
            "4": -0.00630082368850704,
            "5": -0.021409563720226288,
            "6": -0.0060273464769124985,
            "7": 0.01007932424545288,
            "8": 0.008659150865342857
        },
        "BWT_Stream/eval_phase/test_stream": {
            "0": 0.03241945097320964,
            "1": 0.03783211869708558,
            "2": 0.016995717068107763,
            "3": 0.01309306656613074,
            "4": -0.00630082368850704,
            "5": -0.021409563720226288,
            "6": -0.0060273464769124985,
            "7": 0.01007932424545288,
            "8": 0.008659150865342857
        }
    }
}