{
    "0": {
        "Loss_Exp": 54.429195404052734,
        "RelativeDistance_Exp": 0.8239654898643494,
        "R2Score_Exp": 0.8175107836723328,
        "Forgetting_Exp": 0.030582666397094727,
        "BWT_Exp": -0.030582666397094727
    },
    "1": {
        "Loss_Exp": 46.34756851196289,
        "RelativeDistance_Exp": 0.8487608432769775,
        "R2Score_Exp": 0.8305575847625732,
        "Forgetting_Exp": -0.015900135040283203,
        "BWT_Exp": 0.015900135040283203
    },
    "2": {
        "Loss_Exp": 56.21585464477539,
        "RelativeDistance_Exp": 0.6912455558776855,
        "R2Score_Exp": 0.7892279624938965,
        "Forgetting_Exp": -0.02837759256362915,
        "BWT_Exp": 0.02837759256362915
    },
    "3": {
        "Loss_Exp": 46.72726058959961,
        "RelativeDistance_Exp": 0.6299341320991516,
        "R2Score_Exp": 0.8123989701271057,
        "Forgetting_Exp": -0.08911830186843872,
        "BWT_Exp": 0.08911830186843872
    },
    "4": {
        "Loss_Exp": 39.477203369140625,
        "RelativeDistance_Exp": 0.6837154030799866,
        "R2Score_Exp": 0.8044208884239197,
        "Forgetting_Exp": -0.033128440380096436,
        "BWT_Exp": 0.033128440380096436
    },
    "5": {
        "Loss_Exp": 41.820011138916016,
        "RelativeDistance_Exp": 0.6155133843421936,
        "R2Score_Exp": 0.7741292715072632,
        "Forgetting_Exp": 0.0017576217651367188,
        "BWT_Exp": -0.0017576217651367188
    },
    "6": {
        "Loss_Exp": 45.97530746459961,
        "RelativeDistance_Exp": 0.566352128982544,
        "R2Score_Exp": 0.7916810512542725,
        "Forgetting_Exp": -0.006058096885681152,
        "BWT_Exp": 0.006058096885681152
    },
    "7": {
        "Loss_Exp": 41.65549850463867,
        "RelativeDistance_Exp": 0.597879946231842,
        "R2Score_Exp": 0.770280659198761,
        "Forgetting_Exp": 0.04065936803817749,
        "BWT_Exp": -0.04065936803817749
    },
    "8": {
        "Loss_Exp": 50.13432312011719,
        "RelativeDistance_Exp": 0.615696907043457,
        "R2Score_Exp": 0.7931742072105408,
        "Forgetting_Exp": -0.008398473262786865,
        "BWT_Exp": 0.008398473262786865
    },
    "9": {
        "Loss_Exp": 81.64025115966797,
        "RelativeDistance_Exp": 0.9801415801048279,
        "R2Score_Exp": 0.742568850517273
    },
    "stream": {
        "Loss_Stream/eval_phase/test_stream": 49.46538864119705,
        "RelativeDistance_Stream/eval_phase/test_stream": 0.7053205370903015,
        "R2Score_Stream/eval_phase/test_stream": 0.7925950229167938,
        "Forgetting_Stream/eval_phase/test_stream": {
            "0": 0.030582666397094727,
            "1": -0.015900135040283203,
            "2": -0.02837759256362915,
            "3": -0.08911830186843872,
            "4": -0.033128440380096436,
            "5": 0.0017576217651367188,
            "6": -0.006058096885681152,
            "7": 0.04065936803817749,
            "8": -0.008398473262786865
        },
        "BWT_Stream/eval_phase/test_stream": {
            "0": 0.030582666397094727,
            "1": -0.015900135040283203,
            "2": -0.02837759256362915,
            "3": -0.08911830186843872,
            "4": -0.033128440380096436,
            "5": 0.0017576217651367188,
            "6": -0.006058096885681152,
            "7": 0.04065936803817749,
            "8": -0.008398473262786865
        }
    }
}