{
    "0": {
        "Loss_Exp": 48.5941582253894,
        "RelativeDistance_Exp": 1.0611618518829347,
        "R2Score_Exp": 0.7844156384468078,
        "Forgetting_Exp": 0.06051149368286135,
        "BWT_Exp": -0.06051149368286135
    },
    "1": {
        "Loss_Exp": 52.302644605324915,
        "RelativeDistance_Exp": 0.9906230529149374,
        "R2Score_Exp": 0.7846257328987122,
        "Forgetting_Exp": 0.06460427840550742,
        "BWT_Exp": -0.06460427840550742
    },
    "2": {
        "Loss_Exp": 40.60461782709402,
        "RelativeDistance_Exp": 0.9998856003467853,
        "R2Score_Exp": 0.8241482514601487,
        "Forgetting_Exp": 0.04195914360193109,
        "BWT_Exp": -0.04195914360193109
    },
    "3": {
        "Loss_Exp": 33.32308037686329,
        "RelativeDistance_Exp": 1.049307902654012,
        "R2Score_Exp": 0.8667983942561679,
        "Forgetting_Exp": 0.03567294942008126,
        "BWT_Exp": -0.03567294942008126
    },
    "4": {
        "Loss_Exp": 36.60386412484305,
        "RelativeDistance_Exp": 1.0214705296925135,
        "R2Score_Exp": 0.8585201586995806,
        "Forgetting_Exp": 0.018317333289555093,
        "BWT_Exp": -0.018317333289555093
    },
    "5": {
        "Loss_Exp": 37.36017923703368,
        "RelativeDistance_Exp": 0.9376218914985657,
        "R2Score_Exp": 0.8566500147183737,
        "Forgetting_Exp": 0.011380036671956306,
        "BWT_Exp": -0.011380036671956306
    },
    "6": {
        "Loss_Exp": 35.373375121153735,
        "RelativeDistance_Exp": 1.2489956617355347,
        "R2Score_Exp": 0.8631123080849648,
        "Forgetting_Exp": 0.01918596774339676,
        "BWT_Exp": -0.01918596774339676
    },
    "7": {
        "Loss_Exp": 44.81334787637992,
        "RelativeDistance_Exp": 0.8598401248455048,
        "R2Score_Exp": 0.8446748107671738,
        "Forgetting_Exp": 0.026625782251358032,
        "BWT_Exp": -0.026625782251358032
    },
    "8": {
        "Loss_Exp": 31.82274463123113,
        "RelativeDistance_Exp": 0.76384969552358,
        "R2Score_Exp": 0.8878121773401896,
        "Forgetting_Exp": 0.02450517813364672,
        "BWT_Exp": -0.02450517813364672
    },
    "9": {
        "Loss_Exp": 21.609981730320563,
        "RelativeDistance_Exp": 0.740085244178772,
        "R2Score_Exp": 0.918926328420639
    },
    "stream": {
        "Loss_Stream/eval_phase/test_stream": 41.76619743400903,
        "RelativeDistance_Stream/eval_phase/test_stream": 1.0040948045106581,
        "R2Score_Stream/eval_phase/test_stream": 0.8326145991866971,
        "Forgetting_Stream/eval_phase/test_stream": {
            "0": 0.06051149368286135,
            "1": 0.06460427840550742,
            "2": 0.04195914360193109,
            "3": 0.03567294942008126,
            "4": 0.018317333289555093,
            "5": 0.011380036671956306,
            "6": 0.01918596774339676,
            "7": 0.026625782251358032,
            "8": 0.02450517813364672
        },
        "BWT_Stream/eval_phase/test_stream": {
            "0": 0.06051149368286135,
            "1": 0.06460427840550742,
            "2": 0.04195914360193109,
            "3": 0.03567294942008126,
            "4": 0.018317333289555093,
            "5": 0.011380036671956306,
            "6": 0.01918596774339676,
            "7": 0.026625782251358032,
            "8": 0.02450517813364672
        }
    }
}