{
    "0": {
        "Loss_Exp": 78.69158270152192,
        "RelativeDistance_Exp": 0.8182898759841919,
        "R2Score_Exp": 0.7411169707775116,
        "Forgetting_Exp": 0.10347950458526611,
        "BWT_Exp": -0.10347950458526611
    },
    "1": {
        "Loss_Exp": 41.5216285968649,
        "RelativeDistance_Exp": 0.7596551775932312,
        "R2Score_Exp": 0.8471026420593262,
        "Forgetting_Exp": 0.046481937170028687,
        "BWT_Exp": -0.046481937170028687
    },
    "2": {
        "Loss_Exp": 52.66547289245764,
        "RelativeDistance_Exp": 0.5919016798337301,
        "R2Score_Exp": 0.8030077219009399,
        "Forgetting_Exp": 0.03358815113703406,
        "BWT_Exp": -0.03358815113703406
    },
    "3": {
        "Loss_Exp": 37.5471435255208,
        "RelativeDistance_Exp": 0.5175709426403046,
        "R2Score_Exp": 0.8427886068820953,
        "Forgetting_Exp": 0.023524492979049683,
        "BWT_Exp": -0.023524492979049683
    },
    "4": {
        "Loss_Exp": 30.523400782300996,
        "RelativeDistance_Exp": 0.5689185559749603,
        "R2Score_Exp": 0.840379148721695,
        "Forgetting_Exp": 0.04714594781398773,
        "BWT_Exp": -0.04714594781398773
    },
    "5": {
        "Loss_Exp": 35.98838561397271,
        "RelativeDistance_Exp": 0.5259498953819275,
        "R2Score_Exp": 0.8084681034088135,
        "Forgetting_Exp": 0.07006514072418213,
        "BWT_Exp": -0.07006514072418213
    },
    "6": {
        "Loss_Exp": 35.4772230445624,
        "RelativeDistance_Exp": 0.5600725412368774,
        "R2Score_Exp": 0.8514004349708557,
        "Forgetting_Exp": 0.0031629006067911414,
        "BWT_Exp": -0.0031629006067911414
    },
    "7": {
        "Loss_Exp": 32.756027984256875,
        "RelativeDistance_Exp": 0.3700408637523651,
        "R2Score_Exp": 0.8865979611873627,
        "Forgetting_Exp": 0.0393272340297699,
        "BWT_Exp": -0.0393272340297699
    },
    "8": {
        "Loss_Exp": 35.12439573521151,
        "RelativeDistance_Exp": 0.4416061043739319,
        "R2Score_Exp": 0.8543825745582581,
        "Forgetting_Exp": 0.02447718381881714,
        "BWT_Exp": -0.02447718381881714
    },
    "9": {
        "Loss_Exp": 39.323196139740006,
        "RelativeDistance_Exp": 0.5544319152832031,
        "R2Score_Exp": 0.8710433840751648
    },
    "stream": {
        "Loss_Stream/eval_phase/test_stream": 41.459908870035115,
        "RelativeDistance_Stream/eval_phase/test_stream": 0.5693054533004761,
        "R2Score_Stream/eval_phase/test_stream": 0.8334483861923218,
        "Forgetting_Stream/eval_phase/test_stream": {
            "0": 0.10347950458526611,
            "1": 0.046481937170028687,
            "2": 0.03358815113703406,
            "3": 0.023524492979049683,
            "4": 0.04714594781398773,
            "5": 0.07006514072418213,
            "6": 0.0031629006067911414,
            "7": 0.0393272340297699,
            "8": 0.02447718381881714
        },
        "BWT_Stream/eval_phase/test_stream": {
            "0": 0.10347950458526611,
            "1": 0.046481937170028687,
            "2": 0.03358815113703406,
            "3": 0.023524492979049683,
            "4": 0.04714594781398773,
            "5": 0.07006514072418213,
            "6": 0.0031629006067911414,
            "7": 0.0393272340297699,
            "8": 0.02447718381881714
        }
    }
}