{
    "0": {
        "Loss_Exp": 0.14285240389714832,
        "BinaryAccuracy_Exp": 0.9631347507238388
    },
    "1": {
        "Loss_Exp": 0.19771039508516042,
        "BinaryAccuracy_Exp": 0.9351922422647476
    },
    "2": {
        "Loss_Exp": 0.14838064882918925,
        "BinaryAccuracy_Exp": 0.950272798538208
    },
    "3": {
        "Loss_Exp": 0.1131544479703948,
        "BinaryAccuracy_Exp": 0.9578896641731263
    },
    "4": {
        "Loss_Exp": 0.0875436494190909,
        "BinaryAccuracy_Exp": 0.9645806465830121
    },
    "5": {
        "Loss_Exp": 0.10527461797057963,
        "BinaryAccuracy_Exp": 0.9601176679134369
    },
    "6": {
        "Loss_Exp": 0.08722057446215709,
        "BinaryAccuracy_Exp": 0.9663501501083374
    },
    "7": {
        "Loss_Exp": 0.09270768735977199,
        "BinaryAccuracy_Exp": 0.9650843540827433
    },
    "8": {
        "Loss_Exp": 0.09445458977155749,
        "BinaryAccuracy_Exp": 0.9671118855476379
    },
    "9": {
        "Loss_Exp": 0.07650280083669325,
        "BinaryAccuracy_Exp": 0.9704165607690811
    },
    "stream": {
        "Loss_Stream/eval_phase/test_stream": 0.11191420193235505,
        "BinaryAccuracy_Stream/eval_phase/test_stream": 0.9599325332952582
    }
}