{
    "0": {
        "Loss_Exp": 73.15509367642338,
        "RelativeDistance_Exp": 0.6657502055168152,
        "R2Score_Exp": 0.7431191205978394,
        "Forgetting_Exp": 0.09596633911132812,
        "BWT_Exp": -0.09596633911132812
    },
    "1": {
        "Loss_Exp": 40.21172254041272,
        "RelativeDistance_Exp": 0.6797541081905365,
        "R2Score_Exp": 0.8414973318576813,
        "Forgetting_Exp": 0.046239644289016724,
        "BWT_Exp": -0.046239644289016724
    },
    "2": {
        "Loss_Exp": 47.93438427472212,
        "RelativeDistance_Exp": 0.5562207897504171,
        "R2Score_Exp": 0.7956710060437521,
        "Forgetting_Exp": 0.03774392604827881,
        "BWT_Exp": -0.03774392604827881
    },
    "3": {
        "Loss_Exp": 30.492941098433864,
        "RelativeDistance_Exp": 0.4390370100736618,
        "R2Score_Exp": 0.8779006600379944,
        "Forgetting_Exp": -0.005982637405395508,
        "BWT_Exp": 0.005982637405395508
    },
    "4": {
        "Loss_Exp": 25.073823449657738,
        "RelativeDistance_Exp": 0.4668843597173691,
        "R2Score_Exp": 0.8738080710172653,
        "Forgetting_Exp": 0.02347356081008911,
        "BWT_Exp": -0.02347356081008911
    },
    "5": {
        "Loss_Exp": 29.443078367502096,
        "RelativeDistance_Exp": 0.47832705577214557,
        "R2Score_Exp": 0.8566602269808451,
        "Forgetting_Exp": 0.036336322625478146,
        "BWT_Exp": -0.036336322625478146
    },
    "6": {
        "Loss_Exp": 30.928026296309145,
        "RelativeDistance_Exp": 0.4848296145598094,
        "R2Score_Exp": 0.8631818493207296,
        "Forgetting_Exp": -0.009072800477345822,
        "BWT_Exp": 0.009072800477345822
    },
    "7": {
        "Loss_Exp": 28.106162504140016,
        "RelativeDistance_Exp": 0.37476596236228943,
        "R2Score_Exp": 0.897001326084137,
        "Forgetting_Exp": 0.024563729763031006,
        "BWT_Exp": -0.024563729763031006
    },
    "8": {
        "Loss_Exp": 31.653371111352616,
        "RelativeDistance_Exp": 0.4372250586748123,
        "R2Score_Exp": 0.8626638650894165,
        "Forgetting_Exp": 0.022141575813293457,
        "BWT_Exp": -0.022141575813293457
    },
    "9": {
        "Loss_Exp": 37.24272416841597,
        "RelativeDistance_Exp": 0.5311602205038071,
        "R2Score_Exp": 0.8786454200744629
    },
    "stream": {
        "Loss_Stream/eval_phase/test_stream": 36.693080384576845,
        "RelativeDistance_Stream/eval_phase/test_stream": 0.5072421979904175,
        "R2Score_Stream/eval_phase/test_stream": 0.8497370791435241,
        "Forgetting_Stream/eval_phase/test_stream": {
            "0": 0.09596633911132812,
            "1": 0.046239644289016724,
            "2": 0.03774392604827881,
            "3": -0.005982637405395508,
            "4": 0.02347356081008911,
            "5": 0.036336322625478146,
            "6": -0.009072800477345822,
            "7": 0.024563729763031006,
            "8": 0.022141575813293457
        },
        "BWT_Stream/eval_phase/test_stream": {
            "0": 0.09596633911132812,
            "1": 0.046239644289016724,
            "2": 0.03774392604827881,
            "3": -0.005982637405395508,
            "4": 0.02347356081008911,
            "5": 0.036336322625478146,
            "6": -0.009072800477345822,
            "7": 0.024563729763031006,
            "8": 0.022141575813293457
        }
    }
}