{
    "0": {
        "Loss_Exp": 52.095638275146484,
        "RelativeDistance_Exp": 0.590033769607544,
        "R2Score_Exp": 0.8247436881065369,
        "Forgetting_Exp": 0.0237085223197937,
        "BWT_Exp": -0.0237085223197937
    },
    "1": {
        "Loss_Exp": 28.660144805908203,
        "RelativeDistance_Exp": 0.5726205706596375,
        "R2Score_Exp": 0.8826156854629517,
        "Forgetting_Exp": 0.01537930965423584,
        "BWT_Exp": -0.01537930965423584
    },
    "2": {
        "Loss_Exp": 33.57463836669922,
        "RelativeDistance_Exp": 0.4894462525844574,
        "R2Score_Exp": 0.843936026096344,
        "Forgetting_Exp": 0.0006402134895324707,
        "BWT_Exp": -0.0006402134895324707
    },
    "3": {
        "Loss_Exp": 25.46761703491211,
        "RelativeDistance_Exp": 0.4433155655860901,
        "R2Score_Exp": 0.8963117003440857,
        "Forgetting_Exp": -0.026677310466766357,
        "BWT_Exp": 0.026677310466766357
    },
    "4": {
        "Loss_Exp": 21.6955623626709,
        "RelativeDistance_Exp": 0.43203094601631165,
        "R2Score_Exp": 0.8926069736480713,
        "Forgetting_Exp": 0.005640745162963867,
        "BWT_Exp": -0.005640745162963867
    },
    "5": {
        "Loss_Exp": 28.468830108642578,
        "RelativeDistance_Exp": 0.4639838635921478,
        "R2Score_Exp": 0.8570112586021423,
        "Forgetting_Exp": 0.02620565891265869,
        "BWT_Exp": -0.02620565891265869
    },
    "6": {
        "Loss_Exp": 27.41336441040039,
        "RelativeDistance_Exp": 0.4170773923397064,
        "R2Score_Exp": 0.867929995059967,
        "Forgetting_Exp": 0.011865556240081787,
        "BWT_Exp": -0.011865556240081787
    },
    "7": {
        "Loss_Exp": 25.369626998901367,
        "RelativeDistance_Exp": 0.5134753584861755,
        "R2Score_Exp": 0.8744899034500122,
        "Forgetting_Exp": 0.03902071714401245,
        "BWT_Exp": -0.03902071714401245
    },
    "8": {
        "Loss_Exp": 29.88733673095703,
        "RelativeDistance_Exp": 0.37654465436935425,
        "R2Score_Exp": 0.8718886375427246,
        "Forgetting_Exp": 0.017625093460083008,
        "BWT_Exp": -0.017625093460083008
    },
    "9": {
        "Loss_Exp": 37.243099212646484,
        "RelativeDistance_Exp": 0.5571606159210205,
        "R2Score_Exp": 0.8726588487625122
    },
    "stream": {
        "Loss_Stream/eval_phase/test_stream": 30.274547768805512,
        "RelativeDistance_Stream/eval_phase/test_stream": 0.4855688989162445,
        "R2Score_Stream/eval_phase/test_stream": 0.8684192717075347,
        "Forgetting_Stream/eval_phase/test_stream": {
            "0": 0.0237085223197937,
            "1": 0.01537930965423584,
            "2": 0.0006402134895324707,
            "3": -0.026677310466766357,
            "4": 0.005640745162963867,
            "5": 0.02620565891265869,
            "6": 0.011865556240081787,
            "7": 0.03902071714401245,
            "8": 0.017625093460083008
        },
        "BWT_Stream/eval_phase/test_stream": {
            "0": 0.0237085223197937,
            "1": 0.01537930965423584,
            "2": 0.0006402134895324707,
            "3": -0.026677310466766357,
            "4": 0.005640745162963867,
            "5": 0.02620565891265869,
            "6": 0.011865556240081787,
            "7": 0.03902071714401245,
            "8": 0.017625093460083008
        }
    }
}