{
    "0": {
        "Loss_Exp": 188.27198791503906,
        "RelativeDistance_Exp": 1.831470251083374,
        "R2Score_Exp": 0.23676885664463043,
        "Forgetting_Exp": 0.6461254209280014,
        "BWT_Exp": -0.6461254209280014
    },
    "1": {
        "Loss_Exp": 161.55104064941406,
        "RelativeDistance_Exp": 1.1873998641967773,
        "R2Score_Exp": 0.40888622403144836,
        "Forgetting_Exp": 0.47049519419670105,
        "BWT_Exp": -0.47049519419670105
    },
    "2": {
        "Loss_Exp": 120.60211944580078,
        "RelativeDistance_Exp": 1.5210094451904297,
        "R2Score_Exp": 0.5264973640441895,
        "Forgetting_Exp": 0.36294907331466675,
        "BWT_Exp": -0.36294907331466675
    },
    "3": {
        "Loss_Exp": 144.13809204101562,
        "RelativeDistance_Exp": 1.6539242267608643,
        "R2Score_Exp": 0.44424664974212646,
        "Forgetting_Exp": 0.4697110652923584,
        "BWT_Exp": -0.4697110652923584
    },
    "4": {
        "Loss_Exp": 164.57241821289062,
        "RelativeDistance_Exp": 1.6463979482650757,
        "R2Score_Exp": 0.3577207922935486,
        "Forgetting_Exp": 0.5192800760269165,
        "BWT_Exp": -0.5192800760269165
    },
    "5": {
        "Loss_Exp": 108.345458984375,
        "RelativeDistance_Exp": 1.2330282926559448,
        "R2Score_Exp": 0.613623857498169,
        "Forgetting_Exp": 0.25993382930755615,
        "BWT_Exp": -0.25993382930755615
    },
    "6": {
        "Loss_Exp": 117.20232391357422,
        "RelativeDistance_Exp": 1.5248172283172607,
        "R2Score_Exp": 0.5844762325286865,
        "Forgetting_Exp": 0.31419670581817627,
        "BWT_Exp": -0.31419670581817627
    },
    "7": {
        "Loss_Exp": 134.9438934326172,
        "RelativeDistance_Exp": 1.0834267139434814,
        "R2Score_Exp": 0.5464866757392883,
        "Forgetting_Exp": 0.33813732862472534,
        "BWT_Exp": -0.33813732862472534
    },
    "8": {
        "Loss_Exp": 94.71337127685547,
        "RelativeDistance_Exp": 1.3994821310043335,
        "R2Score_Exp": 0.7090083360671997,
        "Forgetting_Exp": 0.18509942293167114,
        "BWT_Exp": -0.18509942293167114
    },
    "9": {
        "Loss_Exp": 38.187965393066406,
        "RelativeDistance_Exp": 1.0245115756988525,
        "R2Score_Exp": 0.8819316625595093
    },
    "stream": {
        "Loss_Stream/eval_phase/test_stream": 141.1531566716895,
        "RelativeDistance_Stream/eval_phase/test_stream": 1.4105467677116394,
        "R2Score_Stream/eval_phase/test_stream": 0.5309646651148796,
        "Forgetting_Stream/eval_phase/test_stream": {
            "0": 0.6461254209280014,
            "1": 0.47049519419670105,
            "2": 0.36294907331466675,
            "3": 0.4697110652923584,
            "4": 0.5192800760269165,
            "5": 0.25993382930755615,
            "6": 0.31419670581817627,
            "7": 0.33813732862472534,
            "8": 0.18509942293167114
        },
        "BWT_Stream/eval_phase/test_stream": {
            "0": 0.6461254209280014,
            "1": 0.47049519419670105,
            "2": 0.36294907331466675,
            "3": 0.4697110652923584,
            "4": 0.5192800760269165,
            "5": 0.25993382930755615,
            "6": 0.31419670581817627,
            "7": 0.33813732862472534,
            "8": 0.18509942293167114
        }
    }
}