{
    "0": {
        "Loss_Exp": 48.16493606567383,
        "RelativeDistance_Exp": 0.5638642907142639,
        "R2Score_Exp": 0.841228723526001,
        "Forgetting_Exp": 0.015264451503753662,
        "BWT_Exp": -0.015264451503753662
    },
    "1": {
        "Loss_Exp": 24.048547744750977,
        "RelativeDistance_Exp": 0.5614882111549377,
        "R2Score_Exp": 0.9081680178642273,
        "Forgetting_Exp": -0.012143433094024658,
        "BWT_Exp": 0.012143433094024658
    },
    "2": {
        "Loss_Exp": 31.661699295043945,
        "RelativeDistance_Exp": 0.49674156308174133,
        "R2Score_Exp": 0.8650046586990356,
        "Forgetting_Exp": -0.02054077386856079,
        "BWT_Exp": 0.02054077386856079
    },
    "3": {
        "Loss_Exp": 23.25275993347168,
        "RelativeDistance_Exp": 0.44788289070129395,
        "R2Score_Exp": 0.903233528137207,
        "Forgetting_Exp": -0.03186690807342529,
        "BWT_Exp": 0.03186690807342529
    },
    "4": {
        "Loss_Exp": 21.127676010131836,
        "RelativeDistance_Exp": 0.4502086639404297,
        "R2Score_Exp": 0.895616888999939,
        "Forgetting_Exp": 0.006282150745391846,
        "BWT_Exp": -0.006282150745391846
    },
    "5": {
        "Loss_Exp": 25.530118942260742,
        "RelativeDistance_Exp": 0.45937004685401917,
        "R2Score_Exp": 0.8704172372817993,
        "Forgetting_Exp": 0.01840388774871826,
        "BWT_Exp": -0.01840388774871826
    },
    "6": {
        "Loss_Exp": 26.1795654296875,
        "RelativeDistance_Exp": 0.42341405153274536,
        "R2Score_Exp": 0.8689883947372437,
        "Forgetting_Exp": 0.015510737895965576,
        "BWT_Exp": -0.015510737895965576
    },
    "7": {
        "Loss_Exp": 23.50958251953125,
        "RelativeDistance_Exp": 0.5290635824203491,
        "R2Score_Exp": 0.881858766078949,
        "Forgetting_Exp": 0.02565586566925049,
        "BWT_Exp": -0.02565586566925049
    },
    "8": {
        "Loss_Exp": 28.491622924804688,
        "RelativeDistance_Exp": 0.3746620714664459,
        "R2Score_Exp": 0.8763844966888428,
        "Forgetting_Exp": 0.012816190719604492,
        "BWT_Exp": -0.012816190719604492
    },
    "9": {
        "Loss_Exp": 36.58868408203125,
        "RelativeDistance_Exp": 0.5566021800041199,
        "R2Score_Exp": 0.8745061755180359
    },
    "stream": {
        "Loss_Stream/eval_phase/test_stream": 28.20525018685456,
        "RelativeDistance_Stream/eval_phase/test_stream": 0.4863297551870346,
        "R2Score_Stream/eval_phase/test_stream": 0.8785406887531281,
        "Forgetting_Stream/eval_phase/test_stream": {
            "0": 0.015264451503753662,
            "1": -0.012143433094024658,
            "2": -0.02054077386856079,
            "3": -0.03186690807342529,
            "4": 0.006282150745391846,
            "5": 0.01840388774871826,
            "6": 0.015510737895965576,
            "7": 0.02565586566925049,
            "8": 0.012816190719604492
        },
        "BWT_Stream/eval_phase/test_stream": {
            "0": 0.015264451503753662,
            "1": -0.012143433094024658,
            "2": -0.02054077386856079,
            "3": -0.03186690807342529,
            "4": 0.006282150745391846,
            "5": 0.01840388774871826,
            "6": 0.015510737895965576,
            "7": 0.02565586566925049,
            "8": 0.012816190719604492
        }
    }
}