{
    "0": {
        "Loss_Exp": 43.65210935164797,
        "RelativeDistance_Exp": 1.0452901065349578,
        "R2Score_Exp": 0.8113800406455993,
        "Forgetting_Exp": 0.04101797342300417,
        "BWT_Exp": -0.04101797342300417
    },
    "1": {
        "Loss_Exp": 45.325012457913964,
        "RelativeDistance_Exp": 0.980986487865448,
        "R2Score_Exp": 0.8105269034703573,
        "Forgetting_Exp": 0.04092452923456824,
        "BWT_Exp": -0.04092452923456824
    },
    "2": {
        "Loss_Exp": 39.15517975945608,
        "RelativeDistance_Exp": 0.9662846143429096,
        "R2Score_Exp": 0.8306673581783588,
        "Forgetting_Exp": 0.03484317889580357,
        "BWT_Exp": -0.03484317889580357
    },
    "3": {
        "Loss_Exp": 30.330719381129224,
        "RelativeDistance_Exp": 1.0559377935197618,
        "R2Score_Exp": 0.8757767875989279,
        "Forgetting_Exp": 0.019929031531015995,
        "BWT_Exp": -0.019929031531015995
    },
    "4": {
        "Loss_Exp": 31.784765467996188,
        "RelativeDistance_Exp": 0.9897372807775225,
        "R2Score_Exp": 0.8715505940573556,
        "Forgetting_Exp": -0.013394858155931666,
        "BWT_Exp": 0.013394858155931666
    },
    "5": {
        "Loss_Exp": 33.261928444487545,
        "RelativeDistance_Exp": 0.9156808853149414,
        "R2Score_Exp": 0.8689961930116018,
        "Forgetting_Exp": -0.009423285722732544,
        "BWT_Exp": 0.009423285722732544
    },
    "6": {
        "Loss_Exp": 34.039403033573485,
        "RelativeDistance_Exp": 1.2247219011187553,
        "R2Score_Exp": 0.8683125078678131,
        "Forgetting_Exp": 0.003094874322414398,
        "BWT_Exp": -0.003094874322414398
    },
    "7": {
        "Loss_Exp": 44.360933177783046,
        "RelativeDistance_Exp": 0.8513239696621895,
        "R2Score_Exp": 0.8432781621813774,
        "Forgetting_Exp": 0.012164875864982605,
        "BWT_Exp": -0.012164875864982605
    },
    "8": {
        "Loss_Exp": 34.227810446961094,
        "RelativeDistance_Exp": 0.7861280639966329,
        "R2Score_Exp": 0.8678640524546305,
        "Forgetting_Exp": 0.03420039017995202,
        "BWT_Exp": -0.03420039017995202
    },
    "9": {
        "Loss_Exp": 25.714900837458448,
        "RelativeDistance_Exp": 0.7642004191875458,
        "R2Score_Exp": 0.9054563641548157
    },
    "stream": {
        "Loss_Stream/eval_phase/test_stream": 38.462809916762836,
        "RelativeDistance_Stream/eval_phase/test_stream": 0.9895090961161955,
        "R2Score_Stream/eval_phase/test_stream": 0.8441287934044261,
        "Forgetting_Stream/eval_phase/test_stream": {
            "0": 0.04101797342300417,
            "1": 0.04092452923456824,
            "2": 0.03484317889580357,
            "3": 0.019929031531015995,
            "4": -0.013394858155931666,
            "5": -0.009423285722732544,
            "6": 0.003094874322414398,
            "7": 0.012164875864982605,
            "8": 0.03420039017995202
        },
        "BWT_Stream/eval_phase/test_stream": {
            "0": 0.04101797342300417,
            "1": 0.04092452923456824,
            "2": 0.03484317889580357,
            "3": 0.019929031531015995,
            "4": -0.013394858155931666,
            "5": -0.009423285722732544,
            "6": 0.003094874322414398,
            "7": 0.012164875864982605,
            "8": 0.03420039017995202
        }
    }
}