{
    "0": {
        "Loss_Exp": 76.150184688928,
        "Time_Exp": 0.20983580000029178,
        "RelativeDistance_Exp": 1.363154983520508,
        "R2Score_Exp": 0.686057734489441,
        "Forgetting_Exp": 0.203751003742218,
        "BWT_Exp": -0.203751003742218
    },
    "1": {
        "Loss_Exp": 74.7090747462816,
        "Time_Exp": 0.4169982999956119,
        "RelativeDistance_Exp": 1.2762188196182251,
        "R2Score_Exp": 0.7230578382809957,
        "Forgetting_Exp": 0.06613290707270303,
        "BWT_Exp": -0.06613290707270303
    },
    "2": {
        "Loss_Exp": 51.96014143567427,
        "Time_Exp": 0.22394489999715006,
        "RelativeDistance_Exp": 1.2704434394836426,
        "R2Score_Exp": 0.787219029206496,
        "Forgetting_Exp": 0.04188895225524902,
        "BWT_Exp": -0.04188895225524902
    },
    "3": {
        "Loss_Exp": 43.01733488297187,
        "Time_Exp": 0.16565840000112075,
        "RelativeDistance_Exp": 1.2946501308017306,
        "R2Score_Exp": 0.8402454257011414,
        "Forgetting_Exp": 0.04077590836418998,
        "BWT_Exp": -0.04077590836418998
    },
    "4": {
        "Loss_Exp": 51.87335537403884,
        "Time_Exp": 0.12658070000179578,
        "RelativeDistance_Exp": 1.265652060508728,
        "R2Score_Exp": 0.8126714995929173,
        "Forgetting_Exp": 0.03765248400824417,
        "BWT_Exp": -0.03765248400824417
    },
    "5": {
        "Loss_Exp": 46.9681095621358,
        "Time_Exp": 0.26809859999775654,
        "RelativeDistance_Exp": 1.121862490971883,
        "R2Score_Exp": 0.8293880224227905,
        "Forgetting_Exp": 0.006401181221008301,
        "BWT_Exp": -0.006401181221008301
    },
    "6": {
        "Loss_Exp": 43.05454857815433,
        "Time_Exp": 0.14354070000263164,
        "RelativeDistance_Exp": 1.3209721893072128,
        "R2Score_Exp": 0.8418066054582596,
        "Forgetting_Exp": 0.008100397884845734,
        "BWT_Exp": -0.008100397884845734
    },
    "7": {
        "Loss_Exp": 60.69294454923686,
        "Time_Exp": 0.13231729999824893,
        "RelativeDistance_Exp": 0.9919057339429855,
        "R2Score_Exp": 0.798748716711998,
        "Forgetting_Exp": 0.02317091077566147,
        "BWT_Exp": -0.02317091077566147
    },
    "8": {
        "Loss_Exp": 38.70030090030917,
        "Time_Exp": 0.03966719999880297,
        "RelativeDistance_Exp": 0.8694684704144796,
        "R2Score_Exp": 0.8698094487190247,
        "Forgetting_Exp": 0.031038939952850342,
        "BWT_Exp": -0.031038939952850342
    },
    "9": {
        "Loss_Exp": 21.237140365334586,
        "Time_Exp": 0.018638599998666905,
        "RelativeDistance_Exp": 1.0455838739871979,
        "R2Score_Exp": 0.9224413931369781
    },
    "stream": {
        "Loss_Stream/eval_phase/test_stream": 57.005582298690776,
        "Time_Stream/eval_phase/test_stream": 1.785498600002029,
        "RelativeDistance_Stream/eval_phase/test_stream": 1.2313059745011505,
        "R2Score_Stream/eval_phase/test_stream": 0.7869911539701768,
        "Forgetting_Stream/eval_phase/test_stream": {
            "0": 0.203751003742218,
            "1": 0.06613290707270303,
            "2": 0.04188895225524902,
            "3": 0.04077590836418998,
            "4": 0.03765248400824417,
            "5": 0.006401181221008301,
            "6": 0.008100397884845734,
            "7": 0.02317091077566147,
            "8": 0.031038939952850342
        },
        "BWT_Stream/eval_phase/test_stream": {
            "0": 0.203751003742218,
            "1": 0.06613290707270303,
            "2": 0.04188895225524902,
            "3": 0.04077590836418998,
            "4": 0.03765248400824417,
            "5": 0.006401181221008301,
            "6": 0.008100397884845734,
            "7": 0.02317091077566147,
            "8": 0.031038939952850342
        }
    }
}