{
    "0": {
        "Loss_Exp": 173.86504516601562,
        "RelativeDistance_Exp": 1.087995857000351,
        "R2Score_Exp": 0.6070467233657837,
        "Forgetting_Exp": 0.27647820115089417,
        "BWT_Exp": -0.27647820115089417
    },
    "1": {
        "Loss_Exp": 106.07743912586857,
        "RelativeDistance_Exp": 1.527285099029541,
        "R2Score_Exp": 0.6934694349765778,
        "Forgetting_Exp": 0.20116984844207764,
        "BWT_Exp": -0.20116984844207764
    },
    "2": {
        "Loss_Exp": 74.19177607817481,
        "RelativeDistance_Exp": 0.8743727207183838,
        "R2Score_Exp": 0.7592308322588602,
        "Forgetting_Exp": 0.072389562924703,
        "BWT_Exp": -0.072389562924703
    },
    "3": {
        "Loss_Exp": 70.74870748356301,
        "RelativeDistance_Exp": 0.7402424812316895,
        "R2Score_Exp": 0.7677215337753296,
        "Forgetting_Exp": 0.09539377689361572,
        "BWT_Exp": -0.09539377689361572
    },
    "4": {
        "Loss_Exp": 61.14325901620686,
        "RelativeDistance_Exp": 0.862544596195221,
        "R2Score_Exp": 0.7932224124670029,
        "Forgetting_Exp": 0.0585009902715683,
        "BWT_Exp": -0.0585009902715683
    },
    "5": {
        "Loss_Exp": 63.283020351244055,
        "RelativeDistance_Exp": 0.7662462989489237,
        "R2Score_Exp": 0.7523749470710754,
        "Forgetting_Exp": 0.07888760169347131,
        "BWT_Exp": -0.07888760169347131
    },
    "6": {
        "Loss_Exp": 84.04196384871824,
        "RelativeDistance_Exp": 0.767676830291748,
        "R2Score_Exp": 0.7443557182947794,
        "Forgetting_Exp": 0.13209444284439087,
        "BWT_Exp": -0.13209444284439087
    },
    "7": {
        "Loss_Exp": 47.01746368408203,
        "RelativeDistance_Exp": 0.7539388537406921,
        "R2Score_Exp": 0.8146045207977295,
        "Forgetting_Exp": 0.046995699405670166,
        "BWT_Exp": -0.046995699405670166
    },
    "8": {
        "Loss_Exp": 59.800866918392614,
        "RelativeDistance_Exp": 1.0715575814247131,
        "R2Score_Exp": 0.8284258842468262,
        "Forgetting_Exp": -0.01299375295639038,
        "BWT_Exp": 0.01299375295639038
    },
    "9": {
        "Loss_Exp": 54.560088749703645,
        "RelativeDistance_Exp": 0.8127295970916748,
        "R2Score_Exp": 0.8525393009185791
    },
    "stream": {
        "Loss_Stream/eval_phase/test_stream": 78.34228386757744,
        "RelativeDistance_Stream/eval_phase/test_stream": 0.9128594174981117,
        "R2Score_Stream/eval_phase/test_stream": 0.7605743507544199,
        "Forgetting_Stream/eval_phase/test_stream": {
            "0": 0.27647820115089417,
            "1": 0.20116984844207764,
            "2": 0.072389562924703,
            "3": 0.09539377689361572,
            "4": 0.0585009902715683,
            "5": 0.07888760169347131,
            "6": 0.13209444284439087,
            "7": 0.046995699405670166,
            "8": -0.01299375295639038
        },
        "BWT_Stream/eval_phase/test_stream": {
            "0": 0.27647820115089417,
            "1": 0.20116984844207764,
            "2": 0.072389562924703,
            "3": 0.09539377689361572,
            "4": 0.0585009902715683,
            "5": 0.07888760169347131,
            "6": 0.13209444284439087,
            "7": 0.046995699405670166,
            "8": -0.01299375295639038
        }
    }
}