{
    "0": {
        "Loss_Exp": 52.02441163090935,
        "RelativeDistance_Exp": 0.7546413838863373,
        "R2Score_Exp": 0.8824252486228943,
        "Forgetting_Exp": -0.007576733827590942,
        "BWT_Exp": 0.007576733827590942
    },
    "1": {
        "Loss_Exp": 44.52345571573186,
        "RelativeDistance_Exp": 1.0346282124519348,
        "R2Score_Exp": 0.8689326345920563,
        "Forgetting_Exp": 0.02943018078804016,
        "BWT_Exp": -0.02943018078804016
    },
    "2": {
        "Loss_Exp": 43.95152423798546,
        "RelativeDistance_Exp": 0.6583295861879984,
        "R2Score_Exp": 0.8597497145334879,
        "Forgetting_Exp": -0.03145637114842725,
        "BWT_Exp": 0.03145637114842725
    },
    "3": {
        "Loss_Exp": 37.16465111048262,
        "RelativeDistance_Exp": 0.5486108958721161,
        "R2Score_Exp": 0.8763069808483124,
        "Forgetting_Exp": -0.015419095754623413,
        "BWT_Exp": 0.015419095754623413
    },
    "4": {
        "Loss_Exp": 35.824888966935596,
        "RelativeDistance_Exp": 0.6610666811466217,
        "R2Score_Exp": 0.8842011243104935,
        "Forgetting_Exp": -0.03077070415019989,
        "BWT_Exp": 0.03077070415019989
    },
    "5": {
        "Loss_Exp": 32.0762881403384,
        "RelativeDistance_Exp": 0.5884391864140829,
        "R2Score_Exp": 0.8751589258511862,
        "Forgetting_Exp": -0.02056366205215454,
        "BWT_Exp": 0.02056366205215454
    },
    "6": {
        "Loss_Exp": 40.95172895246645,
        "RelativeDistance_Exp": 0.6342240969340006,
        "R2Score_Exp": 0.8708980878194174,
        "Forgetting_Exp": -0.033890485763549805,
        "BWT_Exp": 0.033890485763549805
    },
    "7": {
        "Loss_Exp": 33.847042083740234,
        "RelativeDistance_Exp": 0.5589781999588013,
        "R2Score_Exp": 0.8665370941162109,
        "Forgetting_Exp": 0.027604520320892334,
        "BWT_Exp": -0.027604520320892334
    },
    "8": {
        "Loss_Exp": 50.066377441739775,
        "RelativeDistance_Exp": 0.9064749479293823,
        "R2Score_Exp": 0.8441459238529205,
        "Forgetting_Exp": 0.010698139667510986,
        "BWT_Exp": -0.010698139667510986
    },
    "9": {
        "Loss_Exp": 67.33076644632858,
        "RelativeDistance_Exp": 0.732252299785614,
        "R2Score_Exp": 0.8172825276851654
    },
    "stream": {
        "Loss_Stream/eval_phase/test_stream": 42.484299110956485,
        "RelativeDistance_Stream/eval_phase/test_stream": 0.6999766255418459,
        "R2Score_Stream/eval_phase/test_stream": 0.8666228502988815,
        "Forgetting_Stream/eval_phase/test_stream": {
            "0": -0.007576733827590942,
            "1": 0.02943018078804016,
            "2": -0.03145637114842725,
            "3": -0.015419095754623413,
            "4": -0.03077070415019989,
            "5": -0.02056366205215454,
            "6": -0.033890485763549805,
            "7": 0.027604520320892334,
            "8": 0.010698139667510986
        },
        "BWT_Stream/eval_phase/test_stream": {
            "0": -0.007576733827590942,
            "1": 0.02943018078804016,
            "2": -0.03145637114842725,
            "3": -0.015419095754623413,
            "4": -0.03077070415019989,
            "5": -0.02056366205215454,
            "6": -0.033890485763549805,
            "7": 0.027604520320892334,
            "8": 0.010698139667510986
        }
    }
}