{
    "0": {
        "Loss_Exp": 136.6621194761399,
        "RelativeDistance_Exp": 1.2833368182182312,
        "R2Score_Exp": 0.6905559599399567,
        "Forgetting_Exp": 0.16379550099372864,
        "BWT_Exp": -0.16379550099372864
    },
    "1": {
        "Loss_Exp": 89.0578745218752,
        "RelativeDistance_Exp": 2.2070635557174683,
        "R2Score_Exp": 0.7421868145465851,
        "Forgetting_Exp": 0.14839491248130798,
        "BWT_Exp": -0.14839491248130798
    },
    "2": {
        "Loss_Exp": 69.34730195534112,
        "RelativeDistance_Exp": 1.0170914729436238,
        "R2Score_Exp": 0.7781229615211487,
        "Forgetting_Exp": 0.035051266352335575,
        "BWT_Exp": -0.035051266352335575
    },
    "3": {
        "Loss_Exp": 60.55200234190848,
        "RelativeDistance_Exp": 0.8320960700511932,
        "R2Score_Exp": 0.8002961874008179,
        "Forgetting_Exp": 0.047743141651153564,
        "BWT_Exp": -0.047743141651153564
    },
    "4": {
        "Loss_Exp": 50.70397357446097,
        "RelativeDistance_Exp": 1.0759693086147308,
        "R2Score_Exp": 0.8336459100246429,
        "Forgetting_Exp": 0.01125285029411316,
        "BWT_Exp": -0.01125285029411316
    },
    "5": {
        "Loss_Exp": 48.11204694664997,
        "RelativeDistance_Exp": 0.8762508233388265,
        "R2Score_Exp": 0.8125205636024475,
        "Forgetting_Exp": 0.007668634255727169,
        "BWT_Exp": -0.007668634255727169
    },
    "6": {
        "Loss_Exp": 69.37440065604856,
        "RelativeDistance_Exp": 0.8939403692881266,
        "R2Score_Exp": 0.7953009804089864,
        "Forgetting_Exp": 0.03901110092798865,
        "BWT_Exp": -0.03901110092798865
    },
    "7": {
        "Loss_Exp": 41.064002990722656,
        "RelativeDistance_Exp": 0.8487160205841064,
        "R2Score_Exp": 0.8380797505378723,
        "Forgetting_Exp": 0.03394210338592529,
        "BWT_Exp": -0.03394210338592529
    },
    "8": {
        "Loss_Exp": 61.267090850282145,
        "RelativeDistance_Exp": 1.1718053221702576,
        "R2Score_Exp": 0.8069562315940857,
        "Forgetting_Exp": 0.0034185945987701416,
        "BWT_Exp": -0.0034185945987701416
    },
    "9": {
        "Loss_Exp": 64.59240195213715,
        "RelativeDistance_Exp": 1.019487351179123,
        "R2Score_Exp": 0.8238518536090851
    },
    "stream": {
        "Loss_Stream/eval_phase/test_stream": 67.39877891987983,
        "RelativeDistance_Stream/eval_phase/test_stream": 1.1059174786011379,
        "R2Score_Stream/eval_phase/test_stream": 0.7940912917256355,
        "Forgetting_Stream/eval_phase/test_stream": {
            "0": 0.16379550099372864,
            "1": 0.14839491248130798,
            "2": 0.035051266352335575,
            "3": 0.047743141651153564,
            "4": 0.01125285029411316,
            "5": 0.007668634255727169,
            "6": 0.03901110092798865,
            "7": 0.03394210338592529,
            "8": 0.0034185945987701416
        },
        "BWT_Stream/eval_phase/test_stream": {
            "0": 0.16379550099372864,
            "1": 0.14839491248130798,
            "2": 0.035051266352335575,
            "3": 0.047743141651153564,
            "4": 0.01125285029411316,
            "5": 0.007668634255727169,
            "6": 0.03901110092798865,
            "7": 0.03394210338592529,
            "8": 0.0034185945987701416
        }
    }
}