{
    "0": {
        "Loss_Exp": 142.439932465135,
        "RelativeDistance_Exp": 1.2137688398361206,
        "R2Score_Exp": 0.6795793771743774,
        "Forgetting_Exp": 0.19271650910377502,
        "BWT_Exp": -0.19271650910377502
    },
    "1": {
        "Loss_Exp": 94.90571776234897,
        "RelativeDistance_Exp": 1.7969932556152344,
        "R2Score_Exp": 0.7243131399154663,
        "Forgetting_Exp": 0.16785496473312378,
        "BWT_Exp": -0.16785496473312378
    },
    "2": {
        "Loss_Exp": 74.44128581087838,
        "RelativeDistance_Exp": 0.9444629748662313,
        "R2Score_Exp": 0.7617499828338623,
        "Forgetting_Exp": 0.056708355744679806,
        "BWT_Exp": -0.056708355744679806
    },
    "3": {
        "Loss_Exp": 59.250912894394276,
        "RelativeDistance_Exp": 0.7753066718578339,
        "R2Score_Exp": 0.8043997585773468,
        "Forgetting_Exp": 0.025913506746292114,
        "BWT_Exp": -0.025913506746292114
    },
    "4": {
        "Loss_Exp": 54.123286224674885,
        "RelativeDistance_Exp": 1.023404523730278,
        "R2Score_Exp": 0.8228711634874344,
        "Forgetting_Exp": 0.037469446659088135,
        "BWT_Exp": -0.037469446659088135
    },
    "5": {
        "Loss_Exp": 54.95828943667205,
        "RelativeDistance_Exp": 0.8368946512540182,
        "R2Score_Exp": 0.7846155762672424,
        "Forgetting_Exp": 0.053056617577870724,
        "BWT_Exp": -0.053056617577870724
    },
    "6": {
        "Loss_Exp": 73.53434366537324,
        "RelativeDistance_Exp": 0.8517409563064575,
        "R2Score_Exp": 0.773529589176178,
        "Forgetting_Exp": 0.0799810687700907,
        "BWT_Exp": -0.0799810687700907
    },
    "7": {
        "Loss_Exp": 42.683040618896484,
        "RelativeDistance_Exp": 0.8049799203872681,
        "R2Score_Exp": 0.8316956758499146,
        "Forgetting_Exp": 0.03520232439041138,
        "BWT_Exp": -0.03520232439041138
    },
    "8": {
        "Loss_Exp": 61.43773173466965,
        "RelativeDistance_Exp": 1.151670753955841,
        "R2Score_Exp": 0.8013179302215576,
        "Forgetting_Exp": 0.004617214202880859,
        "BWT_Exp": -0.004617214202880859
    },
    "9": {
        "Loss_Exp": 61.11965414940277,
        "RelativeDistance_Exp": 0.9127945303916931,
        "R2Score_Exp": 0.8341727554798126
    },
    "stream": {
        "Loss_Stream/eval_phase/test_stream": 70.69850880884991,
        "RelativeDistance_Stream/eval_phase/test_stream": 1.0207900777459145,
        "R2Score_Stream/eval_phase/test_stream": 0.7821013207236925,
        "Forgetting_Stream/eval_phase/test_stream": {
            "0": 0.19271650910377502,
            "1": 0.16785496473312378,
            "2": 0.056708355744679806,
            "3": 0.025913506746292114,
            "4": 0.037469446659088135,
            "5": 0.053056617577870724,
            "6": 0.0799810687700907,
            "7": 0.03520232439041138,
            "8": 0.004617214202880859
        },
        "BWT_Stream/eval_phase/test_stream": {
            "0": 0.19271650910377502,
            "1": 0.16785496473312378,
            "2": 0.056708355744679806,
            "3": 0.025913506746292114,
            "4": 0.037469446659088135,
            "5": 0.053056617577870724,
            "6": 0.0799810687700907,
            "7": 0.03520232439041138,
            "8": 0.004617214202880859
        }
    }
}