{
    "0": {
        "Loss_Exp": 34.81971740722656,
        "RelativeDistance_Exp": 0.6162003874778748,
        "R2Score_Exp": 0.8605993390083313,
        "Forgetting_Exp": 0.03669726848602295,
        "BWT_Exp": -0.03669726848602295
    },
    "1": {
        "Loss_Exp": 37.005672454833984,
        "RelativeDistance_Exp": 0.6798929572105408,
        "R2Score_Exp": 0.8492954969406128,
        "Forgetting_Exp": 0.040113091468811035,
        "BWT_Exp": -0.040113091468811035
    },
    "2": {
        "Loss_Exp": 40.92536163330078,
        "RelativeDistance_Exp": 0.7578559517860413,
        "R2Score_Exp": 0.8333336114883423,
        "Forgetting_Exp": 0.054770469665527344,
        "BWT_Exp": -0.054770469665527344
    },
    "3": {
        "Loss_Exp": 38.08299255371094,
        "RelativeDistance_Exp": 0.7387071847915649,
        "R2Score_Exp": 0.8344141244888306,
        "Forgetting_Exp": 0.048988521099090576,
        "BWT_Exp": -0.048988521099090576
    },
    "4": {
        "Loss_Exp": 45.929229736328125,
        "RelativeDistance_Exp": 0.7999325394630432,
        "R2Score_Exp": 0.8360426425933838,
        "Forgetting_Exp": 0.05014050006866455,
        "BWT_Exp": -0.05014050006866455
    },
    "5": {
        "Loss_Exp": 42.36552810668945,
        "RelativeDistance_Exp": 0.7332401871681213,
        "R2Score_Exp": 0.8393957614898682,
        "Forgetting_Exp": 0.04734832048416138,
        "BWT_Exp": -0.04734832048416138
    },
    "6": {
        "Loss_Exp": 38.16364669799805,
        "RelativeDistance_Exp": 0.615362823009491,
        "R2Score_Exp": 0.8488116264343262,
        "Forgetting_Exp": 0.035825133323669434,
        "BWT_Exp": -0.035825133323669434
    },
    "7": {
        "Loss_Exp": 36.22150421142578,
        "RelativeDistance_Exp": 0.6692639589309692,
        "R2Score_Exp": 0.8593860864639282,
        "Forgetting_Exp": 0.009020984172821045,
        "BWT_Exp": -0.009020984172821045
    },
    "8": {
        "Loss_Exp": 33.85234069824219,
        "RelativeDistance_Exp": 0.43524476885795593,
        "R2Score_Exp": 0.871401309967041,
        "Forgetting_Exp": 0.04114466905593872,
        "BWT_Exp": -0.04114466905593872
    },
    "9": {
        "Loss_Exp": 20.412004470825195,
        "RelativeDistance_Exp": 0.5865824222564697,
        "R2Score_Exp": 0.9242987632751465
    },
    "stream": {
        "Loss_Stream/eval_phase/test_stream": 39.4110448762189,
        "RelativeDistance_Stream/eval_phase/test_stream": 0.6632283180952072,
        "R2Score_Stream/eval_phase/test_stream": 0.8556978762149811,
        "Forgetting_Stream/eval_phase/test_stream": {
            "0": 0.03669726848602295,
            "1": 0.040113091468811035,
            "2": 0.054770469665527344,
            "3": 0.048988521099090576,
            "4": 0.05014050006866455,
            "5": 0.04734832048416138,
            "6": 0.035825133323669434,
            "7": 0.009020984172821045,
            "8": 0.04114466905593872
        },
        "BWT_Stream/eval_phase/test_stream": {
            "0": 0.03669726848602295,
            "1": 0.040113091468811035,
            "2": 0.054770469665527344,
            "3": 0.048988521099090576,
            "4": 0.05014050006866455,
            "5": 0.04734832048416138,
            "6": 0.035825133323669434,
            "7": 0.009020984172821045,
            "8": 0.04114466905593872
        }
    }
}