{
    "0": {
        "Loss_Exp": 43.190348847907046,
        "RelativeDistance_Exp": 0.7348207324743271,
        "R2Score_Exp": 0.8142279505729675,
        "Forgetting_Exp": 0.07118884325027475,
        "BWT_Exp": -0.07118884325027475
    },
    "1": {
        "Loss_Exp": 45.6409893249651,
        "RelativeDistance_Exp": 0.6869964003562927,
        "R2Score_Exp": 0.8079158902168274,
        "Forgetting_Exp": 0.07959169546763101,
        "BWT_Exp": -0.07959169546763101
    },
    "2": {
        "Loss_Exp": 37.22258933005167,
        "RelativeDistance_Exp": 0.6673067533052884,
        "R2Score_Exp": 0.8398908651792086,
        "Forgetting_Exp": 0.05346253743538487,
        "BWT_Exp": -0.05346253743538487
    },
    "3": {
        "Loss_Exp": 27.604595723306268,
        "RelativeDistance_Exp": 0.720490449004703,
        "R2Score_Exp": 0.8884556227260165,
        "Forgetting_Exp": 0.03570108281241524,
        "BWT_Exp": -0.03570108281241524
    },
    "4": {
        "Loss_Exp": 27.641295493289373,
        "RelativeDistance_Exp": 0.6999462417193821,
        "R2Score_Exp": 0.8925123044422695,
        "Forgetting_Exp": 0.003942046846662217,
        "BWT_Exp": -0.003942046846662217
    },
    "5": {
        "Loss_Exp": 30.623449881831785,
        "RelativeDistance_Exp": 0.6323604186375936,
        "R2Score_Exp": 0.88004998366038,
        "Forgetting_Exp": 0.004951506853103638,
        "BWT_Exp": -0.004951506853103638
    },
    "6": {
        "Loss_Exp": 28.979510594212556,
        "RelativeDistance_Exp": 0.7588931322097778,
        "R2Score_Exp": 0.8885914385318756,
        "Forgetting_Exp": 0.011397123336791992,
        "BWT_Exp": -0.011397123336791992
    },
    "7": {
        "Loss_Exp": 38.09847591556801,
        "RelativeDistance_Exp": 0.5578600391745567,
        "R2Score_Exp": 0.8693614676594734,
        "Forgetting_Exp": 0.015711933374404907,
        "BWT_Exp": -0.015711933374404907
    },
    "8": {
        "Loss_Exp": 30.52155461514855,
        "RelativeDistance_Exp": 0.5183032552401224,
        "R2Score_Exp": 0.880614439646403,
        "Forgetting_Exp": 0.03166210651397705,
        "BWT_Exp": -0.03166210651397705
    },
    "9": {
        "Loss_Exp": 22.31743918054644,
        "RelativeDistance_Exp": 0.48620225489139557,
        "R2Score_Exp": 0.916694164276123
    },
    "stream": {
        "Loss_Stream/eval_phase/test_stream": 36.00527168505037,
        "RelativeDistance_Stream/eval_phase/test_stream": 0.6736750742535532,
        "R2Score_Stream/eval_phase/test_stream": 0.8548449461842761,
        "Forgetting_Stream/eval_phase/test_stream": {
            "0": 0.07118884325027475,
            "1": 0.07959169546763101,
            "2": 0.05346253743538487,
            "3": 0.03570108281241524,
            "4": 0.003942046846662217,
            "5": 0.004951506853103638,
            "6": 0.011397123336791992,
            "7": 0.015711933374404907,
            "8": 0.03166210651397705
        },
        "BWT_Stream/eval_phase/test_stream": {
            "0": 0.07118884325027475,
            "1": 0.07959169546763101,
            "2": 0.05346253743538487,
            "3": 0.03570108281241524,
            "4": 0.003942046846662217,
            "5": 0.004951506853103638,
            "6": 0.011397123336791992,
            "7": 0.015711933374404907,
            "8": 0.03166210651397705
        }
    }
}