{
    "0": {
        "Loss_Exp": 70.89244771513549,
        "RelativeDistance_Exp": 1.196823251247406,
        "R2Score_Exp": 0.7174862027168274,
        "Forgetting_Exp": 0.17064855694770809,
        "BWT_Exp": -0.17064855694770809
    },
    "1": {
        "Loss_Exp": 72.77054912571491,
        "RelativeDistance_Exp": 1.1250382741292317,
        "R2Score_Exp": 0.726052447160085,
        "Forgetting_Exp": 0.16026392380396526,
        "BWT_Exp": -0.16026392380396526
    },
    "2": {
        "Loss_Exp": 50.5841422143911,
        "RelativeDistance_Exp": 0.9400010613294748,
        "R2Score_Exp": 0.797065753203172,
        "Forgetting_Exp": 0.10180477454112125,
        "BWT_Exp": -0.10180477454112125
    },
    "3": {
        "Loss_Exp": 37.68345572747896,
        "RelativeDistance_Exp": 0.9323187404208713,
        "R2Score_Exp": 0.8555739919344584,
        "Forgetting_Exp": 0.07589231597052681,
        "BWT_Exp": -0.07589231597052681
    },
    "4": {
        "Loss_Exp": 46.03093865018291,
        "RelativeDistance_Exp": 0.8344771862030029,
        "R2Score_Exp": 0.8302707246371678,
        "Forgetting_Exp": 0.07693746260234291,
        "BWT_Exp": -0.07693746260234291
    },
    "5": {
        "Loss_Exp": 40.40453797283621,
        "RelativeDistance_Exp": 0.767361174027125,
        "R2Score_Exp": 0.848081092039744,
        "Forgetting_Exp": 0.04316622018814087,
        "BWT_Exp": -0.04316622018814087
    },
    "6": {
        "Loss_Exp": 34.83051582253783,
        "RelativeDistance_Exp": 0.9404993951320648,
        "R2Score_Exp": 0.866484560072422,
        "Forgetting_Exp": 0.029374919831752777,
        "BWT_Exp": -0.029374919831752777
    },
    "7": {
        "Loss_Exp": 42.48974013049738,
        "RelativeDistance_Exp": 0.6403555199503899,
        "R2Score_Exp": 0.8574406877160072,
        "Forgetting_Exp": 0.0352792963385582,
        "BWT_Exp": -0.0352792963385582
    },
    "8": {
        "Loss_Exp": 29.69378820894617,
        "RelativeDistance_Exp": 0.5510074297587076,
        "R2Score_Exp": 0.8982852498690287,
        "Forgetting_Exp": 0.01936924457550049,
        "BWT_Exp": -0.01936924457550049
    },
    "9": {
        "Loss_Exp": 22.380584958616037,
        "RelativeDistance_Exp": 0.5417089313268661,
        "R2Score_Exp": 0.9122861623764038
    },
    "stream": {
        "Loss_Stream/eval_phase/test_stream": 51.31065869215058,
        "RelativeDistance_Stream/eval_phase/test_stream": 0.929425628464899,
        "R2Score_Stream/eval_phase/test_stream": 0.8066528535183565,
        "Forgetting_Stream/eval_phase/test_stream": {
            "0": 0.17064855694770809,
            "1": 0.16026392380396526,
            "2": 0.10180477454112125,
            "3": 0.07589231597052681,
            "4": 0.07693746260234291,
            "5": 0.04316622018814087,
            "6": 0.029374919831752777,
            "7": 0.0352792963385582,
            "8": 0.01936924457550049
        },
        "BWT_Stream/eval_phase/test_stream": {
            "0": 0.17064855694770809,
            "1": 0.16026392380396526,
            "2": 0.10180477454112125,
            "3": 0.07589231597052681,
            "4": 0.07693746260234291,
            "5": 0.04316622018814087,
            "6": 0.029374919831752777,
            "7": 0.0352792963385582,
            "8": 0.01936924457550049
        }
    }
}