{
    "0": {
        "Loss_Exp": 68.51716891754599,
        "RelativeDistance_Exp": 1.2395285665988922,
        "R2Score_Exp": 0.7205507338047028,
        "Forgetting_Exp": 0.11627920269966119,
        "BWT_Exp": -0.11627920269966119
    },
    "1": {
        "Loss_Exp": 78.00594066765538,
        "RelativeDistance_Exp": 1.23035014073054,
        "R2Score_Exp": 0.7151702324549357,
        "Forgetting_Exp": 0.1357818841934204,
        "BWT_Exp": -0.1357818841934204
    },
    "2": {
        "Loss_Exp": 51.71347922622943,
        "RelativeDistance_Exp": 0.924142851279332,
        "R2Score_Exp": 0.795002987751594,
        "Forgetting_Exp": 0.07870773168710565,
        "BWT_Exp": -0.07870773168710565
    },
    "3": {
        "Loss_Exp": 37.47029520074179,
        "RelativeDistance_Exp": 1.000105493598514,
        "R2Score_Exp": 0.8622850113444858,
        "Forgetting_Exp": 0.04668232467439448,
        "BWT_Exp": -0.04668232467439448
    },
    "4": {
        "Loss_Exp": 45.609894899445045,
        "RelativeDistance_Exp": 0.880462280341557,
        "R2Score_Exp": 0.8338883008275714,
        "Forgetting_Exp": 0.05240064007895329,
        "BWT_Exp": -0.05240064007895329
    },
    "5": {
        "Loss_Exp": 44.68755121121352,
        "RelativeDistance_Exp": 0.7088107963403066,
        "R2Score_Exp": 0.8367734750111898,
        "Forgetting_Exp": 0.03572018941243482,
        "BWT_Exp": -0.03572018941243482
    },
    "6": {
        "Loss_Exp": 39.47719474615926,
        "RelativeDistance_Exp": 0.8829549252986908,
        "R2Score_Exp": 0.8566689193248749,
        "Forgetting_Exp": 0.030925437808036804,
        "BWT_Exp": -0.030925437808036804
    },
    "7": {
        "Loss_Exp": 48.33398651940556,
        "RelativeDistance_Exp": 0.6867441162467003,
        "R2Score_Exp": 0.83763238042593,
        "Forgetting_Exp": 0.04286620765924454,
        "BWT_Exp": -0.04286620765924454
    },
    "8": {
        "Loss_Exp": 38.16951268875801,
        "RelativeDistance_Exp": 0.5976947744687399,
        "R2Score_Exp": 0.8694589535395304,
        "Forgetting_Exp": 0.04452671607335412,
        "BWT_Exp": -0.04452671607335412
    },
    "9": {
        "Loss_Exp": 22.79198231523275,
        "RelativeDistance_Exp": 0.5563248097896576,
        "R2Score_Exp": 0.918175995349884
    },
    "stream": {
        "Loss_Stream/eval_phase/test_stream": 53.79432825310158,
        "RelativeDistance_Stream/eval_phase/test_stream": 0.9598119913795848,
        "R2Score_Stream/eval_phase/test_stream": 0.8010575675670012,
        "Forgetting_Stream/eval_phase/test_stream": {
            "0": 0.11627920269966119,
            "1": 0.1357818841934204,
            "2": 0.07870773168710565,
            "3": 0.04668232467439448,
            "4": 0.05240064007895329,
            "5": 0.03572018941243482,
            "6": 0.030925437808036804,
            "7": 0.04286620765924454,
            "8": 0.04452671607335412
        },
        "BWT_Stream/eval_phase/test_stream": {
            "0": 0.11627920269966119,
            "1": 0.1357818841934204,
            "2": 0.07870773168710565,
            "3": 0.04668232467439448,
            "4": 0.05240064007895329,
            "5": 0.03572018941243482,
            "6": 0.030925437808036804,
            "7": 0.04286620765924454,
            "8": 0.04452671607335412
        }
    }
}