{
    "0": {
        "Loss_Exp": 51.07115727230688,
        "RelativeDistance_Exp": 1.1021058142185212,
        "R2Score_Exp": 0.7645188510417938,
        "Forgetting_Exp": 0.08141176700592034,
        "BWT_Exp": -0.08141176700592034
    },
    "1": {
        "Loss_Exp": 53.76820414341998,
        "RelativeDistance_Exp": 1.065959139664968,
        "R2Score_Exp": 0.7732303222020467,
        "Forgetting_Exp": 0.05445013046264646,
        "BWT_Exp": -0.05445013046264646
    },
    "2": {
        "Loss_Exp": 41.69494763770517,
        "RelativeDistance_Exp": 0.9186062262608454,
        "R2Score_Exp": 0.8218406622226422,
        "Forgetting_Exp": 0.029250154128441452,
        "BWT_Exp": -0.029250154128441452
    },
    "3": {
        "Loss_Exp": 37.87426500517378,
        "RelativeDistance_Exp": 0.868142392900255,
        "R2Score_Exp": 0.8483183251486884,
        "Forgetting_Exp": 0.029678185780843136,
        "BWT_Exp": -0.029678185780843136
    },
    "4": {
        "Loss_Exp": 43.14555075766089,
        "RelativeDistance_Exp": 0.8018156034605843,
        "R2Score_Exp": 0.8318162901060921,
        "Forgetting_Exp": 0.01404217311314182,
        "BWT_Exp": -0.01404217311314182
    },
    "5": {
        "Loss_Exp": 41.34848970760201,
        "RelativeDistance_Exp": 0.7009588778018951,
        "R2Score_Exp": 0.8443559110164642,
        "Forgetting_Exp": 0.00783759355545044,
        "BWT_Exp": -0.00783759355545044
    },
    "6": {
        "Loss_Exp": 40.43344745232166,
        "RelativeDistance_Exp": 0.8254572823643684,
        "R2Score_Exp": 0.8479317128658295,
        "Forgetting_Exp": 0.018577836453914642,
        "BWT_Exp": -0.018577836453914642
    },
    "7": {
        "Loss_Exp": 54.08557846509214,
        "RelativeDistance_Exp": 0.6577267125248909,
        "R2Score_Exp": 0.8139258772134781,
        "Forgetting_Exp": 0.02894599735736847,
        "BWT_Exp": -0.02894599735736847
    },
    "8": {
        "Loss_Exp": 40.613868925209275,
        "RelativeDistance_Exp": 0.6694290240605673,
        "R2Score_Exp": 0.8588588237762451,
        "Forgetting_Exp": 0.047207097212473514,
        "BWT_Exp": -0.047207097212473514
    },
    "9": {
        "Loss_Exp": 27.161821622289303,
        "RelativeDistance_Exp": 0.5843514800071716,
        "R2Score_Exp": 0.9034172296524048
    },
    "stream": {
        "Loss_Stream/eval_phase/test_stream": 45.65674578257578,
        "RelativeDistance_Stream/eval_phase/test_stream": 0.8842781752715876,
        "R2Score_Stream/eval_phase/test_stream": 0.8164142966270447,
        "Forgetting_Stream/eval_phase/test_stream": {
            "0": 0.08141176700592034,
            "1": 0.05445013046264646,
            "2": 0.029250154128441452,
            "3": 0.029678185780843136,
            "4": 0.01404217311314182,
            "5": 0.00783759355545044,
            "6": 0.018577836453914642,
            "7": 0.02894599735736847,
            "8": 0.047207097212473514
        },
        "BWT_Stream/eval_phase/test_stream": {
            "0": 0.08141176700592034,
            "1": 0.05445013046264646,
            "2": 0.029250154128441452,
            "3": 0.029678185780843136,
            "4": 0.01404217311314182,
            "5": 0.00783759355545044,
            "6": 0.018577836453914642,
            "7": 0.02894599735736847,
            "8": 0.047207097212473514
        }
    }
}