{
    "0": {
        "Loss_Exp": 63.5776519935336,
        "RelativeDistance_Exp": 1.2677793145179748,
        "R2Score_Exp": 0.7330119192600251,
        "Forgetting_Exp": 0.11485943794250486,
        "BWT_Exp": -0.11485943794250486
    },
    "1": {
        "Loss_Exp": 72.1599688511088,
        "RelativeDistance_Exp": 1.2735711495081583,
        "R2Score_Exp": 0.7231804728507996,
        "Forgetting_Exp": 0.13078819513320927,
        "BWT_Exp": -0.13078819513320927
    },
    "2": {
        "Loss_Exp": 48.43983937522403,
        "RelativeDistance_Exp": 1.0574370989432702,
        "R2Score_Exp": 0.7951787251692551,
        "Forgetting_Exp": 0.08206184093768787,
        "BWT_Exp": -0.08206184093768787
    },
    "3": {
        "Loss_Exp": 34.437306085109654,
        "RelativeDistance_Exp": 1.0432526403003268,
        "R2Score_Exp": 0.8645643525653415,
        "Forgetting_Exp": 0.04739416307873201,
        "BWT_Exp": -0.04739416307873201
    },
    "4": {
        "Loss_Exp": 41.67914621880063,
        "RelativeDistance_Exp": 1.0334713629313879,
        "R2Score_Exp": 0.8368388754980904,
        "Forgetting_Exp": 0.04897658314023701,
        "BWT_Exp": -0.04897658314023701
    },
    "5": {
        "Loss_Exp": 41.36637695984223,
        "RelativeDistance_Exp": 0.8889663815498352,
        "R2Score_Exp": 0.8423961102962494,
        "Forgetting_Exp": 0.03142128388086951,
        "BWT_Exp": -0.03142128388086951
    },
    "6": {
        "Loss_Exp": 36.39712875550278,
        "RelativeDistance_Exp": 1.0988600924611092,
        "R2Score_Exp": 0.8611488118767738,
        "Forgetting_Exp": 0.025885984301567078,
        "BWT_Exp": -0.025885984301567078
    },
    "7": {
        "Loss_Exp": 45.337996620051655,
        "RelativeDistance_Exp": 0.8098543733358383,
        "R2Score_Exp": 0.8439846709370613,
        "Forgetting_Exp": 0.03248969465494156,
        "BWT_Exp": -0.03248969465494156
    },
    "8": {
        "Loss_Exp": 34.721875184169875,
        "RelativeDistance_Exp": 0.7404922048250834,
        "R2Score_Exp": 0.875891904036204,
        "Forgetting_Exp": 0.038955628871917725,
        "BWT_Exp": -0.038955628871917725
    },
    "9": {
        "Loss_Exp": 21.807099374084956,
        "RelativeDistance_Exp": 0.6899504065513611,
        "R2Score_Exp": 0.9167694747447968
    },
    "stream": {
        "Loss_Stream/eval_phase/test_stream": 49.86306589143255,
        "RelativeDistance_Stream/eval_phase/test_stream": 1.0661297212412328,
        "R2Score_Stream/eval_phase/test_stream": 0.8063056814817735,
        "Forgetting_Stream/eval_phase/test_stream": {
            "0": 0.11485943794250486,
            "1": 0.13078819513320927,
            "2": 0.08206184093768787,
            "3": 0.04739416307873201,
            "4": 0.04897658314023701,
            "5": 0.03142128388086951,
            "6": 0.025885984301567078,
            "7": 0.03248969465494156,
            "8": 0.038955628871917725
        },
        "BWT_Stream/eval_phase/test_stream": {
            "0": 0.11485943794250486,
            "1": 0.13078819513320927,
            "2": 0.08206184093768787,
            "3": 0.04739416307873201,
            "4": 0.04897658314023701,
            "5": 0.03142128388086951,
            "6": 0.025885984301567078,
            "7": 0.03248969465494156,
            "8": 0.038955628871917725
        }
    }
}