{
    "0": {
        "Loss_Exp": 110.0061144912452,
        "RelativeDistance_Exp": 1.0033593773841858,
        "R2Score_Exp": 0.7498034238815308,
        "Forgetting_Exp": 0.10726660490036011,
        "BWT_Exp": -0.10726660490036011
    },
    "1": {
        "Loss_Exp": 79.43322341300237,
        "RelativeDistance_Exp": 1.2783859968185425,
        "R2Score_Exp": 0.7697297036647797,
        "Forgetting_Exp": 0.09376195073127747,
        "BWT_Exp": -0.09376195073127747
    },
    "2": {
        "Loss_Exp": 62.96312722208262,
        "RelativeDistance_Exp": 0.7416842977205912,
        "R2Score_Exp": 0.7963018814722697,
        "Forgetting_Exp": -0.026937683423360115,
        "BWT_Exp": 0.026937683423360115
    },
    "3": {
        "Loss_Exp": 54.225904932416654,
        "RelativeDistance_Exp": 0.6513211727142334,
        "R2Score_Exp": 0.8200979232788086,
        "Forgetting_Exp": -0.021255522966384888,
        "BWT_Exp": 0.021255522966384888
    },
    "4": {
        "Loss_Exp": 54.035927141398155,
        "RelativeDistance_Exp": 0.7443659752607346,
        "R2Score_Exp": 0.8246673047542572,
        "Forgetting_Exp": -0.015347078442573547,
        "BWT_Exp": 0.015347078442573547
    },
    "5": {
        "Loss_Exp": 50.12915702488112,
        "RelativeDistance_Exp": 0.7019012371699015,
        "R2Score_Exp": 0.8048371076583862,
        "Forgetting_Exp": -0.015156308809916141,
        "BWT_Exp": 0.015156308809916141
    },
    "6": {
        "Loss_Exp": 67.05948787175171,
        "RelativeDistance_Exp": 0.6995671391487122,
        "R2Score_Exp": 0.7920608719189962,
        "Forgetting_Exp": -0.03706063826878869,
        "BWT_Exp": 0.03706063826878869
    },
    "7": {
        "Loss_Exp": 49.7301139831543,
        "RelativeDistance_Exp": 0.706960141658783,
        "R2Score_Exp": 0.8039082288742065,
        "Forgetting_Exp": -0.006049901247024536,
        "BWT_Exp": 0.006049901247024536
    },
    "8": {
        "Loss_Exp": 64.34460087700992,
        "RelativeDistance_Exp": 0.7984617650508881,
        "R2Score_Exp": 0.7922671735286713,
        "Forgetting_Exp": -0.0006107985973358154,
        "BWT_Exp": 0.0006107985973358154
    },
    "9": {
        "Loss_Exp": 92.71089644239127,
        "RelativeDistance_Exp": 0.8589600920677185,
        "R2Score_Exp": 0.7492754459381104
    },
    "stream": {
        "Loss_Stream/eval_phase/test_stream": 66.47973726906052,
        "RelativeDistance_Stream/eval_phase/test_stream": 0.803952453037103,
        "R2Score_Stream/eval_phase/test_stream": 0.7935218488176664,
        "Forgetting_Stream/eval_phase/test_stream": {
            "0": 0.10726660490036011,
            "1": 0.09376195073127747,
            "2": -0.026937683423360115,
            "3": -0.021255522966384888,
            "4": -0.015347078442573547,
            "5": -0.015156308809916141,
            "6": -0.03706063826878869,
            "7": -0.006049901247024536,
            "8": -0.0006107985973358154
        },
        "BWT_Stream/eval_phase/test_stream": {
            "0": 0.10726660490036011,
            "1": 0.09376195073127747,
            "2": -0.026937683423360115,
            "3": -0.021255522966384888,
            "4": -0.015347078442573547,
            "5": -0.015156308809916141,
            "6": -0.03706063826878869,
            "7": -0.006049901247024536,
            "8": -0.0006107985973358154
        }
    }
}