{
    "0": {
        "Loss_Exp": 61.28675842285156,
        "RelativeDistance_Exp": 1.1107450723648071,
        "R2Score_Exp": 0.753259539604187,
        "Forgetting_Exp": 0.1336989402770996,
        "BWT_Exp": -0.1336989402770996
    },
    "1": {
        "Loss_Exp": 65.13426971435547,
        "RelativeDistance_Exp": 1.0557703971862793,
        "R2Score_Exp": 0.7452966570854187,
        "Forgetting_Exp": 0.13591539859771729,
        "BWT_Exp": -0.13591539859771729
    },
    "2": {
        "Loss_Exp": 44.75923538208008,
        "RelativeDistance_Exp": 0.9036099910736084,
        "R2Score_Exp": 0.8133103847503662,
        "Forgetting_Exp": 0.08320462703704834,
        "BWT_Exp": -0.08320462703704834
    },
    "3": {
        "Loss_Exp": 31.30719757080078,
        "RelativeDistance_Exp": 0.8294240832328796,
        "R2Score_Exp": 0.8785228133201599,
        "Forgetting_Exp": 0.05171293020248413,
        "BWT_Exp": -0.05171293020248413
    },
    "4": {
        "Loss_Exp": 38.93221664428711,
        "RelativeDistance_Exp": 0.7944576144218445,
        "R2Score_Exp": 0.8459432721138,
        "Forgetting_Exp": 0.06145840883255005,
        "BWT_Exp": -0.06145840883255005
    },
    "5": {
        "Loss_Exp": 35.923866271972656,
        "RelativeDistance_Exp": 0.701732337474823,
        "R2Score_Exp": 0.8619118332862854,
        "Forgetting_Exp": 0.02628546953201294,
        "BWT_Exp": -0.02628546953201294
    },
    "6": {
        "Loss_Exp": 32.24770736694336,
        "RelativeDistance_Exp": 0.8586505651473999,
        "R2Score_Exp": 0.8769917488098145,
        "Forgetting_Exp": 0.019820570945739746,
        "BWT_Exp": -0.019820570945739746
    },
    "7": {
        "Loss_Exp": 41.91061782836914,
        "RelativeDistance_Exp": 0.585604190826416,
        "R2Score_Exp": 0.8529225587844849,
        "Forgetting_Exp": 0.03998994827270508,
        "BWT_Exp": -0.03998994827270508
    },
    "8": {
        "Loss_Exp": 28.538843154907227,
        "RelativeDistance_Exp": 0.5491607785224915,
        "R2Score_Exp": 0.9047220945358276,
        "Forgetting_Exp": 0.005081593990325928,
        "BWT_Exp": -0.005081593990325928
    },
    "9": {
        "Loss_Exp": 20.65510368347168,
        "RelativeDistance_Exp": 0.5439976453781128,
        "R2Score_Exp": 0.929124653339386
    },
    "stream": {
        "Loss_Stream/eval_phase/test_stream": 45.650048998112126,
        "RelativeDistance_Stream/eval_phase/test_stream": 0.7933152675628662,
        "R2Score_Stream/eval_phase/test_stream": 0.846200555562973,
        "Forgetting_Stream/eval_phase/test_stream": {
            "0": 0.1336989402770996,
            "1": 0.13591539859771729,
            "2": 0.08320462703704834,
            "3": 0.05171293020248413,
            "4": 0.06145840883255005,
            "5": 0.02628546953201294,
            "6": 0.019820570945739746,
            "7": 0.03998994827270508,
            "8": 0.005081593990325928
        },
        "BWT_Stream/eval_phase/test_stream": {
            "0": 0.1336989402770996,
            "1": 0.13591539859771729,
            "2": 0.08320462703704834,
            "3": 0.05171293020248413,
            "4": 0.06145840883255005,
            "5": 0.02628546953201294,
            "6": 0.019820570945739746,
            "7": 0.03998994827270508,
            "8": 0.005081593990325928
        }
    }
}