{
    "0": {
        "Loss_Exp": 38.61481638494528,
        "RelativeDistance_Exp": 1.0033889055252074,
        "R2Score_Exp": 0.8226258516311645,
        "Forgetting_Exp": 0.02650889754295349,
        "BWT_Exp": -0.02650889754295349
    },
    "1": {
        "Loss_Exp": 53.345758778466035,
        "RelativeDistance_Exp": 0.9892579277356466,
        "R2Score_Exp": 0.779907755057017,
        "Forgetting_Exp": -0.014240515232086248,
        "BWT_Exp": 0.014240515232086248
    },
    "2": {
        "Loss_Exp": 42.30366580418614,
        "RelativeDistance_Exp": 0.9367972474831802,
        "R2Score_Exp": 0.8205606570610633,
        "Forgetting_Exp": -0.010152619618635894,
        "BWT_Exp": 0.010152619618635894
    },
    "3": {
        "Loss_Exp": 43.10679667099759,
        "RelativeDistance_Exp": 1.0804911189609103,
        "R2Score_Exp": 0.8290328317218356,
        "Forgetting_Exp": -0.001520805888705734,
        "BWT_Exp": 0.001520805888705734
    },
    "4": {
        "Loss_Exp": 51.0414076690894,
        "RelativeDistance_Exp": 0.9899876969201225,
        "R2Score_Exp": 0.8035474760191781,
        "Forgetting_Exp": -0.032058443341936305,
        "BWT_Exp": 0.032058443341936305
    },
    "5": {
        "Loss_Exp": 44.951442580471955,
        "RelativeDistance_Exp": 0.8460631370544434,
        "R2Score_Exp": 0.8316990335782369,
        "Forgetting_Exp": -0.019644280274709103,
        "BWT_Exp": 0.019644280274709103
    },
    "6": {
        "Loss_Exp": 45.64619161999325,
        "RelativeDistance_Exp": 1.0197295621037483,
        "R2Score_Exp": 0.8328778073191643,
        "Forgetting_Exp": -0.003906324505805969,
        "BWT_Exp": 0.003906324505805969
    },
    "7": {
        "Loss_Exp": 60.74808362660474,
        "RelativeDistance_Exp": 0.8167767822742462,
        "R2Score_Exp": 0.7946092784404755,
        "Forgetting_Exp": -0.0010743290185928345,
        "BWT_Exp": 0.0010743290185928345
    },
    "8": {
        "Loss_Exp": 48.35356443701889,
        "RelativeDistance_Exp": 0.8769826889038086,
        "R2Score_Exp": 0.8386311729749044,
        "Forgetting_Exp": 0.037369728088378906,
        "BWT_Exp": -0.037369728088378906
    },
    "9": {
        "Loss_Exp": 41.20559388295217,
        "RelativeDistance_Exp": 0.860808253288269,
        "R2Score_Exp": 0.8675339221954346
    },
    "stream": {
        "Loss_Stream/eval_phase/test_stream": 47.2755993205347,
        "RelativeDistance_Stream/eval_phase/test_stream": 0.9608203739295771,
        "R2Score_Stream/eval_phase/test_stream": 0.8140659685488101,
        "Forgetting_Stream/eval_phase/test_stream": {
            "0": 0.02650889754295349,
            "1": -0.014240515232086248,
            "2": -0.010152619618635894,
            "3": -0.001520805888705734,
            "4": -0.032058443341936305,
            "5": -0.019644280274709103,
            "6": -0.003906324505805969,
            "7": -0.0010743290185928345,
            "8": 0.037369728088378906
        },
        "BWT_Stream/eval_phase/test_stream": {
            "0": 0.02650889754295349,
            "1": -0.014240515232086248,
            "2": -0.010152619618635894,
            "3": -0.001520805888705734,
            "4": -0.032058443341936305,
            "5": -0.019644280274709103,
            "6": -0.003906324505805969,
            "7": -0.0010743290185928345,
            "8": 0.037369728088378906
        }
    }
}