{
    "0": {
        "Loss_Exp": 36.01968765258789,
        "RelativeDistance_Exp": 0.7381291389465332,
        "R2Score_Exp": 0.8431859612464905,
        "Forgetting_Exp": 0.045556485652923584,
        "BWT_Exp": -0.045556485652923584
    },
    "1": {
        "Loss_Exp": 39.53805160522461,
        "RelativeDistance_Exp": 0.6906123757362366,
        "R2Score_Exp": 0.8332257270812988,
        "Forgetting_Exp": 0.04027760028839111,
        "BWT_Exp": -0.04027760028839111
    },
    "2": {
        "Loss_Exp": 35.258399963378906,
        "RelativeDistance_Exp": 0.6753706336021423,
        "R2Score_Exp": 0.8478987216949463,
        "Forgetting_Exp": 0.04217362403869629,
        "BWT_Exp": -0.04217362403869629
    },
    "3": {
        "Loss_Exp": 25.727109909057617,
        "RelativeDistance_Exp": 0.6962120532989502,
        "R2Score_Exp": 0.8961811065673828,
        "Forgetting_Exp": 0.023766756057739258,
        "BWT_Exp": -0.023766756057739258
    },
    "4": {
        "Loss_Exp": 26.701404571533203,
        "RelativeDistance_Exp": 0.6882457733154297,
        "R2Score_Exp": 0.8885226845741272,
        "Forgetting_Exp": 0.01402205228805542,
        "BWT_Exp": -0.01402205228805542
    },
    "5": {
        "Loss_Exp": 28.846864700317383,
        "RelativeDistance_Exp": 0.628621518611908,
        "R2Score_Exp": 0.8864468932151794,
        "Forgetting_Exp": -0.007719576358795166,
        "BWT_Exp": 0.007719576358795166
    },
    "6": {
        "Loss_Exp": 27.328163146972656,
        "RelativeDistance_Exp": 0.7717120051383972,
        "R2Score_Exp": 0.8937251567840576,
        "Forgetting_Exp": 0.0050435662269592285,
        "BWT_Exp": -0.0050435662269592285
    },
    "7": {
        "Loss_Exp": 39.362430572509766,
        "RelativeDistance_Exp": 0.551436185836792,
        "R2Score_Exp": 0.8588025569915771,
        "Forgetting_Exp": 0.028617501258850098,
        "BWT_Exp": -0.028617501258850098
    },
    "8": {
        "Loss_Exp": 26.814538955688477,
        "RelativeDistance_Exp": 0.5643511414527893,
        "R2Score_Exp": 0.9081320762634277,
        "Forgetting_Exp": 0.0009288787841796875,
        "BWT_Exp": -0.0009288787841796875
    },
    "9": {
        "Loss_Exp": 21.996484756469727,
        "RelativeDistance_Exp": 0.5145210027694702,
        "R2Score_Exp": 0.9252856969833374
    },
    "stream": {
        "Loss_Stream/eval_phase/test_stream": 33.01686111453678,
        "RelativeDistance_Stream/eval_phase/test_stream": 0.6519211828708649,
        "R2Score_Stream/eval_phase/test_stream": 0.8781406581401825,
        "Forgetting_Stream/eval_phase/test_stream": {
            "0": 0.045556485652923584,
            "1": 0.04027760028839111,
            "2": 0.04217362403869629,
            "3": 0.023766756057739258,
            "4": 0.01402205228805542,
            "5": -0.007719576358795166,
            "6": 0.0050435662269592285,
            "7": 0.028617501258850098,
            "8": 0.0009288787841796875
        },
        "BWT_Stream/eval_phase/test_stream": {
            "0": 0.045556485652923584,
            "1": 0.04027760028839111,
            "2": 0.04217362403869629,
            "3": 0.023766756057739258,
            "4": 0.01402205228805542,
            "5": -0.007719576358795166,
            "6": 0.0050435662269592285,
            "7": 0.028617501258850098,
            "8": 0.0009288787841796875
        }
    }
}