{
    "0": {
        "Loss_Exp": 81.48424530029297,
        "RelativeDistance_Exp": 0.7821046710014343,
        "R2Score_Exp": 0.7285076975822449,
        "Forgetting_Exp": 0.12077432870864868,
        "BWT_Exp": -0.12077432870864868
    },
    "1": {
        "Loss_Exp": 45.907508850097656,
        "RelativeDistance_Exp": 0.7850675582885742,
        "R2Score_Exp": 0.8316711783409119,
        "Forgetting_Exp": 0.06557482481002808,
        "BWT_Exp": -0.06557482481002808
    },
    "2": {
        "Loss_Exp": 51.957000732421875,
        "RelativeDistance_Exp": 0.6414496898651123,
        "R2Score_Exp": 0.801692545413971,
        "Forgetting_Exp": 0.03896212577819824,
        "BWT_Exp": -0.03896212577819824
    },
    "3": {
        "Loss_Exp": 39.162498474121094,
        "RelativeDistance_Exp": 0.5610299706459045,
        "R2Score_Exp": 0.851754903793335,
        "Forgetting_Exp": 0.028104424476623535,
        "BWT_Exp": -0.028104424476623535
    },
    "4": {
        "Loss_Exp": 32.400596618652344,
        "RelativeDistance_Exp": 0.5630742311477661,
        "R2Score_Exp": 0.8532770276069641,
        "Forgetting_Exp": 0.05947524309158325,
        "BWT_Exp": -0.05947524309158325
    },
    "5": {
        "Loss_Exp": 36.4763298034668,
        "RelativeDistance_Exp": 0.5508294105529785,
        "R2Score_Exp": 0.8315683603286743,
        "Forgetting_Exp": 0.06261992454528809,
        "BWT_Exp": -0.06261992454528809
    },
    "6": {
        "Loss_Exp": 38.140174865722656,
        "RelativeDistance_Exp": 0.5118826627731323,
        "R2Score_Exp": 0.8457270860671997,
        "Forgetting_Exp": 0.03938573598861694,
        "BWT_Exp": -0.03938573598861694
    },
    "7": {
        "Loss_Exp": 31.792156219482422,
        "RelativeDistance_Exp": 0.5834692716598511,
        "R2Score_Exp": 0.8507542610168457,
        "Forgetting_Exp": 0.05772113800048828,
        "BWT_Exp": -0.05772113800048828
    },
    "8": {
        "Loss_Exp": 32.416748046875,
        "RelativeDistance_Exp": 0.4214048981666565,
        "R2Score_Exp": 0.8723430037498474,
        "Forgetting_Exp": 0.021746575832366943,
        "BWT_Exp": -0.021746575832366943
    },
    "9": {
        "Loss_Exp": 35.867584228515625,
        "RelativeDistance_Exp": 0.5747513175010681,
        "R2Score_Exp": 0.877267062664032
    },
    "stream": {
        "Loss_Stream/eval_phase/test_stream": 42.29305972994661,
        "RelativeDistance_Stream/eval_phase/test_stream": 0.5975063681602478,
        "R2Score_Stream/eval_phase/test_stream": 0.8344563126564026,
        "Forgetting_Stream/eval_phase/test_stream": {
            "0": 0.12077432870864868,
            "1": 0.06557482481002808,
            "2": 0.03896212577819824,
            "3": 0.028104424476623535,
            "4": 0.05947524309158325,
            "5": 0.06261992454528809,
            "6": 0.03938573598861694,
            "7": 0.05772113800048828,
            "8": 0.021746575832366943
        },
        "BWT_Stream/eval_phase/test_stream": {
            "0": 0.12077432870864868,
            "1": 0.06557482481002808,
            "2": 0.03896212577819824,
            "3": 0.028104424476623535,
            "4": 0.05947524309158325,
            "5": 0.06261992454528809,
            "6": 0.03938573598861694,
            "7": 0.05772113800048828,
            "8": 0.021746575832366943
        }
    }
}