{
    "0": {
        "Loss_Exp": 69.10043710512686,
        "RelativeDistance_Exp": 1.051288902759552,
        "R2Score_Exp": 0.7052828192710876,
        "Forgetting_Exp": 0.13806312680244448,
        "BWT_Exp": -0.13806312680244448
    },
    "1": {
        "Loss_Exp": 74.08077607047005,
        "RelativeDistance_Exp": 0.8958023190498352,
        "R2Score_Exp": 0.6996659398078918,
        "Forgetting_Exp": 0.17747816642125447,
        "BWT_Exp": -0.17747816642125447
    },
    "2": {
        "Loss_Exp": 50.14295547009468,
        "RelativeDistance_Exp": 0.7430152297019958,
        "R2Score_Exp": 0.7908455912883465,
        "Forgetting_Exp": 0.106104681125054,
        "BWT_Exp": -0.106104681125054
    },
    "3": {
        "Loss_Exp": 36.45131303482136,
        "RelativeDistance_Exp": 0.8202878832817078,
        "R2Score_Exp": 0.8557821843359206,
        "Forgetting_Exp": 0.07276045613818694,
        "BWT_Exp": -0.07276045613818694
    },
    "4": {
        "Loss_Exp": 40.93851980246354,
        "RelativeDistance_Exp": 0.6801158104624067,
        "R2Score_Exp": 0.8395302465983799,
        "Forgetting_Exp": 0.06923075233186993,
        "BWT_Exp": -0.06923075233186993
    },
    "5": {
        "Loss_Exp": 42.7273380676468,
        "RelativeDistance_Exp": 0.6024974882602692,
        "R2Score_Exp": 0.8234039048353831,
        "Forgetting_Exp": 0.0680253108342489,
        "BWT_Exp": -0.0680253108342489
    },
    "6": {
        "Loss_Exp": 35.078032748561846,
        "RelativeDistance_Exp": 0.6587996035814285,
        "R2Score_Exp": 0.8658486530184746,
        "Forgetting_Exp": 0.035613059997558594,
        "BWT_Exp": -0.035613059997558594
    },
    "7": {
        "Loss_Exp": 44.96567905561931,
        "RelativeDistance_Exp": 0.5069234631955624,
        "R2Score_Exp": 0.8448411375284195,
        "Forgetting_Exp": 0.050094932317733765,
        "BWT_Exp": -0.050094932317733765
    },
    "8": {
        "Loss_Exp": 29.484160832496563,
        "RelativeDistance_Exp": 0.43804147839546204,
        "R2Score_Exp": 0.8953369657198588,
        "Forgetting_Exp": 0.03281317154566454,
        "BWT_Exp": -0.03281317154566454
    },
    "9": {
        "Loss_Exp": 17.911495589605412,
        "RelativeDistance_Exp": 0.46550336480140686,
        "R2Score_Exp": 0.9270763993263245
    },
    "stream": {
        "Loss_Stream/eval_phase/test_stream": 51.08424294373351,
        "RelativeDistance_Stream/eval_phase/test_stream": 0.7523262228494809,
        "R2Score_Stream/eval_phase/test_stream": 0.7972057630986343,
        "Forgetting_Stream/eval_phase/test_stream": {
            "0": 0.13806312680244448,
            "1": 0.17747816642125447,
            "2": 0.106104681125054,
            "3": 0.07276045613818694,
            "4": 0.06923075233186993,
            "5": 0.0680253108342489,
            "6": 0.035613059997558594,
            "7": 0.050094932317733765,
            "8": 0.03281317154566454
        },
        "BWT_Stream/eval_phase/test_stream": {
            "0": 0.13806312680244448,
            "1": 0.17747816642125447,
            "2": 0.106104681125054,
            "3": 0.07276045613818694,
            "4": 0.06923075233186993,
            "5": 0.0680253108342489,
            "6": 0.035613059997558594,
            "7": 0.050094932317733765,
            "8": 0.03281317154566454
        }
    }
}