{
    "0": {
        "Loss_Exp": 89.94123833193416,
        "RelativeDistance_Exp": 0.8882984220981598,
        "R2Score_Exp": 0.7956147491931915,
        "Forgetting_Exp": 0.0870378315448761,
        "BWT_Exp": -0.0870378315448761
    },
    "1": {
        "Loss_Exp": 63.24532317713476,
        "RelativeDistance_Exp": 1.783083438873291,
        "R2Score_Exp": 0.8156838119029999,
        "Forgetting_Exp": 0.07441505789756775,
        "BWT_Exp": -0.07441505789756775
    },
    "2": {
        "Loss_Exp": 58.74693335256269,
        "RelativeDistance_Exp": 0.7410701711972555,
        "R2Score_Exp": 0.8089469869931539,
        "Forgetting_Exp": 0.010186950365702274,
        "BWT_Exp": -0.010186950365702274
    },
    "3": {
        "Loss_Exp": 46.72559989521169,
        "RelativeDistance_Exp": 0.6637312769889832,
        "R2Score_Exp": 0.845053106546402,
        "Forgetting_Exp": 0.016312718391418457,
        "BWT_Exp": -0.016312718391418457
    },
    "4": {
        "Loss_Exp": 45.358154131299074,
        "RelativeDistance_Exp": 0.8384615778923035,
        "R2Score_Exp": 0.8545484244823456,
        "Forgetting_Exp": -0.0017398446798324585,
        "BWT_Exp": 0.0017398446798324585
    },
    "5": {
        "Loss_Exp": 39.70926235033118,
        "RelativeDistance_Exp": 0.7096920609474182,
        "R2Score_Exp": 0.8453436493873596,
        "Forgetting_Exp": -0.00044051806131994997,
        "BWT_Exp": 0.00044051806131994997
    },
    "6": {
        "Loss_Exp": 53.77764622392947,
        "RelativeDistance_Exp": 0.7614136934280396,
        "R2Score_Exp": 0.8446844418843588,
        "Forgetting_Exp": -0.0003583828608195727,
        "BWT_Exp": 0.0003583828608195727
    },
    "7": {
        "Loss_Exp": 36.0671272277832,
        "RelativeDistance_Exp": 0.7069135904312134,
        "R2Score_Exp": 0.8577830195426941,
        "Forgetting_Exp": 0.012503743171691895,
        "BWT_Exp": -0.012503743171691895
    },
    "8": {
        "Loss_Exp": 52.44871737192051,
        "RelativeDistance_Exp": 1.152259647846222,
        "R2Score_Exp": 0.8288968503475189,
        "Forgetting_Exp": 0.003317534923553467,
        "BWT_Exp": -0.003317534923553467
    },
    "9": {
        "Loss_Exp": 58.902315913735094,
        "RelativeDistance_Exp": 0.873711109161377,
        "R2Score_Exp": 0.8392840027809143
    },
    "stream": {
        "Loss_Stream/eval_phase/test_stream": 53.63595139516309,
        "RelativeDistance_Stream/eval_phase/test_stream": 0.892477311193943,
        "R2Score_Stream/eval_phase/test_stream": 0.8342486247420311,
        "Forgetting_Stream/eval_phase/test_stream": {
            "0": 0.0870378315448761,
            "1": 0.07441505789756775,
            "2": 0.010186950365702274,
            "3": 0.016312718391418457,
            "4": -0.0017398446798324585,
            "5": -0.00044051806131994997,
            "6": -0.0003583828608195727,
            "7": 0.012503743171691895,
            "8": 0.003317534923553467
        },
        "BWT_Stream/eval_phase/test_stream": {
            "0": 0.0870378315448761,
            "1": 0.07441505789756775,
            "2": 0.010186950365702274,
            "3": 0.016312718391418457,
            "4": -0.0017398446798324585,
            "5": -0.00044051806131994997,
            "6": -0.0003583828608195727,
            "7": 0.012503743171691895,
            "8": 0.003317534923553467
        }
    }
}