{
    "0": {
        "Loss_Exp": 29.930855222817986,
        "RelativeDistance_Exp": 0.9044764399528503,
        "R2Score_Exp": 0.8651536464691162,
        "Forgetting_Exp": -0.011118596792221047,
        "BWT_Exp": 0.011118596792221047
    },
    "1": {
        "Loss_Exp": 31.634838690238386,
        "RelativeDistance_Exp": 0.8591201742490132,
        "R2Score_Exp": 0.8639361500740051,
        "Forgetting_Exp": -0.005764885743459125,
        "BWT_Exp": 0.005764885743459125
    },
    "2": {
        "Loss_Exp": 28.52318564685332,
        "RelativeDistance_Exp": 0.8766065239906311,
        "R2Score_Exp": 0.8748185084416316,
        "Forgetting_Exp": -0.00796353816986084,
        "BWT_Exp": 0.00796353816986084
    },
    "3": {
        "Loss_Exp": 23.203414021288275,
        "RelativeDistance_Exp": 0.9870501822895474,
        "R2Score_Exp": 0.9045683013068305,
        "Forgetting_Exp": -0.008166101243760826,
        "BWT_Exp": 0.008166101243760826
    },
    "4": {
        "Loss_Exp": 25.801926104900488,
        "RelativeDistance_Exp": 0.951125511101314,
        "R2Score_Exp": 0.8964111890111651,
        "Forgetting_Exp": -0.033918363707406196,
        "BWT_Exp": 0.033918363707406196
    },
    "5": {
        "Loss_Exp": 28.27089644472301,
        "RelativeDistance_Exp": 0.8839001456896464,
        "R2Score_Exp": 0.8885828057924906,
        "Forgetting_Exp": -0.027191201845804813,
        "BWT_Exp": 0.027191201845804813
    },
    "6": {
        "Loss_Exp": 27.92128926178084,
        "RelativeDistance_Exp": 1.1707757413387299,
        "R2Score_Exp": 0.89203080534935,
        "Forgetting_Exp": -0.011552602052688599,
        "BWT_Exp": 0.011552602052688599
    },
    "7": {
        "Loss_Exp": 38.466636178413744,
        "RelativeDistance_Exp": 0.8199837282299995,
        "R2Score_Exp": 0.865204282104969,
        "Forgetting_Exp": -0.003987796604633331,
        "BWT_Exp": 0.003987796604633331
    },
    "8": {
        "Loss_Exp": 30.576698515053025,
        "RelativeDistance_Exp": 0.7808175285657247,
        "R2Score_Exp": 0.8880493640899658,
        "Forgetting_Exp": 0.016739964485168457,
        "BWT_Exp": -0.016739964485168457
    },
    "9": {
        "Loss_Exp": 24.230369193051395,
        "RelativeDistance_Exp": 0.7946154177188873,
        "R2Score_Exp": 0.9140505194664001
    },
    "stream": {
        "Loss_Stream/eval_phase/test_stream": 29.344968250153258,
        "RelativeDistance_Stream/eval_phase/test_stream": 0.9139499024108604,
        "R2Score_Stream/eval_phase/test_stream": 0.8800103583453615,
        "Forgetting_Stream/eval_phase/test_stream": {
            "0": -0.011118596792221047,
            "1": -0.005764885743459125,
            "2": -0.00796353816986084,
            "3": -0.008166101243760826,
            "4": -0.033918363707406196,
            "5": -0.027191201845804813,
            "6": -0.011552602052688599,
            "7": -0.003987796604633331,
            "8": 0.016739964485168457
        },
        "BWT_Stream/eval_phase/test_stream": {
            "0": -0.011118596792221047,
            "1": -0.005764885743459125,
            "2": -0.00796353816986084,
            "3": -0.008166101243760826,
            "4": -0.033918363707406196,
            "5": -0.027191201845804813,
            "6": -0.011552602052688599,
            "7": -0.003987796604633331,
            "8": 0.016739964485168457
        }
    }
}