{
    "0": {
        "Loss_Exp": 63.26159869819817,
        "RelativeDistance_Exp": 1.3390955567359923,
        "R2Score_Exp": 0.7336947619915009,
        "Forgetting_Exp": 0.11916209459304805,
        "BWT_Exp": -0.11916209459304805
    },
    "1": {
        "Loss_Exp": 70.06738139373265,
        "RelativeDistance_Exp": 1.339850123723348,
        "R2Score_Exp": 0.7307828505833943,
        "Forgetting_Exp": 0.12741634448369354,
        "BWT_Exp": -0.12741634448369354
    },
    "2": {
        "Loss_Exp": 48.3819964790573,
        "RelativeDistance_Exp": 1.115077779843257,
        "R2Score_Exp": 0.7933951524587778,
        "Forgetting_Exp": 0.08205715509561395,
        "BWT_Exp": -0.08205715509561395
    },
    "3": {
        "Loss_Exp": 34.92708753212624,
        "RelativeDistance_Exp": 1.146197133594089,
        "R2Score_Exp": 0.8629992604255676,
        "Forgetting_Exp": 0.04780356089274085,
        "BWT_Exp": -0.04780356089274085
    },
    "4": {
        "Loss_Exp": 43.03400826312725,
        "RelativeDistance_Exp": 1.0948919909340995,
        "R2Score_Exp": 0.8341477853911263,
        "Forgetting_Exp": 0.05049379382814678,
        "BWT_Exp": -0.05049379382814678
    },
    "5": {
        "Loss_Exp": 44.53641803570344,
        "RelativeDistance_Exp": 0.9813412527243296,
        "R2Score_Exp": 0.8304241398970286,
        "Forgetting_Exp": 0.04285111029942834,
        "BWT_Exp": -0.04285111029942834
    },
    "6": {
        "Loss_Exp": 36.6084859294882,
        "RelativeDistance_Exp": 1.2717900723218918,
        "R2Score_Exp": 0.860808901488781,
        "Forgetting_Exp": 0.02999548614025116,
        "BWT_Exp": -0.02999548614025116
    },
    "7": {
        "Loss_Exp": 47.41727173000955,
        "RelativeDistance_Exp": 0.90895676612854,
        "R2Score_Exp": 0.8354462906718254,
        "Forgetting_Exp": 0.04274504631757736,
        "BWT_Exp": -0.04274504631757736
    },
    "8": {
        "Loss_Exp": 35.66628939036439,
        "RelativeDistance_Exp": 0.7904626925786337,
        "R2Score_Exp": 0.8722721536954244,
        "Forgetting_Exp": 0.04137299458185828,
        "BWT_Exp": -0.04137299458185828
    },
    "9": {
        "Loss_Exp": 21.772540810368895,
        "RelativeDistance_Exp": 0.7512759268283844,
        "R2Score_Exp": 0.91927769780159
    },
    "stream": {
        "Loss_Stream/eval_phase/test_stream": 50.068636892036864,
        "RelativeDistance_Stream/eval_phase/test_stream": 1.150280232782717,
        "R2Score_Stream/eval_phase/test_stream": 0.8052693016735124,
        "Forgetting_Stream/eval_phase/test_stream": {
            "0": 0.11916209459304805,
            "1": 0.12741634448369354,
            "2": 0.08205715509561395,
            "3": 0.04780356089274085,
            "4": 0.05049379382814678,
            "5": 0.04285111029942834,
            "6": 0.02999548614025116,
            "7": 0.04274504631757736,
            "8": 0.04137299458185828
        },
        "BWT_Stream/eval_phase/test_stream": {
            "0": 0.11916209459304805,
            "1": 0.12741634448369354,
            "2": 0.08205715509561395,
            "3": 0.04780356089274085,
            "4": 0.05049379382814678,
            "5": 0.04285111029942834,
            "6": 0.02999548614025116,
            "7": 0.04274504631757736,
            "8": 0.04137299458185828
        }
    }
}