{
    "0": {
        "Loss_Exp": 43.26959945870645,
        "Time_Exp": 0.14941840000028606,
        "RelativeDistance_Exp": 0.8683260381221771,
        "R2Score_Exp": 0.8055196404457092,
        "Forgetting_Exp": 0.08215704560279846,
        "BWT_Exp": -0.08215704560279846
    },
    "1": {
        "Loss_Exp": 49.96867133982109,
        "Time_Exp": 0.3889013999996678,
        "RelativeDistance_Exp": 0.786763048171997,
        "R2Score_Exp": 0.7959865132967631,
        "Forgetting_Exp": 0.0263520280520122,
        "BWT_Exp": -0.0263520280520122
    },
    "2": {
        "Loss_Exp": 40.76546802955453,
        "Time_Exp": 0.19979070000044885,
        "RelativeDistance_Exp": 0.7747005957823533,
        "R2Score_Exp": 0.8275075600697444,
        "Forgetting_Exp": 0.01682447011654198,
        "BWT_Exp": -0.01682447011654198
    },
    "3": {
        "Loss_Exp": 33.24624153869793,
        "Time_Exp": 0.139152900001136,
        "RelativeDistance_Exp": 0.7952706946267022,
        "R2Score_Exp": 0.8675597972340054,
        "Forgetting_Exp": 0.02061399486329818,
        "BWT_Exp": -0.02061399486329818
    },
    "4": {
        "Loss_Exp": 36.78412346735164,
        "Time_Exp": 0.12516019999929995,
        "RelativeDistance_Exp": 0.7820938314710345,
        "R2Score_Exp": 0.8544658081872123,
        "Forgetting_Exp": 0.003081807068415987,
        "BWT_Exp": -0.003081807068415987
    },
    "5": {
        "Loss_Exp": 36.01326242764632,
        "Time_Exp": 0.25478190000103496,
        "RelativeDistance_Exp": 0.6742537120978037,
        "R2Score_Exp": 0.856126586596171,
        "Forgetting_Exp": -0.011470834414164188,
        "BWT_Exp": 0.011470834414164188
    },
    "6": {
        "Loss_Exp": 35.8525739958109,
        "Time_Exp": 0.12728490000154125,
        "RelativeDistance_Exp": 0.8272156044840813,
        "R2Score_Exp": 0.8630228117108345,
        "Forgetting_Exp": 0.015586182475090027,
        "BWT_Exp": -0.015586182475090027
    },
    "7": {
        "Loss_Exp": 50.096285657387305,
        "Time_Exp": 0.11535370000092371,
        "RelativeDistance_Exp": 0.6271256804466248,
        "R2Score_Exp": 0.8254877254366875,
        "Forgetting_Exp": 0.024619966745376587,
        "BWT_Exp": -0.024619966745376587
    },
    "8": {
        "Loss_Exp": 32.19244441662211,
        "Time_Exp": 0.05347020000044722,
        "RelativeDistance_Exp": 0.5665027598539988,
        "R2Score_Exp": 0.8898184696833292,
        "Forgetting_Exp": 0.01402227083841967,
        "BWT_Exp": -0.01402227083841967
    },
    "9": {
        "Loss_Exp": 25.724718048530978,
        "Time_Exp": 0.023060900000928086,
        "RelativeDistance_Exp": 0.5349633544683456,
        "R2Score_Exp": 0.9040014743804932
    },
    "stream": {
        "Loss_Stream/eval_phase/test_stream": 41.21274688509743,
        "Time_Stream/eval_phase/test_stream": 1.6114888000010978,
        "RelativeDistance_Stream/eval_phase/test_stream": 0.7609579563140869,
        "R2Score_Stream/eval_phase/test_stream": 0.8353604122444436,
        "Forgetting_Stream/eval_phase/test_stream": {
            "0": 0.08215704560279846,
            "1": 0.0263520280520122,
            "2": 0.01682447011654198,
            "3": 0.02061399486329818,
            "4": 0.003081807068415987,
            "5": -0.011470834414164188,
            "6": 0.015586182475090027,
            "7": 0.024619966745376587,
            "8": 0.01402227083841967
        },
        "BWT_Stream/eval_phase/test_stream": {
            "0": 0.08215704560279846,
            "1": 0.0263520280520122,
            "2": 0.01682447011654198,
            "3": 0.02061399486329818,
            "4": 0.003081807068415987,
            "5": -0.011470834414164188,
            "6": 0.015586182475090027,
            "7": 0.024619966745376587,
            "8": 0.01402227083841967
        }
    }
}