{
    "0": {
        "Loss_Exp": 43.136966705322266,
        "RelativeDistance_Exp": 0.7277945876121521,
        "R2Score_Exp": 0.8290444016456604,
        "Forgetting_Exp": 0.06892561912536621,
        "BWT_Exp": -0.06892561912536621
    },
    "1": {
        "Loss_Exp": 46.07245635986328,
        "RelativeDistance_Exp": 0.7233113646507263,
        "R2Score_Exp": 0.815981388092041,
        "Forgetting_Exp": 0.0771399736404419,
        "BWT_Exp": -0.0771399736404419
    },
    "2": {
        "Loss_Exp": 46.43256378173828,
        "RelativeDistance_Exp": 0.7863203287124634,
        "R2Score_Exp": 0.8134396076202393,
        "Forgetting_Exp": 0.08056449890136719,
        "BWT_Exp": -0.08056449890136719
    },
    "3": {
        "Loss_Exp": 42.46235275268555,
        "RelativeDistance_Exp": 0.7193440198898315,
        "R2Score_Exp": 0.8156875967979431,
        "Forgetting_Exp": 0.07675594091415405,
        "BWT_Exp": -0.07675594091415405
    },
    "4": {
        "Loss_Exp": 46.03544235229492,
        "RelativeDistance_Exp": 0.83812016248703,
        "R2Score_Exp": 0.8357008099555969,
        "Forgetting_Exp": 0.054721713066101074,
        "BWT_Exp": -0.054721713066101074
    },
    "5": {
        "Loss_Exp": 43.02967834472656,
        "RelativeDistance_Exp": 0.7814251780509949,
        "R2Score_Exp": 0.8427630662918091,
        "Forgetting_Exp": 0.04510366916656494,
        "BWT_Exp": -0.04510366916656494
    },
    "6": {
        "Loss_Exp": 38.50838851928711,
        "RelativeDistance_Exp": 0.6002118587493896,
        "R2Score_Exp": 0.8557292222976685,
        "Forgetting_Exp": 0.027892887592315674,
        "BWT_Exp": -0.027892887592315674
    },
    "7": {
        "Loss_Exp": 34.07186508178711,
        "RelativeDistance_Exp": 0.7042816281318665,
        "R2Score_Exp": 0.8677645921707153,
        "Forgetting_Exp": -0.008724808692932129,
        "BWT_Exp": 0.008724808692932129
    },
    "8": {
        "Loss_Exp": 33.14067840576172,
        "RelativeDistance_Exp": 0.4911397099494934,
        "R2Score_Exp": 0.8859376907348633,
        "Forgetting_Exp": 0.016738831996917725,
        "BWT_Exp": -0.016738831996917725
    },
    "9": {
        "Loss_Exp": 21.085359573364258,
        "RelativeDistance_Exp": 0.9226127862930298,
        "R2Score_Exp": 0.9201082587242126
    },
    "stream": {
        "Loss_Stream/eval_phase/test_stream": 43.39656550151592,
        "RelativeDistance_Stream/eval_phase/test_stream": 0.7294561624526977,
        "R2Score_Stream/eval_phase/test_stream": 0.848215663433075,
        "Forgetting_Stream/eval_phase/test_stream": {
            "0": 0.06892561912536621,
            "1": 0.0771399736404419,
            "2": 0.08056449890136719,
            "3": 0.07675594091415405,
            "4": 0.054721713066101074,
            "5": 0.04510366916656494,
            "6": 0.027892887592315674,
            "7": -0.008724808692932129,
            "8": 0.016738831996917725
        },
        "BWT_Stream/eval_phase/test_stream": {
            "0": 0.06892561912536621,
            "1": 0.0771399736404419,
            "2": 0.08056449890136719,
            "3": 0.07675594091415405,
            "4": 0.054721713066101074,
            "5": 0.04510366916656494,
            "6": 0.027892887592315674,
            "7": -0.008724808692932129,
            "8": 0.016738831996917725
        }
    }
}