{
    "0": {
        "Loss_Exp": 71.58570349706362,
        "RelativeDistance_Exp": 0.7007315456867218,
        "R2Score_Exp": 0.7439086139202118,
        "Forgetting_Exp": 0.1064625084400177,
        "BWT_Exp": -0.1064625084400177
    },
    "1": {
        "Loss_Exp": 41.11850798022526,
        "RelativeDistance_Exp": 0.6467368006706238,
        "R2Score_Exp": 0.8331698477268219,
        "Forgetting_Exp": 0.06347128748893738,
        "BWT_Exp": -0.06347128748893738
    },
    "2": {
        "Loss_Exp": 48.695667333521335,
        "RelativeDistance_Exp": 0.5239256223042806,
        "R2Score_Exp": 0.7901460528373718,
        "Forgetting_Exp": 0.04217074314753211,
        "BWT_Exp": -0.04217074314753211
    },
    "3": {
        "Loss_Exp": 32.326195285114004,
        "RelativeDistance_Exp": 0.46143271028995514,
        "R2Score_Exp": 0.8764235079288483,
        "Forgetting_Exp": 0.003515094518661499,
        "BWT_Exp": -0.003515094518661499
    },
    "4": {
        "Loss_Exp": 25.558918366763653,
        "RelativeDistance_Exp": 0.46663254499435425,
        "R2Score_Exp": 0.8684613406658173,
        "Forgetting_Exp": 0.033373117446899414,
        "BWT_Exp": -0.033373117446899414
    },
    "5": {
        "Loss_Exp": 30.68636821260388,
        "RelativeDistance_Exp": 0.48226354519526166,
        "R2Score_Exp": 0.8467373450597128,
        "Forgetting_Exp": 0.04879558086395264,
        "BWT_Exp": -0.04879558086395264
    },
    "6": {
        "Loss_Exp": 32.76081412244472,
        "RelativeDistance_Exp": 0.5387338598569235,
        "R2Score_Exp": 0.8625832994778951,
        "Forgetting_Exp": -0.016048173109690422,
        "BWT_Exp": 0.016048173109690422
    },
    "7": {
        "Loss_Exp": 28.999907831407565,
        "RelativeDistance_Exp": 0.3953765779733658,
        "R2Score_Exp": 0.8941937685012817,
        "Forgetting_Exp": 0.029298722743988037,
        "BWT_Exp": -0.029298722743988037
    },
    "8": {
        "Loss_Exp": 31.97535523800267,
        "RelativeDistance_Exp": 0.4276839345693588,
        "R2Score_Exp": 0.8689416646957397,
        "Forgetting_Exp": 0.01797625422477722,
        "BWT_Exp": -0.01797625422477722
    },
    "9": {
        "Loss_Exp": 36.44609066567505,
        "RelativeDistance_Exp": 0.5310909748077393,
        "R2Score_Exp": 0.8808825612068176
    },
    "stream": {
        "Loss_Stream/eval_phase/test_stream": 37.35292126803013,
        "RelativeDistance_Stream/eval_phase/test_stream": 0.5130961740016937,
        "R2Score_Stream/eval_phase/test_stream": 0.846691415309906,
        "Forgetting_Stream/eval_phase/test_stream": {
            "0": 0.1064625084400177,
            "1": 0.06347128748893738,
            "2": 0.04217074314753211,
            "3": 0.003515094518661499,
            "4": 0.033373117446899414,
            "5": 0.04879558086395264,
            "6": -0.016048173109690422,
            "7": 0.029298722743988037,
            "8": 0.01797625422477722
        },
        "BWT_Stream/eval_phase/test_stream": {
            "0": 0.1064625084400177,
            "1": 0.06347128748893738,
            "2": 0.04217074314753211,
            "3": 0.003515094518661499,
            "4": 0.033373117446899414,
            "5": 0.04879558086395264,
            "6": -0.016048173109690422,
            "7": 0.029298722743988037,
            "8": 0.01797625422477722
        }
    }
}