{
    "0": {
        "Loss_Exp": 72.61782902491667,
        "Time_Exp": 0.18797970000014175,
        "RelativeDistance_Exp": 1.15174241065979,
        "R2Score_Exp": 0.7014883995056153,
        "Forgetting_Exp": 0.18836046457290645,
        "BWT_Exp": -0.18836046457290645
    },
    "1": {
        "Loss_Exp": 70.49850580655651,
        "Time_Exp": 0.46401289999994333,
        "RelativeDistance_Exp": 1.0734094937642416,
        "R2Score_Exp": 0.7342960278193156,
        "Forgetting_Exp": 0.10381397008895876,
        "BWT_Exp": -0.10381397008895876
    },
    "2": {
        "Loss_Exp": 47.3662912181929,
        "Time_Exp": 0.22673309999936464,
        "RelativeDistance_Exp": 1.0228753548402052,
        "R2Score_Exp": 0.8061882578409635,
        "Forgetting_Exp": 0.054661269371326204,
        "BWT_Exp": -0.054661269371326204
    },
    "3": {
        "Loss_Exp": 40.64224170973665,
        "Time_Exp": 0.16629480000028707,
        "RelativeDistance_Exp": 1.0308222770690918,
        "R2Score_Exp": 0.8508170048395792,
        "Forgetting_Exp": 0.051658689975738525,
        "BWT_Exp": -0.051658689975738525
    },
    "4": {
        "Loss_Exp": 46.86958867883919,
        "Time_Exp": 0.13169620000007853,
        "RelativeDistance_Exp": 0.9841616579464504,
        "R2Score_Exp": 0.8303961753845215,
        "Forgetting_Exp": 0.04920436654772076,
        "BWT_Exp": -0.04920436654772076
    },
    "5": {
        "Loss_Exp": 41.33165737150191,
        "Time_Exp": 0.09627389999968727,
        "RelativeDistance_Exp": 0.8927994668483734,
        "R2Score_Exp": 0.8459417323271433,
        "Forgetting_Exp": 0.019533733526865715,
        "BWT_Exp": -0.019533733526865715
    },
    "6": {
        "Loss_Exp": 38.19078744825385,
        "Time_Exp": 0.34936560000005557,
        "RelativeDistance_Exp": 1.1269121542572975,
        "R2Score_Exp": 0.8590431064367294,
        "Forgetting_Exp": 0.023215115070343018,
        "BWT_Exp": -0.023215115070343018
    },
    "7": {
        "Loss_Exp": 49.88371346675737,
        "Time_Exp": 0.15298929999971733,
        "RelativeDistance_Exp": 0.851196825504303,
        "R2Score_Exp": 0.8348127976059914,
        "Forgetting_Exp": 0.036027081310749054,
        "BWT_Exp": -0.036027081310749054
    },
    "8": {
        "Loss_Exp": 32.24105341273636,
        "Time_Exp": 0.03292250000049535,
        "RelativeDistance_Exp": 0.7069180806477865,
        "R2Score_Exp": 0.8900927305221558,
        "Forgetting_Exp": 0.02820765972137451,
        "BWT_Exp": -0.02820765972137451
    },
    "9": {
        "Loss_Exp": 21.659150911019836,
        "Time_Exp": 0.018618099999912374,
        "RelativeDistance_Exp": 0.7086039185523987,
        "R2Score_Exp": 0.9189573526382446
    },
    "stream": {
        "Loss_Stream/eval_phase/test_stream": 52.15622685595257,
        "Time_Stream/eval_phase/test_stream": 1.863425799999277,
        "RelativeDistance_Stream/eval_phase/test_stream": 1.0099025795489183,
        "R2Score_Stream/eval_phase/test_stream": 0.803883809366344,
        "Forgetting_Stream/eval_phase/test_stream": {
            "0": 0.18836046457290645,
            "1": 0.10381397008895876,
            "2": 0.054661269371326204,
            "3": 0.051658689975738525,
            "4": 0.04920436654772076,
            "5": 0.019533733526865715,
            "6": 0.023215115070343018,
            "7": 0.036027081310749054,
            "8": 0.02820765972137451
        },
        "BWT_Stream/eval_phase/test_stream": {
            "0": 0.18836046457290645,
            "1": 0.10381397008895876,
            "2": 0.054661269371326204,
            "3": 0.051658689975738525,
            "4": 0.04920436654772076,
            "5": 0.019533733526865715,
            "6": 0.023215115070343018,
            "7": 0.036027081310749054,
            "8": 0.02820765972137451
        }
    }
}