{
    "0": {
        "Loss_Exp": 101.86379913865474,
        "RelativeDistance_Exp": 1.0217468440532684,
        "R2Score_Exp": 0.7679288387298584,
        "Forgetting_Exp": 0.1088634729385376,
        "BWT_Exp": -0.1088634729385376
    },
    "1": {
        "Loss_Exp": 84.06224485119121,
        "RelativeDistance_Exp": 1.9755296111106873,
        "R2Score_Exp": 0.7552241384983063,
        "Forgetting_Exp": 0.1380678117275238,
        "BWT_Exp": -0.1380678117275238
    },
    "2": {
        "Loss_Exp": 62.58785874237267,
        "RelativeDistance_Exp": 0.8183542688687643,
        "R2Score_Exp": 0.7987868587176005,
        "Forgetting_Exp": 0.03153306245803833,
        "BWT_Exp": -0.03153306245803833
    },
    "3": {
        "Loss_Exp": 53.68876846575232,
        "RelativeDistance_Exp": 0.7120923101902008,
        "R2Score_Exp": 0.8227973282337189,
        "Forgetting_Exp": 0.03851032257080078,
        "BWT_Exp": -0.03851032257080078
    },
    "4": {
        "Loss_Exp": 51.462171277172,
        "RelativeDistance_Exp": 0.9100479632616043,
        "R2Score_Exp": 0.8259161114692688,
        "Forgetting_Exp": 0.037013545632362366,
        "BWT_Exp": -0.037013545632362366
    },
    "5": {
        "Loss_Exp": 51.389628534731656,
        "RelativeDistance_Exp": 0.7722585797309875,
        "R2Score_Exp": 0.7996948957443237,
        "Forgetting_Exp": 0.04233938455581665,
        "BWT_Exp": -0.04233938455581665
    },
    "6": {
        "Loss_Exp": 58.23727531703651,
        "RelativeDistance_Exp": 0.8029734293619791,
        "R2Score_Exp": 0.8160762985547384,
        "Forgetting_Exp": 0.010568519433339363,
        "BWT_Exp": -0.010568519433339363
    },
    "7": {
        "Loss_Exp": 38.919395446777344,
        "RelativeDistance_Exp": 0.7479569315910339,
        "R2Score_Exp": 0.8465361595153809,
        "Forgetting_Exp": 0.0256691575050354,
        "BWT_Exp": -0.0256691575050354
    },
    "8": {
        "Loss_Exp": 49.85455497068693,
        "RelativeDistance_Exp": 1.0565541088581085,
        "R2Score_Exp": 0.8429334163665771,
        "Forgetting_Exp": -0.013739526271820068,
        "BWT_Exp": 0.013739526271820068
    },
    "9": {
        "Loss_Exp": 54.81772660712975,
        "RelativeDistance_Exp": 0.8821005821228027,
        "R2Score_Exp": 0.8508081138134003
    },
    "stream": {
        "Loss_Stream/eval_phase/test_stream": 60.43123174888255,
        "RelativeDistance_Stream/eval_phase/test_stream": 0.9527064387996992,
        "R2Score_Stream/eval_phase/test_stream": 0.8113857681552569,
        "Forgetting_Stream/eval_phase/test_stream": {
            "0": 0.1088634729385376,
            "1": 0.1380678117275238,
            "2": 0.03153306245803833,
            "3": 0.03851032257080078,
            "4": 0.037013545632362366,
            "5": 0.04233938455581665,
            "6": 0.010568519433339363,
            "7": 0.0256691575050354,
            "8": -0.013739526271820068
        },
        "BWT_Stream/eval_phase/test_stream": {
            "0": 0.1088634729385376,
            "1": 0.1380678117275238,
            "2": 0.03153306245803833,
            "3": 0.03851032257080078,
            "4": 0.037013545632362366,
            "5": 0.04233938455581665,
            "6": 0.010568519433339363,
            "7": 0.0256691575050354,
            "8": -0.013739526271820068
        }
    }
}