{
    "0": {
        "Loss_Exp": 38.03815841674805,
        "RelativeDistance_Exp": 0.6457624435424805,
        "R2Score_Exp": 0.8446828126907349,
        "Forgetting_Exp": 0.05556464195251465,
        "BWT_Exp": -0.05556464195251465
    },
    "1": {
        "Loss_Exp": 40.627628326416016,
        "RelativeDistance_Exp": 0.6894954442977905,
        "R2Score_Exp": 0.8294387459754944,
        "Forgetting_Exp": 0.059778034687042236,
        "BWT_Exp": -0.059778034687042236
    },
    "2": {
        "Loss_Exp": 41.54705047607422,
        "RelativeDistance_Exp": 0.7343152165412903,
        "R2Score_Exp": 0.8336881399154663,
        "Forgetting_Exp": 0.061870455741882324,
        "BWT_Exp": -0.061870455741882324
    },
    "3": {
        "Loss_Exp": 39.93632125854492,
        "RelativeDistance_Exp": 0.6677736639976501,
        "R2Score_Exp": 0.8278898596763611,
        "Forgetting_Exp": 0.06994479894638062,
        "BWT_Exp": -0.06994479894638062
    },
    "4": {
        "Loss_Exp": 43.1031494140625,
        "RelativeDistance_Exp": 0.7735885977745056,
        "R2Score_Exp": 0.8425883054733276,
        "Forgetting_Exp": 0.05406594276428223,
        "BWT_Exp": -0.05406594276428223
    },
    "5": {
        "Loss_Exp": 40.89017868041992,
        "RelativeDistance_Exp": 0.7502484321594238,
        "R2Score_Exp": 0.8465530872344971,
        "Forgetting_Exp": 0.04855477809906006,
        "BWT_Exp": -0.04855477809906006
    },
    "6": {
        "Loss_Exp": 34.179443359375,
        "RelativeDistance_Exp": 0.5632959008216858,
        "R2Score_Exp": 0.8688532114028931,
        "Forgetting_Exp": 0.016983628273010254,
        "BWT_Exp": -0.016983628273010254
    },
    "7": {
        "Loss_Exp": 36.4625244140625,
        "RelativeDistance_Exp": 0.6640632152557373,
        "R2Score_Exp": 0.8555929660797119,
        "Forgetting_Exp": 0.005365312099456787,
        "BWT_Exp": -0.005365312099456787
    },
    "8": {
        "Loss_Exp": 33.04780578613281,
        "RelativeDistance_Exp": 0.4504068195819855,
        "R2Score_Exp": 0.8727753162384033,
        "Forgetting_Exp": 0.030534029006958008,
        "BWT_Exp": -0.030534029006958008
    },
    "9": {
        "Loss_Exp": 18.738080978393555,
        "RelativeDistance_Exp": 0.6929692625999451,
        "R2Score_Exp": 0.9281805753707886
    },
    "stream": {
        "Loss_Stream/eval_phase/test_stream": 39.89268801599375,
        "RelativeDistance_Stream/eval_phase/test_stream": 0.6631918996572495,
        "R2Score_Stream/eval_phase/test_stream": 0.8550243020057678,
        "Forgetting_Stream/eval_phase/test_stream": {
            "0": 0.05556464195251465,
            "1": 0.059778034687042236,
            "2": 0.061870455741882324,
            "3": 0.06994479894638062,
            "4": 0.05406594276428223,
            "5": 0.04855477809906006,
            "6": 0.016983628273010254,
            "7": 0.005365312099456787,
            "8": 0.030534029006958008
        },
        "BWT_Stream/eval_phase/test_stream": {
            "0": 0.05556464195251465,
            "1": 0.059778034687042236,
            "2": 0.061870455741882324,
            "3": 0.06994479894638062,
            "4": 0.05406594276428223,
            "5": 0.04855477809906006,
            "6": 0.016983628273010254,
            "7": 0.005365312099456787,
            "8": 0.030534029006958008
        }
    }
}