{
    "0": {
        "Loss_Exp": 42.73523224004909,
        "RelativeDistance_Exp": 1.0163395643234252,
        "R2Score_Exp": 0.810932970046997,
        "Forgetting_Exp": 0.041348505020141646,
        "BWT_Exp": -0.041348505020141646
    },
    "1": {
        "Loss_Exp": 46.42924084198426,
        "RelativeDistance_Exp": 0.934995436668396,
        "R2Score_Exp": 0.8025824268658955,
        "Forgetting_Exp": 0.05147300958633427,
        "BWT_Exp": -0.05147300958633427
    },
    "2": {
        "Loss_Exp": 38.15603969654814,
        "RelativeDistance_Exp": 0.9471934987948492,
        "R2Score_Exp": 0.8353247688366816,
        "Forgetting_Exp": 0.027502046181605455,
        "BWT_Exp": -0.027502046181605455
    },
    "3": {
        "Loss_Exp": 30.196960794148207,
        "RelativeDistance_Exp": 1.0261427164077759,
        "R2Score_Exp": 0.8758940365579393,
        "Forgetting_Exp": 0.020578821500142452,
        "BWT_Exp": -0.020578821500142452
    },
    "4": {
        "Loss_Exp": 31.831037079464153,
        "RelativeDistance_Exp": 0.9787833264895848,
        "R2Score_Exp": 0.8754585640771049,
        "Forgetting_Exp": -0.016642630100250244,
        "BWT_Exp": 0.016642630100250244
    },
    "5": {
        "Loss_Exp": 33.31955671032131,
        "RelativeDistance_Exp": 0.9111093779404958,
        "R2Score_Exp": 0.8699617882569631,
        "Forgetting_Exp": -0.012586921453475952,
        "BWT_Exp": 0.012586921453475952
    },
    "6": {
        "Loss_Exp": 34.451730520604336,
        "RelativeDistance_Exp": 1.1862912774085999,
        "R2Score_Exp": 0.8688280507922173,
        "Forgetting_Exp": 0.0017754137516021729,
        "BWT_Exp": -0.0017754137516021729
    },
    "7": {
        "Loss_Exp": 44.007760298715716,
        "RelativeDistance_Exp": 0.8486615121364594,
        "R2Score_Exp": 0.8469336703419685,
        "Forgetting_Exp": 0.012419052422046661,
        "BWT_Exp": -0.012419052422046661
    },
    "8": {
        "Loss_Exp": 29.604553480003887,
        "RelativeDistance_Exp": 0.7676920294761658,
        "R2Score_Exp": 0.8935053547223409,
        "Forgetting_Exp": 0.001001437505086189,
        "BWT_Exp": -0.001001437505086189
    },
    "9": {
        "Loss_Exp": 25.25870562884396,
        "RelativeDistance_Exp": 0.7775894701480865,
        "R2Score_Exp": 0.905857264995575
    },
    "stream": {
        "Loss_Stream/eval_phase/test_stream": 38.26460097962102,
        "RelativeDistance_Stream/eval_phase/test_stream": 0.9653474570792399,
        "R2Score_Stream/eval_phase/test_stream": 0.8451436971440728,
        "Forgetting_Stream/eval_phase/test_stream": {
            "0": 0.041348505020141646,
            "1": 0.05147300958633427,
            "2": 0.027502046181605455,
            "3": 0.020578821500142452,
            "4": -0.016642630100250244,
            "5": -0.012586921453475952,
            "6": 0.0017754137516021729,
            "7": 0.012419052422046661,
            "8": 0.001001437505086189
        },
        "BWT_Stream/eval_phase/test_stream": {
            "0": 0.041348505020141646,
            "1": 0.05147300958633427,
            "2": 0.027502046181605455,
            "3": 0.020578821500142452,
            "4": -0.016642630100250244,
            "5": -0.012586921453475952,
            "6": 0.0017754137516021729,
            "7": 0.012419052422046661,
            "8": 0.001001437505086189
        }
    }
}