{
    "0": {
        "Loss_Exp": 44.90085220336914,
        "RelativeDistance_Exp": 0.799085259437561,
        "R2Score_Exp": 0.8132303357124329,
        "Forgetting_Exp": 0.07778912782669067,
        "BWT_Exp": -0.07778912782669067
    },
    "1": {
        "Loss_Exp": 51.021087646484375,
        "RelativeDistance_Exp": 0.7400802373886108,
        "R2Score_Exp": 0.7930337190628052,
        "Forgetting_Exp": 0.08904445171356201,
        "BWT_Exp": -0.08904445171356201
    },
    "2": {
        "Loss_Exp": 35.87284851074219,
        "RelativeDistance_Exp": 0.7232698202133179,
        "R2Score_Exp": 0.8481429219245911,
        "Forgetting_Exp": 0.046375811100006104,
        "BWT_Exp": -0.046375811100006104
    },
    "3": {
        "Loss_Exp": 30.724266052246094,
        "RelativeDistance_Exp": 0.7512791752815247,
        "R2Score_Exp": 0.877578616142273,
        "Forgetting_Exp": 0.04650700092315674,
        "BWT_Exp": -0.04650700092315674
    },
    "4": {
        "Loss_Exp": 32.31972122192383,
        "RelativeDistance_Exp": 0.7991273403167725,
        "R2Score_Exp": 0.8696129322052002,
        "Forgetting_Exp": 0.029533863067626953,
        "BWT_Exp": -0.029533863067626953
    },
    "5": {
        "Loss_Exp": 31.58768081665039,
        "RelativeDistance_Exp": 0.6508086323738098,
        "R2Score_Exp": 0.8779087662696838,
        "Forgetting_Exp": 0.007203161716461182,
        "BWT_Exp": -0.007203161716461182
    },
    "6": {
        "Loss_Exp": 32.19258499145508,
        "RelativeDistance_Exp": 0.8131611347198486,
        "R2Score_Exp": 0.8739545345306396,
        "Forgetting_Exp": 0.022409558296203613,
        "BWT_Exp": -0.022409558296203613
    },
    "7": {
        "Loss_Exp": 39.62734603881836,
        "RelativeDistance_Exp": 0.5667743682861328,
        "R2Score_Exp": 0.8593804240226746,
        "Forgetting_Exp": 0.03340345621109009,
        "BWT_Exp": -0.03340345621109009
    },
    "8": {
        "Loss_Exp": 30.15290069580078,
        "RelativeDistance_Exp": 0.5579034686088562,
        "R2Score_Exp": 0.8992894887924194,
        "Forgetting_Exp": 0.008497536182403564,
        "BWT_Exp": -0.008497536182403564
    },
    "9": {
        "Loss_Exp": 21.33098030090332,
        "RelativeDistance_Exp": 0.5149577856063843,
        "R2Score_Exp": 0.9266728162765503
    },
    "stream": {
        "Loss_Stream/eval_phase/test_stream": 38.30874352570197,
        "RelativeDistance_Stream/eval_phase/test_stream": 0.6916447222232819,
        "R2Score_Stream/eval_phase/test_stream": 0.863880455493927,
        "Forgetting_Stream/eval_phase/test_stream": {
            "0": 0.07778912782669067,
            "1": 0.08904445171356201,
            "2": 0.046375811100006104,
            "3": 0.04650700092315674,
            "4": 0.029533863067626953,
            "5": 0.007203161716461182,
            "6": 0.022409558296203613,
            "7": 0.03340345621109009,
            "8": 0.008497536182403564
        },
        "BWT_Stream/eval_phase/test_stream": {
            "0": 0.07778912782669067,
            "1": 0.08904445171356201,
            "2": 0.046375811100006104,
            "3": 0.04650700092315674,
            "4": 0.029533863067626953,
            "5": 0.007203161716461182,
            "6": 0.022409558296203613,
            "7": 0.03340345621109009,
            "8": 0.008497536182403564
        }
    }
}