{
    "0": {
        "Loss_Exp": 224.58056640625,
        "RelativeDistance_Exp": 1.1020832061767578,
        "R2Score_Exp": 0.19480150938034058,
        "Forgetting_Exp": 0.7054749131202698,
        "BWT_Exp": -0.7054749131202698
    },
    "1": {
        "Loss_Exp": 253.9188690185547,
        "RelativeDistance_Exp": 1.0325512886047363,
        "R2Score_Exp": 0.08852894604206085,
        "Forgetting_Exp": 0.8072911947965622,
        "BWT_Exp": -0.8072911947965622
    },
    "2": {
        "Loss_Exp": 265.439697265625,
        "RelativeDistance_Exp": 1.2520971298217773,
        "R2Score_Exp": 0.019998490810394287,
        "Forgetting_Exp": 0.8690676093101501,
        "BWT_Exp": -0.8690676093101501
    },
    "3": {
        "Loss_Exp": 239.50616455078125,
        "RelativeDistance_Exp": 1.2610375881195068,
        "R2Score_Exp": 0.03642444312572479,
        "Forgetting_Exp": 0.8583743125200272,
        "BWT_Exp": -0.8583743125200272
    },
    "4": {
        "Loss_Exp": 354.11065673828125,
        "RelativeDistance_Exp": 1.3210810422897339,
        "R2Score_Exp": -0.12300926446914673,
        "Forgetting_Exp": 1.008289873600006,
        "BWT_Exp": -1.008289873600006
    },
    "5": {
        "Loss_Exp": 244.52774047851562,
        "RelativeDistance_Exp": 1.1245598793029785,
        "R2Score_Exp": 0.19311225414276123,
        "Forgetting_Exp": 0.6959924697875977,
        "BWT_Exp": -0.6959924697875977
    },
    "6": {
        "Loss_Exp": 273.8872375488281,
        "RelativeDistance_Exp": 1.455735445022583,
        "R2Score_Exp": 0.1551230251789093,
        "Forgetting_Exp": 0.7320638597011566,
        "BWT_Exp": -0.7320638597011566
    },
    "7": {
        "Loss_Exp": 248.93472290039062,
        "RelativeDistance_Exp": 0.9529080986976624,
        "R2Score_Exp": 0.15685436129570007,
        "Forgetting_Exp": 0.6761116087436676,
        "BWT_Exp": -0.6761116087436676
    },
    "8": {
        "Loss_Exp": 280.7855224609375,
        "RelativeDistance_Exp": 1.3148434162139893,
        "R2Score_Exp": 0.14272470772266388,
        "Forgetting_Exp": 0.6834107488393784,
        "BWT_Exp": -0.6834107488393784
    },
    "9": {
        "Loss_Exp": 35.56548309326172,
        "RelativeDistance_Exp": 0.8797067403793335,
        "R2Score_Exp": 0.8598283529281616
    },
    "stream": {
        "Loss_Stream/eval_phase/test_stream": 260.2684409903672,
        "RelativeDistance_Stream/eval_phase/test_stream": 1.1696603834629058,
        "R2Score_Stream/eval_phase/test_stream": 0.17243868261575698,
        "Forgetting_Stream/eval_phase/test_stream": {
            "0": 0.7054749131202698,
            "1": 0.8072911947965622,
            "2": 0.8690676093101501,
            "3": 0.8583743125200272,
            "4": 1.008289873600006,
            "5": 0.6959924697875977,
            "6": 0.7320638597011566,
            "7": 0.6761116087436676,
            "8": 0.6834107488393784
        },
        "BWT_Stream/eval_phase/test_stream": {
            "0": 0.7054749131202698,
            "1": 0.8072911947965622,
            "2": 0.8690676093101501,
            "3": 0.8583743125200272,
            "4": 1.008289873600006,
            "5": 0.6959924697875977,
            "6": 0.7320638597011566,
            "7": 0.6761116087436676,
            "8": 0.6834107488393784
        }
    }
}