{
    "0": {
        "Loss_Exp": 23.523542404174805,
        "RelativeDistance_Exp": 0.5955536961555481,
        "R2Score_Exp": 0.902140736579895
    },
    "1": {
        "Loss_Exp": 24.381200790405273,
        "RelativeDistance_Exp": 0.5707806944847107,
        "R2Score_Exp": 0.8958134651184082
    },
    "2": {
        "Loss_Exp": 24.167648315429688,
        "RelativeDistance_Exp": 0.6182353496551514,
        "R2Score_Exp": 0.900544285774231
    },
    "3": {
        "Loss_Exp": 22.967838287353516,
        "RelativeDistance_Exp": 0.5608169436454773,
        "R2Score_Exp": 0.899759829044342
    },
    "4": {
        "Loss_Exp": 29.386201858520508,
        "RelativeDistance_Exp": 0.6745182871818542,
        "R2Score_Exp": 0.8899967670440674
    },
    "5": {
        "Loss_Exp": 28.973289489746094,
        "RelativeDistance_Exp": 0.6465070843696594,
        "R2Score_Exp": 0.890471339225769
    },
    "6": {
        "Loss_Exp": 27.867155075073242,
        "RelativeDistance_Exp": 0.5048002600669861,
        "R2Score_Exp": 0.8892297148704529
    },
    "7": {
        "Loss_Exp": 27.138378143310547,
        "RelativeDistance_Exp": 0.6152488589286804,
        "R2Score_Exp": 0.8945543766021729
    },
    "8": {
        "Loss_Exp": 27.96529197692871,
        "RelativeDistance_Exp": 0.43557727336883545,
        "R2Score_Exp": 0.8920489549636841
    },
    "9": {
        "Loss_Exp": 21.900724411010742,
        "RelativeDistance_Exp": 0.7783382534980774,
        "R2Score_Exp": 0.9207924008369446
    },
    "stream": {
        "Loss_Stream/eval_phase/test_stream": 25.64346714461991,
        "RelativeDistance_Stream/eval_phase/test_stream": 0.600037670135498,
        "R2Score_Stream/eval_phase/test_stream": 0.8975351870059967,
        "Forgetting_Stream/eval_phase/test_stream": {},
        "BWT_Stream/eval_phase/test_stream": {}
    }
}