{
    "0": {
        "Loss_Exp": 45.591495513916016,
        "RelativeDistance_Exp": 0.5433372259140015,
        "R2Score_Exp": 0.8439624309539795
    },
    "1": {
        "Loss_Exp": 22.080814361572266,
        "RelativeDistance_Exp": 0.5456588864326477,
        "R2Score_Exp": 0.9101642370223999
    },
    "2": {
        "Loss_Exp": 28.335826873779297,
        "RelativeDistance_Exp": 0.45976293087005615,
        "R2Score_Exp": 0.872137188911438
    },
    "3": {
        "Loss_Exp": 20.70836067199707,
        "RelativeDistance_Exp": 0.4144645631313324,
        "R2Score_Exp": 0.9140384197235107
    },
    "4": {
        "Loss_Exp": 18.32921600341797,
        "RelativeDistance_Exp": 0.40792277455329895,
        "R2Score_Exp": 0.9071505665779114
    },
    "5": {
        "Loss_Exp": 22.71517562866211,
        "RelativeDistance_Exp": 0.42252787947654724,
        "R2Score_Exp": 0.8788087964057922
    },
    "6": {
        "Loss_Exp": 23.143714904785156,
        "RelativeDistance_Exp": 0.38878604769706726,
        "R2Score_Exp": 0.8829736113548279
    },
    "7": {
        "Loss_Exp": 24.101484298706055,
        "RelativeDistance_Exp": 0.49109628796577454,
        "R2Score_Exp": 0.8856189846992493
    },
    "8": {
        "Loss_Exp": 27.223905563354492,
        "RelativeDistance_Exp": 0.3548569679260254,
        "R2Score_Exp": 0.8766463994979858
    },
    "9": {
        "Loss_Exp": 38.930641174316406,
        "RelativeDistance_Exp": 0.5583430528640747,
        "R2Score_Exp": 0.8665899038314819
    },
    "stream": {
        "Loss_Stream/eval_phase/test_stream": 26.12616369834986,
        "RelativeDistance_Stream/eval_phase/test_stream": 0.4586756616830826,
        "R2Score_Stream/eval_phase/test_stream": 0.8838090538978577,
        "Forgetting_Stream/eval_phase/test_stream": {},
        "BWT_Stream/eval_phase/test_stream": {}
    }
}