{
    "0": {
        "Loss_Exp": 62.094459533691406,
        "RelativeDistance_Exp": 0.7042370438575745,
        "R2Score_Exp": 0.7853859663009644,
        "Forgetting_Exp": 0.07114577293395996,
        "BWT_Exp": -0.07114577293395996
    },
    "1": {
        "Loss_Exp": 44.80778503417969,
        "RelativeDistance_Exp": 0.7499372959136963,
        "R2Score_Exp": 0.825862467288971,
        "Forgetting_Exp": 0.005892813205718994,
        "BWT_Exp": -0.005892813205718994
    },
    "2": {
        "Loss_Exp": 54.74704360961914,
        "RelativeDistance_Exp": 0.5762213468551636,
        "R2Score_Exp": 0.7948161363601685,
        "Forgetting_Exp": -0.02307218313217163,
        "BWT_Exp": 0.02307218313217163
    },
    "3": {
        "Loss_Exp": 37.90992736816406,
        "RelativeDistance_Exp": 0.5376384258270264,
        "R2Score_Exp": 0.8412160277366638,
        "Forgetting_Exp": -0.055743396282196045,
        "BWT_Exp": 0.055743396282196045
    },
    "4": {
        "Loss_Exp": 33.4864616394043,
        "RelativeDistance_Exp": 0.59027099609375,
        "R2Score_Exp": 0.8260687589645386,
        "Forgetting_Exp": 0.015820086002349854,
        "BWT_Exp": -0.015820086002349854
    },
    "5": {
        "Loss_Exp": 35.87262725830078,
        "RelativeDistance_Exp": 0.5677344799041748,
        "R2Score_Exp": 0.792195200920105,
        "Forgetting_Exp": 0.03457379341125488,
        "BWT_Exp": -0.03457379341125488
    },
    "6": {
        "Loss_Exp": 40.510902404785156,
        "RelativeDistance_Exp": 0.5001834630966187,
        "R2Score_Exp": 0.8167129158973694,
        "Forgetting_Exp": 0.022038638591766357,
        "BWT_Exp": -0.022038638591766357
    },
    "7": {
        "Loss_Exp": 38.30902099609375,
        "RelativeDistance_Exp": 0.5581760406494141,
        "R2Score_Exp": 0.7929052114486694,
        "Forgetting_Exp": 0.05719161033630371,
        "BWT_Exp": -0.05719161033630371
    },
    "8": {
        "Loss_Exp": 41.19525146484375,
        "RelativeDistance_Exp": 0.46386611461639404,
        "R2Score_Exp": 0.8391958475112915,
        "Forgetting_Exp": 0.00024628639221191406,
        "BWT_Exp": -0.00024628639221191406
    },
    "9": {
        "Loss_Exp": 50.56079864501953,
        "RelativeDistance_Exp": 0.689729630947113,
        "R2Score_Exp": 0.8346643447875977
    },
    "stream": {
        "Loss_Stream/eval_phase/test_stream": 43.236909526633234,
        "RelativeDistance_Stream/eval_phase/test_stream": 0.5937994837760925,
        "R2Score_Stream/eval_phase/test_stream": 0.8149022877216339,
        "Forgetting_Stream/eval_phase/test_stream": {
            "0": 0.07114577293395996,
            "1": 0.005892813205718994,
            "2": -0.02307218313217163,
            "3": -0.055743396282196045,
            "4": 0.015820086002349854,
            "5": 0.03457379341125488,
            "6": 0.022038638591766357,
            "7": 0.05719161033630371,
            "8": 0.00024628639221191406
        },
        "BWT_Stream/eval_phase/test_stream": {
            "0": 0.07114577293395996,
            "1": 0.005892813205718994,
            "2": -0.02307218313217163,
            "3": -0.055743396282196045,
            "4": 0.015820086002349854,
            "5": 0.03457379341125488,
            "6": 0.022038638591766357,
            "7": 0.05719161033630371,
            "8": 0.00024628639221191406
        }
    }
}