{
    "0": {
        "Loss_Exp": 78.02985375362373,
        "RelativeDistance_Exp": 0.9906054437160492,
        "R2Score_Exp": 0.6559926688671112,
        "Forgetting_Exp": 0.23224170207977302,
        "BWT_Exp": -0.23224170207977302
    },
    "1": {
        "Loss_Exp": 79.92936237750698,
        "RelativeDistance_Exp": 0.9091881910959879,
        "R2Score_Exp": 0.6675136923789978,
        "Forgetting_Exp": 0.23078964153925574,
        "BWT_Exp": -0.23078964153925574
    },
    "2": {
        "Loss_Exp": 56.43212904260903,
        "RelativeDistance_Exp": 0.7121390883739178,
        "R2Score_Exp": 0.7563918003669152,
        "Forgetting_Exp": 0.15754589667687047,
        "BWT_Exp": -0.15754589667687047
    },
    "3": {
        "Loss_Exp": 42.768995850941025,
        "RelativeDistance_Exp": 0.6972313655747308,
        "R2Score_Exp": 0.8299367758962843,
        "Forgetting_Exp": 0.11362018850114608,
        "BWT_Exp": -0.11362018850114608
    },
    "4": {
        "Loss_Exp": 51.704086397900994,
        "RelativeDistance_Exp": 0.609523845570428,
        "R2Score_Exp": 0.7595029217856271,
        "Forgetting_Exp": 0.16296471868242535,
        "BWT_Exp": -0.16296471868242535
    },
    "5": {
        "Loss_Exp": 43.496808770379964,
        "RelativeDistance_Exp": 0.5637707163890203,
        "R2Score_Exp": 0.8271130720774332,
        "Forgetting_Exp": 0.07495700319608056,
        "BWT_Exp": -0.07495700319608056
    },
    "6": {
        "Loss_Exp": 41.063716385060495,
        "RelativeDistance_Exp": 0.6360725834965706,
        "R2Score_Exp": 0.8431383892893791,
        "Forgetting_Exp": 0.06284280121326447,
        "BWT_Exp": -0.06284280121326447
    },
    "7": {
        "Loss_Exp": 46.5819035499745,
        "RelativeDistance_Exp": 0.4803343154489994,
        "R2Score_Exp": 0.8391651213169098,
        "Forgetting_Exp": 0.05901048332452774,
        "BWT_Exp": -0.05901048332452774
    },
    "8": {
        "Loss_Exp": 28.07540152148404,
        "RelativeDistance_Exp": 0.4361370901266734,
        "R2Score_Exp": 0.8904706438382467,
        "Forgetting_Exp": 0.03883516788482666,
        "BWT_Exp": -0.03883516788482666
    },
    "9": {
        "Loss_Exp": 18.670587034875354,
        "RelativeDistance_Exp": 0.39031223952770233,
        "R2Score_Exp": 0.9229390621185303
    },
    "stream": {
        "Loss_Stream/eval_phase/test_stream": 56.76172363564355,
        "RelativeDistance_Stream/eval_phase/test_stream": 0.7129179000118633,
        "R2Score_Stream/eval_phase/test_stream": 0.7670379442933165,
        "Forgetting_Stream/eval_phase/test_stream": {
            "0": 0.23224170207977302,
            "1": 0.23078964153925574,
            "2": 0.15754589667687047,
            "3": 0.11362018850114608,
            "4": 0.16296471868242535,
            "5": 0.07495700319608056,
            "6": 0.06284280121326447,
            "7": 0.05901048332452774,
            "8": 0.03883516788482666
        },
        "BWT_Stream/eval_phase/test_stream": {
            "0": 0.23224170207977302,
            "1": 0.23078964153925574,
            "2": 0.15754589667687047,
            "3": 0.11362018850114608,
            "4": 0.16296471868242535,
            "5": 0.07495700319608056,
            "6": 0.06284280121326447,
            "7": 0.05901048332452774,
            "8": 0.03883516788482666
        }
    }
}