{
    "0": {
        "Loss_Exp": 76.67497253417969,
        "RelativeDistance_Exp": 0.7303231954574585,
        "R2Score_Exp": 0.7420308589935303,
        "Forgetting_Exp": 0.10482662916183472,
        "BWT_Exp": -0.10482662916183472
    },
    "1": {
        "Loss_Exp": 41.603515625,
        "RelativeDistance_Exp": 0.7140067219734192,
        "R2Score_Exp": 0.8450405597686768,
        "Forgetting_Exp": 0.05330514907836914,
        "BWT_Exp": -0.05330514907836914
    },
    "2": {
        "Loss_Exp": 52.97736740112305,
        "RelativeDistance_Exp": 0.581504225730896,
        "R2Score_Exp": 0.8040232062339783,
        "Forgetting_Exp": 0.028715431690216064,
        "BWT_Exp": -0.028715431690216064
    },
    "3": {
        "Loss_Exp": 37.45383834838867,
        "RelativeDistance_Exp": 0.5145701169967651,
        "R2Score_Exp": 0.8526104688644409,
        "Forgetting_Exp": 0.015359759330749512,
        "BWT_Exp": -0.015359759330749512
    },
    "4": {
        "Loss_Exp": 31.792306900024414,
        "RelativeDistance_Exp": 0.5468384623527527,
        "R2Score_Exp": 0.8442115187644958,
        "Forgetting_Exp": 0.05236536264419556,
        "BWT_Exp": -0.05236536264419556
    },
    "5": {
        "Loss_Exp": 37.861392974853516,
        "RelativeDistance_Exp": 0.5423445105552673,
        "R2Score_Exp": 0.8113004565238953,
        "Forgetting_Exp": 0.06714797019958496,
        "BWT_Exp": -0.06714797019958496
    },
    "6": {
        "Loss_Exp": 37.1773796081543,
        "RelativeDistance_Exp": 0.4505133330821991,
        "R2Score_Exp": 0.8327481746673584,
        "Forgetting_Exp": 0.03793877363204956,
        "BWT_Exp": -0.03793877363204956
    },
    "7": {
        "Loss_Exp": 32.17091751098633,
        "RelativeDistance_Exp": 0.42584899067878723,
        "R2Score_Exp": 0.8466637134552002,
        "Forgetting_Exp": 0.05580008029937744,
        "BWT_Exp": -0.05580008029937744
    },
    "8": {
        "Loss_Exp": 34.9884033203125,
        "RelativeDistance_Exp": 0.39804646372795105,
        "R2Score_Exp": 0.8649686574935913,
        "Forgetting_Exp": 0.018203020095825195,
        "BWT_Exp": -0.018203020095825195
    },
    "9": {
        "Loss_Exp": 38.04021453857422,
        "RelativeDistance_Exp": 0.5588343143463135,
        "R2Score_Exp": 0.8706228733062744
    },
    "stream": {
        "Loss_Stream/eval_phase/test_stream": 41.830455842811794,
        "RelativeDistance_Stream/eval_phase/test_stream": 0.5462830334901809,
        "R2Score_Stream/eval_phase/test_stream": 0.8314220488071442,
        "Forgetting_Stream/eval_phase/test_stream": {
            "0": 0.10482662916183472,
            "1": 0.05330514907836914,
            "2": 0.028715431690216064,
            "3": 0.015359759330749512,
            "4": 0.05236536264419556,
            "5": 0.06714797019958496,
            "6": 0.03793877363204956,
            "7": 0.05580008029937744,
            "8": 0.018203020095825195
        },
        "BWT_Stream/eval_phase/test_stream": {
            "0": 0.10482662916183472,
            "1": 0.05330514907836914,
            "2": 0.028715431690216064,
            "3": 0.015359759330749512,
            "4": 0.05236536264419556,
            "5": 0.06714797019958496,
            "6": 0.03793877363204956,
            "7": 0.05580008029937744,
            "8": 0.018203020095825195
        }
    }
}