{
    "0": {
        "Loss_Exp": 60.468428093090395,
        "RelativeDistance_Exp": 0.9348214864730835,
        "R2Score_Exp": 0.8636154532432556,
        "Forgetting_Exp": 0.013475894927978516,
        "BWT_Exp": -0.013475894927978516
    },
    "1": {
        "Loss_Exp": 52.075797588716,
        "RelativeDistance_Exp": 1.580440104007721,
        "R2Score_Exp": 0.8477684855461121,
        "Forgetting_Exp": 0.04399791359901428,
        "BWT_Exp": -0.04399791359901428
    },
    "2": {
        "Loss_Exp": 49.72916225481999,
        "RelativeDistance_Exp": 0.7536760568618774,
        "R2Score_Exp": 0.841035008430481,
        "Forgetting_Exp": -0.01075688997904456,
        "BWT_Exp": 0.01075688997904456
    },
    "3": {
        "Loss_Exp": 40.51199493639164,
        "RelativeDistance_Exp": 0.6515312492847443,
        "R2Score_Exp": 0.8647595047950745,
        "Forgetting_Exp": -0.005450159311294556,
        "BWT_Exp": 0.005450159311294556
    },
    "4": {
        "Loss_Exp": 41.963087432414056,
        "RelativeDistance_Exp": 0.8183222711086273,
        "R2Score_Exp": 0.8644342422485352,
        "Forgetting_Exp": -0.012645557522773743,
        "BWT_Exp": 0.012645557522773743
    },
    "5": {
        "Loss_Exp": 39.4084414606509,
        "RelativeDistance_Exp": 0.6922075152397156,
        "R2Score_Exp": 0.8465558687845866,
        "Forgetting_Exp": 0.0035410324732463305,
        "BWT_Exp": -0.0035410324732463305
    },
    "6": {
        "Loss_Exp": 44.02404167229402,
        "RelativeDistance_Exp": 0.700488825639089,
        "R2Score_Exp": 0.8669290939966837,
        "Forgetting_Exp": -0.019940197467803955,
        "BWT_Exp": 0.019940197467803955
    },
    "7": {
        "Loss_Exp": 30.875804901123047,
        "RelativeDistance_Exp": 0.6919152140617371,
        "R2Score_Exp": 0.8782530426979065,
        "Forgetting_Exp": 0.009388267993927002,
        "BWT_Exp": -0.009388267993927002
    },
    "8": {
        "Loss_Exp": 43.00296035099551,
        "RelativeDistance_Exp": 0.9612077474594116,
        "R2Score_Exp": 0.8598511815071106,
        "Forgetting_Exp": -0.009548366069793701,
        "BWT_Exp": 0.009548366069793701
    },
    "9": {
        "Loss_Exp": 54.41195105403834,
        "RelativeDistance_Exp": 0.8425687253475189,
        "R2Score_Exp": 0.8518382608890533
    },
    "stream": {
        "Loss_Stream/eval_phase/test_stream": 45.657384415940335,
        "RelativeDistance_Stream/eval_phase/test_stream": 0.8477275048693022,
        "R2Score_Stream/eval_phase/test_stream": 0.857300654053688,
        "Forgetting_Stream/eval_phase/test_stream": {
            "0": 0.013475894927978516,
            "1": 0.04399791359901428,
            "2": -0.01075688997904456,
            "3": -0.005450159311294556,
            "4": -0.012645557522773743,
            "5": 0.0035410324732463305,
            "6": -0.019940197467803955,
            "7": 0.009388267993927002,
            "8": -0.009548366069793701
        },
        "BWT_Stream/eval_phase/test_stream": {
            "0": 0.013475894927978516,
            "1": 0.04399791359901428,
            "2": -0.01075688997904456,
            "3": -0.005450159311294556,
            "4": -0.012645557522773743,
            "5": 0.0035410324732463305,
            "6": -0.019940197467803955,
            "7": 0.009388267993927002,
            "8": -0.009548366069793701
        }
    }
}