{
    "0": {
        "Loss_Exp": 67.50687746891685,
        "RelativeDistance_Exp": 1.1266807854175567,
        "R2Score_Exp": 0.7235400140285492,
        "Forgetting_Exp": 0.164152467250824,
        "BWT_Exp": -0.164152467250824
    },
    "1": {
        "Loss_Exp": 71.63040297889492,
        "RelativeDistance_Exp": 1.0646843473116556,
        "R2Score_Exp": 0.7264325420061747,
        "Forgetting_Exp": 0.16074697573979702,
        "BWT_Exp": -0.16074697573979702
    },
    "2": {
        "Loss_Exp": 50.08458082739804,
        "RelativeDistance_Exp": 0.9157892786539518,
        "R2Score_Exp": 0.7952195864457351,
        "Forgetting_Exp": 0.1022865222050593,
        "BWT_Exp": -0.1022865222050593
    },
    "3": {
        "Loss_Exp": 37.822125867149985,
        "RelativeDistance_Exp": 0.8994025786717733,
        "R2Score_Exp": 0.8556550277603997,
        "Forgetting_Exp": 0.07542387644449866,
        "BWT_Exp": -0.07542387644449866
    },
    "4": {
        "Loss_Exp": 46.50424021827462,
        "RelativeDistance_Exp": 0.8188040171350751,
        "R2Score_Exp": 0.8202241233416966,
        "Forgetting_Exp": 0.08651259115764076,
        "BWT_Exp": -0.08651259115764076
    },
    "5": {
        "Loss_Exp": 43.93961043085121,
        "RelativeDistance_Exp": 0.7436426977316538,
        "R2Score_Exp": 0.8309987882773081,
        "Forgetting_Exp": 0.059558580319086785,
        "BWT_Exp": -0.059558580319086785
    },
    "6": {
        "Loss_Exp": 34.3267861107545,
        "RelativeDistance_Exp": 0.9050330147147179,
        "R2Score_Exp": 0.8681395873427391,
        "Forgetting_Exp": 0.025856003165245056,
        "BWT_Exp": -0.025856003165245056
    },
    "7": {
        "Loss_Exp": 44.053124434798185,
        "RelativeDistance_Exp": 0.6310996487736702,
        "R2Score_Exp": 0.8522856682538986,
        "Forgetting_Exp": 0.03551694005727768,
        "BWT_Exp": -0.03551694005727768
    },
    "8": {
        "Loss_Exp": 29.88795117032041,
        "RelativeDistance_Exp": 0.566119501988093,
        "R2Score_Exp": 0.8974931836128235,
        "Forgetting_Exp": 0.014344771703084347,
        "BWT_Exp": -0.014344771703084347
    },
    "9": {
        "Loss_Exp": 22.21108035466939,
        "RelativeDistance_Exp": 0.5149860978126526,
        "R2Score_Exp": 0.9098863899707794
    },
    "stream": {
        "Loss_Stream/eval_phase/test_stream": 51.016145511362005,
        "RelativeDistance_Stream/eval_phase/test_stream": 0.8944176939534553,
        "R2Score_Stream/eval_phase/test_stream": 0.8046154828719151,
        "Forgetting_Stream/eval_phase/test_stream": {
            "0": 0.164152467250824,
            "1": 0.16074697573979702,
            "2": 0.1022865222050593,
            "3": 0.07542387644449866,
            "4": 0.08651259115764076,
            "5": 0.059558580319086785,
            "6": 0.025856003165245056,
            "7": 0.03551694005727768,
            "8": 0.014344771703084347
        },
        "BWT_Stream/eval_phase/test_stream": {
            "0": 0.164152467250824,
            "1": 0.16074697573979702,
            "2": 0.1022865222050593,
            "3": 0.07542387644449866,
            "4": 0.08651259115764076,
            "5": 0.059558580319086785,
            "6": 0.025856003165245056,
            "7": 0.03551694005727768,
            "8": 0.014344771703084347
        }
    }
}