{
    "0": {
        "Loss_Exp": 53.13675556740566,
        "RelativeDistance_Exp": 0.7668391168117523,
        "R2Score_Exp": 0.8798961639404297,
        "Forgetting_Exp": -0.004092156887054443,
        "BWT_Exp": 0.004092156887054443
    },
    "1": {
        "Loss_Exp": 42.537613642222006,
        "RelativeDistance_Exp": 1.09377121925354,
        "R2Score_Exp": 0.8749419748783112,
        "Forgetting_Exp": 0.022957265377044678,
        "BWT_Exp": -0.022957265377044678
    },
    "2": {
        "Loss_Exp": 44.24406453423811,
        "RelativeDistance_Exp": 0.6514018972714742,
        "R2Score_Exp": 0.8592071731885275,
        "Forgetting_Exp": -0.03636165459950769,
        "BWT_Exp": 0.03636165459950769
    },
    "3": {
        "Loss_Exp": 36.35623862211688,
        "RelativeDistance_Exp": 0.5429636538028717,
        "R2Score_Exp": 0.8788043260574341,
        "Forgetting_Exp": -0.027328014373779297,
        "BWT_Exp": 0.027328014373779297
    },
    "4": {
        "Loss_Exp": 34.01701468088178,
        "RelativeDistance_Exp": 0.6540678590536118,
        "R2Score_Exp": 0.8885167241096497,
        "Forgetting_Exp": -0.0421854704618454,
        "BWT_Exp": 0.0421854704618454
    },
    "5": {
        "Loss_Exp": 31.940524225649625,
        "RelativeDistance_Exp": 0.5581717093785604,
        "R2Score_Exp": 0.87567005554835,
        "Forgetting_Exp": -0.020631750424702888,
        "BWT_Exp": 0.020631750424702888
    },
    "6": {
        "Loss_Exp": 39.87241845097102,
        "RelativeDistance_Exp": 0.6479793091615041,
        "R2Score_Exp": 0.8743200500806173,
        "Forgetting_Exp": -0.03261699279149377,
        "BWT_Exp": 0.03261699279149377
    },
    "7": {
        "Loss_Exp": 32.2536506652832,
        "RelativeDistance_Exp": 0.5593830347061157,
        "R2Score_Exp": 0.8728200197219849,
        "Forgetting_Exp": 0.01686030626296997,
        "BWT_Exp": -0.01686030626296997
    },
    "8": {
        "Loss_Exp": 49.30087008092852,
        "RelativeDistance_Exp": 0.8804770410060883,
        "R2Score_Exp": 0.845608651638031,
        "Forgetting_Exp": 0.018120259046554565,
        "BWT_Exp": -0.018120259046554565
    },
    "9": {
        "Loss_Exp": 63.7882090574055,
        "RelativeDistance_Exp": 0.7280635833740234,
        "R2Score_Exp": 0.8259170055389404
    },
    "stream": {
        "Loss_Stream/eval_phase/test_stream": 41.50235402270743,
        "RelativeDistance_Stream/eval_phase/test_stream": 0.6988559352854887,
        "R2Score_Stream/eval_phase/test_stream": 0.8693672915299734,
        "Forgetting_Stream/eval_phase/test_stream": {
            "0": -0.004092156887054443,
            "1": 0.022957265377044678,
            "2": -0.03636165459950769,
            "3": -0.027328014373779297,
            "4": -0.0421854704618454,
            "5": -0.020631750424702888,
            "6": -0.03261699279149377,
            "7": 0.01686030626296997,
            "8": 0.018120259046554565
        },
        "BWT_Stream/eval_phase/test_stream": {
            "0": -0.004092156887054443,
            "1": 0.022957265377044678,
            "2": -0.03636165459950769,
            "3": -0.027328014373779297,
            "4": -0.0421854704618454,
            "5": -0.020631750424702888,
            "6": -0.03261699279149377,
            "7": 0.01686030626296997,
            "8": 0.018120259046554565
        }
    }
}