{
    "0": {
        "Loss_Exp": 75.76394653320312,
        "RelativeDistance_Exp": 0.7178008556365967,
        "R2Score_Exp": 0.7454265356063843,
        "Forgetting_Exp": 0.09681868553161621,
        "BWT_Exp": -0.09681868553161621
    },
    "1": {
        "Loss_Exp": 39.03700637817383,
        "RelativeDistance_Exp": 0.69732266664505,
        "R2Score_Exp": 0.853958010673523,
        "Forgetting_Exp": 0.043095946311950684,
        "BWT_Exp": -0.043095946311950684
    },
    "2": {
        "Loss_Exp": 50.678035736083984,
        "RelativeDistance_Exp": 0.5755934119224548,
        "R2Score_Exp": 0.8081698417663574,
        "Forgetting_Exp": 0.026674985885620117,
        "BWT_Exp": -0.026674985885620117
    },
    "3": {
        "Loss_Exp": 36.405704498291016,
        "RelativeDistance_Exp": 0.4877557158470154,
        "R2Score_Exp": 0.85447096824646,
        "Forgetting_Exp": 0.011926412582397461,
        "BWT_Exp": -0.011926412582397461
    },
    "4": {
        "Loss_Exp": 30.773412704467773,
        "RelativeDistance_Exp": 0.5268901586532593,
        "R2Score_Exp": 0.8483158349990845,
        "Forgetting_Exp": 0.04992043972015381,
        "BWT_Exp": -0.04992043972015381
    },
    "5": {
        "Loss_Exp": 36.44081115722656,
        "RelativeDistance_Exp": 0.5266557931900024,
        "R2Score_Exp": 0.8138201832771301,
        "Forgetting_Exp": 0.06957292556762695,
        "BWT_Exp": -0.06957292556762695
    },
    "6": {
        "Loss_Exp": 37.28066635131836,
        "RelativeDistance_Exp": 0.4429165720939636,
        "R2Score_Exp": 0.8349751234054565,
        "Forgetting_Exp": 0.03638625144958496,
        "BWT_Exp": -0.03638625144958496
    },
    "7": {
        "Loss_Exp": 32.051185607910156,
        "RelativeDistance_Exp": 0.4228113889694214,
        "R2Score_Exp": 0.8463120460510254,
        "Forgetting_Exp": 0.054824650287628174,
        "BWT_Exp": -0.054824650287628174
    },
    "8": {
        "Loss_Exp": 34.67845153808594,
        "RelativeDistance_Exp": 0.38115760684013367,
        "R2Score_Exp": 0.8680044412612915,
        "Forgetting_Exp": 0.01657700538635254,
        "BWT_Exp": -0.01657700538635254
    },
    "9": {
        "Loss_Exp": 39.01578903198242,
        "RelativeDistance_Exp": 0.5514485836029053,
        "R2Score_Exp": 0.8686676025390625
    },
    "stream": {
        "Loss_Stream/eval_phase/test_stream": 40.82440962929036,
        "RelativeDistance_Stream/eval_phase/test_stream": 0.5330352753400802,
        "R2Score_Stream/eval_phase/test_stream": 0.8342120587825775,
        "Forgetting_Stream/eval_phase/test_stream": {
            "0": 0.09681868553161621,
            "1": 0.043095946311950684,
            "2": 0.026674985885620117,
            "3": 0.011926412582397461,
            "4": 0.04992043972015381,
            "5": 0.06957292556762695,
            "6": 0.03638625144958496,
            "7": 0.054824650287628174,
            "8": 0.01657700538635254
        },
        "BWT_Stream/eval_phase/test_stream": {
            "0": 0.09681868553161621,
            "1": 0.043095946311950684,
            "2": 0.026674985885620117,
            "3": 0.011926412582397461,
            "4": 0.04992043972015381,
            "5": 0.06957292556762695,
            "6": 0.03638625144958496,
            "7": 0.054824650287628174,
            "8": 0.01657700538635254
        }
    }
}