{
    "0": {
        "Loss_Exp": 66.5386734008789,
        "RelativeDistance_Exp": 0.5964006185531616,
        "R2Score_Exp": 0.7619971036911011,
        "Forgetting_Exp": 0.0855865478515625,
        "BWT_Exp": -0.0855865478515625
    },
    "1": {
        "Loss_Exp": 34.14223861694336,
        "RelativeDistance_Exp": 0.6321454644203186,
        "R2Score_Exp": 0.8554314374923706,
        "Forgetting_Exp": 0.04150116443634033,
        "BWT_Exp": -0.04150116443634033
    },
    "2": {
        "Loss_Exp": 41.439979553222656,
        "RelativeDistance_Exp": 0.523389458656311,
        "R2Score_Exp": 0.8216295838356018,
        "Forgetting_Exp": 0.021316468715667725,
        "BWT_Exp": -0.021316468715667725
    },
    "3": {
        "Loss_Exp": 30.53783416748047,
        "RelativeDistance_Exp": 0.48114243149757385,
        "R2Score_Exp": 0.8782953023910522,
        "Forgetting_Exp": -0.002251267433166504,
        "BWT_Exp": 0.002251267433166504
    },
    "4": {
        "Loss_Exp": 25.139381408691406,
        "RelativeDistance_Exp": 0.48185595870018005,
        "R2Score_Exp": 0.876624584197998,
        "Forgetting_Exp": 0.023945271968841553,
        "BWT_Exp": -0.023945271968841553
    },
    "5": {
        "Loss_Exp": 31.038063049316406,
        "RelativeDistance_Exp": 0.4915018081665039,
        "R2Score_Exp": 0.8404637575149536,
        "Forgetting_Exp": 0.041489481925964355,
        "BWT_Exp": -0.041489481925964355
    },
    "6": {
        "Loss_Exp": 30.575239181518555,
        "RelativeDistance_Exp": 0.4359440803527832,
        "R2Score_Exp": 0.8541969656944275,
        "Forgetting_Exp": 0.025487244129180908,
        "BWT_Exp": -0.025487244129180908
    },
    "7": {
        "Loss_Exp": 26.689138412475586,
        "RelativeDistance_Exp": 0.5130729675292969,
        "R2Score_Exp": 0.8697828054428101,
        "Forgetting_Exp": 0.03896832466125488,
        "BWT_Exp": -0.03896832466125488
    },
    "8": {
        "Loss_Exp": 32.60745620727539,
        "RelativeDistance_Exp": 0.3899185061454773,
        "R2Score_Exp": 0.8663161396980286,
        "Forgetting_Exp": 0.022045433521270752,
        "BWT_Exp": -0.022045433521270752
    },
    "9": {
        "Loss_Exp": 36.95043182373047,
        "RelativeDistance_Exp": 0.5606531500816345,
        "R2Score_Exp": 0.8727307319641113
    },
    "stream": {
        "Loss_Stream/eval_phase/test_stream": 34.92780992940578,
        "RelativeDistance_Stream/eval_phase/test_stream": 0.5106024444103241,
        "R2Score_Stream/eval_phase/test_stream": 0.8497468411922455,
        "Forgetting_Stream/eval_phase/test_stream": {
            "0": 0.0855865478515625,
            "1": 0.04150116443634033,
            "2": 0.021316468715667725,
            "3": -0.002251267433166504,
            "4": 0.023945271968841553,
            "5": 0.041489481925964355,
            "6": 0.025487244129180908,
            "7": 0.03896832466125488,
            "8": 0.022045433521270752
        },
        "BWT_Stream/eval_phase/test_stream": {
            "0": 0.0855865478515625,
            "1": 0.04150116443634033,
            "2": 0.021316468715667725,
            "3": -0.002251267433166504,
            "4": 0.023945271968841553,
            "5": 0.041489481925964355,
            "6": 0.025487244129180908,
            "7": 0.03896832466125488,
            "8": 0.022045433521270752
        }
    }
}