{
    "0": {
        "Loss_Exp": 47.61484864592802,
        "RelativeDistance_Exp": 1.1187117874622345,
        "R2Score_Exp": 0.7898355007171631,
        "Forgetting_Exp": 0.056210070848464966,
        "BWT_Exp": -0.056210070848464966
    },
    "1": {
        "Loss_Exp": 48.879618528809104,
        "RelativeDistance_Exp": 1.04776078859965,
        "R2Score_Exp": 0.7984534978866578,
        "Forgetting_Exp": 0.050422831376393584,
        "BWT_Exp": -0.050422831376393584
    },
    "2": {
        "Loss_Exp": 36.45653219730174,
        "RelativeDistance_Exp": 0.9888817576261667,
        "R2Score_Exp": 0.8421103862615732,
        "Forgetting_Exp": 0.027116307845482468,
        "BWT_Exp": -0.027116307845482468
    },
    "3": {
        "Loss_Exp": 30.07371653560273,
        "RelativeDistance_Exp": 1.0410529772440593,
        "R2Score_Exp": 0.8746981819470724,
        "Forgetting_Exp": 0.028304821915096645,
        "BWT_Exp": -0.028304821915096645
    },
    "4": {
        "Loss_Exp": 31.867657743548474,
        "RelativeDistance_Exp": 1.0201583078929357,
        "R2Score_Exp": 0.8716514451163155,
        "Forgetting_Exp": -0.0009598646845135894,
        "BWT_Exp": 0.0009598646845135894
    },
    "5": {
        "Loss_Exp": 31.50967104696961,
        "RelativeDistance_Exp": 0.9453379114468893,
        "R2Score_Exp": 0.8765708406766256,
        "Forgetting_Exp": -0.010053793589274163,
        "BWT_Exp": 0.010053793589274163
    },
    "6": {
        "Loss_Exp": 31.516204217922976,
        "RelativeDistance_Exp": 1.2291090488433838,
        "R2Score_Exp": 0.8789603486657143,
        "Forgetting_Exp": 0.007941700518131256,
        "BWT_Exp": -0.007941700518131256
    },
    "7": {
        "Loss_Exp": 39.70917134703843,
        "RelativeDistance_Exp": 0.8558838069438934,
        "R2Score_Exp": 0.8582605645060539,
        "Forgetting_Exp": 0.014040820300579071,
        "BWT_Exp": -0.014040820300579071
    },
    "8": {
        "Loss_Exp": 30.836644731568,
        "RelativeDistance_Exp": 0.7945616046587626,
        "R2Score_Exp": 0.8849851687749227,
        "Forgetting_Exp": 0.02599845329920447,
        "BWT_Exp": -0.02599845329920447
    },
    "9": {
        "Loss_Exp": 22.03428389342198,
        "RelativeDistance_Exp": 0.7556376755237579,
        "R2Score_Exp": 0.9204798340797424
    },
    "stream": {
        "Loss_Stream/eval_phase/test_stream": 38.177030054064794,
        "RelativeDistance_Stream/eval_phase/test_stream": 1.018722320780342,
        "R2Score_Stream/eval_phase/test_stream": 0.8450560959768884,
        "Forgetting_Stream/eval_phase/test_stream": {
            "0": 0.056210070848464966,
            "1": 0.050422831376393584,
            "2": 0.027116307845482468,
            "3": 0.028304821915096645,
            "4": -0.0009598646845135894,
            "5": -0.010053793589274163,
            "6": 0.007941700518131256,
            "7": 0.014040820300579071,
            "8": 0.02599845329920447
        },
        "BWT_Stream/eval_phase/test_stream": {
            "0": 0.056210070848464966,
            "1": 0.050422831376393584,
            "2": 0.027116307845482468,
            "3": 0.028304821915096645,
            "4": -0.0009598646845135894,
            "5": -0.010053793589274163,
            "6": 0.007941700518131256,
            "7": 0.014040820300579071,
            "8": 0.02599845329920447
        }
    }
}