{
    "0": {
        "Loss_Exp": 249.9978451774805,
        "RelativeDistance_Exp": 3.1442747354507445,
        "R2Score_Exp": -0.1762256294488907,
        "Forgetting_Exp": 1.0231786102056504,
        "BWT_Exp": -1.0231786102056504
    },
    "1": {
        "Loss_Exp": 193.57888838387393,
        "RelativeDistance_Exp": 2.6042168696721393,
        "R2Score_Exp": 0.20458031594753265,
        "Forgetting_Exp": 0.6186779965957006,
        "BWT_Exp": -0.6186779965957006
    },
    "2": {
        "Loss_Exp": 151.20765598057653,
        "RelativeDistance_Exp": 3.146602300497202,
        "R2Score_Exp": 0.34224964334414554,
        "Forgetting_Exp": 0.5115782870696142,
        "BWT_Exp": -0.5115782870696142
    },
    "3": {
        "Loss_Exp": 164.81290890029732,
        "RelativeDistance_Exp": 4.146355814403957,
        "R2Score_Exp": 0.32108283208476174,
        "Forgetting_Exp": 0.547969326376915,
        "BWT_Exp": -0.547969326376915
    },
    "4": {
        "Loss_Exp": 175.4487532211531,
        "RelativeDistance_Exp": 3.7083220141274587,
        "R2Score_Exp": 0.281043142080307,
        "Forgetting_Exp": 0.5359074771404266,
        "BWT_Exp": -0.5359074771404266
    },
    "5": {
        "Loss_Exp": 144.77830875072954,
        "RelativeDistance_Exp": 3.1059844891230264,
        "R2Score_Exp": 0.4705503086249034,
        "Forgetting_Exp": 0.3646514415740966,
        "BWT_Exp": -0.3646514415740966
    },
    "6": {
        "Loss_Exp": 136.5570167755623,
        "RelativeDistance_Exp": 4.091950714588165,
        "R2Score_Exp": 0.5148497819900513,
        "Forgetting_Exp": 0.360097736120224,
        "BWT_Exp": -0.360097736120224
    },
    "7": {
        "Loss_Exp": 149.56518604070038,
        "RelativeDistance_Exp": 2.659251481294632,
        "R2Score_Exp": 0.49601084366440773,
        "Forgetting_Exp": 0.33210283145308495,
        "BWT_Exp": -0.33210283145308495
    },
    "8": {
        "Loss_Exp": 121.78675869595517,
        "RelativeDistance_Exp": 2.4766796032587686,
        "R2Score_Exp": 0.6000706354777018,
        "Forgetting_Exp": 0.22704237699508667,
        "BWT_Exp": -0.22704237699508667
    },
    "9": {
        "Loss_Exp": 98.57024284399066,
        "RelativeDistance_Exp": 2.279437780380249,
        "R2Score_Exp": 0.689673125743866
    },
    "stream": {
        "Loss_Stream/eval_phase/test_stream": 171.31252910573713,
        "RelativeDistance_Stream/eval_phase/test_stream": 3.2015027852705966,
        "R2Score_Stream/eval_phase/test_stream": 0.3049689667460359,
        "Forgetting_Stream/eval_phase/test_stream": {
            "0": 1.0231786102056504,
            "1": 0.6186779965957006,
            "2": 0.5115782870696142,
            "3": 0.547969326376915,
            "4": 0.5359074771404266,
            "5": 0.3646514415740966,
            "6": 0.360097736120224,
            "7": 0.33210283145308495,
            "8": 0.22704237699508667
        },
        "BWT_Stream/eval_phase/test_stream": {
            "0": 1.0231786102056504,
            "1": 0.6186779965957006,
            "2": 0.5115782870696142,
            "3": 0.547969326376915,
            "4": 0.5359074771404266,
            "5": 0.3646514415740966,
            "6": 0.360097736120224,
            "7": 0.33210283145308495,
            "8": 0.22704237699508667
        }
    }
}