{
    "0": {
        "Loss_Exp": 60.79181781504889,
        "RelativeDistance_Exp": 1.0989345848560332,
        "R2Score_Exp": 0.7464757323265075,
        "Forgetting_Exp": 0.09342886805534367,
        "BWT_Exp": -0.09342886805534367
    },
    "1": {
        "Loss_Exp": 63.391816383639835,
        "RelativeDistance_Exp": 0.9779002110163371,
        "R2Score_Exp": 0.7537898659706116,
        "Forgetting_Exp": 0.09418719609578452,
        "BWT_Exp": -0.09418719609578452
    },
    "2": {
        "Loss_Exp": 48.85354474848244,
        "RelativeDistance_Exp": 0.9536967277526855,
        "R2Score_Exp": 0.7978321634806119,
        "Forgetting_Exp": 0.06390287784429705,
        "BWT_Exp": -0.06390287784429705
    },
    "3": {
        "Loss_Exp": 40.544559896680745,
        "RelativeDistance_Exp": 1.085210038555993,
        "R2Score_Exp": 0.8351660437054105,
        "Forgetting_Exp": 0.05788762701882255,
        "BWT_Exp": -0.05788762701882255
    },
    "4": {
        "Loss_Exp": 47.34556682128564,
        "RelativeDistance_Exp": 1.0349831666265215,
        "R2Score_Exp": 0.8198536208697728,
        "Forgetting_Exp": 0.03715263945715774,
        "BWT_Exp": -0.03715263945715774
    },
    "5": {
        "Loss_Exp": 44.831701404316455,
        "RelativeDistance_Exp": 0.9153466522693634,
        "R2Score_Exp": 0.8289357423782349,
        "Forgetting_Exp": 0.024375498294830322,
        "BWT_Exp": -0.024375498294830322
    },
    "6": {
        "Loss_Exp": 41.34346158559659,
        "RelativeDistance_Exp": 1.1628133580088615,
        "R2Score_Exp": 0.8487831503152847,
        "Forgetting_Exp": 0.020895235240459442,
        "BWT_Exp": -0.020895235240459442
    },
    "7": {
        "Loss_Exp": 50.561701818429356,
        "RelativeDistance_Exp": 0.859295442700386,
        "R2Score_Exp": 0.8246890679001808,
        "Forgetting_Exp": 0.026748843491077423,
        "BWT_Exp": -0.026748843491077423
    },
    "8": {
        "Loss_Exp": 41.62683749713171,
        "RelativeDistance_Exp": 0.7866113384564718,
        "R2Score_Exp": 0.8600397109985352,
        "Forgetting_Exp": 0.03330995639165246,
        "BWT_Exp": -0.03330995639165246
    },
    "9": {
        "Loss_Exp": 27.41375179865092,
        "RelativeDistance_Exp": 0.8152158558368683,
        "R2Score_Exp": 0.902180016040802
    },
    "stream": {
        "Loss_Stream/eval_phase/test_stream": 50.60822332331701,
        "RelativeDistance_Stream/eval_phase/test_stream": 0.9966283337569531,
        "R2Score_Stream/eval_phase/test_stream": 0.8042563523775266,
        "Forgetting_Stream/eval_phase/test_stream": {
            "0": 0.09342886805534367,
            "1": 0.09418719609578452,
            "2": 0.06390287784429705,
            "3": 0.05788762701882255,
            "4": 0.03715263945715774,
            "5": 0.024375498294830322,
            "6": 0.020895235240459442,
            "7": 0.026748843491077423,
            "8": 0.03330995639165246
        },
        "BWT_Stream/eval_phase/test_stream": {
            "0": 0.09342886805534367,
            "1": 0.09418719609578452,
            "2": 0.06390287784429705,
            "3": 0.05788762701882255,
            "4": 0.03715263945715774,
            "5": 0.024375498294830322,
            "6": 0.020895235240459442,
            "7": 0.026748843491077423,
            "8": 0.03330995639165246
        }
    }
}