{
    "0": {
        "Loss_Exp": 35.63009302231251,
        "Time_Exp": 0.16106500000023516,
        "RelativeDistance_Exp": 0.8029798686504364,
        "R2Score_Exp": 0.8356111884117127,
        "Forgetting_Exp": 0.0557092905044555,
        "BWT_Exp": -0.0557092905044555
    },
    "1": {
        "Loss_Exp": 42.991304548752645,
        "Time_Exp": 0.23427989999981946,
        "RelativeDistance_Exp": 0.7646703521410624,
        "R2Score_Exp": 0.8201622049013774,
        "Forgetting_Exp": 0.0026829322179158233,
        "BWT_Exp": -0.0026829322179158233
    },
    "2": {
        "Loss_Exp": 35.230719688290456,
        "Time_Exp": 0.33766520000062883,
        "RelativeDistance_Exp": 0.7328668236732483,
        "R2Score_Exp": 0.84998907492711,
        "Forgetting_Exp": -0.003542501192826508,
        "BWT_Exp": 0.003542501192826508
    },
    "3": {
        "Loss_Exp": 29.597225369462443,
        "Time_Exp": 0.1424691999982315,
        "RelativeDistance_Exp": 0.7821852233674791,
        "R2Score_Exp": 0.8805022504594591,
        "Forgetting_Exp": 0.0057140390078227465,
        "BWT_Exp": -0.0057140390078227465
    },
    "4": {
        "Loss_Exp": 29.490956217924982,
        "Time_Exp": 0.09875800000008894,
        "RelativeDistance_Exp": 0.7490922893796649,
        "R2Score_Exp": 0.885289762701307,
        "Forgetting_Exp": -0.020890585013798257,
        "BWT_Exp": 0.020890585013798257
    },
    "5": {
        "Loss_Exp": 31.129665363624092,
        "Time_Exp": 0.09365500000058091,
        "RelativeDistance_Exp": 0.6747812628746033,
        "R2Score_Exp": 0.875680685043335,
        "Forgetting_Exp": -0.020937005678812626,
        "BWT_Exp": 0.020937005678812626
    },
    "6": {
        "Loss_Exp": 30.169615371305916,
        "Time_Exp": 0.13260300000001735,
        "RelativeDistance_Exp": 0.8492202907800674,
        "R2Score_Exp": 0.885887511074543,
        "Forgetting_Exp": -0.0049852654337882996,
        "BWT_Exp": 0.0049852654337882996
    },
    "7": {
        "Loss_Exp": 42.57106747600025,
        "Time_Exp": 0.1266285000001517,
        "RelativeDistance_Exp": 0.6258839517831802,
        "R2Score_Exp": 0.8489727899432182,
        "Forgetting_Exp": 0.006410583853721619,
        "BWT_Exp": -0.006410583853721619
    },
    "8": {
        "Loss_Exp": 28.368575539486077,
        "Time_Exp": 0.053275700000085635,
        "RelativeDistance_Exp": 0.577360192934672,
        "R2Score_Exp": 0.9096399545669556,
        "Forgetting_Exp": 0.0043682058652242395,
        "BWT_Exp": -0.0043682058652242395
    },
    "9": {
        "Loss_Exp": 25.557943322957033,
        "Time_Exp": 0.024304700000357116,
        "RelativeDistance_Exp": 0.5486971437931061,
        "R2Score_Exp": 0.9049842953681946
    },
    "stream": {
        "Loss_Stream/eval_phase/test_stream": 35.18477915799554,
        "Time_Stream/eval_phase/test_stream": 1.4371912999995402,
        "RelativeDistance_Stream/eval_phase/test_stream": 0.7406102727960657,
        "R2Score_Stream/eval_phase/test_stream": 0.8580469937972081,
        "Forgetting_Stream/eval_phase/test_stream": {
            "0": 0.0557092905044555,
            "1": 0.0026829322179158233,
            "2": -0.003542501192826508,
            "3": 0.0057140390078227465,
            "4": -0.020890585013798257,
            "5": -0.020937005678812626,
            "6": -0.0049852654337882996,
            "7": 0.006410583853721619,
            "8": 0.0043682058652242395
        },
        "BWT_Stream/eval_phase/test_stream": {
            "0": 0.0557092905044555,
            "1": 0.0026829322179158233,
            "2": -0.003542501192826508,
            "3": 0.0057140390078227465,
            "4": -0.020890585013798257,
            "5": -0.020937005678812626,
            "6": -0.0049852654337882996,
            "7": 0.006410583853721619,
            "8": 0.0043682058652242395
        }
    }
}