{
    "0": {
        "Loss_Exp": 82.09174653379172,
        "RelativeDistance_Exp": 0.9984793782234191,
        "R2Score_Exp": 0.6375209927558899,
        "Forgetting_Exp": 0.24734480977058404,
        "BWT_Exp": -0.24734480977058404
    },
    "1": {
        "Loss_Exp": 88.13479446319995,
        "RelativeDistance_Exp": 0.9381267070770264,
        "R2Score_Exp": 0.6436089436213176,
        "Forgetting_Exp": 0.2559647520383198,
        "BWT_Exp": -0.2559647520383198
    },
    "2": {
        "Loss_Exp": 60.60244790877594,
        "RelativeDistance_Exp": 0.7157740042759821,
        "R2Score_Exp": 0.7455747356781592,
        "Forgetting_Exp": 0.16801538834205043,
        "BWT_Exp": -0.16801538834205043
    },
    "3": {
        "Loss_Exp": 47.2711573582855,
        "RelativeDistance_Exp": 0.6992784010039436,
        "R2Score_Exp": 0.8153980904155307,
        "Forgetting_Exp": 0.12817315260569262,
        "BWT_Exp": -0.12817315260569262
    },
    "4": {
        "Loss_Exp": 52.68034668482514,
        "RelativeDistance_Exp": 0.6170626708439418,
        "R2Score_Exp": 0.7610714265278408,
        "Forgetting_Exp": 0.16002959864480149,
        "BWT_Exp": -0.16002959864480149
    },
    "5": {
        "Loss_Exp": 43.75795175775958,
        "RelativeDistance_Exp": 0.5621987084547678,
        "R2Score_Exp": 0.8320679465929667,
        "Forgetting_Exp": 0.07036035259564721,
        "BWT_Exp": -0.07036035259564721
    },
    "6": {
        "Loss_Exp": 43.49304101362656,
        "RelativeDistance_Exp": 0.6010240912437439,
        "R2Score_Exp": 0.8319141119718552,
        "Forgetting_Exp": 0.07320448011159897,
        "BWT_Exp": -0.07320448011159897
    },
    "7": {
        "Loss_Exp": 47.677578346930936,
        "RelativeDistance_Exp": 0.46587835252285004,
        "R2Score_Exp": 0.8364671096205711,
        "Forgetting_Exp": 0.05992739647626877,
        "BWT_Exp": -0.05992739647626877
    },
    "8": {
        "Loss_Exp": 27.913907440171542,
        "RelativeDistance_Exp": 0.3966045578320821,
        "R2Score_Exp": 0.8981820344924927,
        "Forgetting_Exp": 0.028742988904317257,
        "BWT_Exp": -0.028742988904317257
    },
    "9": {
        "Loss_Exp": 19.79503600759854,
        "RelativeDistance_Exp": 0.3767865151166916,
        "R2Score_Exp": 0.9196801781654358
    },
    "stream": {
        "Loss_Stream/eval_phase/test_stream": 60.521643538827675,
        "RelativeDistance_Stream/eval_phase/test_stream": 0.7139073981914992,
        "R2Score_Stream/eval_phase/test_stream": 0.756311880953518,
        "Forgetting_Stream/eval_phase/test_stream": {
            "0": 0.24734480977058404,
            "1": 0.2559647520383198,
            "2": 0.16801538834205043,
            "3": 0.12817315260569262,
            "4": 0.16002959864480149,
            "5": 0.07036035259564721,
            "6": 0.07320448011159897,
            "7": 0.05992739647626877,
            "8": 0.028742988904317257
        },
        "BWT_Stream/eval_phase/test_stream": {
            "0": 0.24734480977058404,
            "1": 0.2559647520383198,
            "2": 0.16801538834205043,
            "3": 0.12817315260569262,
            "4": 0.16002959864480149,
            "5": 0.07036035259564721,
            "6": 0.07320448011159897,
            "7": 0.05992739647626877,
            "8": 0.028742988904317257
        }
    }
}