{
    "0": {
        "Loss_Exp": 40.65650314395033,
        "RelativeDistance_Exp": 1.0099723935127258,
        "R2Score_Exp": 0.8218612790107727,
        "Forgetting_Exp": 0.027857595682144187,
        "BWT_Exp": -0.027857595682144187
    },
    "1": {
        "Loss_Exp": 44.82655333986251,
        "RelativeDistance_Exp": 0.9858675678571065,
        "R2Score_Exp": 0.8110412200291951,
        "Forgetting_Exp": 0.040079371134440156,
        "BWT_Exp": -0.040079371134440156
    },
    "2": {
        "Loss_Exp": 38.389946215727576,
        "RelativeDistance_Exp": 0.9600739020567673,
        "R2Score_Exp": 0.8337073234411386,
        "Forgetting_Exp": 0.029600152602562546,
        "BWT_Exp": -0.029600152602562546
    },
    "3": {
        "Loss_Exp": 31.616623539001658,
        "RelativeDistance_Exp": 1.072043240070343,
        "R2Score_Exp": 0.8732852670881484,
        "Forgetting_Exp": 0.022183120250701904,
        "BWT_Exp": -0.022183120250701904
    },
    "4": {
        "Loss_Exp": 31.864539790921857,
        "RelativeDistance_Exp": 1.02434618132455,
        "R2Score_Exp": 0.876211770943233,
        "Forgetting_Exp": -0.016318431922367704,
        "BWT_Exp": 0.016318431922367704
    },
    "5": {
        "Loss_Exp": 34.72124924754349,
        "RelativeDistance_Exp": 0.9533291955788931,
        "R2Score_Exp": 0.8627209663391113,
        "Forgetting_Exp": -0.005591601133346558,
        "BWT_Exp": 0.005591601133346558
    },
    "6": {
        "Loss_Exp": 33.85949632653105,
        "RelativeDistance_Exp": 1.260167509317398,
        "R2Score_Exp": 0.8713424652814865,
        "Forgetting_Exp": 7.033348083496094e-06,
        "BWT_Exp": -7.033348083496094e-06
    },
    "7": {
        "Loss_Exp": 45.16611071543296,
        "RelativeDistance_Exp": 0.9174757674336433,
        "R2Score_Exp": 0.8424893617630005,
        "Forgetting_Exp": 0.009649813175201416,
        "BWT_Exp": -0.009649813175201416
    },
    "8": {
        "Loss_Exp": 34.02363046170813,
        "RelativeDistance_Exp": 0.8280898729960123,
        "R2Score_Exp": 0.8719858924547831,
        "Forgetting_Exp": 0.026099324226379395,
        "BWT_Exp": -0.026099324226379395
    },
    "9": {
        "Loss_Exp": 29.324980184128847,
        "RelativeDistance_Exp": 0.8665395081043243,
        "R2Score_Exp": 0.8907728791236877
    },
    "stream": {
        "Loss_Stream/eval_phase/test_stream": 38.244555597117476,
        "RelativeDistance_Stream/eval_phase/test_stream": 1.0067405016333968,
        "R2Score_Stream/eval_phase/test_stream": 0.8456785178478853,
        "Forgetting_Stream/eval_phase/test_stream": {
            "0": 0.027857595682144187,
            "1": 0.040079371134440156,
            "2": 0.029600152602562546,
            "3": 0.022183120250701904,
            "4": -0.016318431922367704,
            "5": -0.005591601133346558,
            "6": 7.033348083496094e-06,
            "7": 0.009649813175201416,
            "8": 0.026099324226379395
        },
        "BWT_Stream/eval_phase/test_stream": {
            "0": 0.027857595682144187,
            "1": 0.040079371134440156,
            "2": 0.029600152602562546,
            "3": 0.022183120250701904,
            "4": -0.016318431922367704,
            "5": -0.005591601133346558,
            "6": 7.033348083496094e-06,
            "7": 0.009649813175201416,
            "8": 0.026099324226379395
        }
    }
}