{
    "0": {
        "Loss_Exp": 38.64495405920896,
        "RelativeDistance_Exp": 0.9403930187225342,
        "R2Score_Exp": 0.8218303799629212,
        "Forgetting_Exp": 0.031202715635299638,
        "BWT_Exp": -0.031202715635299638
    },
    "1": {
        "Loss_Exp": 51.669820137963455,
        "RelativeDistance_Exp": 0.9547024011611939,
        "R2Score_Exp": 0.7871147831281026,
        "Forgetting_Exp": -0.008297101656595807,
        "BWT_Exp": 0.008297101656595807
    },
    "2": {
        "Loss_Exp": 42.61739727494622,
        "RelativeDistance_Exp": 0.8897962065843436,
        "R2Score_Exp": 0.8197337572391217,
        "Forgetting_Exp": -0.008419422002939103,
        "BWT_Exp": 0.008419422002939103
    },
    "3": {
        "Loss_Exp": 41.420341169468344,
        "RelativeDistance_Exp": 0.9322011272112528,
        "R2Score_Exp": 0.8371098703808255,
        "Forgetting_Exp": -0.005459699365827797,
        "BWT_Exp": 0.005459699365827797
    },
    "4": {
        "Loss_Exp": 48.069207231069925,
        "RelativeDistance_Exp": 0.893520074231284,
        "R2Score_Exp": 0.8149084789412362,
        "Forgetting_Exp": -0.024119010993412515,
        "BWT_Exp": 0.024119010993412515
    },
    "5": {
        "Loss_Exp": 45.05021710735332,
        "RelativeDistance_Exp": 0.7858732541402181,
        "R2Score_Exp": 0.8319332798322042,
        "Forgetting_Exp": -0.014151086409886715,
        "BWT_Exp": 0.014151086409886715
    },
    "6": {
        "Loss_Exp": 43.248510250840965,
        "RelativeDistance_Exp": 0.9121632352471352,
        "R2Score_Exp": 0.8404938131570816,
        "Forgetting_Exp": -0.0007766559720039368,
        "BWT_Exp": 0.0007766559720039368
    },
    "7": {
        "Loss_Exp": 59.17111381590934,
        "RelativeDistance_Exp": 0.7149761468172073,
        "R2Score_Exp": 0.7982998639345169,
        "Forgetting_Exp": 0.004090122878551483,
        "BWT_Exp": -0.004090122878551483
    },
    "8": {
        "Loss_Exp": 44.48731913748221,
        "RelativeDistance_Exp": 0.8149522542953491,
        "R2Score_Exp": 0.8480004469553629,
        "Forgetting_Exp": 0.03366772333780932,
        "BWT_Exp": -0.03366772333780932
    },
    "9": {
        "Loss_Exp": 38.13119412526465,
        "RelativeDistance_Exp": 0.7407151758670807,
        "R2Score_Exp": 0.8791255354881287
    },
    "stream": {
        "Loss_Stream/eval_phase/test_stream": 46.01640341524756,
        "RelativeDistance_Stream/eval_phase/test_stream": 0.8838877685276079,
        "R2Score_Stream/eval_phase/test_stream": 0.8188162232622688,
        "Forgetting_Stream/eval_phase/test_stream": {
            "0": 0.031202715635299638,
            "1": -0.008297101656595807,
            "2": -0.008419422002939103,
            "3": -0.005459699365827797,
            "4": -0.024119010993412515,
            "5": -0.014151086409886715,
            "6": -0.0007766559720039368,
            "7": 0.004090122878551483,
            "8": 0.03366772333780932
        },
        "BWT_Stream/eval_phase/test_stream": {
            "0": 0.031202715635299638,
            "1": -0.008297101656595807,
            "2": -0.008419422002939103,
            "3": -0.005459699365827797,
            "4": -0.024119010993412515,
            "5": -0.014151086409886715,
            "6": -0.0007766559720039368,
            "7": 0.004090122878551483,
            "8": 0.03366772333780932
        }
    }
}