{
    "0": {
        "Loss_Exp": 74.95603665357444,
        "RelativeDistance_Exp": 0.9237291812896729,
        "R2Score_Exp": 0.8324070572853088,
        "Forgetting_Exp": 0.038575440645217896,
        "BWT_Exp": -0.038575440645217896
    },
    "1": {
        "Loss_Exp": 63.11177105574686,
        "RelativeDistance_Exp": 1.1782072186470032,
        "R2Score_Exp": 0.8178663551807404,
        "Forgetting_Exp": 0.08017104864120483,
        "BWT_Exp": -0.08017104864120483
    },
    "2": {
        "Loss_Exp": 49.21295179751969,
        "RelativeDistance_Exp": 0.7073274254798889,
        "R2Score_Exp": 0.842192550500234,
        "Forgetting_Exp": -0.020524104436238644,
        "BWT_Exp": 0.020524104436238644
    },
    "3": {
        "Loss_Exp": 49.69405319568006,
        "RelativeDistance_Exp": 0.5634059309959412,
        "R2Score_Exp": 0.8370985090732574,
        "Forgetting_Exp": 0.0045773983001708984,
        "BWT_Exp": -0.0045773983001708984
    },
    "4": {
        "Loss_Exp": 48.94687481421091,
        "RelativeDistance_Exp": 0.6787133514881134,
        "R2Score_Exp": 0.8380816876888275,
        "Forgetting_Exp": -0.00034578144550323486,
        "BWT_Exp": 0.00034578144550323486
    },
    "5": {
        "Loss_Exp": 43.204229603643,
        "RelativeDistance_Exp": 0.6074707309405009,
        "R2Score_Exp": 0.8312363028526306,
        "Forgetting_Exp": 0.006787816683451298,
        "BWT_Exp": -0.006787816683451298
    },
    "6": {
        "Loss_Exp": 52.891245316670016,
        "RelativeDistance_Exp": 0.6247792541980743,
        "R2Score_Exp": 0.8400267362594604,
        "Forgetting_Exp": 0.00697658459345496,
        "BWT_Exp": -0.00697658459345496
    },
    "7": {
        "Loss_Exp": 40.14685821533203,
        "RelativeDistance_Exp": 0.6026754975318909,
        "R2Score_Exp": 0.8416961431503296,
        "Forgetting_Exp": 0.015023618936538696,
        "BWT_Exp": -0.015023618936538696
    },
    "8": {
        "Loss_Exp": 60.53838271558703,
        "RelativeDistance_Exp": 0.9362527430057526,
        "R2Score_Exp": 0.8225723803043365,
        "Forgetting_Exp": 0.01446765661239624,
        "BWT_Exp": -0.01446765661239624
    },
    "9": {
        "Loss_Exp": 62.16689478703317,
        "RelativeDistance_Exp": 0.7624414265155792,
        "R2Score_Exp": 0.8311722576618195
    },
    "stream": {
        "Loss_Stream/eval_phase/test_stream": 53.43841543693942,
        "RelativeDistance_Stream/eval_phase/test_stream": 0.7443472556769848,
        "R2Score_Stream/eval_phase/test_stream": 0.8340259492397308,
        "Forgetting_Stream/eval_phase/test_stream": {
            "0": 0.038575440645217896,
            "1": 0.08017104864120483,
            "2": -0.020524104436238644,
            "3": 0.0045773983001708984,
            "4": -0.00034578144550323486,
            "5": 0.006787816683451298,
            "6": 0.00697658459345496,
            "7": 0.015023618936538696,
            "8": 0.01446765661239624
        },
        "BWT_Stream/eval_phase/test_stream": {
            "0": 0.038575440645217896,
            "1": 0.08017104864120483,
            "2": -0.020524104436238644,
            "3": 0.0045773983001708984,
            "4": -0.00034578144550323486,
            "5": 0.006787816683451298,
            "6": 0.00697658459345496,
            "7": 0.015023618936538696,
            "8": 0.01446765661239624
        }
    }
}