{
    "0": {
        "Loss_Exp": 168.0678365785476,
        "RelativeDistance_Exp": 1.114594578742981,
        "R2Score_Exp": 0.6197883188724518,
        "Forgetting_Exp": 0.2629949450492859,
        "BWT_Exp": -0.2629949450492859
    },
    "1": {
        "Loss_Exp": 98.87561298709848,
        "RelativeDistance_Exp": 1.6218804717063904,
        "R2Score_Exp": 0.7152157425880432,
        "Forgetting_Exp": 0.18435895442962646,
        "BWT_Exp": -0.18435895442962646
    },
    "2": {
        "Loss_Exp": 73.65189336961315,
        "RelativeDistance_Exp": 0.9126540422439575,
        "R2Score_Exp": 0.7623715003331503,
        "Forgetting_Exp": 0.07634711265563965,
        "BWT_Exp": -0.07634711265563965
    },
    "3": {
        "Loss_Exp": 70.91264353270006,
        "RelativeDistance_Exp": 0.7764296531677246,
        "R2Score_Exp": 0.766996830701828,
        "Forgetting_Exp": 0.08584490418434143,
        "BWT_Exp": -0.08584490418434143
    },
    "4": {
        "Loss_Exp": 62.42323776726793,
        "RelativeDistance_Exp": 0.9060880541801453,
        "R2Score_Exp": 0.7885598689317703,
        "Forgetting_Exp": 0.06200483441352844,
        "BWT_Exp": -0.06200483441352844
    },
    "5": {
        "Loss_Exp": 65.4456097146739,
        "RelativeDistance_Exp": 0.8017944693565369,
        "R2Score_Exp": 0.7437455058097839,
        "Forgetting_Exp": 0.08621166149775183,
        "BWT_Exp": -0.08621166149775183
    },
    "6": {
        "Loss_Exp": 85.5871614929632,
        "RelativeDistance_Exp": 0.7919653256734213,
        "R2Score_Exp": 0.7399000922838846,
        "Forgetting_Exp": 0.13452424605687463,
        "BWT_Exp": -0.13452424605687463
    },
    "7": {
        "Loss_Exp": 47.031158447265625,
        "RelativeDistance_Exp": 0.7586886882781982,
        "R2Score_Exp": 0.814550518989563,
        "Forgetting_Exp": 0.04728683829307556,
        "BWT_Exp": -0.04728683829307556
    },
    "8": {
        "Loss_Exp": 60.743119712549664,
        "RelativeDistance_Exp": 1.1496750712394714,
        "R2Score_Exp": 0.8254899680614471,
        "Forgetting_Exp": -0.013379693031311035,
        "BWT_Exp": 0.013379693031311035
    },
    "9": {
        "Loss_Exp": 55.235375332694524,
        "RelativeDistance_Exp": 0.8298655152320862,
        "R2Score_Exp": 0.8507112264633179
    },
    "stream": {
        "Loss_Stream/eval_phase/test_stream": 77.95263245075266,
        "RelativeDistance_Stream/eval_phase/test_stream": 0.953632208208243,
        "R2Score_Stream/eval_phase/test_stream": 0.7609685609738032,
        "Forgetting_Stream/eval_phase/test_stream": {
            "0": 0.2629949450492859,
            "1": 0.18435895442962646,
            "2": 0.07634711265563965,
            "3": 0.08584490418434143,
            "4": 0.06200483441352844,
            "5": 0.08621166149775183,
            "6": 0.13452424605687463,
            "7": 0.04728683829307556,
            "8": -0.013379693031311035
        },
        "BWT_Stream/eval_phase/test_stream": {
            "0": 0.2629949450492859,
            "1": 0.18435895442962646,
            "2": 0.07634711265563965,
            "3": 0.08584490418434143,
            "4": 0.06200483441352844,
            "5": 0.08621166149775183,
            "6": 0.13452424605687463,
            "7": 0.04728683829307556,
            "8": -0.013379693031311035
        }
    }
}