{
    "0": {
        "Loss_Exp": 44.51054581776105,
        "RelativeDistance_Exp": 1.0955031394958497,
        "R2Score_Exp": 0.8041986167430878,
        "Forgetting_Exp": 0.046843194961547874,
        "BWT_Exp": -0.046843194961547874
    },
    "1": {
        "Loss_Exp": 44.299787153358324,
        "RelativeDistance_Exp": 1.0130365490913391,
        "R2Score_Exp": 0.8121866226196289,
        "Forgetting_Exp": 0.04201596975326538,
        "BWT_Exp": -0.04201596975326538
    },
    "2": {
        "Loss_Exp": 34.86141370905251,
        "RelativeDistance_Exp": 0.971570624754979,
        "R2Score_Exp": 0.8486499144480779,
        "Forgetting_Exp": 0.018739842451535704,
        "BWT_Exp": -0.018739842451535704
    },
    "3": {
        "Loss_Exp": 27.326163525036705,
        "RelativeDistance_Exp": 1.0300376812616985,
        "R2Score_Exp": 0.8895645075374179,
        "Forgetting_Exp": 0.0050842497083876115,
        "BWT_Exp": -0.0050842497083876115
    },
    "4": {
        "Loss_Exp": 29.920789786823978,
        "RelativeDistance_Exp": 0.9654895152364459,
        "R2Score_Exp": 0.8820433190890721,
        "Forgetting_Exp": -0.011223648275647813,
        "BWT_Exp": 0.011223648275647813
    },
    "5": {
        "Loss_Exp": 31.41170480367798,
        "RelativeDistance_Exp": 0.883518805106481,
        "R2Score_Exp": 0.8780608773231506,
        "Forgetting_Exp": -0.010669112205505371,
        "BWT_Exp": 0.010669112205505371
    },
    "6": {
        "Loss_Exp": 31.46802605836043,
        "RelativeDistance_Exp": 1.2042329162359238,
        "R2Score_Exp": 0.8792209923267365,
        "Forgetting_Exp": 0.0032237544655799866,
        "BWT_Exp": -0.0032237544655799866
    },
    "7": {
        "Loss_Exp": 41.22121990754742,
        "RelativeDistance_Exp": 0.8423679620027542,
        "R2Score_Exp": 0.8574300929903984,
        "Forgetting_Exp": 0.013386517763137817,
        "BWT_Exp": -0.013386517763137817
    },
    "8": {
        "Loss_Exp": 29.13130766057596,
        "RelativeDistance_Exp": 0.7461345195770264,
        "R2Score_Exp": 0.8938814600308737,
        "Forgetting_Exp": 0.013736089070637947,
        "BWT_Exp": -0.013736089070637947
    },
    "9": {
        "Loss_Exp": 22.917463172634505,
        "RelativeDistance_Exp": 0.7379379868507385,
        "R2Score_Exp": 0.9159647822380066
    },
    "stream": {
        "Loss_Stream/eval_phase/test_stream": 36.27330473328532,
        "RelativeDistance_Stream/eval_phase/test_stream": 0.9900983071621553,
        "R2Score_Stream/eval_phase/test_stream": 0.8532440257661137,
        "Forgetting_Stream/eval_phase/test_stream": {
            "0": 0.046843194961547874,
            "1": 0.04201596975326538,
            "2": 0.018739842451535704,
            "3": 0.0050842497083876115,
            "4": -0.011223648275647813,
            "5": -0.010669112205505371,
            "6": 0.0032237544655799866,
            "7": 0.013386517763137817,
            "8": 0.013736089070637947
        },
        "BWT_Stream/eval_phase/test_stream": {
            "0": 0.046843194961547874,
            "1": 0.04201596975326538,
            "2": 0.018739842451535704,
            "3": 0.0050842497083876115,
            "4": -0.011223648275647813,
            "5": -0.010669112205505371,
            "6": 0.0032237544655799866,
            "7": 0.013386517763137817,
            "8": 0.013736089070637947
        }
    }
}