{
    "0": {
        "Loss_Exp": 52.620624278999905,
        "RelativeDistance_Exp": 0.7395856976509094,
        "R2Score_Exp": 0.8816346228122711,
        "Forgetting_Exp": -0.0013675987720489502,
        "BWT_Exp": 0.0013675987720489502
    },
    "1": {
        "Loss_Exp": 43.82456837835407,
        "RelativeDistance_Exp": 1.0479871928691864,
        "R2Score_Exp": 0.871131420135498,
        "Forgetting_Exp": 0.029151052236557007,
        "BWT_Exp": -0.029151052236557007
    },
    "2": {
        "Loss_Exp": 43.0525526002396,
        "RelativeDistance_Exp": 0.6495810945828756,
        "R2Score_Exp": 0.8628014127413431,
        "Forgetting_Exp": -0.042523105939229255,
        "BWT_Exp": 0.042523105939229255
    },
    "3": {
        "Loss_Exp": 37.425068925536124,
        "RelativeDistance_Exp": 0.5368734896183014,
        "R2Score_Exp": 0.8750963807106018,
        "Forgetting_Exp": -0.021299391984939575,
        "BWT_Exp": 0.021299391984939575
    },
    "4": {
        "Loss_Exp": 34.76414326105473,
        "RelativeDistance_Exp": 0.6514493227005005,
        "R2Score_Exp": 0.8872431069612503,
        "Forgetting_Exp": -0.03778176009654999,
        "BWT_Exp": 0.03778176009654999
    },
    "5": {
        "Loss_Exp": 31.46921141251274,
        "RelativeDistance_Exp": 0.5698133707046509,
        "R2Score_Exp": 0.8775932192802429,
        "Forgetting_Exp": -0.022596855958302853,
        "BWT_Exp": 0.022596855958302853
    },
    "6": {
        "Loss_Exp": 40.11154145405366,
        "RelativeDistance_Exp": 0.6393514474232992,
        "R2Score_Exp": 0.8768552541732788,
        "Forgetting_Exp": -0.021547873814900753,
        "BWT_Exp": 0.021547873814900753
    },
    "7": {
        "Loss_Exp": 32.37381362915039,
        "RelativeDistance_Exp": 0.5578529834747314,
        "R2Score_Exp": 0.8723461627960205,
        "Forgetting_Exp": 0.016100257635116577,
        "BWT_Exp": -0.016100257635116577
    },
    "8": {
        "Loss_Exp": 51.86429521201831,
        "RelativeDistance_Exp": 0.9057017117738724,
        "R2Score_Exp": 0.8414669632911682,
        "Forgetting_Exp": 0.02604612708091736,
        "BWT_Exp": -0.02604612708091736
    },
    "9": {
        "Loss_Exp": 65.77007406598571,
        "RelativeDistance_Exp": 0.7432332336902618,
        "R2Score_Exp": 0.8215155601501465
    },
    "stream": {
        "Loss_Stream/eval_phase/test_stream": 41.938327824372564,
        "RelativeDistance_Stream/eval_phase/test_stream": 0.6952771109839281,
        "R2Score_Stream/eval_phase/test_stream": 0.8689482559760412,
        "Forgetting_Stream/eval_phase/test_stream": {
            "0": -0.0013675987720489502,
            "1": 0.029151052236557007,
            "2": -0.042523105939229255,
            "3": -0.021299391984939575,
            "4": -0.03778176009654999,
            "5": -0.022596855958302853,
            "6": -0.021547873814900753,
            "7": 0.016100257635116577,
            "8": 0.02604612708091736
        },
        "BWT_Stream/eval_phase/test_stream": {
            "0": -0.0013675987720489502,
            "1": 0.029151052236557007,
            "2": -0.042523105939229255,
            "3": -0.021299391984939575,
            "4": -0.03778176009654999,
            "5": -0.022596855958302853,
            "6": -0.021547873814900753,
            "7": 0.016100257635116577,
            "8": 0.02604612708091736
        }
    }
}