{
    "0": {
        "Loss_Exp": 95.37415184333311,
        "RelativeDistance_Exp": 0.8631784319877625,
        "R2Score_Exp": 0.7827980816364288,
        "Forgetting_Exp": 0.0918971598148346,
        "BWT_Exp": -0.0918971598148346
    },
    "1": {
        "Loss_Exp": 65.95530454204734,
        "RelativeDistance_Exp": 1.3729740381240845,
        "R2Score_Exp": 0.8090274333953857,
        "Forgetting_Exp": 0.08143439888954163,
        "BWT_Exp": -0.08143439888954163
    },
    "2": {
        "Loss_Exp": 63.43254547805958,
        "RelativeDistance_Exp": 0.7806092103322347,
        "R2Score_Exp": 0.7968301177024841,
        "Forgetting_Exp": 0.03416552146275842,
        "BWT_Exp": -0.03416552146275842
    },
    "3": {
        "Loss_Exp": 52.00326276330726,
        "RelativeDistance_Exp": 0.6504537463188171,
        "R2Score_Exp": 0.8279800713062286,
        "Forgetting_Exp": 0.02339804172515869,
        "BWT_Exp": -0.02339804172515869
    },
    "4": {
        "Loss_Exp": 44.695177852368275,
        "RelativeDistance_Exp": 0.8360377103090286,
        "R2Score_Exp": 0.8552930802106857,
        "Forgetting_Exp": -0.01625557243824005,
        "BWT_Exp": 0.01625557243824005
    },
    "5": {
        "Loss_Exp": 45.21452779355256,
        "RelativeDistance_Exp": 0.6822553475697836,
        "R2Score_Exp": 0.8231313029925028,
        "Forgetting_Exp": 0.011068085829416985,
        "BWT_Exp": -0.011068085829416985
    },
    "6": {
        "Loss_Exp": 61.760402746178016,
        "RelativeDistance_Exp": 0.7132925589879354,
        "R2Score_Exp": 0.8014059861501058,
        "Forgetting_Exp": 0.038286904493967655,
        "BWT_Exp": -0.038286904493967655
    },
    "7": {
        "Loss_Exp": 36.811180114746094,
        "RelativeDistance_Exp": 0.6641541123390198,
        "R2Score_Exp": 0.854849100112915,
        "Forgetting_Exp": 0.028918206691741943,
        "BWT_Exp": -0.028918206691741943
    },
    "8": {
        "Loss_Exp": 49.56479850250887,
        "RelativeDistance_Exp": 1.1193415224552155,
        "R2Score_Exp": 0.8365120887756348,
        "Forgetting_Exp": 0.008280128240585327,
        "BWT_Exp": -0.008280128240585327
    },
    "9": {
        "Loss_Exp": 60.79612425875801,
        "RelativeDistance_Exp": 0.7890523076057434,
        "R2Score_Exp": 0.8355569243431091
    },
    "stream": {
        "Loss_Stream/eval_phase/test_stream": 56.91370636266125,
        "RelativeDistance_Stream/eval_phase/test_stream": 0.8386156832178434,
        "R2Score_Stream/eval_phase/test_stream": 0.8218280350168546,
        "Forgetting_Stream/eval_phase/test_stream": {
            "0": 0.0918971598148346,
            "1": 0.08143439888954163,
            "2": 0.03416552146275842,
            "3": 0.02339804172515869,
            "4": -0.01625557243824005,
            "5": 0.011068085829416985,
            "6": 0.038286904493967655,
            "7": 0.028918206691741943,
            "8": 0.008280128240585327
        },
        "BWT_Stream/eval_phase/test_stream": {
            "0": 0.0918971598148346,
            "1": 0.08143439888954163,
            "2": 0.03416552146275842,
            "3": 0.02339804172515869,
            "4": -0.01625557243824005,
            "5": 0.011068085829416985,
            "6": 0.038286904493967655,
            "7": 0.028918206691741943,
            "8": 0.008280128240585327
        }
    }
}