{
    "0": {
        "Loss_Exp": 74.5916519165039,
        "RelativeDistance_Exp": 0.7485994100570679,
        "R2Score_Exp": 0.7437599301338196,
        "Forgetting_Exp": 0.11021530628204346,
        "BWT_Exp": -0.11021530628204346
    },
    "1": {
        "Loss_Exp": 38.76573181152344,
        "RelativeDistance_Exp": 0.7009974122047424,
        "R2Score_Exp": 0.8520824909210205,
        "Forgetting_Exp": 0.04546976089477539,
        "BWT_Exp": -0.04546976089477539
    },
    "2": {
        "Loss_Exp": 49.582401275634766,
        "RelativeDistance_Exp": 0.5750941634178162,
        "R2Score_Exp": 0.8109906911849976,
        "Forgetting_Exp": 0.02888631820678711,
        "BWT_Exp": -0.02888631820678711
    },
    "3": {
        "Loss_Exp": 36.63414001464844,
        "RelativeDistance_Exp": 0.4961814880371094,
        "R2Score_Exp": 0.8541134595870972,
        "Forgetting_Exp": 0.02040630578994751,
        "BWT_Exp": -0.02040630578994751
    },
    "4": {
        "Loss_Exp": 31.4548282623291,
        "RelativeDistance_Exp": 0.5389872193336487,
        "R2Score_Exp": 0.8456757068634033,
        "Forgetting_Exp": 0.05466586351394653,
        "BWT_Exp": -0.05466586351394653
    },
    "5": {
        "Loss_Exp": 36.70618438720703,
        "RelativeDistance_Exp": 0.5322762727737427,
        "R2Score_Exp": 0.8141567707061768,
        "Forgetting_Exp": 0.07020562887191772,
        "BWT_Exp": -0.07020562887191772
    },
    "6": {
        "Loss_Exp": 35.86427688598633,
        "RelativeDistance_Exp": 0.47117096185684204,
        "R2Score_Exp": 0.8371908664703369,
        "Forgetting_Exp": 0.03698033094406128,
        "BWT_Exp": -0.03698033094406128
    },
    "7": {
        "Loss_Exp": 31.082216262817383,
        "RelativeDistance_Exp": 0.4390086829662323,
        "R2Score_Exp": 0.8500950336456299,
        "Forgetting_Exp": 0.0530543327331543,
        "BWT_Exp": -0.0530543327331543
    },
    "8": {
        "Loss_Exp": 33.19761276245117,
        "RelativeDistance_Exp": 0.3954298794269562,
        "R2Score_Exp": 0.8729366064071655,
        "Forgetting_Exp": 0.01476430892944336,
        "BWT_Exp": -0.01476430892944336
    },
    "9": {
        "Loss_Exp": 37.906097412109375,
        "RelativeDistance_Exp": 0.5573145151138306,
        "R2Score_Exp": 0.8738604784011841
    },
    "stream": {
        "Loss_Stream/eval_phase/test_stream": 40.36020462120693,
        "RelativeDistance_Stream/eval_phase/test_stream": 0.5455060005187988,
        "R2Score_Stream/eval_phase/test_stream": 0.8354862034320831,
        "Forgetting_Stream/eval_phase/test_stream": {
            "0": 0.11021530628204346,
            "1": 0.04546976089477539,
            "2": 0.02888631820678711,
            "3": 0.02040630578994751,
            "4": 0.05466586351394653,
            "5": 0.07020562887191772,
            "6": 0.03698033094406128,
            "7": 0.0530543327331543,
            "8": 0.01476430892944336
        },
        "BWT_Stream/eval_phase/test_stream": {
            "0": 0.11021530628204346,
            "1": 0.04546976089477539,
            "2": 0.02888631820678711,
            "3": 0.02040630578994751,
            "4": 0.05466586351394653,
            "5": 0.07020562887191772,
            "6": 0.03698033094406128,
            "7": 0.0530543327331543,
            "8": 0.01476430892944336
        }
    }
}