{
    "0": {
        "Loss_Exp": 26.182344436645508,
        "RelativeDistance_Exp": 0.6643974781036377,
        "R2Score_Exp": 0.8844131231307983
    },
    "1": {
        "Loss_Exp": 27.031827926635742,
        "RelativeDistance_Exp": 0.6004310846328735,
        "R2Score_Exp": 0.8834450840950012
    },
    "2": {
        "Loss_Exp": 24.97856330871582,
        "RelativeDistance_Exp": 0.6128218770027161,
        "R2Score_Exp": 0.8898991346359253
    },
    "3": {
        "Loss_Exp": 18.757572174072266,
        "RelativeDistance_Exp": 0.6296890377998352,
        "R2Score_Exp": 0.9241384267807007
    },
    "4": {
        "Loss_Exp": 21.17782211303711,
        "RelativeDistance_Exp": 0.6567385792732239,
        "R2Score_Exp": 0.9116719961166382
    },
    "5": {
        "Loss_Exp": 24.7322998046875,
        "RelativeDistance_Exp": 0.5908350944519043,
        "R2Score_Exp": 0.9015743732452393
    },
    "6": {
        "Loss_Exp": 23.759828567504883,
        "RelativeDistance_Exp": 0.7438008189201355,
        "R2Score_Exp": 0.9080256223678589
    },
    "7": {
        "Loss_Exp": 33.942962646484375,
        "RelativeDistance_Exp": 0.5406391620635986,
        "R2Score_Exp": 0.878383219242096
    },
    "8": {
        "Loss_Exp": 25.795183181762695,
        "RelativeDistance_Exp": 0.5748926997184753,
        "R2Score_Exp": 0.9135188460350037
    },
    "9": {
        "Loss_Exp": 20.63555335998535,
        "RelativeDistance_Exp": 0.5395259261131287,
        "R2Score_Exp": 0.9294514656066895
    },
    "stream": {
        "Loss_Stream/eval_phase/test_stream": 25.18593667230473,
        "RelativeDistance_Stream/eval_phase/test_stream": 0.6153771758079529,
        "R2Score_Stream/eval_phase/test_stream": 0.9024521291255951,
        "Forgetting_Stream/eval_phase/test_stream": {},
        "BWT_Stream/eval_phase/test_stream": {}
    }
}