{
    "0": {
        "Loss_Exp": 38.37348428722198,
        "RelativeDistance_Exp": 1.0231216769469411,
        "R2Score_Exp": 0.8268835732811376,
        "Forgetting_Exp": 0.019683019111030986,
        "BWT_Exp": -0.019683019111030986
    },
    "1": {
        "Loss_Exp": 41.831014795484464,
        "RelativeDistance_Exp": 0.9714658058295815,
        "R2Score_Exp": 0.8245933065980168,
        "Forgetting_Exp": 0.030260657860060824,
        "BWT_Exp": -0.030260657860060824
    },
    "2": {
        "Loss_Exp": 33.94691147207499,
        "RelativeDistance_Exp": 0.9583269102232796,
        "R2Score_Exp": 0.851366612375999,
        "Forgetting_Exp": 0.015769293113630622,
        "BWT_Exp": -0.015769293113630622
    },
    "3": {
        "Loss_Exp": 28.171813961505723,
        "RelativeDistance_Exp": 1.032520253868664,
        "R2Score_Exp": 0.8871077036156374,
        "Forgetting_Exp": 0.013527191737118915,
        "BWT_Exp": -0.013527191737118915
    },
    "4": {
        "Loss_Exp": 30.017915173717583,
        "RelativeDistance_Exp": 1.02438374042511,
        "R2Score_Exp": 0.875802960395813,
        "Forgetting_Exp": -0.003543710708618142,
        "BWT_Exp": 0.003543710708618142
    },
    "5": {
        "Loss_Exp": 32.162506198294665,
        "RelativeDistance_Exp": 0.9471710820992788,
        "R2Score_Exp": 0.8751467689871788,
        "Forgetting_Exp": -0.0113848249117533,
        "BWT_Exp": 0.0113848249117533
    },
    "6": {
        "Loss_Exp": 32.14294139931555,
        "RelativeDistance_Exp": 1.2586121130734682,
        "R2Score_Exp": 0.8779375851154327,
        "Forgetting_Exp": -0.0009726975113153458,
        "BWT_Exp": 0.0009726975113153458
    },
    "7": {
        "Loss_Exp": 42.11848639871298,
        "RelativeDistance_Exp": 0.8615426976105263,
        "R2Score_Exp": 0.8487698353570083,
        "Forgetting_Exp": 0.013377401335486039,
        "BWT_Exp": -0.013377401335486039
    },
    "8": {
        "Loss_Exp": 30.974082029429308,
        "RelativeDistance_Exp": 0.8698919547928704,
        "R2Score_Exp": 0.8927193217807345,
        "Forgetting_Exp": 0.004456526703304764,
        "BWT_Exp": -0.004456526703304764
    },
    "9": {
        "Loss_Exp": 24.7167794942478,
        "RelativeDistance_Exp": 0.8452591061592102,
        "R2Score_Exp": 0.9195568799972534
    },
    "stream": {
        "Loss_Stream/eval_phase/test_stream": 35.281436402343374,
        "RelativeDistance_Stream/eval_phase/test_stream": 0.9997242169552728,
        "R2Score_Stream/eval_phase/test_stream": 0.8558894391906889,
        "Forgetting_Stream/eval_phase/test_stream": {
            "0": 0.019683019111030986,
            "1": 0.030260657860060824,
            "2": 0.015769293113630622,
            "3": 0.013527191737118915,
            "4": -0.003543710708618142,
            "5": -0.0113848249117533,
            "6": -0.0009726975113153458,
            "7": 0.013377401335486039,
            "8": 0.004456526703304764
        },
        "BWT_Stream/eval_phase/test_stream": {
            "0": 0.019683019111030986,
            "1": 0.030260657860060824,
            "2": 0.015769293113630622,
            "3": 0.013527191737118915,
            "4": -0.003543710708618142,
            "5": -0.0113848249117533,
            "6": -0.0009726975113153458,
            "7": 0.013377401335486039,
            "8": 0.004456526703304764
        }
    }
}