{
    "0": {
        "Loss_Exp": 91.06742298505459,
        "RelativeDistance_Exp": 0.948824942111969,
        "R2Score_Exp": 0.7941986620426178,
        "Forgetting_Exp": 0.08580386638641357,
        "BWT_Exp": -0.08580386638641357
    },
    "1": {
        "Loss_Exp": 66.22476892536599,
        "RelativeDistance_Exp": 1.4400047659873962,
        "R2Score_Exp": 0.8070043325424194,
        "Forgetting_Exp": 0.08715516328811646,
        "BWT_Exp": -0.08715516328811646
    },
    "2": {
        "Loss_Exp": 62.967544361065855,
        "RelativeDistance_Exp": 0.7799203395843506,
        "R2Score_Exp": 0.7966614564259847,
        "Forgetting_Exp": 0.02153666814168287,
        "BWT_Exp": -0.02153666814168287
    },
    "3": {
        "Loss_Exp": 50.234133569311304,
        "RelativeDistance_Exp": 0.6462121307849884,
        "R2Score_Exp": 0.8338510692119598,
        "Forgetting_Exp": 0.020622193813323975,
        "BWT_Exp": -0.020622193813323975
    },
    "4": {
        "Loss_Exp": 47.2233731120388,
        "RelativeDistance_Exp": 0.8848543614149094,
        "R2Score_Exp": 0.8418580740690231,
        "Forgetting_Exp": 0.0021883398294448853,
        "BWT_Exp": -0.0021883398294448853
    },
    "5": {
        "Loss_Exp": 48.129150058912195,
        "RelativeDistance_Exp": 0.7152429024378458,
        "R2Score_Exp": 0.8119775454203287,
        "Forgetting_Exp": 0.024646997451782227,
        "BWT_Exp": -0.024646997451782227
    },
    "6": {
        "Loss_Exp": 60.358755806997316,
        "RelativeDistance_Exp": 0.7143983046213785,
        "R2Score_Exp": 0.829221248626709,
        "Forgetting_Exp": 0.02401687701543176,
        "BWT_Exp": -0.02401687701543176
    },
    "7": {
        "Loss_Exp": 37.98378372192383,
        "RelativeDistance_Exp": 0.7119028568267822,
        "R2Score_Exp": 0.8502254486083984,
        "Forgetting_Exp": 0.03163668513298035,
        "BWT_Exp": -0.03163668513298035
    },
    "8": {
        "Loss_Exp": 49.10994863994041,
        "RelativeDistance_Exp": 1.04649019241333,
        "R2Score_Exp": 0.8366500437259674,
        "Forgetting_Exp": -0.016327261924743652,
        "BWT_Exp": 0.016327261924743652
    },
    "9": {
        "Loss_Exp": 59.39259961960633,
        "RelativeDistance_Exp": 0.8626170754432678,
        "R2Score_Exp": 0.8391299247741699
    },
    "stream": {
        "Loss_Stream/eval_phase/test_stream": 56.96939724602432,
        "RelativeDistance_Stream/eval_phase/test_stream": 0.865345964829127,
        "R2Score_Stream/eval_phase/test_stream": 0.8230377733707428,
        "Forgetting_Stream/eval_phase/test_stream": {
            "0": 0.08580386638641357,
            "1": 0.08715516328811646,
            "2": 0.02153666814168287,
            "3": 0.020622193813323975,
            "4": 0.0021883398294448853,
            "5": 0.024646997451782227,
            "6": 0.02401687701543176,
            "7": 0.03163668513298035,
            "8": -0.016327261924743652
        },
        "BWT_Stream/eval_phase/test_stream": {
            "0": 0.08580386638641357,
            "1": 0.08715516328811646,
            "2": 0.02153666814168287,
            "3": 0.020622193813323975,
            "4": 0.0021883398294448853,
            "5": 0.024646997451782227,
            "6": 0.02401687701543176,
            "7": 0.03163668513298035,
            "8": -0.016327261924743652
        }
    }
}