{
    "0": {
        "Loss_Exp": 78.11974198443335,
        "RelativeDistance_Exp": 1.079202401638031,
        "R2Score_Exp": 0.6765794813632965,
        "Forgetting_Exp": 0.16582649350166323,
        "BWT_Exp": -0.16582649350166323
    },
    "1": {
        "Loss_Exp": 77.45720875515217,
        "RelativeDistance_Exp": 0.9609059731165568,
        "R2Score_Exp": 0.6961227297782898,
        "Forgetting_Exp": 0.1793175141016642,
        "BWT_Exp": -0.1793175141016642
    },
    "2": {
        "Loss_Exp": 54.024688228956464,
        "RelativeDistance_Exp": 0.8165423274040222,
        "R2Score_Exp": 0.7769276408048776,
        "Forgetting_Exp": 0.12196009892683768,
        "BWT_Exp": -0.12196009892683768
    },
    "3": {
        "Loss_Exp": 38.73561612739959,
        "RelativeDistance_Exp": 0.8428987463315328,
        "R2Score_Exp": 0.8457882006963094,
        "Forgetting_Exp": 0.08180784516864348,
        "BWT_Exp": -0.08180784516864348
    },
    "4": {
        "Loss_Exp": 44.56734201413843,
        "RelativeDistance_Exp": 0.7655630878039769,
        "R2Score_Exp": 0.8193771583693368,
        "Forgetting_Exp": 0.09062495401927406,
        "BWT_Exp": -0.09062495401927406
    },
    "5": {
        "Loss_Exp": 39.31476331802732,
        "RelativeDistance_Exp": 0.6447884738445282,
        "R2Score_Exp": 0.8499477803707123,
        "Forgetting_Exp": 0.03763538599014282,
        "BWT_Exp": -0.03763538599014282
    },
    "6": {
        "Loss_Exp": 38.311617584078256,
        "RelativeDistance_Exp": 0.7545369043946266,
        "R2Score_Exp": 0.8532893061637878,
        "Forgetting_Exp": 0.04461457580327988,
        "BWT_Exp": -0.04461457580327988
    },
    "7": {
        "Loss_Exp": 45.27381122725017,
        "RelativeDistance_Exp": 0.5561179555952549,
        "R2Score_Exp": 0.841870054602623,
        "Forgetting_Exp": 0.053155235946178436,
        "BWT_Exp": -0.053155235946178436
    },
    "8": {
        "Loss_Exp": 28.05188310228394,
        "RelativeDistance_Exp": 0.483842392762502,
        "R2Score_Exp": 0.9001338680585226,
        "Forgetting_Exp": 0.030086557070414188,
        "BWT_Exp": -0.030086557070414188
    },
    "9": {
        "Loss_Exp": 19.463628403169416,
        "RelativeDistance_Exp": 0.45426009595394135,
        "R2Score_Exp": 0.9223098158836365
    },
    "stream": {
        "Loss_Stream/eval_phase/test_stream": 54.13651216155441,
        "RelativeDistance_Stream/eval_phase/test_stream": 0.8083914974589407,
        "R2Score_Stream/eval_phase/test_stream": 0.7884124914805094,
        "Forgetting_Stream/eval_phase/test_stream": {
            "0": 0.16582649350166323,
            "1": 0.1793175141016642,
            "2": 0.12196009892683768,
            "3": 0.08180784516864348,
            "4": 0.09062495401927406,
            "5": 0.03763538599014282,
            "6": 0.04461457580327988,
            "7": 0.053155235946178436,
            "8": 0.030086557070414188
        },
        "BWT_Stream/eval_phase/test_stream": {
            "0": 0.16582649350166323,
            "1": 0.1793175141016642,
            "2": 0.12196009892683768,
            "3": 0.08180784516864348,
            "4": 0.09062495401927406,
            "5": 0.03763538599014282,
            "6": 0.04461457580327988,
            "7": 0.053155235946178436,
            "8": 0.030086557070414188
        }
    }
}