{
    "0": {
        "Loss_Exp": 39.47834463539363,
        "RelativeDistance_Exp": 1.029120570421219,
        "R2Score_Exp": 0.8212432503700257,
        "Forgetting_Exp": 0.03148187398910518,
        "BWT_Exp": -0.03148187398910518
    },
    "1": {
        "Loss_Exp": 43.29688868283601,
        "RelativeDistance_Exp": 0.9810009439786275,
        "R2Score_Exp": 0.8183735211690267,
        "Forgetting_Exp": 0.028942652543385794,
        "BWT_Exp": -0.028942652543385794
    },
    "2": {
        "Loss_Exp": 37.004269277243935,
        "RelativeDistance_Exp": 0.9721825214532706,
        "R2Score_Exp": 0.8412885436644921,
        "Forgetting_Exp": 0.025744135563190107,
        "BWT_Exp": -0.025744135563190107
    },
    "3": {
        "Loss_Exp": 28.149544263133617,
        "RelativeDistance_Exp": 1.050239298078749,
        "R2Score_Exp": 0.8882262176937528,
        "Forgetting_Exp": 0.009666469362046959,
        "BWT_Exp": -0.009666469362046959
    },
    "4": {
        "Loss_Exp": 30.33490080357133,
        "RelativeDistance_Exp": 1.0044156653540475,
        "R2Score_Exp": 0.8809077143669128,
        "Forgetting_Exp": -0.010697015694209555,
        "BWT_Exp": 0.010697015694209555
    },
    "5": {
        "Loss_Exp": 32.40566005264697,
        "RelativeDistance_Exp": 0.9325613180796305,
        "R2Score_Exp": 0.8734854559103647,
        "Forgetting_Exp": -0.004920542240142822,
        "BWT_Exp": 0.004920542240142822
    },
    "6": {
        "Loss_Exp": 31.235920066964972,
        "RelativeDistance_Exp": 1.24956776201725,
        "R2Score_Exp": 0.8802241161465645,
        "Forgetting_Exp": 0.004989922046661377,
        "BWT_Exp": -0.004989922046661377
    },
    "7": {
        "Loss_Exp": 41.573463531236854,
        "RelativeDistance_Exp": 0.8590625151991844,
        "R2Score_Exp": 0.8531534597277641,
        "Forgetting_Exp": 0.01602761447429657,
        "BWT_Exp": -0.01602761447429657
    },
    "8": {
        "Loss_Exp": 31.217504929380166,
        "RelativeDistance_Exp": 0.7999202609062195,
        "R2Score_Exp": 0.8854550719261169,
        "Forgetting_Exp": 0.020645300547281864,
        "BWT_Exp": -0.020645300547281864
    },
    "9": {
        "Loss_Exp": 23.55068587652288,
        "RelativeDistance_Exp": 0.7686899304389954,
        "R2Score_Exp": 0.9131758809089661
    },
    "stream": {
        "Loss_Stream/eval_phase/test_stream": 36.08412379253264,
        "RelativeDistance_Stream/eval_phase/test_stream": 0.9941877376886061,
        "R2Score_Stream/eval_phase/test_stream": 0.8540225514659175,
        "Forgetting_Stream/eval_phase/test_stream": {
            "0": 0.03148187398910518,
            "1": 0.028942652543385794,
            "2": 0.025744135563190107,
            "3": 0.009666469362046959,
            "4": -0.010697015694209555,
            "5": -0.004920542240142822,
            "6": 0.004989922046661377,
            "7": 0.01602761447429657,
            "8": 0.020645300547281864
        },
        "BWT_Stream/eval_phase/test_stream": {
            "0": 0.03148187398910518,
            "1": 0.028942652543385794,
            "2": 0.025744135563190107,
            "3": 0.009666469362046959,
            "4": -0.010697015694209555,
            "5": -0.004920542240142822,
            "6": 0.004989922046661377,
            "7": 0.01602761447429657,
            "8": 0.020645300547281864
        }
    }
}