{
    "0": {
        "Loss_Exp": 107.80512875073576,
        "RelativeDistance_Exp": 0.8654981255531311,
        "R2Score_Exp": 0.6403089165687561,
        "Forgetting_Exp": 0.20864832401275635,
        "BWT_Exp": -0.20864832401275635
    },
    "1": {
        "Loss_Exp": 50.905572384295475,
        "RelativeDistance_Exp": 0.8707760274410248,
        "R2Score_Exp": 0.8117672801017761,
        "Forgetting_Exp": 0.08034837245941162,
        "BWT_Exp": -0.08034837245941162
    },
    "2": {
        "Loss_Exp": 58.11436210879166,
        "RelativeDistance_Exp": 0.6543256044387817,
        "R2Score_Exp": 0.7753720680872599,
        "Forgetting_Exp": 0.06706631183624268,
        "BWT_Exp": -0.06706631183624268
    },
    "3": {
        "Loss_Exp": 41.60935644844408,
        "RelativeDistance_Exp": 0.5764305591583252,
        "R2Score_Exp": 0.8416252136230469,
        "Forgetting_Exp": 0.039061129093170166,
        "BWT_Exp": -0.039061129093170166
    },
    "4": {
        "Loss_Exp": 33.43519652580919,
        "RelativeDistance_Exp": 0.6042157560586929,
        "R2Score_Exp": 0.8400034010410309,
        "Forgetting_Exp": 0.06772805750370026,
        "BWT_Exp": -0.06772805750370026
    },
    "5": {
        "Loss_Exp": 36.68030055513318,
        "RelativeDistance_Exp": 0.5753122965494791,
        "R2Score_Exp": 0.8262743751207987,
        "Forgetting_Exp": 0.07057297229766846,
        "BWT_Exp": -0.07057297229766846
    },
    "6": {
        "Loss_Exp": 41.70215022135124,
        "RelativeDistance_Exp": 0.6005968252817789,
        "R2Score_Exp": 0.844495157400767,
        "Forgetting_Exp": 0.013626039028167725,
        "BWT_Exp": -0.013626039028167725
    },
    "7": {
        "Loss_Exp": 33.22093664479052,
        "RelativeDistance_Exp": 0.4178810566663742,
        "R2Score_Exp": 0.8727404475212097,
        "Forgetting_Exp": 0.05392831563949585,
        "BWT_Exp": -0.05392831563949585
    },
    "8": {
        "Loss_Exp": 33.0000500813547,
        "RelativeDistance_Exp": 0.49705731868743896,
        "R2Score_Exp": 0.8671325147151947,
        "Forgetting_Exp": 0.02435743808746338,
        "BWT_Exp": -0.02435743808746338
    },
    "9": {
        "Loss_Exp": 37.27636904816907,
        "RelativeDistance_Exp": 0.5652788877487183,
        "R2Score_Exp": 0.8770403563976288
    },
    "stream": {
        "Loss_Stream/eval_phase/test_stream": 46.75047323117401,
        "RelativeDistance_Stream/eval_phase/test_stream": 0.6197364461421967,
        "R2Score_Stream/eval_phase/test_stream": 0.820786714553833,
        "Forgetting_Stream/eval_phase/test_stream": {
            "0": 0.20864832401275635,
            "1": 0.08034837245941162,
            "2": 0.06706631183624268,
            "3": 0.039061129093170166,
            "4": 0.06772805750370026,
            "5": 0.07057297229766846,
            "6": 0.013626039028167725,
            "7": 0.05392831563949585,
            "8": 0.02435743808746338
        },
        "BWT_Stream/eval_phase/test_stream": {
            "0": 0.20864832401275635,
            "1": 0.08034837245941162,
            "2": 0.06706631183624268,
            "3": 0.039061129093170166,
            "4": 0.06772805750370026,
            "5": 0.07057297229766846,
            "6": 0.013626039028167725,
            "7": 0.05392831563949585,
            "8": 0.02435743808746338
        }
    }
}