{
    "0": {
        "Loss_Exp": 72.96002197265625,
        "RelativeDistance_Exp": 0.6705451607704163,
        "R2Score_Exp": 0.7527738809585571,
        "Forgetting_Exp": 0.09625887870788574,
        "BWT_Exp": -0.09625887870788574
    },
    "1": {
        "Loss_Exp": 35.53800964355469,
        "RelativeDistance_Exp": 0.7063562273979187,
        "R2Score_Exp": 0.867102324962616,
        "Forgetting_Exp": 0.029841959476470947,
        "BWT_Exp": -0.029841959476470947
    },
    "2": {
        "Loss_Exp": 48.14634704589844,
        "RelativeDistance_Exp": 0.5520635843276978,
        "R2Score_Exp": 0.8057187795639038,
        "Forgetting_Exp": 0.022072434425354004,
        "BWT_Exp": -0.022072434425354004
    },
    "3": {
        "Loss_Exp": 31.8674373626709,
        "RelativeDistance_Exp": 0.4658608138561249,
        "R2Score_Exp": 0.8774560689926147,
        "Forgetting_Exp": -0.01142263412475586,
        "BWT_Exp": 0.01142263412475586
    },
    "4": {
        "Loss_Exp": 27.798978805541992,
        "RelativeDistance_Exp": 0.4782172739505768,
        "R2Score_Exp": 0.8586441278457642,
        "Forgetting_Exp": 0.02631092071533203,
        "BWT_Exp": -0.02631092071533203
    },
    "5": {
        "Loss_Exp": 34.31404495239258,
        "RelativeDistance_Exp": 0.4879037141799927,
        "R2Score_Exp": 0.8178626298904419,
        "Forgetting_Exp": 0.039996206760406494,
        "BWT_Exp": -0.039996206760406494
    },
    "6": {
        "Loss_Exp": 34.47003173828125,
        "RelativeDistance_Exp": 0.42911574244499207,
        "R2Score_Exp": 0.8436949253082275,
        "Forgetting_Exp": 0.0066072940826416016,
        "BWT_Exp": -0.0066072940826416016
    },
    "7": {
        "Loss_Exp": 29.87663459777832,
        "RelativeDistance_Exp": 0.5147145390510559,
        "R2Score_Exp": 0.8509535789489746,
        "Forgetting_Exp": 0.03392302989959717,
        "BWT_Exp": -0.03392302989959717
    },
    "8": {
        "Loss_Exp": 37.28569030761719,
        "RelativeDistance_Exp": 0.4149429202079773,
        "R2Score_Exp": 0.8560188412666321,
        "Forgetting_Exp": 0.01931673288345337,
        "BWT_Exp": -0.01931673288345337
    },
    "9": {
        "Loss_Exp": 45.459136962890625,
        "RelativeDistance_Exp": 0.6079527735710144,
        "R2Score_Exp": 0.8480455279350281
    },
    "stream": {
        "Loss_Stream/eval_phase/test_stream": 39.033363735746434,
        "RelativeDistance_Stream/eval_phase/test_stream": 0.5327672749757767,
        "R2Score_Stream/eval_phase/test_stream": 0.837827068567276,
        "Forgetting_Stream/eval_phase/test_stream": {
            "0": 0.09625887870788574,
            "1": 0.029841959476470947,
            "2": 0.022072434425354004,
            "3": -0.01142263412475586,
            "4": 0.02631092071533203,
            "5": 0.039996206760406494,
            "6": 0.0066072940826416016,
            "7": 0.03392302989959717,
            "8": 0.01931673288345337
        },
        "BWT_Stream/eval_phase/test_stream": {
            "0": 0.09625887870788574,
            "1": 0.029841959476470947,
            "2": 0.022072434425354004,
            "3": -0.01142263412475586,
            "4": 0.02631092071533203,
            "5": 0.039996206760406494,
            "6": 0.0066072940826416016,
            "7": 0.03392302989959717,
            "8": 0.01931673288345337
        }
    }
}