{
    "0": {
        "Loss_Exp": 0.13229376112050298,
        "BinaryAccuracy_Exp": 0.9532288759946823
    },
    "1": {
        "Loss_Exp": 0.18257321691170528,
        "BinaryAccuracy_Exp": 0.9430869817733765
    },
    "2": {
        "Loss_Exp": 0.1267922302233993,
        "BinaryAccuracy_Exp": 0.9545235514640809
    },
    "3": {
        "Loss_Exp": 0.11236741496341897,
        "BinaryAccuracy_Exp": 0.9559437751770019
    },
    "4": {
        "Loss_Exp": 0.08398629757423609,
        "BinaryAccuracy_Exp": 0.9679859280586243
    },
    "5": {
        "Loss_Exp": 0.10444871747767043,
        "BinaryAccuracy_Exp": 0.9623034497102102
    },
    "6": {
        "Loss_Exp": 0.07215026382335156,
        "BinaryAccuracy_Exp": 0.9711995124816895
    },
    "7": {
        "Loss_Exp": 0.08065373736698896,
        "BinaryAccuracy_Exp": 0.97036345799764
    },
    "8": {
        "Loss_Exp": 0.07921683885469044,
        "BinaryAccuracy_Exp": 0.9693430463473002
    },
    "9": {
        "Loss_Exp": 0.07382540694607208,
        "BinaryAccuracy_Exp": 0.9724614918231964
    },
    "stream": {
        "Loss_Stream/eval_phase/test_stream": 0.10316320432101948,
        "BinaryAccuracy_Stream/eval_phase/test_stream": 0.9620062022105508
    }
}