{
    "0": {
        "Loss_Exp": 109.42253604000562,
        "RelativeDistance_Exp": 0.8995497524738312,
        "R2Score_Exp": 0.6651436686515808,
        "Forgetting_Exp": 0.18608245253562927,
        "BWT_Exp": -0.18608245253562927
    },
    "1": {
        "Loss_Exp": 63.58473825227044,
        "RelativeDistance_Exp": 0.8715893626213074,
        "R2Score_Exp": 0.779214084148407,
        "Forgetting_Exp": 0.10806667804718018,
        "BWT_Exp": -0.10806667804718018
    },
    "2": {
        "Loss_Exp": 80.39038157436474,
        "RelativeDistance_Exp": 0.6870627999305725,
        "R2Score_Exp": 0.7355404297510783,
        "Forgetting_Exp": 0.10753478606541955,
        "BWT_Exp": -0.10753478606541955
    },
    "3": {
        "Loss_Exp": 49.97460014911245,
        "RelativeDistance_Exp": 0.5902906656265259,
        "R2Score_Exp": 0.8100053668022156,
        "Forgetting_Exp": 0.05991387367248535,
        "BWT_Exp": -0.05991387367248535
    },
    "4": {
        "Loss_Exp": 39.30785450194045,
        "RelativeDistance_Exp": 0.6614345908164978,
        "R2Score_Exp": 0.8143099844455719,
        "Forgetting_Exp": 0.09116344153881073,
        "BWT_Exp": -0.09116344153881073
    },
    "5": {
        "Loss_Exp": 44.65929842955314,
        "RelativeDistance_Exp": 0.6165737509727478,
        "R2Score_Exp": 0.7844974398612976,
        "Forgetting_Exp": 0.08886351188023889,
        "BWT_Exp": -0.08886351188023889
    },
    "6": {
        "Loss_Exp": 54.54798428652098,
        "RelativeDistance_Exp": 0.6404493649800619,
        "R2Score_Exp": 0.7880034645398458,
        "Forgetting_Exp": 0.059828758239746094,
        "BWT_Exp": -0.059828758239746094
    },
    "7": {
        "Loss_Exp": 42.95819761270811,
        "RelativeDistance_Exp": 0.44947265088558197,
        "R2Score_Exp": 0.856226235628128,
        "Forgetting_Exp": 0.03266385197639465,
        "BWT_Exp": -0.03266385197639465
    },
    "8": {
        "Loss_Exp": 46.88689341290991,
        "RelativeDistance_Exp": 0.5943902134895325,
        "R2Score_Exp": 0.8288377225399017,
        "Forgetting_Exp": 0.038064032793045044,
        "BWT_Exp": -0.038064032793045044
    },
    "9": {
        "Loss_Exp": 41.491290527239535,
        "RelativeDistance_Exp": 0.5591334998607635,
        "R2Score_Exp": 0.8627205193042755
    },
    "stream": {
        "Loss_Stream/eval_phase/test_stream": 56.7621440641424,
        "RelativeDistance_Stream/eval_phase/test_stream": 0.6562739360332489,
        "R2Score_Stream/eval_phase/test_stream": 0.7914263653755188,
        "Forgetting_Stream/eval_phase/test_stream": {
            "0": 0.18608245253562927,
            "1": 0.10806667804718018,
            "2": 0.10753478606541955,
            "3": 0.05991387367248535,
            "4": 0.09116344153881073,
            "5": 0.08886351188023889,
            "6": 0.059828758239746094,
            "7": 0.03266385197639465,
            "8": 0.038064032793045044
        },
        "BWT_Stream/eval_phase/test_stream": {
            "0": 0.18608245253562927,
            "1": 0.10806667804718018,
            "2": 0.10753478606541955,
            "3": 0.05991387367248535,
            "4": 0.09116344153881073,
            "5": 0.08886351188023889,
            "6": 0.059828758239746094,
            "7": 0.03266385197639465,
            "8": 0.038064032793045044
        }
    }
}