{
    "0": {
        "Loss_Exp": 59.56570053100586,
        "RelativeDistance_Exp": 0.5853846669197083,
        "R2Score_Exp": 0.791756272315979,
        "Forgetting_Exp": 0.05902594327926636,
        "BWT_Exp": -0.05902594327926636
    },
    "1": {
        "Loss_Exp": 29.387704849243164,
        "RelativeDistance_Exp": 0.6400075554847717,
        "R2Score_Exp": 0.8794153928756714,
        "Forgetting_Exp": 0.017408370971679688,
        "BWT_Exp": -0.017408370971679688
    },
    "2": {
        "Loss_Exp": 37.928524017333984,
        "RelativeDistance_Exp": 0.5085463523864746,
        "R2Score_Exp": 0.8414668440818787,
        "Forgetting_Exp": 0.0006893277168273926,
        "BWT_Exp": -0.0006893277168273926
    },
    "3": {
        "Loss_Exp": 26.870101928710938,
        "RelativeDistance_Exp": 0.44682547450065613,
        "R2Score_Exp": 0.8940507173538208,
        "Forgetting_Exp": -0.016532301902770996,
        "BWT_Exp": 0.016532301902770996
    },
    "4": {
        "Loss_Exp": 23.68924903869629,
        "RelativeDistance_Exp": 0.4497798979282379,
        "R2Score_Exp": 0.8868256211280823,
        "Forgetting_Exp": 0.005532205104827881,
        "BWT_Exp": -0.005532205104827881
    },
    "5": {
        "Loss_Exp": 29.218429565429688,
        "RelativeDistance_Exp": 0.4660888910293579,
        "R2Score_Exp": 0.8526108860969543,
        "Forgetting_Exp": 0.03753548860549927,
        "BWT_Exp": -0.03753548860549927
    },
    "6": {
        "Loss_Exp": 31.048398971557617,
        "RelativeDistance_Exp": 0.41430145502090454,
        "R2Score_Exp": 0.855043888092041,
        "Forgetting_Exp": 0.020287036895751953,
        "BWT_Exp": -0.020287036895751953
    },
    "7": {
        "Loss_Exp": 26.27870750427246,
        "RelativeDistance_Exp": 0.4929690659046173,
        "R2Score_Exp": 0.8816972374916077,
        "Forgetting_Exp": 0.01851731538772583,
        "BWT_Exp": -0.01851731538772583
    },
    "8": {
        "Loss_Exp": 31.873737335205078,
        "RelativeDistance_Exp": 0.3893246352672577,
        "R2Score_Exp": 0.8688260912895203,
        "Forgetting_Exp": 0.02210479974746704,
        "BWT_Exp": -0.02210479974746704
    },
    "9": {
        "Loss_Exp": 36.059181213378906,
        "RelativeDistance_Exp": 0.5457057356834412,
        "R2Score_Exp": 0.876955509185791
    },
    "stream": {
        "Loss_Stream/eval_phase/test_stream": 32.52428350370244,
        "RelativeDistance_Stream/eval_phase/test_stream": 0.4938933730125427,
        "R2Score_Stream/eval_phase/test_stream": 0.8628648459911347,
        "Forgetting_Stream/eval_phase/test_stream": {
            "0": 0.05902594327926636,
            "1": 0.017408370971679688,
            "2": 0.0006893277168273926,
            "3": -0.016532301902770996,
            "4": 0.005532205104827881,
            "5": 0.03753548860549927,
            "6": 0.020287036895751953,
            "7": 0.01851731538772583,
            "8": 0.02210479974746704
        },
        "BWT_Stream/eval_phase/test_stream": {
            "0": 0.05902594327926636,
            "1": 0.017408370971679688,
            "2": 0.0006893277168273926,
            "3": -0.016532301902770996,
            "4": 0.005532205104827881,
            "5": 0.03753548860549927,
            "6": 0.020287036895751953,
            "7": 0.01851731538772583,
            "8": 0.02210479974746704
        }
    }
}