{
    "0": {
        "Loss_Exp": 33.67227554321289,
        "RelativeDistance_Exp": 0.6567554473876953,
        "R2Score_Exp": 0.859961986541748,
        "Forgetting_Exp": 0.03798490762710571,
        "BWT_Exp": -0.03798490762710571
    },
    "1": {
        "Loss_Exp": 41.095176696777344,
        "RelativeDistance_Exp": 0.6597917079925537,
        "R2Score_Exp": 0.8302209377288818,
        "Forgetting_Exp": 0.0553930401802063,
        "BWT_Exp": -0.0553930401802063
    },
    "2": {
        "Loss_Exp": 38.9066162109375,
        "RelativeDistance_Exp": 0.7439242005348206,
        "R2Score_Exp": 0.8428237438201904,
        "Forgetting_Exp": 0.04831886291503906,
        "BWT_Exp": -0.04831886291503906
    },
    "3": {
        "Loss_Exp": 35.553951263427734,
        "RelativeDistance_Exp": 0.6854892373085022,
        "R2Score_Exp": 0.8448741436004639,
        "Forgetting_Exp": 0.05052804946899414,
        "BWT_Exp": -0.05052804946899414
    },
    "4": {
        "Loss_Exp": 43.01899337768555,
        "RelativeDistance_Exp": 0.7574259638786316,
        "R2Score_Exp": 0.8448399901390076,
        "Forgetting_Exp": 0.05122655630111694,
        "BWT_Exp": -0.05122655630111694
    },
    "5": {
        "Loss_Exp": 37.62188720703125,
        "RelativeDistance_Exp": 0.7365874648094177,
        "R2Score_Exp": 0.8593835830688477,
        "Forgetting_Exp": 0.035654425621032715,
        "BWT_Exp": -0.035654425621032715
    },
    "6": {
        "Loss_Exp": 35.63169860839844,
        "RelativeDistance_Exp": 0.5805312991142273,
        "R2Score_Exp": 0.8656609058380127,
        "Forgetting_Exp": 0.019114792346954346,
        "BWT_Exp": -0.019114792346954346
    },
    "7": {
        "Loss_Exp": 33.72566223144531,
        "RelativeDistance_Exp": 0.6586104035377502,
        "R2Score_Exp": 0.8719306588172913,
        "Forgetting_Exp": -0.008180975914001465,
        "BWT_Exp": 0.008180975914001465
    },
    "8": {
        "Loss_Exp": 34.98728942871094,
        "RelativeDistance_Exp": 0.4554932713508606,
        "R2Score_Exp": 0.8734927177429199,
        "Forgetting_Exp": 0.03218340873718262,
        "BWT_Exp": -0.03218340873718262
    },
    "9": {
        "Loss_Exp": 19.049564361572266,
        "RelativeDistance_Exp": 0.8088660836219788,
        "R2Score_Exp": 0.9288800954818726
    },
    "stream": {
        "Loss_Stream/eval_phase/test_stream": 37.838171587959366,
        "RelativeDistance_Stream/eval_phase/test_stream": 0.6743475079536438,
        "R2Score_Stream/eval_phase/test_stream": 0.8622068762779236,
        "Forgetting_Stream/eval_phase/test_stream": {
            "0": 0.03798490762710571,
            "1": 0.0553930401802063,
            "2": 0.04831886291503906,
            "3": 0.05052804946899414,
            "4": 0.05122655630111694,
            "5": 0.035654425621032715,
            "6": 0.019114792346954346,
            "7": -0.008180975914001465,
            "8": 0.03218340873718262
        },
        "BWT_Stream/eval_phase/test_stream": {
            "0": 0.03798490762710571,
            "1": 0.0553930401802063,
            "2": 0.04831886291503906,
            "3": 0.05052804946899414,
            "4": 0.05122655630111694,
            "5": 0.035654425621032715,
            "6": 0.019114792346954346,
            "7": -0.008180975914001465,
            "8": 0.03218340873718262
        }
    }
}