{
    "0": {
        "Loss_Exp": 90.36873626708984,
        "RelativeDistance_Exp": 0.6668434143066406,
        "R2Score_Exp": 0.691630482673645,
        "Forgetting_Exp": 0.16237914562225342,
        "BWT_Exp": -0.16237914562225342
    },
    "1": {
        "Loss_Exp": 40.568565368652344,
        "RelativeDistance_Exp": 0.790922999382019,
        "R2Score_Exp": 0.837931752204895,
        "Forgetting_Exp": 0.05991935729980469,
        "BWT_Exp": -0.05991935729980469
    },
    "2": {
        "Loss_Exp": 51.61921310424805,
        "RelativeDistance_Exp": 0.5611326694488525,
        "R2Score_Exp": 0.7936587333679199,
        "Forgetting_Exp": 0.05288088321685791,
        "BWT_Exp": -0.05288088321685791
    },
    "3": {
        "Loss_Exp": 32.57012176513672,
        "RelativeDistance_Exp": 0.4456467032432556,
        "R2Score_Exp": 0.8643641471862793,
        "Forgetting_Exp": 0.008395612239837646,
        "BWT_Exp": -0.008395612239837646
    },
    "4": {
        "Loss_Exp": 28.207351684570312,
        "RelativeDistance_Exp": 0.5133243799209595,
        "R2Score_Exp": 0.8610118627548218,
        "Forgetting_Exp": 0.04458475112915039,
        "BWT_Exp": -0.04458475112915039
    },
    "5": {
        "Loss_Exp": 31.268280029296875,
        "RelativeDistance_Exp": 0.48766088485717773,
        "R2Score_Exp": 0.8381741046905518,
        "Forgetting_Exp": 0.03629148006439209,
        "BWT_Exp": -0.03629148006439209
    },
    "6": {
        "Loss_Exp": 32.63151550292969,
        "RelativeDistance_Exp": 0.42325645685195923,
        "R2Score_Exp": 0.8479689359664917,
        "Forgetting_Exp": 0.013564825057983398,
        "BWT_Exp": -0.013564825057983398
    },
    "7": {
        "Loss_Exp": 32.32945251464844,
        "RelativeDistance_Exp": 0.46950310468673706,
        "R2Score_Exp": 0.8537395596504211,
        "Forgetting_Exp": 0.04283112287521362,
        "BWT_Exp": -0.04283112287521362
    },
    "8": {
        "Loss_Exp": 36.922767639160156,
        "RelativeDistance_Exp": 0.4417724907398224,
        "R2Score_Exp": 0.8476136922836304,
        "Forgetting_Exp": 0.02352851629257202,
        "BWT_Exp": -0.02352851629257202
    },
    "9": {
        "Loss_Exp": 40.50425338745117,
        "RelativeDistance_Exp": 0.5301793217658997,
        "R2Score_Exp": 0.8641830682754517
    },
    "stream": {
        "Loss_Stream/eval_phase/test_stream": 40.59261649984852,
        "RelativeDistance_Stream/eval_phase/test_stream": 0.5330242425203323,
        "R2Score_Stream/eval_phase/test_stream": 0.8300276339054108,
        "Forgetting_Stream/eval_phase/test_stream": {
            "0": 0.16237914562225342,
            "1": 0.05991935729980469,
            "2": 0.05288088321685791,
            "3": 0.008395612239837646,
            "4": 0.04458475112915039,
            "5": 0.03629148006439209,
            "6": 0.013564825057983398,
            "7": 0.04283112287521362,
            "8": 0.02352851629257202
        },
        "BWT_Stream/eval_phase/test_stream": {
            "0": 0.16237914562225342,
            "1": 0.05991935729980469,
            "2": 0.05288088321685791,
            "3": 0.008395612239837646,
            "4": 0.04458475112915039,
            "5": 0.03629148006439209,
            "6": 0.013564825057983398,
            "7": 0.04283112287521362,
            "8": 0.02352851629257202
        }
    }
}