{
    "0": {
        "Loss_Exp": 74.11651611328125,
        "RelativeDistance_Exp": 0.7484762072563171,
        "R2Score_Exp": 0.7498869895935059,
        "Forgetting_Exp": 0.09581208229064941,
        "BWT_Exp": -0.09581208229064941
    },
    "1": {
        "Loss_Exp": 37.79244613647461,
        "RelativeDistance_Exp": 0.7152026295661926,
        "R2Score_Exp": 0.8544409275054932,
        "Forgetting_Exp": 0.04080605506896973,
        "BWT_Exp": -0.04080605506896973
    },
    "2": {
        "Loss_Exp": 49.020320892333984,
        "RelativeDistance_Exp": 0.5767506957054138,
        "R2Score_Exp": 0.8113513588905334,
        "Forgetting_Exp": 0.026502907276153564,
        "BWT_Exp": -0.026502907276153564
    },
    "3": {
        "Loss_Exp": 36.42716979980469,
        "RelativeDistance_Exp": 0.47897329926490784,
        "R2Score_Exp": 0.8503729701042175,
        "Forgetting_Exp": 0.019972383975982666,
        "BWT_Exp": -0.019972383975982666
    },
    "4": {
        "Loss_Exp": 30.975610733032227,
        "RelativeDistance_Exp": 0.5374366044998169,
        "R2Score_Exp": 0.8434934616088867,
        "Forgetting_Exp": 0.05340266227722168,
        "BWT_Exp": -0.05340266227722168
    },
    "5": {
        "Loss_Exp": 37.05308151245117,
        "RelativeDistance_Exp": 0.5355339646339417,
        "R2Score_Exp": 0.809069037437439,
        "Forgetting_Exp": 0.06961202621459961,
        "BWT_Exp": -0.06961202621459961
    },
    "6": {
        "Loss_Exp": 37.023128509521484,
        "RelativeDistance_Exp": 0.4435533583164215,
        "R2Score_Exp": 0.8301116228103638,
        "Forgetting_Exp": 0.03879183530807495,
        "BWT_Exp": -0.03879183530807495
    },
    "7": {
        "Loss_Exp": 31.726825714111328,
        "RelativeDistance_Exp": 0.4237504005432129,
        "R2Score_Exp": 0.8456847667694092,
        "Forgetting_Exp": 0.055170655250549316,
        "BWT_Exp": -0.055170655250549316
    },
    "8": {
        "Loss_Exp": 34.310489654541016,
        "RelativeDistance_Exp": 0.39354589581489563,
        "R2Score_Exp": 0.8671890497207642,
        "Forgetting_Exp": 0.019724607467651367,
        "BWT_Exp": -0.019724607467651367
    },
    "9": {
        "Loss_Exp": 38.687740325927734,
        "RelativeDistance_Exp": 0.5424138903617859,
        "R2Score_Exp": 0.8690841794013977
    },
    "stream": {
        "Loss_Stream/eval_phase/test_stream": 40.39224603138302,
        "RelativeDistance_Stream/eval_phase/test_stream": 0.5395636945962906,
        "R2Score_Stream/eval_phase/test_stream": 0.833068436384201,
        "Forgetting_Stream/eval_phase/test_stream": {
            "0": 0.09581208229064941,
            "1": 0.04080605506896973,
            "2": 0.026502907276153564,
            "3": 0.019972383975982666,
            "4": 0.05340266227722168,
            "5": 0.06961202621459961,
            "6": 0.03879183530807495,
            "7": 0.055170655250549316,
            "8": 0.019724607467651367
        },
        "BWT_Stream/eval_phase/test_stream": {
            "0": 0.09581208229064941,
            "1": 0.04080605506896973,
            "2": 0.026502907276153564,
            "3": 0.019972383975982666,
            "4": 0.05340266227722168,
            "5": 0.06961202621459961,
            "6": 0.03879183530807495,
            "7": 0.055170655250549316,
            "8": 0.019724607467651367
        }
    }
}