{
    "0": {
        "Loss_Exp": 65.20524234858821,
        "RelativeDistance_Exp": 0.6266067028045654,
        "R2Score_Exp": 0.7645755410194397,
        "Forgetting_Exp": 0.0795644223690033,
        "BWT_Exp": -0.0795644223690033
    },
    "1": {
        "Loss_Exp": 32.6507317520263,
        "RelativeDistance_Exp": 0.6616552174091339,
        "R2Score_Exp": 0.8579469621181488,
        "Forgetting_Exp": 0.040604978799819946,
        "BWT_Exp": -0.040604978799819946
    },
    "2": {
        "Loss_Exp": 40.87495019614098,
        "RelativeDistance_Exp": 0.5367757081985474,
        "R2Score_Exp": 0.8185565869013468,
        "Forgetting_Exp": 0.0253296891848247,
        "BWT_Exp": -0.0253296891848247
    },
    "3": {
        "Loss_Exp": 31.303812387723557,
        "RelativeDistance_Exp": 0.44445544481277466,
        "R2Score_Exp": 0.8704756498336792,
        "Forgetting_Exp": 0.006235450506210327,
        "BWT_Exp": -0.006235450506210327
    },
    "4": {
        "Loss_Exp": 26.06132446808398,
        "RelativeDistance_Exp": 0.47829511761665344,
        "R2Score_Exp": 0.8657159954309464,
        "Forgetting_Exp": 0.030548661947250366,
        "BWT_Exp": -0.030548661947250366
    },
    "5": {
        "Loss_Exp": 29.64742472603817,
        "RelativeDistance_Exp": 0.4679717520872752,
        "R2Score_Exp": 0.8466824491818746,
        "Forgetting_Exp": 0.042177001635233524,
        "BWT_Exp": -0.042177001635233524
    },
    "6": {
        "Loss_Exp": 30.285482261163725,
        "RelativeDistance_Exp": 0.4773038427035014,
        "R2Score_Exp": 0.8303548892339071,
        "Forgetting_Exp": 0.016720275084177616,
        "BWT_Exp": -0.016720275084177616
    },
    "7": {
        "Loss_Exp": 27.957868896658265,
        "RelativeDistance_Exp": 0.390628844499588,
        "R2Score_Exp": 0.9033682942390442,
        "Forgetting_Exp": 0.017260044813156128,
        "BWT_Exp": -0.017260044813156128
    },
    "8": {
        "Loss_Exp": 31.845267424389114,
        "RelativeDistance_Exp": 0.44135355949401855,
        "R2Score_Exp": 0.8689654171466827,
        "Forgetting_Exp": 0.017589569091796875,
        "BWT_Exp": -0.017589569091796875
    },
    "9": {
        "Loss_Exp": 37.46677657916048,
        "RelativeDistance_Exp": 0.5383378267288208,
        "R2Score_Exp": 0.872965931892395
    },
    "stream": {
        "Loss_Stream/eval_phase/test_stream": 34.66861388361206,
        "RelativeDistance_Stream/eval_phase/test_stream": 0.5026163828372955,
        "R2Score_Stream/eval_phase/test_stream": 0.849049654006958,
        "Forgetting_Stream/eval_phase/test_stream": {
            "0": 0.0795644223690033,
            "1": 0.040604978799819946,
            "2": 0.0253296891848247,
            "3": 0.006235450506210327,
            "4": 0.030548661947250366,
            "5": 0.042177001635233524,
            "6": 0.016720275084177616,
            "7": 0.017260044813156128,
            "8": 0.017589569091796875
        },
        "BWT_Stream/eval_phase/test_stream": {
            "0": 0.0795644223690033,
            "1": 0.040604978799819946,
            "2": 0.0253296891848247,
            "3": 0.006235450506210327,
            "4": 0.030548661947250366,
            "5": 0.042177001635233524,
            "6": 0.016720275084177616,
            "7": 0.017260044813156128,
            "8": 0.017589569091796875
        }
    }
}