{
    "0": {
        "Loss_Exp": 77.86734199124062,
        "RelativeDistance_Exp": 1.1454051375389098,
        "R2Score_Exp": 0.656648263335228,
        "Forgetting_Exp": 0.1940548092126846,
        "BWT_Exp": -0.1940548092126846
    },
    "1": {
        "Loss_Exp": 80.21587283710019,
        "RelativeDistance_Exp": 0.9383529623349508,
        "R2Score_Exp": 0.6731051603953043,
        "Forgetting_Exp": 0.2054306944211325,
        "BWT_Exp": -0.2054306944211325
    },
    "2": {
        "Loss_Exp": 53.9101296008086,
        "RelativeDistance_Exp": 0.8500057917374831,
        "R2Score_Exp": 0.7683223990293649,
        "Forgetting_Exp": 0.13032810504619896,
        "BWT_Exp": -0.13032810504619896
    },
    "3": {
        "Loss_Exp": 39.25806164321481,
        "RelativeDistance_Exp": 0.8585015535354614,
        "R2Score_Exp": 0.8383258316251967,
        "Forgetting_Exp": 0.09088682466083098,
        "BWT_Exp": -0.09088682466083098
    },
    "4": {
        "Loss_Exp": 46.85128443566427,
        "RelativeDistance_Exp": 0.7338280848094395,
        "R2Score_Exp": 0.7945195010730198,
        "Forgetting_Exp": 0.10977745056152344,
        "BWT_Exp": -0.10977745056152344
    },
    "5": {
        "Loss_Exp": 42.312229186072834,
        "RelativeDistance_Exp": 0.6723016699155172,
        "R2Score_Exp": 0.8365203936894735,
        "Forgetting_Exp": 0.0556845565636952,
        "BWT_Exp": -0.0556845565636952
    },
    "6": {
        "Loss_Exp": 37.57338777144867,
        "RelativeDistance_Exp": 0.7747076749801636,
        "R2Score_Exp": 0.8550940826535225,
        "Forgetting_Exp": 0.04860331118106842,
        "BWT_Exp": -0.04860331118106842
    },
    "7": {
        "Loss_Exp": 41.041509766795244,
        "RelativeDistance_Exp": 0.5931456238031387,
        "R2Score_Exp": 0.8558669239282608,
        "Forgetting_Exp": 0.0390172079205513,
        "BWT_Exp": -0.0390172079205513
    },
    "8": {
        "Loss_Exp": 28.51554439767012,
        "RelativeDistance_Exp": 0.4970318078994751,
        "R2Score_Exp": 0.8962857921918234,
        "Forgetting_Exp": 0.031366268793741825,
        "BWT_Exp": -0.031366268793741825
    },
    "9": {
        "Loss_Exp": 18.631716261197194,
        "RelativeDistance_Exp": 0.506635382771492,
        "R2Score_Exp": 0.9288927614688873
    },
    "stream": {
        "Loss_Stream/eval_phase/test_stream": 54.61654026924094,
        "RelativeDistance_Stream/eval_phase/test_stream": 0.8262189416973679,
        "R2Score_Stream/eval_phase/test_stream": 0.7779169571988377,
        "Forgetting_Stream/eval_phase/test_stream": {
            "0": 0.1940548092126846,
            "1": 0.2054306944211325,
            "2": 0.13032810504619896,
            "3": 0.09088682466083098,
            "4": 0.10977745056152344,
            "5": 0.0556845565636952,
            "6": 0.04860331118106842,
            "7": 0.0390172079205513,
            "8": 0.031366268793741825
        },
        "BWT_Stream/eval_phase/test_stream": {
            "0": 0.1940548092126846,
            "1": 0.2054306944211325,
            "2": 0.13032810504619896,
            "3": 0.09088682466083098,
            "4": 0.10977745056152344,
            "5": 0.0556845565636952,
            "6": 0.04860331118106842,
            "7": 0.0390172079205513,
            "8": 0.031366268793741825
        }
    }
}