{
    "0": {
        "Loss_Exp": 63.730241160522716,
        "RelativeDistance_Exp": 1.354516851902008,
        "R2Score_Exp": 0.7269100785255432,
        "Forgetting_Exp": 0.11666169166564944,
        "BWT_Exp": -0.11666169166564944
    },
    "1": {
        "Loss_Exp": 66.86074315278404,
        "RelativeDistance_Exp": 1.3381484746932983,
        "R2Score_Exp": 0.7376497228940327,
        "Forgetting_Exp": 0.11661422252655029,
        "BWT_Exp": -0.11661422252655029
    },
    "2": {
        "Loss_Exp": 48.26983979448992,
        "RelativeDistance_Exp": 1.1601901237781231,
        "R2Score_Exp": 0.796930152636308,
        "Forgetting_Exp": 0.0771037248464731,
        "BWT_Exp": -0.0771037248464731
    },
    "3": {
        "Loss_Exp": 33.95153926003287,
        "RelativeDistance_Exp": 1.1847659349441528,
        "R2Score_Exp": 0.8679891692267524,
        "Forgetting_Exp": 0.0416282084253099,
        "BWT_Exp": -0.0416282084253099
    },
    "4": {
        "Loss_Exp": 42.60272507654545,
        "RelativeDistance_Exp": 1.1044429796082633,
        "R2Score_Exp": 0.8382777060781207,
        "Forgetting_Exp": 0.04461535385676785,
        "BWT_Exp": -0.04461535385676785
    },
    "5": {
        "Loss_Exp": 41.21057339900928,
        "RelativeDistance_Exp": 0.9698152840137482,
        "R2Score_Exp": 0.8447323342164358,
        "Forgetting_Exp": 0.029838184515635136,
        "BWT_Exp": -0.029838184515635136
    },
    "6": {
        "Loss_Exp": 36.68964725195745,
        "RelativeDistance_Exp": 1.25670525431633,
        "R2Score_Exp": 0.8611919209361076,
        "Forgetting_Exp": 0.028522588312625885,
        "BWT_Exp": -0.028522588312625885
    },
    "7": {
        "Loss_Exp": 45.399237155784625,
        "RelativeDistance_Exp": 0.9090524315834045,
        "R2Score_Exp": 0.8446594327688217,
        "Forgetting_Exp": 0.03567064553499222,
        "BWT_Exp": -0.03567064553499222
    },
    "8": {
        "Loss_Exp": 33.45901829937063,
        "RelativeDistance_Exp": 0.7879222631454468,
        "R2Score_Exp": 0.879456639289856,
        "Forgetting_Exp": 0.03744363784790039,
        "BWT_Exp": -0.03744363784790039
    },
    "9": {
        "Loss_Exp": 22.957949316444942,
        "RelativeDistance_Exp": 0.7497231960296631,
        "R2Score_Exp": 0.914085865020752
    },
    "stream": {
        "Loss_Stream/eval_phase/test_stream": 48.8529704737884,
        "RelativeDistance_Stream/eval_phase/test_stream": 1.1617534307785977,
        "R2Score_Stream/eval_phase/test_stream": 0.809327550140428,
        "Forgetting_Stream/eval_phase/test_stream": {
            "0": 0.11666169166564944,
            "1": 0.11661422252655029,
            "2": 0.0771037248464731,
            "3": 0.0416282084253099,
            "4": 0.04461535385676785,
            "5": 0.029838184515635136,
            "6": 0.028522588312625885,
            "7": 0.03567064553499222,
            "8": 0.03744363784790039
        },
        "BWT_Stream/eval_phase/test_stream": {
            "0": 0.11666169166564944,
            "1": 0.11661422252655029,
            "2": 0.0771037248464731,
            "3": 0.0416282084253099,
            "4": 0.04461535385676785,
            "5": 0.029838184515635136,
            "6": 0.028522588312625885,
            "7": 0.03567064553499222,
            "8": 0.03744363784790039
        }
    }
}