{
    "0": {
        "Loss_Exp": 102.6489414237396,
        "RelativeDistance_Exp": 0.963059276342392,
        "R2Score_Exp": 0.7689650654792786,
        "Forgetting_Exp": 0.10980716347694397,
        "BWT_Exp": -0.10980716347694397
    },
    "1": {
        "Loss_Exp": 75.89215755613306,
        "RelativeDistance_Exp": 1.0665268301963806,
        "R2Score_Exp": 0.780896008014679,
        "Forgetting_Exp": 0.1115255355834961,
        "BWT_Exp": -0.1115255355834961
    },
    "2": {
        "Loss_Exp": 52.38890062233423,
        "RelativeDistance_Exp": 0.7132718364397684,
        "R2Score_Exp": 0.8318618337313334,
        "Forgetting_Exp": -0.007189810276031494,
        "BWT_Exp": 0.007189810276031494
    },
    "3": {
        "Loss_Exp": 47.590399571793114,
        "RelativeDistance_Exp": 0.5872208178043365,
        "R2Score_Exp": 0.8441439568996429,
        "Forgetting_Exp": 0.005773723125457764,
        "BWT_Exp": -0.005773723125457764
    },
    "4": {
        "Loss_Exp": 49.90865676002545,
        "RelativeDistance_Exp": 0.7195438593626022,
        "R2Score_Exp": 0.8354065716266632,
        "Forgetting_Exp": 0.008398756384849548,
        "BWT_Exp": -0.008398756384849548
    },
    "5": {
        "Loss_Exp": 44.4969304955524,
        "RelativeDistance_Exp": 0.6274410883585612,
        "R2Score_Exp": 0.8258482615152994,
        "Forgetting_Exp": 0.021700382232666016,
        "BWT_Exp": -0.021700382232666016
    },
    "6": {
        "Loss_Exp": 52.391363740023706,
        "RelativeDistance_Exp": 0.6747107108434042,
        "R2Score_Exp": 0.8383503357569376,
        "Forgetting_Exp": 0.01992752154668176,
        "BWT_Exp": -0.01992752154668176
    },
    "7": {
        "Loss_Exp": 36.401546478271484,
        "RelativeDistance_Exp": 0.6039411425590515,
        "R2Score_Exp": 0.8564643859863281,
        "Forgetting_Exp": 0.02172115445137024,
        "BWT_Exp": -0.02172115445137024
    },
    "8": {
        "Loss_Exp": 53.67927737984222,
        "RelativeDistance_Exp": 0.839145839214325,
        "R2Score_Exp": 0.840170294046402,
        "Forgetting_Exp": -0.008927673101425171,
        "BWT_Exp": 0.008927673101425171
    },
    "9": {
        "Loss_Exp": 56.96180743619886,
        "RelativeDistance_Exp": 0.7423163950443268,
        "R2Score_Exp": 0.8452528715133667
    },
    "stream": {
        "Loss_Stream/eval_phase/test_stream": 56.33503787724268,
        "RelativeDistance_Stream/eval_phase/test_stream": 0.7468719085057577,
        "R2Score_Stream/eval_phase/test_stream": 0.8268803482254347,
        "Forgetting_Stream/eval_phase/test_stream": {
            "0": 0.10980716347694397,
            "1": 0.1115255355834961,
            "2": -0.007189810276031494,
            "3": 0.005773723125457764,
            "4": 0.008398756384849548,
            "5": 0.021700382232666016,
            "6": 0.01992752154668176,
            "7": 0.02172115445137024,
            "8": -0.008927673101425171
        },
        "BWT_Stream/eval_phase/test_stream": {
            "0": 0.10980716347694397,
            "1": 0.1115255355834961,
            "2": -0.007189810276031494,
            "3": 0.005773723125457764,
            "4": 0.008398756384849548,
            "5": 0.021700382232666016,
            "6": 0.01992752154668176,
            "7": 0.02172115445137024,
            "8": -0.008927673101425171
        }
    }
}