{
    "0": {
        "Loss_Exp": 100.89550563522249,
        "RelativeDistance_Exp": 0.8367979824542999,
        "R2Score_Exp": 0.7713398337364197,
        "Forgetting_Exp": 0.10011479258537292,
        "BWT_Exp": -0.10011479258537292
    },
    "1": {
        "Loss_Exp": 78.07809663584761,
        "RelativeDistance_Exp": 1.5508270263671875,
        "R2Score_Exp": 0.7703660428524017,
        "Forgetting_Exp": 0.12228605151176453,
        "BWT_Exp": -0.12228605151176453
    },
    "2": {
        "Loss_Exp": 59.85699835202789,
        "RelativeDistance_Exp": 0.7109891573588053,
        "R2Score_Exp": 0.8091116348902384,
        "Forgetting_Exp": 0.02863466739654541,
        "BWT_Exp": -0.02863466739654541
    },
    "3": {
        "Loss_Exp": 47.742084899655985,
        "RelativeDistance_Exp": 0.5916846990585327,
        "R2Score_Exp": 0.8414669036865234,
        "Forgetting_Exp": 0.016214728355407715,
        "BWT_Exp": -0.016214728355407715
    },
    "4": {
        "Loss_Exp": 45.87715954441901,
        "RelativeDistance_Exp": 0.789540559053421,
        "R2Score_Exp": 0.8458069264888763,
        "Forgetting_Exp": 0.006295248866081238,
        "BWT_Exp": -0.006295248866081238
    },
    "5": {
        "Loss_Exp": 46.2177498858908,
        "RelativeDistance_Exp": 0.6496060689290365,
        "R2Score_Exp": 0.8189128239949545,
        "Forgetting_Exp": 0.025764624277750614,
        "BWT_Exp": -0.025764624277750614
    },
    "6": {
        "Loss_Exp": 59.81074993413109,
        "RelativeDistance_Exp": 0.7320009271303812,
        "R2Score_Exp": 0.8092037041982015,
        "Forgetting_Exp": 0.02576136589050293,
        "BWT_Exp": -0.02576136589050293
    },
    "7": {
        "Loss_Exp": 43.263946533203125,
        "RelativeDistance_Exp": 0.6353039741516113,
        "R2Score_Exp": 0.8294050693511963,
        "Forgetting_Exp": 0.033693909645080566,
        "BWT_Exp": -0.033693909645080566
    },
    "8": {
        "Loss_Exp": 58.14337846099353,
        "RelativeDistance_Exp": 1.3804225325584412,
        "R2Score_Exp": 0.8110034763813019,
        "Forgetting_Exp": 0.025637567043304443,
        "BWT_Exp": -0.025637567043304443
    },
    "9": {
        "Loss_Exp": 61.76711206160529,
        "RelativeDistance_Exp": 0.8145401775836945,
        "R2Score_Exp": 0.8301479518413544
    },
    "stream": {
        "Loss_Stream/eval_phase/test_stream": 58.671136564867595,
        "RelativeDistance_Stream/eval_phase/test_stream": 0.8508249794443449,
        "R2Score_Stream/eval_phase/test_stream": 0.8155402367313703,
        "Forgetting_Stream/eval_phase/test_stream": {
            "0": 0.10011479258537292,
            "1": 0.12228605151176453,
            "2": 0.02863466739654541,
            "3": 0.016214728355407715,
            "4": 0.006295248866081238,
            "5": 0.025764624277750614,
            "6": 0.02576136589050293,
            "7": 0.033693909645080566,
            "8": 0.025637567043304443
        },
        "BWT_Stream/eval_phase/test_stream": {
            "0": 0.10011479258537292,
            "1": 0.12228605151176453,
            "2": 0.02863466739654541,
            "3": 0.016214728355407715,
            "4": 0.006295248866081238,
            "5": 0.025764624277750614,
            "6": 0.02576136589050293,
            "7": 0.033693909645080566,
            "8": 0.025637567043304443
        }
    }
}