{
    "0": {
        "Loss_Exp": 71.38013015816745,
        "RelativeDistance_Exp": 0.6974510252475739,
        "R2Score_Exp": 0.7541155219078064,
        "Forgetting_Exp": 0.09874340891838074,
        "BWT_Exp": -0.09874340891838074
    },
    "1": {
        "Loss_Exp": 39.157555822478685,
        "RelativeDistance_Exp": 0.7319391071796417,
        "R2Score_Exp": 0.8309524059295654,
        "Forgetting_Exp": 0.053437381982803345,
        "BWT_Exp": -0.053437381982803345
    },
    "2": {
        "Loss_Exp": 45.014381956282755,
        "RelativeDistance_Exp": 0.5706976652145386,
        "R2Score_Exp": 0.7968085408210754,
        "Forgetting_Exp": 0.03779868284861243,
        "BWT_Exp": -0.03779868284861243
    },
    "3": {
        "Loss_Exp": 32.73427998563893,
        "RelativeDistance_Exp": 0.47040897607803345,
        "R2Score_Exp": 0.8702754378318787,
        "Forgetting_Exp": 0.0026537179946899414,
        "BWT_Exp": -0.0026537179946899414
    },
    "4": {
        "Loss_Exp": 25.79079229411523,
        "RelativeDistance_Exp": 0.5080456957221031,
        "R2Score_Exp": 0.8734046667814255,
        "Forgetting_Exp": 0.02822040021419525,
        "BWT_Exp": -0.02822040021419525
    },
    "5": {
        "Loss_Exp": 28.522354796748832,
        "RelativeDistance_Exp": 0.49745585521062213,
        "R2Score_Exp": 0.8469623327255249,
        "Forgetting_Exp": 0.04063260555267334,
        "BWT_Exp": -0.04063260555267334
    },
    "6": {
        "Loss_Exp": 30.950271605530517,
        "RelativeDistance_Exp": 0.531173308690389,
        "R2Score_Exp": 0.8762619296709696,
        "Forgetting_Exp": -0.025198698043823242,
        "BWT_Exp": 0.025198698043823242
    },
    "7": {
        "Loss_Exp": 26.14476844229703,
        "RelativeDistance_Exp": 0.40644414722919464,
        "R2Score_Exp": 0.8883243203163147,
        "Forgetting_Exp": 0.03094881772994995,
        "BWT_Exp": -0.03094881772994995
    },
    "8": {
        "Loss_Exp": 31.98516274694365,
        "RelativeDistance_Exp": 0.45759323239326477,
        "R2Score_Exp": 0.8716907203197479,
        "Forgetting_Exp": 0.018346399068832397,
        "BWT_Exp": -0.018346399068832397
    },
    "9": {
        "Loss_Exp": 37.0234034434597,
        "RelativeDistance_Exp": 0.5446629077196121,
        "R2Score_Exp": 0.8767749071121216
    },
    "stream": {
        "Loss_Stream/eval_phase/test_stream": 36.18037653424966,
        "RelativeDistance_Stream/eval_phase/test_stream": 0.5378864824771881,
        "R2Score_Stream/eval_phase/test_stream": 0.8495193481445312,
        "Forgetting_Stream/eval_phase/test_stream": {
            "0": 0.09874340891838074,
            "1": 0.053437381982803345,
            "2": 0.03779868284861243,
            "3": 0.0026537179946899414,
            "4": 0.02822040021419525,
            "5": 0.04063260555267334,
            "6": -0.025198698043823242,
            "7": 0.03094881772994995,
            "8": 0.018346399068832397
        },
        "BWT_Stream/eval_phase/test_stream": {
            "0": 0.09874340891838074,
            "1": 0.053437381982803345,
            "2": 0.03779868284861243,
            "3": 0.0026537179946899414,
            "4": 0.02822040021419525,
            "5": 0.04063260555267334,
            "6": -0.025198698043823242,
            "7": 0.03094881772994995,
            "8": 0.018346399068832397
        }
    }
}