{
    "0": {
        "Loss_Exp": 63.63565180236689,
        "RelativeDistance_Exp": 1.3989566206932067,
        "R2Score_Exp": 0.7335022807121276,
        "Forgetting_Exp": 0.12045026421546945,
        "BWT_Exp": -0.12045026421546945
    },
    "1": {
        "Loss_Exp": 67.67489964225517,
        "RelativeDistance_Exp": 1.3938836812973023,
        "R2Score_Exp": 0.7356971343358357,
        "Forgetting_Exp": 0.12010722955067954,
        "BWT_Exp": -0.12010722955067954
    },
    "2": {
        "Loss_Exp": 48.35502001774974,
        "RelativeDistance_Exp": 1.1838024579561675,
        "R2Score_Exp": 0.7981867652672988,
        "Forgetting_Exp": 0.0769004088181715,
        "BWT_Exp": -0.0769004088181715
    },
    "3": {
        "Loss_Exp": 36.501971843765325,
        "RelativeDistance_Exp": 1.2096079852845933,
        "R2Score_Exp": 0.8583096199565463,
        "Forgetting_Exp": 0.05198070738050675,
        "BWT_Exp": -0.05198070738050675
    },
    "4": {
        "Loss_Exp": 44.00918260445594,
        "RelativeDistance_Exp": 1.1202705672809057,
        "R2Score_Exp": 0.8333282896450588,
        "Forgetting_Exp": 0.05085773978914532,
        "BWT_Exp": -0.05085773978914532
    },
    "5": {
        "Loss_Exp": 42.56070507266471,
        "RelativeDistance_Exp": 1.0227456589539845,
        "R2Score_Exp": 0.840026060740153,
        "Forgetting_Exp": 0.033170054356257195,
        "BWT_Exp": -0.033170054356257195
    },
    "6": {
        "Loss_Exp": 38.75742698830962,
        "RelativeDistance_Exp": 1.3607691824436188,
        "R2Score_Exp": 0.8540479466319084,
        "Forgetting_Exp": 0.03323586285114288,
        "BWT_Exp": -0.03323586285114288
    },
    "7": {
        "Loss_Exp": 49.40827477843923,
        "RelativeDistance_Exp": 0.9465606212615967,
        "R2Score_Exp": 0.8319451585412025,
        "Forgetting_Exp": 0.04812586307525635,
        "BWT_Exp": -0.04812586307525635
    },
    "8": {
        "Loss_Exp": 37.862091530129796,
        "RelativeDistance_Exp": 0.8403482437133789,
        "R2Score_Exp": 0.8676396012306213,
        "Forgetting_Exp": 0.046504855155944824,
        "BWT_Exp": -0.046504855155944824
    },
    "9": {
        "Loss_Exp": 21.331395640426127,
        "RelativeDistance_Exp": 0.7712416648864746,
        "R2Score_Exp": 0.9200972616672516
    },
    "stream": {
        "Loss_Stream/eval_phase/test_stream": 50.22046500977566,
        "RelativeDistance_Stream/eval_phase/test_stream": 1.2058550575633107,
        "R2Score_Stream/eval_phase/test_stream": 0.8058790976618543,
        "Forgetting_Stream/eval_phase/test_stream": {
            "0": 0.12045026421546945,
            "1": 0.12010722955067954,
            "2": 0.0769004088181715,
            "3": 0.05198070738050675,
            "4": 0.05085773978914532,
            "5": 0.033170054356257195,
            "6": 0.03323586285114288,
            "7": 0.04812586307525635,
            "8": 0.046504855155944824
        },
        "BWT_Stream/eval_phase/test_stream": {
            "0": 0.12045026421546945,
            "1": 0.12010722955067954,
            "2": 0.0769004088181715,
            "3": 0.05198070738050675,
            "4": 0.05085773978914532,
            "5": 0.033170054356257195,
            "6": 0.03323586285114288,
            "7": 0.04812586307525635,
            "8": 0.046504855155944824
        }
    }
}