{
    "0": {
        "Loss_Exp": 104.30200637906616,
        "RelativeDistance_Exp": 1.2659117579460144,
        "R2Score_Exp": 0.7660753726959229,
        "Forgetting_Exp": 0.10788878798484802,
        "BWT_Exp": -0.10788878798484802
    },
    "1": {
        "Loss_Exp": 67.94533733671247,
        "RelativeDistance_Exp": 1.136045515537262,
        "R2Score_Exp": 0.8027063310146332,
        "Forgetting_Exp": 0.06354394555091858,
        "BWT_Exp": -0.06354394555091858
    },
    "2": {
        "Loss_Exp": 57.59087097099287,
        "RelativeDistance_Exp": 0.8047065933545431,
        "R2Score_Exp": 0.8161739110946655,
        "Forgetting_Exp": -0.038115620613098145,
        "BWT_Exp": 0.038115620613098145
    },
    "3": {
        "Loss_Exp": 54.658513501241394,
        "RelativeDistance_Exp": 0.699689507484436,
        "R2Score_Exp": 0.8193324208259583,
        "Forgetting_Exp": -0.029429376125335693,
        "BWT_Exp": 0.029429376125335693
    },
    "4": {
        "Loss_Exp": 52.2955235263003,
        "RelativeDistance_Exp": 0.8678527176380157,
        "R2Score_Exp": 0.8246802985668182,
        "Forgetting_Exp": -0.010307416319847107,
        "BWT_Exp": 0.010307416319847107
    },
    "5": {
        "Loss_Exp": 47.804492287013844,
        "RelativeDistance_Exp": 0.7289617657661438,
        "R2Score_Exp": 0.8132039507230123,
        "Forgetting_Exp": -0.005490322907765743,
        "BWT_Exp": 0.005490322907765743
    },
    "6": {
        "Loss_Exp": 60.53888767864687,
        "RelativeDistance_Exp": 0.8022566437721252,
        "R2Score_Exp": 0.8036486705144247,
        "Forgetting_Exp": 0.023341139157613044,
        "BWT_Exp": -0.023341139157613044
    },
    "7": {
        "Loss_Exp": 45.09537887573242,
        "RelativeDistance_Exp": 0.7499891519546509,
        "R2Score_Exp": 0.8221835494041443,
        "Forgetting_Exp": 0.016614407300949097,
        "BWT_Exp": -0.016614407300949097
    },
    "8": {
        "Loss_Exp": 60.94976293845255,
        "RelativeDistance_Exp": 1.1514886915683746,
        "R2Score_Exp": 0.8155863285064697,
        "Forgetting_Exp": -0.006319820880889893,
        "BWT_Exp": 0.006319820880889893
    },
    "9": {
        "Loss_Exp": 71.7868936351269,
        "RelativeDistance_Exp": 0.9110971689224243,
        "R2Score_Exp": 0.806578665971756
    },
    "stream": {
        "Loss_Stream/eval_phase/test_stream": 60.87423987257799,
        "RelativeDistance_Stream/eval_phase/test_stream": 0.8982350130875906,
        "R2Score_Stream/eval_phase/test_stream": 0.8100226074457169,
        "Forgetting_Stream/eval_phase/test_stream": {
            "0": 0.10788878798484802,
            "1": 0.06354394555091858,
            "2": -0.038115620613098145,
            "3": -0.029429376125335693,
            "4": -0.010307416319847107,
            "5": -0.005490322907765743,
            "6": 0.023341139157613044,
            "7": 0.016614407300949097,
            "8": -0.006319820880889893
        },
        "BWT_Stream/eval_phase/test_stream": {
            "0": 0.10788878798484802,
            "1": 0.06354394555091858,
            "2": -0.038115620613098145,
            "3": -0.029429376125335693,
            "4": -0.010307416319847107,
            "5": -0.005490322907765743,
            "6": 0.023341139157613044,
            "7": 0.016614407300949097,
            "8": -0.006319820880889893
        }
    }
}