{
    "0": {
        "Loss_Exp": 30.614900588989258,
        "RelativeDistance_Exp": 0.6267096400260925,
        "R2Score_Exp": 0.873091995716095,
        "Forgetting_Exp": 0.02557927370071411,
        "BWT_Exp": -0.02557927370071411
    },
    "1": {
        "Loss_Exp": 44.63455581665039,
        "RelativeDistance_Exp": 0.8000388741493225,
        "R2Score_Exp": 0.8208833932876587,
        "Forgetting_Exp": -0.0077612996101379395,
        "BWT_Exp": 0.0077612996101379395
    },
    "2": {
        "Loss_Exp": 48.6503791809082,
        "RelativeDistance_Exp": 0.8805994987487793,
        "R2Score_Exp": 0.8054376840591431,
        "Forgetting_Exp": -0.02191781997680664,
        "BWT_Exp": 0.02191781997680664
    },
    "3": {
        "Loss_Exp": 47.35890579223633,
        "RelativeDistance_Exp": 0.8945475816726685,
        "R2Score_Exp": 0.797918438911438,
        "Forgetting_Exp": 0.027219653129577637,
        "BWT_Exp": -0.027219653129577637
    },
    "4": {
        "Loss_Exp": 52.505767822265625,
        "RelativeDistance_Exp": 0.9814658761024475,
        "R2Score_Exp": 0.8175817728042603,
        "Forgetting_Exp": 0.028589904308319092,
        "BWT_Exp": -0.028589904308319092
    },
    "5": {
        "Loss_Exp": 48.14352798461914,
        "RelativeDistance_Exp": 0.8719395399093628,
        "R2Score_Exp": 0.824996292591095,
        "Forgetting_Exp": 0.014457643032073975,
        "BWT_Exp": -0.014457643032073975
    },
    "6": {
        "Loss_Exp": 42.93474197387695,
        "RelativeDistance_Exp": 0.8509118556976318,
        "R2Score_Exp": 0.8380417823791504,
        "Forgetting_Exp": 0.014025449752807617,
        "BWT_Exp": -0.014025449752807617
    },
    "7": {
        "Loss_Exp": 40.5849723815918,
        "RelativeDistance_Exp": 0.779249906539917,
        "R2Score_Exp": 0.8490695953369141,
        "Forgetting_Exp": -0.021883726119995117,
        "BWT_Exp": 0.021883726119995117
    },
    "8": {
        "Loss_Exp": 48.33137130737305,
        "RelativeDistance_Exp": 0.7269885540008545,
        "R2Score_Exp": 0.8397244215011597,
        "Forgetting_Exp": 0.013421237468719482,
        "BWT_Exp": -0.013421237468719482
    },
    "9": {
        "Loss_Exp": 33.792747497558594,
        "RelativeDistance_Exp": 0.8883567452430725,
        "R2Score_Exp": 0.8779301047325134
    },
    "stream": {
        "Loss_Stream/eval_phase/test_stream": 45.77719142666057,
        "RelativeDistance_Stream/eval_phase/test_stream": 0.8300808072090149,
        "R2Score_Stream/eval_phase/test_stream": 0.8344675481319428,
        "Forgetting_Stream/eval_phase/test_stream": {
            "0": 0.02557927370071411,
            "1": -0.0077612996101379395,
            "2": -0.02191781997680664,
            "3": 0.027219653129577637,
            "4": 0.028589904308319092,
            "5": 0.014457643032073975,
            "6": 0.014025449752807617,
            "7": -0.021883726119995117,
            "8": 0.013421237468719482
        },
        "BWT_Stream/eval_phase/test_stream": {
            "0": 0.02557927370071411,
            "1": -0.0077612996101379395,
            "2": -0.02191781997680664,
            "3": 0.027219653129577637,
            "4": 0.028589904308319092,
            "5": 0.014457643032073975,
            "6": 0.014025449752807617,
            "7": -0.021883726119995117,
            "8": 0.013421237468719482
        }
    }
}