{
    "0": {
        "Loss_Exp": 167.8779914186712,
        "RelativeDistance_Exp": 1.1723503470420837,
        "R2Score_Exp": 0.6203629970550537,
        "Forgetting_Exp": 0.2571926414966583,
        "BWT_Exp": -0.2571926414966583
    },
    "1": {
        "Loss_Exp": 105.94571554014217,
        "RelativeDistance_Exp": 1.6734435558319092,
        "R2Score_Exp": 0.6944342255592346,
        "Forgetting_Exp": 0.20772787928581238,
        "BWT_Exp": -0.20772787928581238
    },
    "2": {
        "Loss_Exp": 73.21914487983263,
        "RelativeDistance_Exp": 0.9552458922068278,
        "R2Score_Exp": 0.7621558705965678,
        "Forgetting_Exp": 0.07556863625844323,
        "BWT_Exp": -0.07556863625844323
    },
    "3": {
        "Loss_Exp": 74.666421029931,
        "RelativeDistance_Exp": 0.8014242649078369,
        "R2Score_Exp": 0.7555758655071259,
        "Forgetting_Exp": 0.10103723406791687,
        "BWT_Exp": -0.10103723406791687
    },
    "4": {
        "Loss_Exp": 62.624206616080194,
        "RelativeDistance_Exp": 0.9269959181547165,
        "R2Score_Exp": 0.7871715575456619,
        "Forgetting_Exp": 0.06495285034179688,
        "BWT_Exp": -0.06495285034179688
    },
    "5": {
        "Loss_Exp": 63.56505020805027,
        "RelativeDistance_Exp": 0.8181783755620321,
        "R2Score_Exp": 0.7512715657552084,
        "Forgetting_Exp": 0.07837762435277296,
        "BWT_Exp": -0.07837762435277296
    },
    "6": {
        "Loss_Exp": 83.19048625684518,
        "RelativeDistance_Exp": 0.8295755783716837,
        "R2Score_Exp": 0.744809091091156,
        "Forgetting_Exp": 0.12449232737223304,
        "BWT_Exp": -0.12449232737223304
    },
    "7": {
        "Loss_Exp": 48.55690383911133,
        "RelativeDistance_Exp": 0.7990888357162476,
        "R2Score_Exp": 0.8085343241691589,
        "Forgetting_Exp": 0.04795965552330017,
        "BWT_Exp": -0.04795965552330017
    },
    "8": {
        "Loss_Exp": 63.76641760832811,
        "RelativeDistance_Exp": 1.1680747270584106,
        "R2Score_Exp": 0.81663379073143,
        "Forgetting_Exp": -0.0017359256744384766,
        "BWT_Exp": 0.0017359256744384766
    },
    "9": {
        "Loss_Exp": 55.331981107678715,
        "RelativeDistance_Exp": 0.8579946458339691,
        "R2Score_Exp": 0.8501822054386139
    },
    "stream": {
        "Loss_Stream/eval_phase/test_stream": 78.67458860271594,
        "RelativeDistance_Stream/eval_phase/test_stream": 0.9859436303377151,
        "R2Score_Stream/eval_phase/test_stream": 0.75859617938598,
        "Forgetting_Stream/eval_phase/test_stream": {
            "0": 0.2571926414966583,
            "1": 0.20772787928581238,
            "2": 0.07556863625844323,
            "3": 0.10103723406791687,
            "4": 0.06495285034179688,
            "5": 0.07837762435277296,
            "6": 0.12449232737223304,
            "7": 0.04795965552330017,
            "8": -0.0017359256744384766
        },
        "BWT_Stream/eval_phase/test_stream": {
            "0": 0.2571926414966583,
            "1": 0.20772787928581238,
            "2": 0.07556863625844323,
            "3": 0.10103723406791687,
            "4": 0.06495285034179688,
            "5": 0.07837762435277296,
            "6": 0.12449232737223304,
            "7": 0.04795965552330017,
            "8": -0.0017359256744384766
        }
    }
}