{
    "0": {
        "Loss_Exp": 0.14751838630411096,
        "BinaryAccuracy_Exp": 0.9487823992967606
    },
    "1": {
        "Loss_Exp": 0.20593886279254295,
        "BinaryAccuracy_Exp": 0.9197291433811188
    },
    "2": {
        "Loss_Exp": 0.14410319574699437,
        "BinaryAccuracy_Exp": 0.9405140280723572
    },
    "3": {
        "Loss_Exp": 0.12975776247669688,
        "BinaryAccuracy_Exp": 0.9487799048423767
    },
    "4": {
        "Loss_Exp": 0.08492160924953533,
        "BinaryAccuracy_Exp": 0.9657109890665326
    },
    "5": {
        "Loss_Exp": 0.11352287812529274,
        "BinaryAccuracy_Exp": 0.9578809638818105
    },
    "6": {
        "Loss_Exp": 0.08044615806405883,
        "BinaryAccuracy_Exp": 0.9692798376083374
    },
    "7": {
        "Loss_Exp": 0.08471036776406876,
        "BinaryAccuracy_Exp": 0.96717902024587
    },
    "8": {
        "Loss_Exp": 0.08845725491858271,
        "BinaryAccuracy_Exp": 0.9682274659474691
    },
    "9": {
        "Loss_Exp": 0.07345056516835471,
        "BinaryAccuracy_Exp": 0.9716372638940811
    },
    "stream": {
        "Loss_Stream/eval_phase/test_stream": 0.11298565529415,
        "BinaryAccuracy_Stream/eval_phase/test_stream": 0.9558031792226045
    }
}