{
    "0": {
        "Loss_Exp": 92.75425962035419,
        "RelativeDistance_Exp": 0.9180400371551514,
        "R2Score_Exp": 0.7894335687160492,
        "Forgetting_Exp": 0.09112262725830078,
        "BWT_Exp": -0.09112262725830078
    },
    "1": {
        "Loss_Exp": 70.88172526909464,
        "RelativeDistance_Exp": 1.2510313987731934,
        "R2Score_Exp": 0.7935918271541595,
        "Forgetting_Exp": 0.10208013653755188,
        "BWT_Exp": -0.10208013653755188
    },
    "2": {
        "Loss_Exp": 60.97518884268186,
        "RelativeDistance_Exp": 0.7481773893038431,
        "R2Score_Exp": 0.8035270571708679,
        "Forgetting_Exp": 0.021105508009592655,
        "BWT_Exp": -0.021105508009592655
    },
    "3": {
        "Loss_Exp": 48.65054524919219,
        "RelativeDistance_Exp": 0.659013956785202,
        "R2Score_Exp": 0.8382342457771301,
        "Forgetting_Exp": 0.02447497844696045,
        "BWT_Exp": -0.02447497844696045
    },
    "4": {
        "Loss_Exp": 52.63434613732098,
        "RelativeDistance_Exp": 0.8749729990959167,
        "R2Score_Exp": 0.8262355327606201,
        "Forgetting_Exp": 0.022742033004760742,
        "BWT_Exp": -0.022742033004760742
    },
    "5": {
        "Loss_Exp": 49.590149257494055,
        "RelativeDistance_Exp": 0.71479598681132,
        "R2Score_Exp": 0.8054355382919312,
        "Forgetting_Exp": 0.0315916736920675,
        "BWT_Exp": -0.0315916736920675
    },
    "6": {
        "Loss_Exp": 57.411483459833384,
        "RelativeDistance_Exp": 0.6737667918205261,
        "R2Score_Exp": 0.8397163351376852,
        "Forgetting_Exp": -0.007727324962615967,
        "BWT_Exp": 0.007727324962615967
    },
    "7": {
        "Loss_Exp": 40.67011642456055,
        "RelativeDistance_Exp": 0.6782824993133545,
        "R2Score_Exp": 0.8396328687667847,
        "Forgetting_Exp": 0.043391406536102295,
        "BWT_Exp": -0.043391406536102295
    },
    "8": {
        "Loss_Exp": 48.16004561484558,
        "RelativeDistance_Exp": 0.9335829615592957,
        "R2Score_Exp": 0.8408014476299286,
        "Forgetting_Exp": -0.010862380266189575,
        "BWT_Exp": 0.010862380266189575
    },
    "9": {
        "Loss_Exp": 61.51354281034084,
        "RelativeDistance_Exp": 0.8190450966358185,
        "R2Score_Exp": 0.8325695395469666
    },
    "stream": {
        "Loss_Stream/eval_phase/test_stream": 58.200525049949356,
        "RelativeDistance_Stream/eval_phase/test_stream": 0.8229092458883921,
        "R2Score_Stream/eval_phase/test_stream": 0.8199947103857994,
        "Forgetting_Stream/eval_phase/test_stream": {
            "0": 0.09112262725830078,
            "1": 0.10208013653755188,
            "2": 0.021105508009592655,
            "3": 0.02447497844696045,
            "4": 0.022742033004760742,
            "5": 0.0315916736920675,
            "6": -0.007727324962615967,
            "7": 0.043391406536102295,
            "8": -0.010862380266189575
        },
        "BWT_Stream/eval_phase/test_stream": {
            "0": 0.09112262725830078,
            "1": 0.10208013653755188,
            "2": 0.021105508009592655,
            "3": 0.02447497844696045,
            "4": 0.022742033004760742,
            "5": 0.0315916736920675,
            "6": -0.007727324962615967,
            "7": 0.043391406536102295,
            "8": -0.010862380266189575
        }
    }
}