{
    "0": {
        "Loss_Exp": 171.4023406625491,
        "RelativeDistance_Exp": 1.1019847691059113,
        "R2Score_Exp": 0.6125275790691376,
        "Forgetting_Exp": 0.2658311128616333,
        "BWT_Exp": -0.2658311128616333
    },
    "1": {
        "Loss_Exp": 100.99340405697694,
        "RelativeDistance_Exp": 1.6067023277282715,
        "R2Score_Exp": 0.7080064713954926,
        "Forgetting_Exp": 0.19098427891731262,
        "BWT_Exp": -0.19098427891731262
    },
    "2": {
        "Loss_Exp": 72.51815496560603,
        "RelativeDistance_Exp": 0.9132448434829712,
        "R2Score_Exp": 0.7650956511497498,
        "Forgetting_Exp": 0.06854315598805749,
        "BWT_Exp": -0.06854315598805749
    },
    "3": {
        "Loss_Exp": 71.64747907174704,
        "RelativeDistance_Exp": 0.7725292146205902,
        "R2Score_Exp": 0.7651633322238922,
        "Forgetting_Exp": 0.09020575881004333,
        "BWT_Exp": -0.09020575881004333
    },
    "4": {
        "Loss_Exp": 59.6894268650885,
        "RelativeDistance_Exp": 0.8971050381660461,
        "R2Score_Exp": 0.7984441071748734,
        "Forgetting_Exp": 0.05192956328392029,
        "BWT_Exp": -0.05192956328392029
    },
    "5": {
        "Loss_Exp": 60.8205742214037,
        "RelativeDistance_Exp": 0.7949021657307943,
        "R2Score_Exp": 0.7621958255767822,
        "Forgetting_Exp": 0.07286548614501953,
        "BWT_Exp": -0.07286548614501953
    },
    "6": {
        "Loss_Exp": 82.11201601862625,
        "RelativeDistance_Exp": 0.800260325272878,
        "R2Score_Exp": 0.7517138123512268,
        "Forgetting_Exp": 0.11595326662063599,
        "BWT_Exp": -0.11595326662063599
    },
    "7": {
        "Loss_Exp": 46.439090728759766,
        "RelativeDistance_Exp": 0.7758678793907166,
        "R2Score_Exp": 0.8168851137161255,
        "Forgetting_Exp": 0.04373696446418762,
        "BWT_Exp": -0.04373696446418762
    },
    "8": {
        "Loss_Exp": 61.741978340833846,
        "RelativeDistance_Exp": 1.1267622113227844,
        "R2Score_Exp": 0.8244434893131256,
        "Forgetting_Exp": -0.01909959316253662,
        "BWT_Exp": 0.01909959316253662
    },
    "9": {
        "Loss_Exp": 54.665458048561405,
        "RelativeDistance_Exp": 0.8238815069198608,
        "R2Score_Exp": 0.8525114953517914
    },
    "stream": {
        "Loss_Stream/eval_phase/test_stream": 76.86039301461827,
        "RelativeDistance_Stream/eval_phase/test_stream": 0.9480512539545695,
        "R2Score_Stream/eval_phase/test_stream": 0.7655409226814905,
        "Forgetting_Stream/eval_phase/test_stream": {
            "0": 0.2658311128616333,
            "1": 0.19098427891731262,
            "2": 0.06854315598805749,
            "3": 0.09020575881004333,
            "4": 0.05192956328392029,
            "5": 0.07286548614501953,
            "6": 0.11595326662063599,
            "7": 0.04373696446418762,
            "8": -0.01909959316253662
        },
        "BWT_Stream/eval_phase/test_stream": {
            "0": 0.2658311128616333,
            "1": 0.19098427891731262,
            "2": 0.06854315598805749,
            "3": 0.09020575881004333,
            "4": 0.05192956328392029,
            "5": 0.07286548614501953,
            "6": 0.11595326662063599,
            "7": 0.04373696446418762,
            "8": -0.01909959316253662
        }
    }
}