{
    "0": {
        "Loss_Exp": 60.1344370716023,
        "RelativeDistance_Exp": 1.2976048350334168,
        "R2Score_Exp": 0.7346544623374939,
        "Forgetting_Exp": 0.11578920483589172,
        "BWT_Exp": -0.11578920483589172
    },
    "1": {
        "Loss_Exp": 65.85713777080669,
        "RelativeDistance_Exp": 1.2620146512985229,
        "R2Score_Exp": 0.7437127868334452,
        "Forgetting_Exp": 0.1043104449907939,
        "BWT_Exp": -0.1043104449907939
    },
    "2": {
        "Loss_Exp": 43.85118162268784,
        "RelativeDistance_Exp": 0.9619000599934504,
        "R2Score_Exp": 0.817865238739894,
        "Forgetting_Exp": 0.047809591660132766,
        "BWT_Exp": -0.047809591660132766
    },
    "3": {
        "Loss_Exp": 34.57056079446581,
        "RelativeDistance_Exp": 0.9493046005566915,
        "R2Score_Exp": 0.8637320333056979,
        "Forgetting_Exp": 0.035957932472229004,
        "BWT_Exp": -0.035957932472229004
    },
    "4": {
        "Loss_Exp": 40.22404535729973,
        "RelativeDistance_Exp": 0.8632322549819946,
        "R2Score_Exp": 0.8466718963214329,
        "Forgetting_Exp": 0.02237831694739212,
        "BWT_Exp": -0.02237831694739212
    },
    "5": {
        "Loss_Exp": 41.4697553498836,
        "RelativeDistance_Exp": 0.7293614745140076,
        "R2Score_Exp": 0.8433682223161062,
        "Forgetting_Exp": 0.026441911856333378,
        "BWT_Exp": -0.026441911856333378
    },
    "6": {
        "Loss_Exp": 36.57745112649682,
        "RelativeDistance_Exp": 0.9189386889338493,
        "R2Score_Exp": 0.8617740422487259,
        "Forgetting_Exp": 0.02413281798362732,
        "BWT_Exp": -0.02413281798362732
    },
    "7": {
        "Loss_Exp": 50.91546211315297,
        "RelativeDistance_Exp": 0.6977358907461166,
        "R2Score_Exp": 0.825012668967247,
        "Forgetting_Exp": 0.04405598342418671,
        "BWT_Exp": -0.04405598342418671
    },
    "8": {
        "Loss_Exp": 35.818891317814845,
        "RelativeDistance_Exp": 0.6559508641560873,
        "R2Score_Exp": 0.8743484218915304,
        "Forgetting_Exp": 0.042714834213256836,
        "BWT_Exp": -0.042714834213256836
    },
    "9": {
        "Loss_Exp": 22.582715465225245,
        "RelativeDistance_Exp": 0.5534461587667465,
        "R2Score_Exp": 0.9175885617733002
    },
    "stream": {
        "Loss_Stream/eval_phase/test_stream": 47.96388168128479,
        "RelativeDistance_Stream/eval_phase/test_stream": 0.9800203269646491,
        "R2Score_Stream/eval_phase/test_stream": 0.8129321174857057,
        "Forgetting_Stream/eval_phase/test_stream": {
            "0": 0.11578920483589172,
            "1": 0.1043104449907939,
            "2": 0.047809591660132766,
            "3": 0.035957932472229004,
            "4": 0.02237831694739212,
            "5": 0.026441911856333378,
            "6": 0.02413281798362732,
            "7": 0.04405598342418671,
            "8": 0.042714834213256836
        },
        "BWT_Stream/eval_phase/test_stream": {
            "0": 0.11578920483589172,
            "1": 0.1043104449907939,
            "2": 0.047809591660132766,
            "3": 0.035957932472229004,
            "4": 0.02237831694739212,
            "5": 0.026441911856333378,
            "6": 0.02413281798362732,
            "7": 0.04405598342418671,
            "8": 0.042714834213256836
        }
    }
}