{
    "0": {
        "Loss_Exp": 48.40380096435547,
        "RelativeDistance_Exp": 0.7632561922073364,
        "R2Score_Exp": 0.8009787201881409,
        "Forgetting_Exp": 0.0986672043800354,
        "BWT_Exp": -0.0986672043800354
    },
    "1": {
        "Loss_Exp": 55.02882385253906,
        "RelativeDistance_Exp": 0.7829267382621765,
        "R2Score_Exp": 0.7721129059791565,
        "Forgetting_Exp": 0.12363088130950928,
        "BWT_Exp": -0.12363088130950928
    },
    "2": {
        "Loss_Exp": 57.398929595947266,
        "RelativeDistance_Exp": 0.8215063810348511,
        "R2Score_Exp": 0.7678738236427307,
        "Forgetting_Exp": 0.12433451414108276,
        "BWT_Exp": -0.12433451414108276
    },
    "3": {
        "Loss_Exp": 54.36893844604492,
        "RelativeDistance_Exp": 0.7886291146278381,
        "R2Score_Exp": 0.7700990438461304,
        "Forgetting_Exp": 0.13062620162963867,
        "BWT_Exp": -0.13062620162963867
    },
    "4": {
        "Loss_Exp": 60.19086837768555,
        "RelativeDistance_Exp": 0.9374669790267944,
        "R2Score_Exp": 0.7836488485336304,
        "Forgetting_Exp": 0.11020159721374512,
        "BWT_Exp": -0.11020159721374512
    },
    "5": {
        "Loss_Exp": 51.46532440185547,
        "RelativeDistance_Exp": 0.8568954467773438,
        "R2Score_Exp": 0.8077685832977295,
        "Forgetting_Exp": 0.0844159722328186,
        "BWT_Exp": -0.0844159722328186
    },
    "6": {
        "Loss_Exp": 42.12644577026367,
        "RelativeDistance_Exp": 0.636459469795227,
        "R2Score_Exp": 0.8413892984390259,
        "Forgetting_Exp": 0.04735410213470459,
        "BWT_Exp": -0.04735410213470459
    },
    "7": {
        "Loss_Exp": 42.054405212402344,
        "RelativeDistance_Exp": 0.7335108518600464,
        "R2Score_Exp": 0.8378956317901611,
        "Forgetting_Exp": 0.016026556491851807,
        "BWT_Exp": -0.016026556491851807
    },
    "8": {
        "Loss_Exp": 45.89643859863281,
        "RelativeDistance_Exp": 0.5153873562812805,
        "R2Score_Exp": 0.8388345241546631,
        "Forgetting_Exp": 0.059110283851623535,
        "BWT_Exp": -0.059110283851623535
    },
    "9": {
        "Loss_Exp": 18.751317977905273,
        "RelativeDistance_Exp": 0.7054938077926636,
        "R2Score_Exp": 0.9298109412193298
    },
    "stream": {
        "Loss_Stream/eval_phase/test_stream": 52.94910026752979,
        "RelativeDistance_Stream/eval_phase/test_stream": 0.7541532337665557,
        "R2Score_Stream/eval_phase/test_stream": 0.8150412321090699,
        "Forgetting_Stream/eval_phase/test_stream": {
            "0": 0.0986672043800354,
            "1": 0.12363088130950928,
            "2": 0.12433451414108276,
            "3": 0.13062620162963867,
            "4": 0.11020159721374512,
            "5": 0.0844159722328186,
            "6": 0.04735410213470459,
            "7": 0.016026556491851807,
            "8": 0.059110283851623535
        },
        "BWT_Stream/eval_phase/test_stream": {
            "0": 0.0986672043800354,
            "1": 0.12363088130950928,
            "2": 0.12433451414108276,
            "3": 0.13062620162963867,
            "4": 0.11020159721374512,
            "5": 0.0844159722328186,
            "6": 0.04735410213470459,
            "7": 0.016026556491851807,
            "8": 0.059110283851623535
        }
    }
}