{
    "0": {
        "Loss_Exp": 59.73355484008789,
        "RelativeDistance_Exp": 0.9736983180046082,
        "R2Score_Exp": 0.7602519392967224,
        "Forgetting_Exp": 0.13295388221740723,
        "BWT_Exp": -0.13295388221740723
    },
    "1": {
        "Loss_Exp": 66.56645965576172,
        "RelativeDistance_Exp": 0.8505522012710571,
        "R2Score_Exp": 0.7382247447967529,
        "Forgetting_Exp": 0.15065407752990723,
        "BWT_Exp": -0.15065407752990723
    },
    "2": {
        "Loss_Exp": 52.789764404296875,
        "RelativeDistance_Exp": 0.8104165196418762,
        "R2Score_Exp": 0.7767578363418579,
        "Forgetting_Exp": 0.1192062497138977,
        "BWT_Exp": -0.1192062497138977
    },
    "3": {
        "Loss_Exp": 42.08424377441406,
        "RelativeDistance_Exp": 0.8573794364929199,
        "R2Score_Exp": 0.8338176012039185,
        "Forgetting_Exp": 0.09160256385803223,
        "BWT_Exp": -0.09160256385803223
    },
    "4": {
        "Loss_Exp": 45.586181640625,
        "RelativeDistance_Exp": 0.772942841053009,
        "R2Score_Exp": 0.816969096660614,
        "Forgetting_Exp": 0.0862078070640564,
        "BWT_Exp": -0.0862078070640564
    },
    "5": {
        "Loss_Exp": 41.74369812011719,
        "RelativeDistance_Exp": 0.6826512813568115,
        "R2Score_Exp": 0.8384268283843994,
        "Forgetting_Exp": 0.04498875141143799,
        "BWT_Exp": -0.04498875141143799
    },
    "6": {
        "Loss_Exp": 36.42690658569336,
        "RelativeDistance_Exp": 0.8068275451660156,
        "R2Score_Exp": 0.8607202172279358,
        "Forgetting_Exp": 0.03360426425933838,
        "BWT_Exp": -0.03360426425933838
    },
    "7": {
        "Loss_Exp": 46.43218231201172,
        "RelativeDistance_Exp": 0.5686427354812622,
        "R2Score_Exp": 0.834662675857544,
        "Forgetting_Exp": 0.052008986473083496,
        "BWT_Exp": -0.052008986473083496
    },
    "8": {
        "Loss_Exp": 29.140104293823242,
        "RelativeDistance_Exp": 0.5790526866912842,
        "R2Score_Exp": 0.9049550294876099,
        "Forgetting_Exp": -0.014246225357055664,
        "BWT_Exp": 0.014246225357055664
    },
    "9": {
        "Loss_Exp": 22.465532302856445,
        "RelativeDistance_Exp": 0.5046205520629883,
        "R2Score_Exp": 0.9251617789268494
    },
    "stream": {
        "Loss_Stream/eval_phase/test_stream": 50.16962573545393,
        "RelativeDistance_Stream/eval_phase/test_stream": 0.7406784117221832,
        "R2Score_Stream/eval_phase/test_stream": 0.8289947748184204,
        "Forgetting_Stream/eval_phase/test_stream": {
            "0": 0.13295388221740723,
            "1": 0.15065407752990723,
            "2": 0.1192062497138977,
            "3": 0.09160256385803223,
            "4": 0.0862078070640564,
            "5": 0.04498875141143799,
            "6": 0.03360426425933838,
            "7": 0.052008986473083496,
            "8": -0.014246225357055664
        },
        "BWT_Stream/eval_phase/test_stream": {
            "0": 0.13295388221740723,
            "1": 0.15065407752990723,
            "2": 0.1192062497138977,
            "3": 0.09160256385803223,
            "4": 0.0862078070640564,
            "5": 0.04498875141143799,
            "6": 0.03360426425933838,
            "7": 0.052008986473083496,
            "8": -0.014246225357055664
        }
    }
}