{
    "0": {
        "Loss_Exp": 64.01432037353516,
        "RelativeDistance_Exp": 1.0614155530929565,
        "R2Score_Exp": 0.7334762811660767,
        "Forgetting_Exp": 0.15558993816375732,
        "BWT_Exp": -0.15558993816375732
    },
    "1": {
        "Loss_Exp": 67.74854278564453,
        "RelativeDistance_Exp": 0.9328141808509827,
        "R2Score_Exp": 0.7317502498626709,
        "Forgetting_Exp": 0.15501528978347778,
        "BWT_Exp": -0.15501528978347778
    },
    "2": {
        "Loss_Exp": 54.24711608886719,
        "RelativeDistance_Exp": 0.8396286964416504,
        "R2Score_Exp": 0.768453061580658,
        "Forgetting_Exp": 0.1254221796989441,
        "BWT_Exp": -0.1254221796989441
    },
    "3": {
        "Loss_Exp": 38.75111770629883,
        "RelativeDistance_Exp": 0.8844000697135925,
        "R2Score_Exp": 0.8432819843292236,
        "Forgetting_Exp": 0.07978695631027222,
        "BWT_Exp": -0.07978695631027222
    },
    "4": {
        "Loss_Exp": 46.160064697265625,
        "RelativeDistance_Exp": 0.8660767674446106,
        "R2Score_Exp": 0.8111214637756348,
        "Forgetting_Exp": 0.09097421169281006,
        "BWT_Exp": -0.09097421169281006
    },
    "5": {
        "Loss_Exp": 40.613372802734375,
        "RelativeDistance_Exp": 0.7328827381134033,
        "R2Score_Exp": 0.838444709777832,
        "Forgetting_Exp": 0.05200028419494629,
        "BWT_Exp": -0.05200028419494629
    },
    "6": {
        "Loss_Exp": 38.274105072021484,
        "RelativeDistance_Exp": 0.8879464864730835,
        "R2Score_Exp": 0.8513563275337219,
        "Forgetting_Exp": 0.03051525354385376,
        "BWT_Exp": -0.03051525354385376
    },
    "7": {
        "Loss_Exp": 46.469703674316406,
        "RelativeDistance_Exp": 0.6079858541488647,
        "R2Score_Exp": 0.8345633745193481,
        "Forgetting_Exp": 0.050189197063446045,
        "BWT_Exp": -0.050189197063446045
    },
    "8": {
        "Loss_Exp": 37.50030517578125,
        "RelativeDistance_Exp": 0.6481515765190125,
        "R2Score_Exp": 0.8729793429374695,
        "Forgetting_Exp": 0.03927844762802124,
        "BWT_Exp": -0.03927844762802124
    },
    "9": {
        "Loss_Exp": 22.0670108795166,
        "RelativeDistance_Exp": 0.5460395812988281,
        "R2Score_Exp": 0.9251609444618225
    },
    "stream": {
        "Loss_Stream/eval_phase/test_stream": 51.185746084690656,
        "RelativeDistance_Stream/eval_phase/test_stream": 0.8007341504096985,
        "R2Score_Stream/eval_phase/test_stream": 0.8210587739944458,
        "Forgetting_Stream/eval_phase/test_stream": {
            "0": 0.15558993816375732,
            "1": 0.15501528978347778,
            "2": 0.1254221796989441,
            "3": 0.07978695631027222,
            "4": 0.09097421169281006,
            "5": 0.05200028419494629,
            "6": 0.03051525354385376,
            "7": 0.050189197063446045,
            "8": 0.03927844762802124
        },
        "BWT_Stream/eval_phase/test_stream": {
            "0": 0.15558993816375732,
            "1": 0.15501528978347778,
            "2": 0.1254221796989441,
            "3": 0.07978695631027222,
            "4": 0.09097421169281006,
            "5": 0.05200028419494629,
            "6": 0.03051525354385376,
            "7": 0.050189197063446045,
            "8": 0.03927844762802124
        }
    }
}