{
    "0": {
        "Loss_Exp": 37.386775970458984,
        "RelativeDistance_Exp": 0.7037866115570068,
        "R2Score_Exp": 0.8498581051826477,
        "Forgetting_Exp": 0.04989171028137207,
        "BWT_Exp": -0.04989171028137207
    },
    "1": {
        "Loss_Exp": 39.86526107788086,
        "RelativeDistance_Exp": 0.7143901586532593,
        "R2Score_Exp": 0.8367427587509155,
        "Forgetting_Exp": 0.054068922996520996,
        "BWT_Exp": -0.054068922996520996
    },
    "2": {
        "Loss_Exp": 45.175167083740234,
        "RelativeDistance_Exp": 0.7759490013122559,
        "R2Score_Exp": 0.8179486989974976,
        "Forgetting_Exp": 0.07549983263015747,
        "BWT_Exp": -0.07549983263015747
    },
    "3": {
        "Loss_Exp": 39.396934509277344,
        "RelativeDistance_Exp": 0.6852110624313354,
        "R2Score_Exp": 0.8297308683395386,
        "Forgetting_Exp": 0.06890034675598145,
        "BWT_Exp": -0.06890034675598145
    },
    "4": {
        "Loss_Exp": 44.5791015625,
        "RelativeDistance_Exp": 0.8042540550231934,
        "R2Score_Exp": 0.8379230499267578,
        "Forgetting_Exp": 0.05854487419128418,
        "BWT_Exp": -0.05854487419128418
    },
    "5": {
        "Loss_Exp": 43.057106018066406,
        "RelativeDistance_Exp": 0.7725991606712341,
        "R2Score_Exp": 0.8399125337600708,
        "Forgetting_Exp": 0.052152156829833984,
        "BWT_Exp": -0.052152156829833984
    },
    "6": {
        "Loss_Exp": 35.377906799316406,
        "RelativeDistance_Exp": 0.5641003847122192,
        "R2Score_Exp": 0.860045313835144,
        "Forgetting_Exp": 0.027419567108154297,
        "BWT_Exp": -0.027419567108154297
    },
    "7": {
        "Loss_Exp": 31.87761116027832,
        "RelativeDistance_Exp": 0.6986663937568665,
        "R2Score_Exp": 0.8774782419204712,
        "Forgetting_Exp": -0.015526175498962402,
        "BWT_Exp": 0.015526175498962402
    },
    "8": {
        "Loss_Exp": 34.564849853515625,
        "RelativeDistance_Exp": 0.4553060233592987,
        "R2Score_Exp": 0.8752661347389221,
        "Forgetting_Exp": 0.02913820743560791,
        "BWT_Exp": -0.02913820743560791
    },
    "9": {
        "Loss_Exp": 16.675460815429688,
        "RelativeDistance_Exp": 0.6854299306869507,
        "R2Score_Exp": 0.9371660947799683
    },
    "stream": {
        "Loss_Stream/eval_phase/test_stream": 40.61227993879943,
        "RelativeDistance_Stream/eval_phase/test_stream": 0.685969278216362,
        "R2Score_Stream/eval_phase/test_stream": 0.8562071800231934,
        "Forgetting_Stream/eval_phase/test_stream": {
            "0": 0.04989171028137207,
            "1": 0.054068922996520996,
            "2": 0.07549983263015747,
            "3": 0.06890034675598145,
            "4": 0.05854487419128418,
            "5": 0.052152156829833984,
            "6": 0.027419567108154297,
            "7": -0.015526175498962402,
            "8": 0.02913820743560791
        },
        "BWT_Stream/eval_phase/test_stream": {
            "0": 0.04989171028137207,
            "1": 0.054068922996520996,
            "2": 0.07549983263015747,
            "3": 0.06890034675598145,
            "4": 0.05854487419128418,
            "5": 0.052152156829833984,
            "6": 0.027419567108154297,
            "7": -0.015526175498962402,
            "8": 0.02913820743560791
        }
    }
}