{
    "0": {
        "Loss_Exp": 22.436004638671875,
        "RelativeDistance_Exp": 0.5602805018424988,
        "R2Score_Exp": 0.9051076173782349,
        "Forgetting_Exp": -0.006422996520996094,
        "BWT_Exp": 0.006422996520996094
    },
    "1": {
        "Loss_Exp": 23.95879554748535,
        "RelativeDistance_Exp": 0.5688077807426453,
        "R2Score_Exp": 0.8961470723152161,
        "Forgetting_Exp": -0.0021067261695861816,
        "BWT_Exp": 0.0021067261695861816
    },
    "2": {
        "Loss_Exp": 23.80220603942871,
        "RelativeDistance_Exp": 0.6203639507293701,
        "R2Score_Exp": 0.8997201919555664,
        "Forgetting_Exp": -0.005973696708679199,
        "BWT_Exp": 0.005973696708679199
    },
    "3": {
        "Loss_Exp": 22.139755249023438,
        "RelativeDistance_Exp": 0.5701962113380432,
        "R2Score_Exp": 0.9019126892089844,
        "Forgetting_Exp": -0.0019130110740661621,
        "BWT_Exp": 0.0019130110740661621
    },
    "4": {
        "Loss_Exp": 29.48525047302246,
        "RelativeDistance_Exp": 0.6994656324386597,
        "R2Score_Exp": 0.8874962329864502,
        "Forgetting_Exp": 0.004935920238494873,
        "BWT_Exp": -0.004935920238494873
    },
    "5": {
        "Loss_Exp": 28.41639518737793,
        "RelativeDistance_Exp": 0.6611210703849792,
        "R2Score_Exp": 0.8916534185409546,
        "Forgetting_Exp": 0.0012627840042114258,
        "BWT_Exp": -0.0012627840042114258
    },
    "6": {
        "Loss_Exp": 26.76980972290039,
        "RelativeDistance_Exp": 0.5053008198738098,
        "R2Score_Exp": 0.8940087556838989,
        "Forgetting_Exp": -0.007973253726959229,
        "BWT_Exp": 0.007973253726959229
    },
    "7": {
        "Loss_Exp": 26.910999298095703,
        "RelativeDistance_Exp": 0.6203224062919617,
        "R2Score_Exp": 0.8929713368415833,
        "Forgetting_Exp": -0.03147786855697632,
        "BWT_Exp": 0.03147786855697632
    },
    "8": {
        "Loss_Exp": 30.796493530273438,
        "RelativeDistance_Exp": 0.4435095489025116,
        "R2Score_Exp": 0.8829232454299927,
        "Forgetting_Exp": 0.024008750915527344,
        "BWT_Exp": -0.024008750915527344
    },
    "9": {
        "Loss_Exp": 22.199186325073242,
        "RelativeDistance_Exp": 0.7348126173019409,
        "R2Score_Exp": 0.918383002281189
    },
    "stream": {
        "Loss_Stream/eval_phase/test_stream": 25.119745975638846,
        "RelativeDistance_Stream/eval_phase/test_stream": 0.598418053984642,
        "R2Score_Stream/eval_phase/test_stream": 0.897032356262207,
        "Forgetting_Stream/eval_phase/test_stream": {
            "0": -0.006422996520996094,
            "1": -0.0021067261695861816,
            "2": -0.005973696708679199,
            "3": -0.0019130110740661621,
            "4": 0.004935920238494873,
            "5": 0.0012627840042114258,
            "6": -0.007973253726959229,
            "7": -0.03147786855697632,
            "8": 0.024008750915527344
        },
        "BWT_Stream/eval_phase/test_stream": {
            "0": -0.006422996520996094,
            "1": -0.0021067261695861816,
            "2": -0.005973696708679199,
            "3": -0.0019130110740661621,
            "4": 0.004935920238494873,
            "5": 0.0012627840042114258,
            "6": -0.007973253726959229,
            "7": -0.03147786855697632,
            "8": 0.024008750915527344
        }
    }
}