{
    "0": {
        "Loss_Exp": 77.78477478027344,
        "RelativeDistance_Exp": 0.620991587638855,
        "R2Score_Exp": 0.73072350025177,
        "Forgetting_Exp": 0.12367987632751465,
        "BWT_Exp": -0.12367987632751465
    },
    "1": {
        "Loss_Exp": 37.718528747558594,
        "RelativeDistance_Exp": 0.7586454153060913,
        "R2Score_Exp": 0.8545851707458496,
        "Forgetting_Exp": 0.044778406620025635,
        "BWT_Exp": -0.044778406620025635
    },
    "2": {
        "Loss_Exp": 45.33771514892578,
        "RelativeDistance_Exp": 0.547714352607727,
        "R2Score_Exp": 0.8204782009124756,
        "Forgetting_Exp": 0.023166239261627197,
        "BWT_Exp": -0.023166239261627197
    },
    "3": {
        "Loss_Exp": 32.50852966308594,
        "RelativeDistance_Exp": 0.4483792781829834,
        "R2Score_Exp": 0.8702197074890137,
        "Forgetting_Exp": 0.00678861141204834,
        "BWT_Exp": -0.00678861141204834
    },
    "4": {
        "Loss_Exp": 28.526355743408203,
        "RelativeDistance_Exp": 0.48028767108917236,
        "R2Score_Exp": 0.8670193552970886,
        "Forgetting_Exp": 0.03587836027145386,
        "BWT_Exp": -0.03587836027145386
    },
    "5": {
        "Loss_Exp": 29.65005874633789,
        "RelativeDistance_Exp": 0.4747127294540405,
        "R2Score_Exp": 0.8453526496887207,
        "Forgetting_Exp": 0.044598400592803955,
        "BWT_Exp": -0.044598400592803955
    },
    "6": {
        "Loss_Exp": 34.025943756103516,
        "RelativeDistance_Exp": 0.4261936843395233,
        "R2Score_Exp": 0.8452682495117188,
        "Forgetting_Exp": 0.025606751441955566,
        "BWT_Exp": -0.025606751441955566
    },
    "7": {
        "Loss_Exp": 28.59090805053711,
        "RelativeDistance_Exp": 0.4375547170639038,
        "R2Score_Exp": 0.8594464063644409,
        "Forgetting_Exp": 0.030406475067138672,
        "BWT_Exp": -0.030406475067138672
    },
    "8": {
        "Loss_Exp": 34.31217956542969,
        "RelativeDistance_Exp": 0.4216814637184143,
        "R2Score_Exp": 0.8604723215103149,
        "Forgetting_Exp": 0.01628243923187256,
        "BWT_Exp": -0.01628243923187256
    },
    "9": {
        "Loss_Exp": 38.64783477783203,
        "RelativeDistance_Exp": 0.5475824475288391,
        "R2Score_Exp": 0.8735783100128174
    },
    "stream": {
        "Loss_Stream/eval_phase/test_stream": 37.92821427838606,
        "RelativeDistance_Stream/eval_phase/test_stream": 0.516374334692955,
        "R2Score_Stream/eval_phase/test_stream": 0.8427143871784211,
        "Forgetting_Stream/eval_phase/test_stream": {
            "0": 0.12367987632751465,
            "1": 0.044778406620025635,
            "2": 0.023166239261627197,
            "3": 0.00678861141204834,
            "4": 0.03587836027145386,
            "5": 0.044598400592803955,
            "6": 0.025606751441955566,
            "7": 0.030406475067138672,
            "8": 0.01628243923187256
        },
        "BWT_Stream/eval_phase/test_stream": {
            "0": 0.12367987632751465,
            "1": 0.044778406620025635,
            "2": 0.023166239261627197,
            "3": 0.00678861141204834,
            "4": 0.03587836027145386,
            "5": 0.044598400592803955,
            "6": 0.025606751441955566,
            "7": 0.030406475067138672,
            "8": 0.01628243923187256
        }
    }
}