{
    "0": {
        "Loss_Exp": 116.94860599465567,
        "RelativeDistance_Exp": 0.9067836105823517,
        "R2Score_Exp": 0.6378983855247498,
        "Forgetting_Exp": 0.21148303151130676,
        "BWT_Exp": -0.21148303151130676
    },
    "1": {
        "Loss_Exp": 68.26890851331959,
        "RelativeDistance_Exp": 0.8943217992782593,
        "R2Score_Exp": 0.7666594684123993,
        "Forgetting_Exp": 0.12485966086387634,
        "BWT_Exp": -0.12485966086387634
    },
    "2": {
        "Loss_Exp": 84.70129257775275,
        "RelativeDistance_Exp": 0.707813044389089,
        "R2Score_Exp": 0.7228077451388041,
        "Forgetting_Exp": 0.11418312788009644,
        "BWT_Exp": -0.11418312788009644
    },
    "3": {
        "Loss_Exp": 50.668473571838746,
        "RelativeDistance_Exp": 0.6071717143058777,
        "R2Score_Exp": 0.802532970905304,
        "Forgetting_Exp": 0.06446957588195801,
        "BWT_Exp": -0.06446957588195801
    },
    "4": {
        "Loss_Exp": 40.05805070963448,
        "RelativeDistance_Exp": 0.6711300611495972,
        "R2Score_Exp": 0.8110658973455429,
        "Forgetting_Exp": 0.08736629784107208,
        "BWT_Exp": -0.08736629784107208
    },
    "5": {
        "Loss_Exp": 46.85019436010578,
        "RelativeDistance_Exp": 0.6299545566240946,
        "R2Score_Exp": 0.7748387058575948,
        "Forgetting_Exp": 0.10549503564834595,
        "BWT_Exp": -0.10549503564834595
    },
    "6": {
        "Loss_Exp": 55.917054066097705,
        "RelativeDistance_Exp": 0.6975629727045695,
        "R2Score_Exp": 0.7815888921419779,
        "Forgetting_Exp": 0.0691697200139364,
        "BWT_Exp": -0.0691697200139364
    },
    "7": {
        "Loss_Exp": 42.794093167340314,
        "RelativeDistance_Exp": 0.4261120706796646,
        "R2Score_Exp": 0.8557994067668915,
        "Forgetting_Exp": 0.03101983666419983,
        "BWT_Exp": -0.03101983666419983
    },
    "8": {
        "Loss_Exp": 47.40466643426112,
        "RelativeDistance_Exp": 0.5602935254573822,
        "R2Score_Exp": 0.8250651359558105,
        "Forgetting_Exp": 0.03000655770301819,
        "BWT_Exp": -0.03000655770301819
    },
    "9": {
        "Loss_Exp": 42.06362687720449,
        "RelativeDistance_Exp": 0.5681280493736267,
        "R2Score_Exp": 0.8621678054332733
    },
    "stream": {
        "Loss_Stream/eval_phase/test_stream": 59.07747836243279,
        "RelativeDistance_Stream/eval_phase/test_stream": 0.6686453402042389,
        "R2Score_Stream/eval_phase/test_stream": 0.7832886385917663,
        "Forgetting_Stream/eval_phase/test_stream": {
            "0": 0.21148303151130676,
            "1": 0.12485966086387634,
            "2": 0.11418312788009644,
            "3": 0.06446957588195801,
            "4": 0.08736629784107208,
            "5": 0.10549503564834595,
            "6": 0.0691697200139364,
            "7": 0.03101983666419983,
            "8": 0.03000655770301819
        },
        "BWT_Stream/eval_phase/test_stream": {
            "0": 0.21148303151130676,
            "1": 0.12485966086387634,
            "2": 0.11418312788009644,
            "3": 0.06446957588195801,
            "4": 0.08736629784107208,
            "5": 0.10549503564834595,
            "6": 0.0691697200139364,
            "7": 0.03101983666419983,
            "8": 0.03000655770301819
        }
    }
}