{
    "0": {
        "Loss_Exp": 54.43655014038086,
        "RelativeDistance_Exp": 0.7335574626922607,
        "R2Score_Exp": 0.7913733720779419,
        "Forgetting_Exp": 0.10615897178649902,
        "BWT_Exp": -0.10615897178649902
    },
    "1": {
        "Loss_Exp": 54.37867736816406,
        "RelativeDistance_Exp": 0.7141424417495728,
        "R2Score_Exp": 0.7920528650283813,
        "Forgetting_Exp": 0.10529059171676636,
        "BWT_Exp": -0.10529059171676636
    },
    "2": {
        "Loss_Exp": 61.095054626464844,
        "RelativeDistance_Exp": 0.8029935956001282,
        "R2Score_Exp": 0.7694687247276306,
        "Forgetting_Exp": 0.1293526291847229,
        "BWT_Exp": -0.1293526291847229
    },
    "3": {
        "Loss_Exp": 55.072208404541016,
        "RelativeDistance_Exp": 0.7462968826293945,
        "R2Score_Exp": 0.781505823135376,
        "Forgetting_Exp": 0.11784416437149048,
        "BWT_Exp": -0.11784416437149048
    },
    "4": {
        "Loss_Exp": 61.437652587890625,
        "RelativeDistance_Exp": 0.8078080415725708,
        "R2Score_Exp": 0.7890511751174927,
        "Forgetting_Exp": 0.10935425758361816,
        "BWT_Exp": -0.10935425758361816
    },
    "5": {
        "Loss_Exp": 51.733089447021484,
        "RelativeDistance_Exp": 0.7688890695571899,
        "R2Score_Exp": 0.8151317834854126,
        "Forgetting_Exp": 0.08461141586303711,
        "BWT_Exp": -0.08461141586303711
    },
    "6": {
        "Loss_Exp": 45.5302734375,
        "RelativeDistance_Exp": 0.6117828488349915,
        "R2Score_Exp": 0.8423823118209839,
        "Forgetting_Exp": 0.05026906728744507,
        "BWT_Exp": -0.05026906728744507
    },
    "7": {
        "Loss_Exp": 47.03188705444336,
        "RelativeDistance_Exp": 0.706035852432251,
        "R2Score_Exp": 0.8308889865875244,
        "Forgetting_Exp": 0.04040265083312988,
        "BWT_Exp": -0.04040265083312988
    },
    "8": {
        "Loss_Exp": 54.8423957824707,
        "RelativeDistance_Exp": 0.5177255272865295,
        "R2Score_Exp": 0.825100839138031,
        "Forgetting_Exp": 0.07842880487442017,
        "BWT_Exp": -0.07842880487442017
    },
    "9": {
        "Loss_Exp": 18.007633209228516,
        "RelativeDistance_Exp": 0.6453425884246826,
        "R2Score_Exp": 0.9315014481544495
    },
    "stream": {
        "Loss_Stream/eval_phase/test_stream": 54.79799310614985,
        "RelativeDistance_Stream/eval_phase/test_stream": 0.7054574310779571,
        "R2Score_Stream/eval_phase/test_stream": 0.8168457329273224,
        "Forgetting_Stream/eval_phase/test_stream": {
            "0": 0.10615897178649902,
            "1": 0.10529059171676636,
            "2": 0.1293526291847229,
            "3": 0.11784416437149048,
            "4": 0.10935425758361816,
            "5": 0.08461141586303711,
            "6": 0.05026906728744507,
            "7": 0.04040265083312988,
            "8": 0.07842880487442017
        },
        "BWT_Stream/eval_phase/test_stream": {
            "0": 0.10615897178649902,
            "1": 0.10529059171676636,
            "2": 0.1293526291847229,
            "3": 0.11784416437149048,
            "4": 0.10935425758361816,
            "5": 0.08461141586303711,
            "6": 0.05026906728744507,
            "7": 0.04040265083312988,
            "8": 0.07842880487442017
        }
    }
}