{
    "0": {
        "Loss_Exp": 64.74261733081106,
        "RelativeDistance_Exp": 1.217495459318161,
        "R2Score_Exp": 0.7360854208469391,
        "Forgetting_Exp": 0.10477104187011721,
        "BWT_Exp": -0.10477104187011721
    },
    "1": {
        "Loss_Exp": 73.20587159252736,
        "RelativeDistance_Exp": 1.1815419991811116,
        "R2Score_Exp": 0.727493158976237,
        "Forgetting_Exp": 0.12490758101145427,
        "BWT_Exp": -0.12490758101145427
    },
    "2": {
        "Loss_Exp": 50.43993776573843,
        "RelativeDistance_Exp": 0.9208011489648086,
        "R2Score_Exp": 0.7972379556069007,
        "Forgetting_Exp": 0.07496862228100121,
        "BWT_Exp": -0.07496862228100121
    },
    "3": {
        "Loss_Exp": 36.5117560370969,
        "RelativeDistance_Exp": 0.9399692217508951,
        "R2Score_Exp": 0.8644949528906081,
        "Forgetting_Exp": 0.045827819241417767,
        "BWT_Exp": -0.045827819241417767
    },
    "4": {
        "Loss_Exp": 46.21084130565306,
        "RelativeDistance_Exp": 0.8511145200048175,
        "R2Score_Exp": 0.8279051014355251,
        "Forgetting_Exp": 0.05427363089152748,
        "BWT_Exp": -0.05427363089152748
    },
    "5": {
        "Loss_Exp": 46.146625611033464,
        "RelativeDistance_Exp": 0.691602756579717,
        "R2Score_Exp": 0.8324349323908488,
        "Forgetting_Exp": 0.039891819159189934,
        "BWT_Exp": -0.039891819159189934
    },
    "6": {
        "Loss_Exp": 40.22588721969807,
        "RelativeDistance_Exp": 0.830967128276825,
        "R2Score_Exp": 0.8556163683533669,
        "Forgetting_Exp": 0.035778261721134186,
        "BWT_Exp": -0.035778261721134186
    },
    "7": {
        "Loss_Exp": 49.12764014295174,
        "RelativeDistance_Exp": 0.6460125595331192,
        "R2Score_Exp": 0.8351161330938339,
        "Forgetting_Exp": 0.042612023651599884,
        "BWT_Exp": -0.042612023651599884
    },
    "8": {
        "Loss_Exp": 38.382105975700334,
        "RelativeDistance_Exp": 0.5890158911546072,
        "R2Score_Exp": 0.8661062518755595,
        "Forgetting_Exp": 0.048332909742991204,
        "BWT_Exp": -0.048332909742991204
    },
    "9": {
        "Loss_Exp": 23.284145681680478,
        "RelativeDistance_Exp": 0.5660165250301361,
        "R2Score_Exp": 0.9139733016490936
    },
    "stream": {
        "Loss_Stream/eval_phase/test_stream": 52.40949849822429,
        "RelativeDistance_Stream/eval_phase/test_stream": 0.9277846780088213,
        "R2Score_Stream/eval_phase/test_stream": 0.804442842801412,
        "Forgetting_Stream/eval_phase/test_stream": {
            "0": 0.10477104187011721,
            "1": 0.12490758101145427,
            "2": 0.07496862228100121,
            "3": 0.045827819241417767,
            "4": 0.05427363089152748,
            "5": 0.039891819159189934,
            "6": 0.035778261721134186,
            "7": 0.042612023651599884,
            "8": 0.048332909742991204
        },
        "BWT_Stream/eval_phase/test_stream": {
            "0": 0.10477104187011721,
            "1": 0.12490758101145427,
            "2": 0.07496862228100121,
            "3": 0.045827819241417767,
            "4": 0.05427363089152748,
            "5": 0.039891819159189934,
            "6": 0.035778261721134186,
            "7": 0.042612023651599884,
            "8": 0.048332909742991204
        }
    }
}