{
    "0": {
        "Loss_Exp": 80.70081203628637,
        "RelativeDistance_Exp": 1.091386967897415,
        "R2Score_Exp": 0.6715334057807922,
        "Forgetting_Exp": 0.17750318646430974,
        "BWT_Exp": -0.17750318646430974
    },
    "1": {
        "Loss_Exp": 81.92962134888441,
        "RelativeDistance_Exp": 0.9472043871879577,
        "R2Score_Exp": 0.683791704972585,
        "Forgetting_Exp": 0.1979507525761922,
        "BWT_Exp": -0.1979507525761922
    },
    "2": {
        "Loss_Exp": 56.580823285920005,
        "RelativeDistance_Exp": 0.8062694943868197,
        "R2Score_Exp": 0.7685265311828027,
        "Forgetting_Exp": 0.13078645559457625,
        "BWT_Exp": -0.13078645559457625
    },
    "3": {
        "Loss_Exp": 40.5123793909422,
        "RelativeDistance_Exp": 0.8488217128647698,
        "R2Score_Exp": 0.8403530451986525,
        "Forgetting_Exp": 0.09016884035534323,
        "BWT_Exp": -0.09016884035534323
    },
    "4": {
        "Loss_Exp": 51.909530363194506,
        "RelativeDistance_Exp": 0.7329464043889727,
        "R2Score_Exp": 0.7834169353757586,
        "Forgetting_Exp": 0.12416143076760422,
        "BWT_Exp": -0.12416143076760422
    },
    "5": {
        "Loss_Exp": 45.1128164809486,
        "RelativeDistance_Exp": 0.6703340113162994,
        "R2Score_Exp": 0.8232631782690684,
        "Forgetting_Exp": 0.06637245416641235,
        "BWT_Exp": -0.06637245416641235
    },
    "6": {
        "Loss_Exp": 37.69879645681451,
        "RelativeDistance_Exp": 0.7730910107493401,
        "R2Score_Exp": 0.8564498275518417,
        "Forgetting_Exp": 0.046705976128578186,
        "BWT_Exp": -0.046705976128578186
    },
    "7": {
        "Loss_Exp": 43.82293182343998,
        "RelativeDistance_Exp": 0.5660853832960129,
        "R2Score_Exp": 0.8449577614665031,
        "Forgetting_Exp": 0.04909660667181015,
        "BWT_Exp": -0.04909660667181015
    },
    "8": {
        "Loss_Exp": 30.33354967107681,
        "RelativeDistance_Exp": 0.49813900391260785,
        "R2Score_Exp": 0.8982561031977335,
        "Forgetting_Exp": 0.025304992993672726,
        "BWT_Exp": -0.025304992993672726
    },
    "9": {
        "Loss_Exp": 19.365928027218004,
        "RelativeDistance_Exp": 0.49944938719272614,
        "R2Score_Exp": 0.9228784441947937
    },
    "stream": {
        "Loss_Stream/eval_phase/test_stream": 56.85236212020283,
        "RelativeDistance_Stream/eval_phase/test_stream": 0.8099035823050841,
        "R2Score_Stream/eval_phase/test_stream": 0.7790310552090774,
        "Forgetting_Stream/eval_phase/test_stream": {
            "0": 0.17750318646430974,
            "1": 0.1979507525761922,
            "2": 0.13078645559457625,
            "3": 0.09016884035534323,
            "4": 0.12416143076760422,
            "5": 0.06637245416641235,
            "6": 0.046705976128578186,
            "7": 0.04909660667181015,
            "8": 0.025304992993672726
        },
        "BWT_Stream/eval_phase/test_stream": {
            "0": 0.17750318646430974,
            "1": 0.1979507525761922,
            "2": 0.13078645559457625,
            "3": 0.09016884035534323,
            "4": 0.12416143076760422,
            "5": 0.06637245416641235,
            "6": 0.046705976128578186,
            "7": 0.04909660667181015,
            "8": 0.025304992993672726
        }
    }
}