{
    "0": {
        "Loss_Exp": 58.70646997641402,
        "RelativeDistance_Exp": 0.9034910500049591,
        "R2Score_Exp": 0.8675348460674286,
        "Forgetting_Exp": -0.0016210377216339111,
        "BWT_Exp": 0.0016210377216339111
    },
    "1": {
        "Loss_Exp": 52.77310424732371,
        "RelativeDistance_Exp": 1.4572977423667908,
        "R2Score_Exp": 0.8466037511825562,
        "Forgetting_Exp": 0.049549251794815063,
        "BWT_Exp": -0.049549251794815063
    },
    "2": {
        "Loss_Exp": 41.76132625113371,
        "RelativeDistance_Exp": 0.7409064968427023,
        "R2Score_Exp": 0.8647643526395162,
        "Forgetting_Exp": -0.03227982918421435,
        "BWT_Exp": 0.03227982918421435
    },
    "3": {
        "Loss_Exp": 39.45121565355903,
        "RelativeDistance_Exp": 0.6427692472934723,
        "R2Score_Exp": 0.8684464991092682,
        "Forgetting_Exp": -0.001597970724105835,
        "BWT_Exp": 0.001597970724105835
    },
    "4": {
        "Loss_Exp": 40.37113440641556,
        "RelativeDistance_Exp": 0.8066472113132477,
        "R2Score_Exp": 0.8686988651752472,
        "Forgetting_Exp": -0.020733386278152466,
        "BWT_Exp": 0.020733386278152466
    },
    "5": {
        "Loss_Exp": 35.60975232331649,
        "RelativeDistance_Exp": 0.7019745906194051,
        "R2Score_Exp": 0.861380954583486,
        "Forgetting_Exp": -0.007377783457438225,
        "BWT_Exp": 0.007377783457438225
    },
    "6": {
        "Loss_Exp": 46.86883092569121,
        "RelativeDistance_Exp": 0.7589632272720337,
        "R2Score_Exp": 0.8515158494313558,
        "Forgetting_Exp": -0.0005296667416890832,
        "BWT_Exp": 0.0005296667416890832
    },
    "7": {
        "Loss_Exp": 33.326839447021484,
        "RelativeDistance_Exp": 0.6669134497642517,
        "R2Score_Exp": 0.8685882687568665,
        "Forgetting_Exp": 0.03441011905670166,
        "BWT_Exp": -0.03441011905670166
    },
    "8": {
        "Loss_Exp": 46.86693256148875,
        "RelativeDistance_Exp": 1.149917721748352,
        "R2Score_Exp": 0.8450808823108673,
        "Forgetting_Exp": 0.009217917919158936,
        "BWT_Exp": -0.009217917919158936
    },
    "9": {
        "Loss_Exp": 54.43145911597103,
        "RelativeDistance_Exp": 0.8389230072498322,
        "R2Score_Exp": 0.8520640134811401
    },
    "stream": {
        "Loss_Stream/eval_phase/test_stream": 44.298434115006366,
        "RelativeDistance_Stream/eval_phase/test_stream": 0.8534930323561033,
        "R2Score_Stream/eval_phase/test_stream": 0.8598261326551437,
        "Forgetting_Stream/eval_phase/test_stream": {
            "0": -0.0016210377216339111,
            "1": 0.049549251794815063,
            "2": -0.03227982918421435,
            "3": -0.001597970724105835,
            "4": -0.020733386278152466,
            "5": -0.007377783457438225,
            "6": -0.0005296667416890832,
            "7": 0.03441011905670166,
            "8": 0.009217917919158936
        },
        "BWT_Stream/eval_phase/test_stream": {
            "0": -0.0016210377216339111,
            "1": 0.049549251794815063,
            "2": -0.03227982918421435,
            "3": -0.001597970724105835,
            "4": -0.020733386278152466,
            "5": -0.007377783457438225,
            "6": -0.0005296667416890832,
            "7": 0.03441011905670166,
            "8": 0.009217917919158936
        }
    }
}