{
    "0": {
        "Loss_Exp": 108.06292529519834,
        "RelativeDistance_Exp": 0.9783705770969391,
        "R2Score_Exp": 0.6405476331710815,
        "Forgetting_Exp": 0.21245139837265015,
        "BWT_Exp": -0.21245139837265015
    },
    "1": {
        "Loss_Exp": 57.456487782121656,
        "RelativeDistance_Exp": 1.0319684743881226,
        "R2Score_Exp": 0.7868881225585938,
        "Forgetting_Exp": 0.11007633805274963,
        "BWT_Exp": -0.11007633805274963
    },
    "2": {
        "Loss_Exp": 58.3966867880291,
        "RelativeDistance_Exp": 0.7355851133664449,
        "R2Score_Exp": 0.7754086454709371,
        "Forgetting_Exp": 0.06188559532165527,
        "BWT_Exp": -0.06188559532165527
    },
    "3": {
        "Loss_Exp": 41.60926223232953,
        "RelativeDistance_Exp": 0.6619527339935303,
        "R2Score_Exp": 0.8477903008460999,
        "Forgetting_Exp": 0.03099656105041504,
        "BWT_Exp": -0.03099656105041504
    },
    "4": {
        "Loss_Exp": 33.16282333184774,
        "RelativeDistance_Exp": 0.6466399878263474,
        "R2Score_Exp": 0.8420005589723587,
        "Forgetting_Exp": 0.06242978572845459,
        "BWT_Exp": -0.06242978572845459
    },
    "5": {
        "Loss_Exp": 37.096979998902185,
        "RelativeDistance_Exp": 0.6214180588722229,
        "R2Score_Exp": 0.8190357287724813,
        "Forgetting_Exp": 0.07263314723968506,
        "BWT_Exp": -0.07263314723968506
    },
    "6": {
        "Loss_Exp": 45.492432871939755,
        "RelativeDistance_Exp": 0.6176967819531759,
        "R2Score_Exp": 0.8148930867513021,
        "Forgetting_Exp": 0.03133638699849439,
        "BWT_Exp": -0.03133638699849439
    },
    "7": {
        "Loss_Exp": 35.0112690124077,
        "RelativeDistance_Exp": 0.5207644253969193,
        "R2Score_Exp": 0.8450305759906769,
        "Forgetting_Exp": 0.05546453595161438,
        "BWT_Exp": -0.05546453595161438
    },
    "8": {
        "Loss_Exp": 36.758125448675365,
        "RelativeDistance_Exp": 0.5533687919378281,
        "R2Score_Exp": 0.8609387874603271,
        "Forgetting_Exp": 0.01591813564300537,
        "BWT_Exp": -0.01591813564300537
    },
    "9": {
        "Loss_Exp": 41.55409347108636,
        "RelativeDistance_Exp": 0.6299621164798737,
        "R2Score_Exp": 0.8622892498970032
    },
    "stream": {
        "Loss_Stream/eval_phase/test_stream": 48.46821310313783,
        "RelativeDistance_Stream/eval_phase/test_stream": 0.6905373620986939,
        "R2Score_Stream/eval_phase/test_stream": 0.8113193583488464,
        "Forgetting_Stream/eval_phase/test_stream": {
            "0": 0.21245139837265015,
            "1": 0.11007633805274963,
            "2": 0.06188559532165527,
            "3": 0.03099656105041504,
            "4": 0.06242978572845459,
            "5": 0.07263314723968506,
            "6": 0.03133638699849439,
            "7": 0.05546453595161438,
            "8": 0.01591813564300537
        },
        "BWT_Stream/eval_phase/test_stream": {
            "0": 0.21245139837265015,
            "1": 0.11007633805274963,
            "2": 0.06188559532165527,
            "3": 0.03099656105041504,
            "4": 0.06242978572845459,
            "5": 0.07263314723968506,
            "6": 0.03133638699849439,
            "7": 0.05546453595161438,
            "8": 0.01591813564300537
        }
    }
}