{
    "0": {
        "Loss_Exp": 46.26353073120117,
        "RelativeDistance_Exp": 0.8861861228942871,
        "R2Score_Exp": 0.8017220497131348,
        "Forgetting_Exp": 0.08844327926635742,
        "BWT_Exp": -0.08844327926635742
    },
    "1": {
        "Loss_Exp": 51.26153564453125,
        "RelativeDistance_Exp": 0.8194470405578613,
        "R2Score_Exp": 0.7956408262252808,
        "Forgetting_Exp": 0.08232533931732178,
        "BWT_Exp": -0.08232533931732178
    },
    "2": {
        "Loss_Exp": 37.78523254394531,
        "RelativeDistance_Exp": 0.7608619332313538,
        "R2Score_Exp": 0.8417649269104004,
        "Forgetting_Exp": 0.050344109535217285,
        "BWT_Exp": -0.050344109535217285
    },
    "3": {
        "Loss_Exp": 30.485347747802734,
        "RelativeDistance_Exp": 0.7228739857673645,
        "R2Score_Exp": 0.8817206621170044,
        "Forgetting_Exp": 0.03860503435134888,
        "BWT_Exp": -0.03860503435134888
    },
    "4": {
        "Loss_Exp": 38.637168884277344,
        "RelativeDistance_Exp": 0.690578043460846,
        "R2Score_Exp": 0.8480465412139893,
        "Forgetting_Exp": 0.045598506927490234,
        "BWT_Exp": -0.045598506927490234
    },
    "5": {
        "Loss_Exp": 35.7767333984375,
        "RelativeDistance_Exp": 0.5916332602500916,
        "R2Score_Exp": 0.8632928133010864,
        "Forgetting_Exp": 0.020401477813720703,
        "BWT_Exp": -0.020401477813720703
    },
    "6": {
        "Loss_Exp": 32.840362548828125,
        "RelativeDistance_Exp": 0.7049329280853271,
        "R2Score_Exp": 0.875214159488678,
        "Forgetting_Exp": 0.026404917240142822,
        "BWT_Exp": -0.026404917240142822
    },
    "7": {
        "Loss_Exp": 46.60327911376953,
        "RelativeDistance_Exp": 0.5327414870262146,
        "R2Score_Exp": 0.8368768692016602,
        "Forgetting_Exp": 0.047669947147369385,
        "BWT_Exp": -0.047669947147369385
    },
    "8": {
        "Loss_Exp": 29.328716278076172,
        "RelativeDistance_Exp": 0.5178412795066833,
        "R2Score_Exp": 0.901202380657196,
        "Forgetting_Exp": 0.008545339107513428,
        "BWT_Exp": -0.008545339107513428
    },
    "9": {
        "Loss_Exp": 21.24481964111328,
        "RelativeDistance_Exp": 0.46909451484680176,
        "R2Score_Exp": 0.9277563095092773
    },
    "stream": {
        "Loss_Stream/eval_phase/test_stream": 40.36472442873737,
        "RelativeDistance_Stream/eval_phase/test_stream": 0.6696190595626831,
        "R2Score_Stream/eval_phase/test_stream": 0.8573237538337708,
        "Forgetting_Stream/eval_phase/test_stream": {
            "0": 0.08844327926635742,
            "1": 0.08232533931732178,
            "2": 0.050344109535217285,
            "3": 0.03860503435134888,
            "4": 0.045598506927490234,
            "5": 0.020401477813720703,
            "6": 0.026404917240142822,
            "7": 0.047669947147369385,
            "8": 0.008545339107513428
        },
        "BWT_Stream/eval_phase/test_stream": {
            "0": 0.08844327926635742,
            "1": 0.08232533931732178,
            "2": 0.050344109535217285,
            "3": 0.03860503435134888,
            "4": 0.045598506927490234,
            "5": 0.020401477813720703,
            "6": 0.026404917240142822,
            "7": 0.047669947147369385,
            "8": 0.008545339107513428
        }
    }
}