{
    "0": {
        "Loss_Exp": 79.77655140618857,
        "RelativeDistance_Exp": 0.9522976815700531,
        "R2Score_Exp": 0.6552256226539612,
        "Forgetting_Exp": 0.23120236992835996,
        "BWT_Exp": -0.23120236992835996
    },
    "1": {
        "Loss_Exp": 80.96093587540642,
        "RelativeDistance_Exp": 0.8874825517336528,
        "R2Score_Exp": 0.6753644625345866,
        "Forgetting_Exp": 0.225461749235789,
        "BWT_Exp": -0.225461749235789
    },
    "2": {
        "Loss_Exp": 55.09462014114032,
        "RelativeDistance_Exp": 0.6999715750034039,
        "R2Score_Exp": 0.7677089663652273,
        "Forgetting_Exp": 0.1470884864146893,
        "BWT_Exp": -0.1470884864146893
    },
    "3": {
        "Loss_Exp": 41.602484264558484,
        "RelativeDistance_Exp": 0.7051446040471395,
        "R2Score_Exp": 0.8353839914004008,
        "Forgetting_Exp": 0.10803228616714478,
        "BWT_Exp": -0.10803228616714478
    },
    "4": {
        "Loss_Exp": 48.621263369165284,
        "RelativeDistance_Exp": 0.61341963495527,
        "R2Score_Exp": 0.7837525691304889,
        "Forgetting_Exp": 0.1378105793680463,
        "BWT_Exp": -0.1378105793680463
    },
    "5": {
        "Loss_Exp": 44.42599641781798,
        "RelativeDistance_Exp": 0.5500871340433756,
        "R2Score_Exp": 0.8259194691975912,
        "Forgetting_Exp": 0.0753104885419209,
        "BWT_Exp": -0.0753104885419209
    },
    "6": {
        "Loss_Exp": 42.14100282782701,
        "RelativeDistance_Exp": 0.6256963238120079,
        "R2Score_Exp": 0.8393056318163872,
        "Forgetting_Exp": 0.06695112586021423,
        "BWT_Exp": -0.06695112586021423
    },
    "7": {
        "Loss_Exp": 47.62260302143444,
        "RelativeDistance_Exp": 0.4975515455007553,
        "R2Score_Exp": 0.8352890685200691,
        "Forgetting_Exp": 0.061132483184337616,
        "BWT_Exp": -0.061132483184337616
    },
    "8": {
        "Loss_Exp": 26.642419357264792,
        "RelativeDistance_Exp": 0.42800141374270123,
        "R2Score_Exp": 0.897405207157135,
        "Forgetting_Exp": 0.03281811873118079,
        "BWT_Exp": -0.03281811873118079
    },
    "9": {
        "Loss_Exp": 19.382004558001004,
        "RelativeDistance_Exp": 0.39565643668174744,
        "R2Score_Exp": 0.918408215045929
    },
    "stream": {
        "Loss_Stream/eval_phase/test_stream": 56.83784915438466,
        "RelativeDistance_Stream/eval_phase/test_stream": 0.702924781743391,
        "R2Score_Stream/eval_phase/test_stream": 0.7722095074477019,
        "Forgetting_Stream/eval_phase/test_stream": {
            "0": 0.23120236992835996,
            "1": 0.225461749235789,
            "2": 0.1470884864146893,
            "3": 0.10803228616714478,
            "4": 0.1378105793680463,
            "5": 0.0753104885419209,
            "6": 0.06695112586021423,
            "7": 0.061132483184337616,
            "8": 0.03281811873118079
        },
        "BWT_Stream/eval_phase/test_stream": {
            "0": 0.23120236992835996,
            "1": 0.225461749235789,
            "2": 0.1470884864146893,
            "3": 0.10803228616714478,
            "4": 0.1378105793680463,
            "5": 0.0753104885419209,
            "6": 0.06695112586021423,
            "7": 0.061132483184337616,
            "8": 0.03281811873118079
        }
    }
}