{
    "0": {
        "Loss_Exp": 41.30011880422788,
        "RelativeDistance_Exp": 0.9566577911376953,
        "R2Score_Exp": 0.8154853940010071,
        "Forgetting_Exp": 0.03335369825363166,
        "BWT_Exp": -0.03335369825363166
    },
    "1": {
        "Loss_Exp": 45.492020554194056,
        "RelativeDistance_Exp": 0.8952823360761006,
        "R2Score_Exp": 0.8084871212641398,
        "Forgetting_Exp": 0.018486054738362623,
        "BWT_Exp": -0.018486054738362623
    },
    "2": {
        "Loss_Exp": 39.252406572008645,
        "RelativeDistance_Exp": 0.8633084709827716,
        "R2Score_Exp": 0.831299928518442,
        "Forgetting_Exp": 0.014070900586935164,
        "BWT_Exp": -0.014070900586935164
    },
    "3": {
        "Loss_Exp": 34.376046680650276,
        "RelativeDistance_Exp": 0.8538447883394029,
        "R2Score_Exp": 0.8632156782680087,
        "Forgetting_Exp": 0.011559069156646729,
        "BWT_Exp": -0.011559069156646729
    },
    "4": {
        "Loss_Exp": 40.96884002214597,
        "RelativeDistance_Exp": 0.8398235099656242,
        "R2Score_Exp": 0.8450628008161273,
        "Forgetting_Exp": -0.003977886268070829,
        "BWT_Exp": 0.003977886268070829
    },
    "5": {
        "Loss_Exp": 39.656507000677465,
        "RelativeDistance_Exp": 0.7644065419832865,
        "R2Score_Exp": 0.8502428730328878,
        "Forgetting_Exp": -0.0034577945868174975,
        "BWT_Exp": 0.0034577945868174975
    },
    "6": {
        "Loss_Exp": 39.3923261634004,
        "RelativeDistance_Exp": 0.9302620366215706,
        "R2Score_Exp": 0.8533283099532127,
        "Forgetting_Exp": 0.010726846754550934,
        "BWT_Exp": -0.010726846754550934
    },
    "7": {
        "Loss_Exp": 51.23398921656356,
        "RelativeDistance_Exp": 0.7111320644617081,
        "R2Score_Exp": 0.824375256896019,
        "Forgetting_Exp": 0.01592627912759781,
        "BWT_Exp": -0.01592627912759781
    },
    "8": {
        "Loss_Exp": 40.559109711001476,
        "RelativeDistance_Exp": 0.7149912714958191,
        "R2Score_Exp": 0.8625072638193766,
        "Forgetting_Exp": 0.03725590308507287,
        "BWT_Exp": -0.03725590308507287
    },
    "9": {
        "Loss_Exp": 27.932886948865114,
        "RelativeDistance_Exp": 0.6143901944160461,
        "R2Score_Exp": 0.9017652571201324
    },
    "stream": {
        "Loss_Stream/eval_phase/test_stream": 41.36087801609758,
        "RelativeDistance_Stream/eval_phase/test_stream": 0.8502905802962221,
        "R2Score_Stream/eval_phase/test_stream": 0.8356491187472402,
        "Forgetting_Stream/eval_phase/test_stream": {
            "0": 0.03335369825363166,
            "1": 0.018486054738362623,
            "2": 0.014070900586935164,
            "3": 0.011559069156646729,
            "4": -0.003977886268070829,
            "5": -0.0034577945868174975,
            "6": 0.010726846754550934,
            "7": 0.01592627912759781,
            "8": 0.03725590308507287
        },
        "BWT_Stream/eval_phase/test_stream": {
            "0": 0.03335369825363166,
            "1": 0.018486054738362623,
            "2": 0.014070900586935164,
            "3": 0.011559069156646729,
            "4": -0.003977886268070829,
            "5": -0.0034577945868174975,
            "6": 0.010726846754550934,
            "7": 0.01592627912759781,
            "8": 0.03725590308507287
        }
    }
}