{
    "0": {
        "Loss_Exp": 72.95073228432197,
        "RelativeDistance_Exp": 1.2131211280822753,
        "R2Score_Exp": 0.7025240600109101,
        "Forgetting_Exp": 0.14302048683166502,
        "BWT_Exp": -0.14302048683166502
    },
    "1": {
        "Loss_Exp": 80.83029993450343,
        "RelativeDistance_Exp": 1.1495587348937988,
        "R2Score_Exp": 0.7063500722249348,
        "Forgetting_Exp": 0.1368307153383891,
        "BWT_Exp": -0.1368307153383891
    },
    "2": {
        "Loss_Exp": 53.99239415866954,
        "RelativeDistance_Exp": 0.9199915895095239,
        "R2Score_Exp": 0.7874034780722398,
        "Forgetting_Exp": 0.08442169427871704,
        "BWT_Exp": -0.08442169427871704
    },
    "3": {
        "Loss_Exp": 38.95550198099352,
        "RelativeDistance_Exp": 0.972473508781857,
        "R2Score_Exp": 0.8567982117335001,
        "Forgetting_Exp": 0.05261714590920341,
        "BWT_Exp": -0.05261714590920341
    },
    "4": {
        "Loss_Exp": 46.60699894911053,
        "RelativeDistance_Exp": 0.8683576158114842,
        "R2Score_Exp": 0.8291518347603934,
        "Forgetting_Exp": 0.051652712481362495,
        "BWT_Exp": -0.051652712481362495
    },
    "5": {
        "Loss_Exp": 45.000926014739754,
        "RelativeDistance_Exp": 0.7008780439694723,
        "R2Score_Exp": 0.8357703685760498,
        "Forgetting_Exp": 0.03632068634033203,
        "BWT_Exp": -0.03632068634033203
    },
    "6": {
        "Loss_Exp": 39.166405922435644,
        "RelativeDistance_Exp": 0.8755031302571297,
        "R2Score_Exp": 0.8603422790765762,
        "Forgetting_Exp": 0.027741193771362305,
        "BWT_Exp": -0.027741193771362305
    },
    "7": {
        "Loss_Exp": 49.473994986726304,
        "RelativeDistance_Exp": 0.6826141774654388,
        "R2Score_Exp": 0.8356520384550095,
        "Forgetting_Exp": 0.04268968850374222,
        "BWT_Exp": -0.04268968850374222
    },
    "8": {
        "Loss_Exp": 37.39358710104744,
        "RelativeDistance_Exp": 0.6269697546958923,
        "R2Score_Exp": 0.8695289691289266,
        "Forgetting_Exp": 0.042783836523691776,
        "BWT_Exp": -0.042783836523691776
    },
    "9": {
        "Loss_Exp": 22.282703133657126,
        "RelativeDistance_Exp": 0.5471822172403336,
        "R2Score_Exp": 0.9169861376285553
    },
    "stream": {
        "Loss_Stream/eval_phase/test_stream": 55.58424711099298,
        "RelativeDistance_Stream/eval_phase/test_stream": 0.9359349170584738,
        "R2Score_Stream/eval_phase/test_stream": 0.7950261676753009,
        "Forgetting_Stream/eval_phase/test_stream": {
            "0": 0.14302048683166502,
            "1": 0.1368307153383891,
            "2": 0.08442169427871704,
            "3": 0.05261714590920341,
            "4": 0.051652712481362495,
            "5": 0.03632068634033203,
            "6": 0.027741193771362305,
            "7": 0.04268968850374222,
            "8": 0.042783836523691776
        },
        "BWT_Stream/eval_phase/test_stream": {
            "0": 0.14302048683166502,
            "1": 0.1368307153383891,
            "2": 0.08442169427871704,
            "3": 0.05261714590920341,
            "4": 0.051652712481362495,
            "5": 0.03632068634033203,
            "6": 0.027741193771362305,
            "7": 0.04268968850374222,
            "8": 0.042783836523691776
        }
    }
}