{
    "0": {
        "Loss_Exp": 55.3108024597168,
        "RelativeDistance_Exp": 0.8893621563911438,
        "R2Score_Exp": 0.815041184425354,
        "Forgetting_Exp": 0.02797800302505493,
        "BWT_Exp": -0.02797800302505493
    },
    "1": {
        "Loss_Exp": 46.541709899902344,
        "RelativeDistance_Exp": 0.8944748044013977,
        "R2Score_Exp": 0.8279927372932434,
        "Forgetting_Exp": -0.014720022678375244,
        "BWT_Exp": 0.014720022678375244
    },
    "2": {
        "Loss_Exp": 55.57792282104492,
        "RelativeDistance_Exp": 0.7206889390945435,
        "R2Score_Exp": 0.7896038889884949,
        "Forgetting_Exp": -0.026474416255950928,
        "BWT_Exp": 0.026474416255950928
    },
    "3": {
        "Loss_Exp": 46.02766418457031,
        "RelativeDistance_Exp": 0.675273060798645,
        "R2Score_Exp": 0.810272216796875,
        "Forgetting_Exp": -0.08740365505218506,
        "BWT_Exp": 0.08740365505218506
    },
    "4": {
        "Loss_Exp": 39.12626266479492,
        "RelativeDistance_Exp": 0.7158421277999878,
        "R2Score_Exp": 0.8058691024780273,
        "Forgetting_Exp": -0.03333234786987305,
        "BWT_Exp": 0.03333234786987305
    },
    "5": {
        "Loss_Exp": 41.90652084350586,
        "RelativeDistance_Exp": 0.6442144513130188,
        "R2Score_Exp": 0.7685897350311279,
        "Forgetting_Exp": 0.0038595199584960938,
        "BWT_Exp": -0.0038595199584960938
    },
    "6": {
        "Loss_Exp": 46.33396911621094,
        "RelativeDistance_Exp": 0.6093452572822571,
        "R2Score_Exp": 0.7912813425064087,
        "Forgetting_Exp": -0.008075416088104248,
        "BWT_Exp": 0.008075416088104248
    },
    "7": {
        "Loss_Exp": 41.1889533996582,
        "RelativeDistance_Exp": 0.6670446991920471,
        "R2Score_Exp": 0.7700466513633728,
        "Forgetting_Exp": 0.038584887981414795,
        "BWT_Exp": -0.038584887981414795
    },
    "8": {
        "Loss_Exp": 49.81443786621094,
        "RelativeDistance_Exp": 0.6762860417366028,
        "R2Score_Exp": 0.7928560376167297,
        "Forgetting_Exp": -0.010845541954040527,
        "BWT_Exp": 0.010845541954040527
    },
    "9": {
        "Loss_Exp": 80.79054260253906,
        "RelativeDistance_Exp": 1.0079905986785889,
        "R2Score_Exp": 0.7422690391540527
    },
    "stream": {
        "Loss_Stream/eval_phase/test_stream": 49.283888988870295,
        "RelativeDistance_Stream/eval_phase/test_stream": 0.7500522136688232,
        "R2Score_Stream/eval_phase/test_stream": 0.7913821935653687,
        "Forgetting_Stream/eval_phase/test_stream": {
            "0": 0.02797800302505493,
            "1": -0.014720022678375244,
            "2": -0.026474416255950928,
            "3": -0.08740365505218506,
            "4": -0.03333234786987305,
            "5": 0.0038595199584960938,
            "6": -0.008075416088104248,
            "7": 0.038584887981414795,
            "8": -0.010845541954040527
        },
        "BWT_Stream/eval_phase/test_stream": {
            "0": 0.02797800302505493,
            "1": -0.014720022678375244,
            "2": -0.026474416255950928,
            "3": -0.08740365505218506,
            "4": -0.03333234786987305,
            "5": 0.0038595199584960938,
            "6": -0.008075416088104248,
            "7": 0.038584887981414795,
            "8": -0.010845541954040527
        }
    }
}