{
    "0": {
        "Loss_Exp": 59.5550651550293,
        "RelativeDistance_Exp": 0.9560894966125488,
        "R2Score_Exp": 0.7624344229698181,
        "Forgetting_Exp": 0.12332844734191895,
        "BWT_Exp": -0.12332844734191895
    },
    "1": {
        "Loss_Exp": 66.11909484863281,
        "RelativeDistance_Exp": 0.9422226548194885,
        "R2Score_Exp": 0.7326679229736328,
        "Forgetting_Exp": 0.15399253368377686,
        "BWT_Exp": -0.15399253368377686
    },
    "2": {
        "Loss_Exp": 46.24679946899414,
        "RelativeDistance_Exp": 0.8558251857757568,
        "R2Score_Exp": 0.8015590310096741,
        "Forgetting_Exp": 0.09363484382629395,
        "BWT_Exp": -0.09363484382629395
    },
    "3": {
        "Loss_Exp": 37.9510383605957,
        "RelativeDistance_Exp": 0.8448887467384338,
        "R2Score_Exp": 0.8477522134780884,
        "Forgetting_Exp": 0.07983541488647461,
        "BWT_Exp": -0.07983541488647461
    },
    "4": {
        "Loss_Exp": 46.81020736694336,
        "RelativeDistance_Exp": 0.8265077471733093,
        "R2Score_Exp": 0.8155950307846069,
        "Forgetting_Exp": 0.08674407005310059,
        "BWT_Exp": -0.08674407005310059
    },
    "5": {
        "Loss_Exp": 41.66276931762695,
        "RelativeDistance_Exp": 0.7567425966262817,
        "R2Score_Exp": 0.8400864601135254,
        "Forgetting_Exp": 0.03605753183364868,
        "BWT_Exp": -0.03605753183364868
    },
    "6": {
        "Loss_Exp": 34.710548400878906,
        "RelativeDistance_Exp": 0.957874596118927,
        "R2Score_Exp": 0.8656513690948486,
        "Forgetting_Exp": 0.019034385681152344,
        "BWT_Exp": -0.019034385681152344
    },
    "7": {
        "Loss_Exp": 43.64425277709961,
        "RelativeDistance_Exp": 0.6529123187065125,
        "R2Score_Exp": 0.8434203863143921,
        "Forgetting_Exp": 0.04301929473876953,
        "BWT_Exp": -0.04301929473876953
    },
    "8": {
        "Loss_Exp": 37.26738739013672,
        "RelativeDistance_Exp": 0.6491015553474426,
        "R2Score_Exp": 0.8744196891784668,
        "Forgetting_Exp": 0.03254199028015137,
        "BWT_Exp": -0.03254199028015137
    },
    "9": {
        "Loss_Exp": 21.6683406829834,
        "RelativeDistance_Exp": 0.5472806692123413,
        "R2Score_Exp": 0.9274371266365051
    },
    "stream": {
        "Loss_Stream/eval_phase/test_stream": 48.39307206480883,
        "RelativeDistance_Stream/eval_phase/test_stream": 0.7989445567131043,
        "R2Score_Stream/eval_phase/test_stream": 0.8311023652553559,
        "Forgetting_Stream/eval_phase/test_stream": {
            "0": 0.12332844734191895,
            "1": 0.15399253368377686,
            "2": 0.09363484382629395,
            "3": 0.07983541488647461,
            "4": 0.08674407005310059,
            "5": 0.03605753183364868,
            "6": 0.019034385681152344,
            "7": 0.04301929473876953,
            "8": 0.03254199028015137
        },
        "BWT_Stream/eval_phase/test_stream": {
            "0": 0.12332844734191895,
            "1": 0.15399253368377686,
            "2": 0.09363484382629395,
            "3": 0.07983541488647461,
            "4": 0.08674407005310059,
            "5": 0.03605753183364868,
            "6": 0.019034385681152344,
            "7": 0.04301929473876953,
            "8": 0.03254199028015137
        }
    }
}