{
    "0": {
        "Loss_Exp": 45.515499114990234,
        "RelativeDistance_Exp": 0.5352327227592468,
        "R2Score_Exp": 0.8447525501251221,
        "Forgetting_Exp": -0.0011481046676635742,
        "BWT_Exp": 0.0011481046676635742
    },
    "1": {
        "Loss_Exp": 21.386260986328125,
        "RelativeDistance_Exp": 0.508795976638794,
        "R2Score_Exp": 0.9141326546669006,
        "Forgetting_Exp": -0.014707505702972412,
        "BWT_Exp": 0.014707505702972412
    },
    "2": {
        "Loss_Exp": 27.299436569213867,
        "RelativeDistance_Exp": 0.43034854531288147,
        "R2Score_Exp": 0.8752888441085815,
        "Forgetting_Exp": -0.02737557888031006,
        "BWT_Exp": 0.02737557888031006
    },
    "3": {
        "Loss_Exp": 20.073923110961914,
        "RelativeDistance_Exp": 0.3627372682094574,
        "R2Score_Exp": 0.9176466464996338,
        "Forgetting_Exp": -0.04038870334625244,
        "BWT_Exp": 0.04038870334625244
    },
    "4": {
        "Loss_Exp": 17.76070213317871,
        "RelativeDistance_Exp": 0.3755020797252655,
        "R2Score_Exp": 0.9112729430198669,
        "Forgetting_Exp": -0.011640846729278564,
        "BWT_Exp": 0.011640846729278564
    },
    "5": {
        "Loss_Exp": 20.344120025634766,
        "RelativeDistance_Exp": 0.3916507661342621,
        "R2Score_Exp": 0.886530876159668,
        "Forgetting_Exp": 0.004835009574890137,
        "BWT_Exp": -0.004835009574890137
    },
    "6": {
        "Loss_Exp": 22.244720458984375,
        "RelativeDistance_Exp": 0.35215112566947937,
        "R2Score_Exp": 0.8873702883720398,
        "Forgetting_Exp": -0.0005474090576171875,
        "BWT_Exp": 0.0005474090576171875
    },
    "7": {
        "Loss_Exp": 21.779937744140625,
        "RelativeDistance_Exp": 0.4123478829860687,
        "R2Score_Exp": 0.89679354429245,
        "Forgetting_Exp": 0.012968063354492188,
        "BWT_Exp": -0.012968063354492188
    },
    "8": {
        "Loss_Exp": 25.743637084960938,
        "RelativeDistance_Exp": 0.3501676619052887,
        "R2Score_Exp": 0.8848181962966919,
        "Forgetting_Exp": 0.0057871341705322266,
        "BWT_Exp": -0.0057871341705322266
    },
    "9": {
        "Loss_Exp": 40.55851745605469,
        "RelativeDistance_Exp": 0.5163158178329468,
        "R2Score_Exp": 0.8615648150444031
    },
    "stream": {
        "Loss_Stream/eval_phase/test_stream": 25.272212170470223,
        "RelativeDistance_Stream/eval_phase/test_stream": 0.4235249847173691,
        "R2Score_Stream/eval_phase/test_stream": 0.8880171358585358,
        "Forgetting_Stream/eval_phase/test_stream": {
            "0": -0.0011481046676635742,
            "1": -0.014707505702972412,
            "2": -0.02737557888031006,
            "3": -0.04038870334625244,
            "4": -0.011640846729278564,
            "5": 0.004835009574890137,
            "6": -0.0005474090576171875,
            "7": 0.012968063354492188,
            "8": 0.0057871341705322266
        },
        "BWT_Stream/eval_phase/test_stream": {
            "0": -0.0011481046676635742,
            "1": -0.014707505702972412,
            "2": -0.02737557888031006,
            "3": -0.04038870334625244,
            "4": -0.011640846729278564,
            "5": 0.004835009574890137,
            "6": -0.0005474090576171875,
            "7": 0.012968063354492188,
            "8": 0.0057871341705322266
        }
    }
}