{
    "0": {
        "Loss_Exp": 86.08610950492279,
        "RelativeDistance_Exp": 0.9510077834129333,
        "R2Score_Exp": 0.8044890761375427,
        "Forgetting_Exp": 0.06763944029808044,
        "BWT_Exp": -0.06763944029808044
    },
    "1": {
        "Loss_Exp": 75.01591335013391,
        "RelativeDistance_Exp": 1.5670050382614136,
        "R2Score_Exp": 0.7807345688343048,
        "Forgetting_Exp": 0.11214396357536316,
        "BWT_Exp": -0.11214396357536316
    },
    "2": {
        "Loss_Exp": 64.80461487480329,
        "RelativeDistance_Exp": 0.7216011683146158,
        "R2Score_Exp": 0.7888593872388204,
        "Forgetting_Exp": 0.04094743728637695,
        "BWT_Exp": -0.04094743728637695
    },
    "3": {
        "Loss_Exp": 48.76333866061645,
        "RelativeDistance_Exp": 0.652093768119812,
        "R2Score_Exp": 0.8377193808555603,
        "Forgetting_Exp": 0.019733011722564697,
        "BWT_Exp": -0.019733011722564697
    },
    "4": {
        "Loss_Exp": 45.29137678264631,
        "RelativeDistance_Exp": 0.9038843363523483,
        "R2Score_Exp": 0.8494552224874496,
        "Forgetting_Exp": -0.0050514936447143555,
        "BWT_Exp": 0.0050514936447143555
    },
    "5": {
        "Loss_Exp": 46.08341416068699,
        "RelativeDistance_Exp": 0.7056254943211874,
        "R2Score_Exp": 0.8198327620824178,
        "Forgetting_Exp": 0.01962864398956299,
        "BWT_Exp": -0.01962864398956299
    },
    "6": {
        "Loss_Exp": 55.18783271013986,
        "RelativeDistance_Exp": 0.7198771834373474,
        "R2Score_Exp": 0.8300036191940308,
        "Forgetting_Exp": -0.009569843610127804,
        "BWT_Exp": 0.009569843610127804
    },
    "7": {
        "Loss_Exp": 38.33229446411133,
        "RelativeDistance_Exp": 0.6900742650032043,
        "R2Score_Exp": 0.848851203918457,
        "Forgetting_Exp": 0.03665253520011902,
        "BWT_Exp": -0.03665253520011902
    },
    "8": {
        "Loss_Exp": 52.839493137332816,
        "RelativeDistance_Exp": 0.8136364221572876,
        "R2Score_Exp": 0.8312564790248871,
        "Forgetting_Exp": -0.02535080909729004,
        "BWT_Exp": 0.02535080909729004
    },
    "9": {
        "Loss_Exp": 59.24255297004832,
        "RelativeDistance_Exp": 0.8092357814311981,
        "R2Score_Exp": 0.8386748731136322
    },
    "stream": {
        "Loss_Stream/eval_phase/test_stream": 56.54883127435796,
        "RelativeDistance_Stream/eval_phase/test_stream": 0.8472033639748892,
        "R2Score_Stream/eval_phase/test_stream": 0.8228545064727465,
        "Forgetting_Stream/eval_phase/test_stream": {
            "0": 0.06763944029808044,
            "1": 0.11214396357536316,
            "2": 0.04094743728637695,
            "3": 0.019733011722564697,
            "4": -0.0050514936447143555,
            "5": 0.01962864398956299,
            "6": -0.009569843610127804,
            "7": 0.03665253520011902,
            "8": -0.02535080909729004
        },
        "BWT_Stream/eval_phase/test_stream": {
            "0": 0.06763944029808044,
            "1": 0.11214396357536316,
            "2": 0.04094743728637695,
            "3": 0.019733011722564697,
            "4": -0.0050514936447143555,
            "5": 0.01962864398956299,
            "6": -0.009569843610127804,
            "7": 0.03665253520011902,
            "8": -0.02535080909729004
        }
    }
}