{
    "0": {
        "Loss_Exp": 121.71785568326537,
        "RelativeDistance_Exp": 0.9332409799098969,
        "R2Score_Exp": 0.7255938053131104,
        "Forgetting_Exp": 0.14328384399414062,
        "BWT_Exp": -0.14328384399414062
    },
    "1": {
        "Loss_Exp": 79.84703180876576,
        "RelativeDistance_Exp": 1.3756135702133179,
        "R2Score_Exp": 0.7675891518592834,
        "Forgetting_Exp": 0.11165839433670044,
        "BWT_Exp": -0.11165839433670044
    },
    "2": {
        "Loss_Exp": 63.80069999952381,
        "RelativeDistance_Exp": 0.8024776577949524,
        "R2Score_Exp": 0.7920952439308167,
        "Forgetting_Exp": 0.02444279193878174,
        "BWT_Exp": -0.02444279193878174
    },
    "3": {
        "Loss_Exp": 50.96288390789937,
        "RelativeDistance_Exp": 0.664504736661911,
        "R2Score_Exp": 0.8308562934398651,
        "Forgetting_Exp": 0.027849286794662476,
        "BWT_Exp": -0.027849286794662476
    },
    "4": {
        "Loss_Exp": 51.096829479952945,
        "RelativeDistance_Exp": 0.8150966912508011,
        "R2Score_Exp": 0.8330934345722198,
        "Forgetting_Exp": 0.016567200422286987,
        "BWT_Exp": -0.016567200422286987
    },
    "5": {
        "Loss_Exp": 51.820917875870414,
        "RelativeDistance_Exp": 0.7193610270818075,
        "R2Score_Exp": 0.7970914642016093,
        "Forgetting_Exp": 0.04040851195653283,
        "BWT_Exp": -0.04040851195653283
    },
    "6": {
        "Loss_Exp": 60.3865751334116,
        "RelativeDistance_Exp": 0.7573549747467041,
        "R2Score_Exp": 0.8184782862663269,
        "Forgetting_Exp": 0.020481407642364502,
        "BWT_Exp": -0.020481407642364502
    },
    "7": {
        "Loss_Exp": 41.41931915283203,
        "RelativeDistance_Exp": 0.6438540816307068,
        "R2Score_Exp": 0.836678683757782,
        "Forgetting_Exp": 0.02927839756011963,
        "BWT_Exp": -0.02927839756011963
    },
    "8": {
        "Loss_Exp": 51.85600779858722,
        "RelativeDistance_Exp": 1.0660519003868103,
        "R2Score_Exp": 0.8316050171852112,
        "Forgetting_Exp": -0.01725640892982483,
        "BWT_Exp": 0.01725640892982483
    },
    "9": {
        "Loss_Exp": 62.30547218102251,
        "RelativeDistance_Exp": 0.753381222486496,
        "R2Score_Exp": 0.8312044739723206
    },
    "stream": {
        "Loss_Stream/eval_phase/test_stream": 62.649995317749955,
        "RelativeDistance_Stream/eval_phase/test_stream": 0.8469752768675486,
        "R2Score_Stream/eval_phase/test_stream": 0.8069060370326042,
        "Forgetting_Stream/eval_phase/test_stream": {
            "0": 0.14328384399414062,
            "1": 0.11165839433670044,
            "2": 0.02444279193878174,
            "3": 0.027849286794662476,
            "4": 0.016567200422286987,
            "5": 0.04040851195653283,
            "6": 0.020481407642364502,
            "7": 0.02927839756011963,
            "8": -0.01725640892982483
        },
        "BWT_Stream/eval_phase/test_stream": {
            "0": 0.14328384399414062,
            "1": 0.11165839433670044,
            "2": 0.02444279193878174,
            "3": 0.027849286794662476,
            "4": 0.016567200422286987,
            "5": 0.04040851195653283,
            "6": 0.020481407642364502,
            "7": 0.02927839756011963,
            "8": -0.01725640892982483
        }
    }
}