{
    "0": {
        "Loss_Exp": 111.20770054867393,
        "RelativeDistance_Exp": 0.94761061668396,
        "R2Score_Exp": 0.750431627035141,
        "Forgetting_Exp": 0.12167292833328247,
        "BWT_Exp": -0.12167292833328247
    },
    "1": {
        "Loss_Exp": 70.38764984749568,
        "RelativeDistance_Exp": 1.1053178310394287,
        "R2Score_Exp": 0.7969988882541656,
        "Forgetting_Exp": 0.08904984593391418,
        "BWT_Exp": -0.08904984593391418
    },
    "2": {
        "Loss_Exp": 54.15049521295271,
        "RelativeDistance_Exp": 0.7162327170372009,
        "R2Score_Exp": 0.8238565723101298,
        "Forgetting_Exp": -0.030446966489156013,
        "BWT_Exp": 0.030446966489156013
    },
    "3": {
        "Loss_Exp": 47.458346073370045,
        "RelativeDistance_Exp": 0.6172846853733063,
        "R2Score_Exp": 0.8432820737361908,
        "Forgetting_Exp": -0.01744571328163147,
        "BWT_Exp": 0.01744571328163147
    },
    "4": {
        "Loss_Exp": 45.75967732787535,
        "RelativeDistance_Exp": 0.7290927767753601,
        "R2Score_Exp": 0.8496730029582977,
        "Forgetting_Exp": -0.018133729696273804,
        "BWT_Exp": 0.018133729696273804
    },
    "5": {
        "Loss_Exp": 44.47539205136506,
        "RelativeDistance_Exp": 0.6409689784049988,
        "R2Score_Exp": 0.8263293703397115,
        "Forgetting_Exp": 0.009032169977823856,
        "BWT_Exp": -0.009032169977823856
    },
    "6": {
        "Loss_Exp": 51.64645239647398,
        "RelativeDistance_Exp": 0.6873447299003601,
        "R2Score_Exp": 0.8398923873901367,
        "Forgetting_Exp": 0.01893407106399536,
        "BWT_Exp": -0.01893407106399536
    },
    "7": {
        "Loss_Exp": 34.86703109741211,
        "RelativeDistance_Exp": 0.6282263398170471,
        "R2Score_Exp": 0.8625151515007019,
        "Forgetting_Exp": 0.009615004062652588,
        "BWT_Exp": -0.009615004062652588
    },
    "8": {
        "Loss_Exp": 47.91502132907126,
        "RelativeDistance_Exp": 0.7847950756549835,
        "R2Score_Exp": 0.8554015159606934,
        "Forgetting_Exp": -0.009661167860031128,
        "BWT_Exp": 0.009661167860031128
    },
    "9": {
        "Loss_Exp": 56.65706523829113,
        "RelativeDistance_Exp": 0.7721439599990845,
        "R2Score_Exp": 0.8465411365032196
    },
    "stream": {
        "Loss_Stream/eval_phase/test_stream": 55.51124689932523,
        "RelativeDistance_Stream/eval_phase/test_stream": 0.7555225441853205,
        "R2Score_Stream/eval_phase/test_stream": 0.8298646931846937,
        "Forgetting_Stream/eval_phase/test_stream": {
            "0": 0.12167292833328247,
            "1": 0.08904984593391418,
            "2": -0.030446966489156013,
            "3": -0.01744571328163147,
            "4": -0.018133729696273804,
            "5": 0.009032169977823856,
            "6": 0.01893407106399536,
            "7": 0.009615004062652588,
            "8": -0.009661167860031128
        },
        "BWT_Stream/eval_phase/test_stream": {
            "0": 0.12167292833328247,
            "1": 0.08904984593391418,
            "2": -0.030446966489156013,
            "3": -0.01744571328163147,
            "4": -0.018133729696273804,
            "5": 0.009032169977823856,
            "6": 0.01893407106399536,
            "7": 0.009615004062652588,
            "8": -0.009661167860031128
        }
    }
}