{
    "0": {
        "Loss_Exp": 43.26582566907071,
        "RelativeDistance_Exp": 0.9943404197692871,
        "R2Score_Exp": 0.8108011841773987,
        "Forgetting_Exp": 0.038726812601089455,
        "BWT_Exp": -0.038726812601089455
    },
    "1": {
        "Loss_Exp": 45.658671570387426,
        "RelativeDistance_Exp": 0.961538561185201,
        "R2Score_Exp": 0.8078841447830201,
        "Forgetting_Exp": 0.038294410705566384,
        "BWT_Exp": -0.038294410705566384
    },
    "2": {
        "Loss_Exp": 39.07175959968796,
        "RelativeDistance_Exp": 0.930870010302617,
        "R2Score_Exp": 0.831759879222283,
        "Forgetting_Exp": 0.03138319804118228,
        "BWT_Exp": -0.03138319804118228
    },
    "3": {
        "Loss_Exp": 31.10104935712484,
        "RelativeDistance_Exp": 1.034942282570733,
        "R2Score_Exp": 0.8740283052126566,
        "Forgetting_Exp": 0.023228539360894085,
        "BWT_Exp": -0.023228539360894085
    },
    "4": {
        "Loss_Exp": 31.60910581001892,
        "RelativeDistance_Exp": 0.9567848529134478,
        "R2Score_Exp": 0.8772056869098118,
        "Forgetting_Exp": -0.019134385245186958,
        "BWT_Exp": 0.019134385245186958
    },
    "5": {
        "Loss_Exp": 35.909951107450695,
        "RelativeDistance_Exp": 0.8826774458090464,
        "R2Score_Exp": 0.8595803876717886,
        "Forgetting_Exp": -0.005863616863886589,
        "BWT_Exp": 0.005863616863886589
    },
    "6": {
        "Loss_Exp": 34.39017880250526,
        "RelativeDistance_Exp": 1.1559247970581055,
        "R2Score_Exp": 0.8689635246992111,
        "Forgetting_Exp": 0.0015411749482154846,
        "BWT_Exp": -0.0015411749482154846
    },
    "7": {
        "Loss_Exp": 43.41566022946065,
        "RelativeDistance_Exp": 0.8181893080472946,
        "R2Score_Exp": 0.8482352420687675,
        "Forgetting_Exp": 0.00741066038608551,
        "BWT_Exp": -0.00741066038608551
    },
    "8": {
        "Loss_Exp": 32.50548556092793,
        "RelativeDistance_Exp": 0.7840109666188558,
        "R2Score_Exp": 0.8823781609535217,
        "Forgetting_Exp": 0.010611812273661259,
        "BWT_Exp": -0.010611812273661259
    },
    "9": {
        "Loss_Exp": 27.881694600245844,
        "RelativeDistance_Exp": 0.7847283184528351,
        "R2Score_Exp": 0.9049995839595795
    },
    "stream": {
        "Loss_Stream/eval_phase/test_stream": 38.6781529810557,
        "RelativeDistance_Stream/eval_phase/test_stream": 0.9566695594493254,
        "R2Score_Stream/eval_phase/test_stream": 0.8444204087610598,
        "Forgetting_Stream/eval_phase/test_stream": {
            "0": 0.038726812601089455,
            "1": 0.038294410705566384,
            "2": 0.03138319804118228,
            "3": 0.023228539360894085,
            "4": -0.019134385245186958,
            "5": -0.005863616863886589,
            "6": 0.0015411749482154846,
            "7": 0.00741066038608551,
            "8": 0.010611812273661259
        },
        "BWT_Stream/eval_phase/test_stream": {
            "0": 0.038726812601089455,
            "1": 0.038294410705566384,
            "2": 0.03138319804118228,
            "3": 0.023228539360894085,
            "4": -0.019134385245186958,
            "5": -0.005863616863886589,
            "6": 0.0015411749482154846,
            "7": 0.00741066038608551,
            "8": 0.010611812273661259
        }
    }
}