{
    "0": {
        "Loss_Exp": 45.162734803013834,
        "RelativeDistance_Exp": 0.8167811691761017,
        "R2Score_Exp": 0.8124052286148071,
        "Forgetting_Exp": 0.07283069491386418,
        "BWT_Exp": -0.07283069491386418
    },
    "1": {
        "Loss_Exp": 42.35573492811139,
        "RelativeDistance_Exp": 0.7463460763295492,
        "R2Score_Exp": 0.8242723107337951,
        "Forgetting_Exp": 0.06370624701182048,
        "BWT_Exp": -0.06370624701182048
    },
    "2": {
        "Loss_Exp": 31.854282883099202,
        "RelativeDistance_Exp": 0.6881393560996423,
        "R2Score_Exp": 0.8660961664639987,
        "Forgetting_Exp": 0.02816858658423793,
        "BWT_Exp": -0.02816858658423793
    },
    "3": {
        "Loss_Exp": 23.11251546766054,
        "RelativeDistance_Exp": 0.7349349790149264,
        "R2Score_Exp": 0.9068087206946479,
        "Forgetting_Exp": 0.017041928238338833,
        "BWT_Exp": -0.017041928238338833
    },
    "4": {
        "Loss_Exp": 25.6949864132618,
        "RelativeDistance_Exp": 0.6782594663756234,
        "R2Score_Exp": 0.8985454269817897,
        "Forgetting_Exp": 0.006173406328473741,
        "BWT_Exp": -0.006173406328473741
    },
    "5": {
        "Loss_Exp": 27.787944263511047,
        "RelativeDistance_Exp": 0.6367026368776957,
        "R2Score_Exp": 0.8889846603075663,
        "Forgetting_Exp": -0.005345116058985355,
        "BWT_Exp": 0.005345116058985355
    },
    "6": {
        "Loss_Exp": 27.403994185064064,
        "RelativeDistance_Exp": 0.8090841695666313,
        "R2Score_Exp": 0.8946495801210403,
        "Forgetting_Exp": 0.006621740758419037,
        "BWT_Exp": -0.006621740758419037
    },
    "7": {
        "Loss_Exp": 36.52418116158949,
        "RelativeDistance_Exp": 0.5758551210165024,
        "R2Score_Exp": 0.8738556057214737,
        "Forgetting_Exp": 0.01134549081325531,
        "BWT_Exp": -0.01134549081325531
    },
    "8": {
        "Loss_Exp": 26.2774134842066,
        "RelativeDistance_Exp": 0.5293349126974741,
        "R2Score_Exp": 0.9014265934626261,
        "Forgetting_Exp": 0.014615933100382561,
        "BWT_Exp": -0.014615933100382561
    },
    "9": {
        "Loss_Exp": 21.117344071861304,
        "RelativeDistance_Exp": 0.4873984754085541,
        "R2Score_Exp": 0.9186691343784332
    },
    "stream": {
        "Loss_Stream/eval_phase/test_stream": 33.39600697719275,
        "RelativeDistance_Stream/eval_phase/test_stream": 0.7053528071185688,
        "R2Score_Stream/eval_phase/test_stream": 0.8669389022721185,
        "Forgetting_Stream/eval_phase/test_stream": {
            "0": 0.07283069491386418,
            "1": 0.06370624701182048,
            "2": 0.02816858658423793,
            "3": 0.017041928238338833,
            "4": 0.006173406328473741,
            "5": -0.005345116058985355,
            "6": 0.006621740758419037,
            "7": 0.01134549081325531,
            "8": 0.014615933100382561
        },
        "BWT_Stream/eval_phase/test_stream": {
            "0": 0.07283069491386418,
            "1": 0.06370624701182048,
            "2": 0.02816858658423793,
            "3": 0.017041928238338833,
            "4": 0.006173406328473741,
            "5": -0.005345116058985355,
            "6": 0.006621740758419037,
            "7": 0.01134549081325531,
            "8": 0.014615933100382561
        }
    }
}