{
    "0": {
        "Loss_Exp": 39.26215315204996,
        "RelativeDistance_Exp": 0.9783030092716217,
        "R2Score_Exp": 0.8223045647144318,
        "Forgetting_Exp": 0.029229569435119562,
        "BWT_Exp": -0.029229569435119562
    },
    "1": {
        "Loss_Exp": 49.30884636022062,
        "RelativeDistance_Exp": 0.9408005436261495,
        "R2Score_Exp": 0.7963361422220866,
        "Forgetting_Exp": 0.007605226834615064,
        "BWT_Exp": -0.007605226834615064
    },
    "2": {
        "Loss_Exp": 40.00851074166891,
        "RelativeDistance_Exp": 0.8994045486816993,
        "R2Score_Exp": 0.8309802000339215,
        "Forgetting_Exp": -0.01148214248510504,
        "BWT_Exp": 0.01148214248510504
    },
    "3": {
        "Loss_Exp": 39.78599268257124,
        "RelativeDistance_Exp": 1.0193905433019002,
        "R2Score_Exp": 0.8429209921095107,
        "Forgetting_Exp": 0.003057605690426235,
        "BWT_Exp": -0.003057605690426235
    },
    "4": {
        "Loss_Exp": 47.059909837682106,
        "RelativeDistance_Exp": 0.9860263807432992,
        "R2Score_Exp": 0.8172926136425563,
        "Forgetting_Exp": -0.018702719892774278,
        "BWT_Exp": 0.018702719892774278
    },
    "5": {
        "Loss_Exp": 44.73288560020977,
        "RelativeDistance_Exp": 0.8673408130804697,
        "R2Score_Exp": 0.8321363031864166,
        "Forgetting_Exp": -0.013271937767664554,
        "BWT_Exp": 0.013271937767664554
    },
    "6": {
        "Loss_Exp": 41.57759727955099,
        "RelativeDistance_Exp": 1.0789959505200386,
        "R2Score_Exp": 0.8474548235535622,
        "Forgetting_Exp": 0.0006506666541099548,
        "BWT_Exp": -0.0006506666541099548
    },
    "7": {
        "Loss_Exp": 57.605651327407585,
        "RelativeDistance_Exp": 0.8941097557544708,
        "R2Score_Exp": 0.8047395125031471,
        "Forgetting_Exp": -0.0014244690537452698,
        "BWT_Exp": 0.0014244690537452698
    },
    "8": {
        "Loss_Exp": 43.99775876469325,
        "RelativeDistance_Exp": 0.9174704154332479,
        "R2Score_Exp": 0.8432512680689493,
        "Forgetting_Exp": 0.03489816188812256,
        "BWT_Exp": -0.03489816188812256
    },
    "9": {
        "Loss_Exp": 42.27107447943106,
        "RelativeDistance_Exp": 0.8242315649986267,
        "R2Score_Exp": 0.8623995780944824
    },
    "stream": {
        "Loss_Stream/eval_phase/test_stream": 44.64621854565423,
        "RelativeDistance_Stream/eval_phase/test_stream": 0.9512810103687239,
        "R2Score_Stream/eval_phase/test_stream": 0.8239888033749144,
        "Forgetting_Stream/eval_phase/test_stream": {
            "0": 0.029229569435119562,
            "1": 0.007605226834615064,
            "2": -0.01148214248510504,
            "3": 0.003057605690426235,
            "4": -0.018702719892774278,
            "5": -0.013271937767664554,
            "6": 0.0006506666541099548,
            "7": -0.0014244690537452698,
            "8": 0.03489816188812256
        },
        "BWT_Stream/eval_phase/test_stream": {
            "0": 0.029229569435119562,
            "1": 0.007605226834615064,
            "2": -0.01148214248510504,
            "3": 0.003057605690426235,
            "4": -0.018702719892774278,
            "5": -0.013271937767664554,
            "6": 0.0006506666541099548,
            "7": -0.0014244690537452698,
            "8": 0.03489816188812256
        }
    }
}