{
    "0": {
        "Loss_Exp": 53.722984313964844,
        "RelativeDistance_Exp": 0.8215571641921997,
        "R2Score_Exp": 0.8203315734863281,
        "Forgetting_Exp": 0.0343356728553772,
        "BWT_Exp": -0.0343356728553772
    },
    "1": {
        "Loss_Exp": 44.74653625488281,
        "RelativeDistance_Exp": 0.8155367970466614,
        "R2Score_Exp": 0.837121844291687,
        "Forgetting_Exp": -0.012421965599060059,
        "BWT_Exp": 0.012421965599060059
    },
    "2": {
        "Loss_Exp": 53.24102020263672,
        "RelativeDistance_Exp": 0.6718835830688477,
        "R2Score_Exp": 0.801295816898346,
        "Forgetting_Exp": -0.032531142234802246,
        "BWT_Exp": 0.032531142234802246
    },
    "3": {
        "Loss_Exp": 42.50583267211914,
        "RelativeDistance_Exp": 0.6075105667114258,
        "R2Score_Exp": 0.8289331197738647,
        "Forgetting_Exp": -0.07909798622131348,
        "BWT_Exp": 0.07909798622131348
    },
    "4": {
        "Loss_Exp": 38.68891525268555,
        "RelativeDistance_Exp": 0.6924887299537659,
        "R2Score_Exp": 0.8067200183868408,
        "Forgetting_Exp": -0.025500774383544922,
        "BWT_Exp": 0.025500774383544922
    },
    "5": {
        "Loss_Exp": 40.666996002197266,
        "RelativeDistance_Exp": 0.6288501620292664,
        "R2Score_Exp": 0.7746544480323792,
        "Forgetting_Exp": 0.006961047649383545,
        "BWT_Exp": -0.006961047649383545
    },
    "6": {
        "Loss_Exp": 43.01456832885742,
        "RelativeDistance_Exp": 0.578762948513031,
        "R2Score_Exp": 0.8009582757949829,
        "Forgetting_Exp": -0.005489349365234375,
        "BWT_Exp": 0.005489349365234375
    },
    "7": {
        "Loss_Exp": 39.616004943847656,
        "RelativeDistance_Exp": 0.575935959815979,
        "R2Score_Exp": 0.7803552746772766,
        "Forgetting_Exp": 0.037708282470703125,
        "BWT_Exp": -0.037708282470703125
    },
    "8": {
        "Loss_Exp": 46.241371154785156,
        "RelativeDistance_Exp": 0.5697388648986816,
        "R2Score_Exp": 0.8174492120742798,
        "Forgetting_Exp": -0.01544421911239624,
        "BWT_Exp": 0.01544421911239624
    },
    "9": {
        "Loss_Exp": 67.35810852050781,
        "RelativeDistance_Exp": 0.8732813596725464,
        "R2Score_Exp": 0.7816115617752075
    },
    "stream": {
        "Loss_Stream/eval_phase/test_stream": 46.35065544328155,
        "RelativeDistance_Stream/eval_phase/test_stream": 0.6835546135902405,
        "R2Score_Stream/eval_phase/test_stream": 0.8049431145191193,
        "Forgetting_Stream/eval_phase/test_stream": {
            "0": 0.0343356728553772,
            "1": -0.012421965599060059,
            "2": -0.032531142234802246,
            "3": -0.07909798622131348,
            "4": -0.025500774383544922,
            "5": 0.006961047649383545,
            "6": -0.005489349365234375,
            "7": 0.037708282470703125,
            "8": -0.01544421911239624
        },
        "BWT_Stream/eval_phase/test_stream": {
            "0": 0.0343356728553772,
            "1": -0.012421965599060059,
            "2": -0.032531142234802246,
            "3": -0.07909798622131348,
            "4": -0.025500774383544922,
            "5": 0.006961047649383545,
            "6": -0.005489349365234375,
            "7": 0.037708282470703125,
            "8": -0.01544421911239624
        }
    }
}