{
    "0": {
        "Loss_Exp": 78.04849817981459,
        "RelativeDistance_Exp": 0.7586623430252075,
        "R2Score_Exp": 0.765077531337738,
        "Forgetting_Exp": 0.07943260669708252,
        "BWT_Exp": -0.07943260669708252
    },
    "1": {
        "Loss_Exp": 33.259251003113604,
        "RelativeDistance_Exp": 0.6852760910987854,
        "R2Score_Exp": 0.8752941489219666,
        "Forgetting_Exp": 0.01342684030532837,
        "BWT_Exp": -0.01342684030532837
    },
    "2": {
        "Loss_Exp": 47.22038712364983,
        "RelativeDistance_Exp": 0.5708961884180704,
        "R2Score_Exp": 0.817351222038269,
        "Forgetting_Exp": 0.024053196112314823,
        "BWT_Exp": -0.024053196112314823
    },
    "3": {
        "Loss_Exp": 35.735214655548035,
        "RelativeDistance_Exp": 0.48157209157943726,
        "R2Score_Exp": 0.8614568114280701,
        "Forgetting_Exp": 0.015641838312149048,
        "BWT_Exp": -0.015641838312149048
    },
    "4": {
        "Loss_Exp": 27.455782146250304,
        "RelativeDistance_Exp": 0.5049347877502441,
        "R2Score_Exp": 0.865529328584671,
        "Forgetting_Exp": 0.03628651797771454,
        "BWT_Exp": -0.03628651797771454
    },
    "5": {
        "Loss_Exp": 29.632803948933645,
        "RelativeDistance_Exp": 0.48097121715545654,
        "R2Score_Exp": 0.8497821092605591,
        "Forgetting_Exp": 0.042832016944885254,
        "BWT_Exp": -0.042832016944885254
    },
    "6": {
        "Loss_Exp": 30.976000676509575,
        "RelativeDistance_Exp": 0.5055944323539734,
        "R2Score_Exp": 0.8782053391138712,
        "Forgetting_Exp": -0.018985410531361824,
        "BWT_Exp": 0.018985410531361824
    },
    "7": {
        "Loss_Exp": 26.590129681122608,
        "RelativeDistance_Exp": 0.3999333083629608,
        "R2Score_Exp": 0.8977507948875427,
        "Forgetting_Exp": 0.007529258728027344,
        "BWT_Exp": -0.007529258728027344
    },
    "8": {
        "Loss_Exp": 29.94168613397963,
        "RelativeDistance_Exp": 0.4862448424100876,
        "R2Score_Exp": 0.8848062753677368,
        "Forgetting_Exp": 0.007349222898483276,
        "BWT_Exp": -0.007349222898483276
    },
    "9": {
        "Loss_Exp": 37.94923389154737,
        "RelativeDistance_Exp": 0.5486982613801956,
        "R2Score_Exp": 0.8736192584037781
    },
    "stream": {
        "Loss_Stream/eval_phase/test_stream": 37.18773172896291,
        "RelativeDistance_Stream/eval_phase/test_stream": 0.536515941619873,
        "R2Score_Stream/eval_phase/test_stream": 0.8565657186508179,
        "Forgetting_Stream/eval_phase/test_stream": {
            "0": 0.07943260669708252,
            "1": 0.01342684030532837,
            "2": 0.024053196112314823,
            "3": 0.015641838312149048,
            "4": 0.03628651797771454,
            "5": 0.042832016944885254,
            "6": -0.018985410531361824,
            "7": 0.007529258728027344,
            "8": 0.007349222898483276
        },
        "BWT_Stream/eval_phase/test_stream": {
            "0": 0.07943260669708252,
            "1": 0.01342684030532837,
            "2": 0.024053196112314823,
            "3": 0.015641838312149048,
            "4": 0.03628651797771454,
            "5": 0.042832016944885254,
            "6": -0.018985410531361824,
            "7": 0.007529258728027344,
            "8": 0.007349222898483276
        }
    }
}