{
    "0": {
        "Loss_Exp": 41.654666900634766,
        "RelativeDistance_Exp": 0.5928533673286438,
        "R2Score_Exp": 0.8424981832504272,
        "Forgetting_Exp": 0.052813053131103516,
        "BWT_Exp": -0.052813053131103516
    },
    "1": {
        "Loss_Exp": 42.61247634887695,
        "RelativeDistance_Exp": 0.6124561429023743,
        "R2Score_Exp": 0.8349851369857788,
        "Forgetting_Exp": 0.05352640151977539,
        "BWT_Exp": -0.05352640151977539
    },
    "2": {
        "Loss_Exp": 49.578739166259766,
        "RelativeDistance_Exp": 0.6820743083953857,
        "R2Score_Exp": 0.8091917037963867,
        "Forgetting_Exp": 0.08184146881103516,
        "BWT_Exp": -0.08184146881103516
    },
    "3": {
        "Loss_Exp": 46.384483337402344,
        "RelativeDistance_Exp": 0.6359337568283081,
        "R2Score_Exp": 0.8092846274375916,
        "Forgetting_Exp": 0.08124476671218872,
        "BWT_Exp": -0.08124476671218872
    },
    "4": {
        "Loss_Exp": 56.17147445678711,
        "RelativeDistance_Exp": 0.667236864566803,
        "R2Score_Exp": 0.8083269596099854,
        "Forgetting_Exp": 0.08235353231430054,
        "BWT_Exp": -0.08235353231430054
    },
    "5": {
        "Loss_Exp": 49.18472671508789,
        "RelativeDistance_Exp": 0.6049458384513855,
        "R2Score_Exp": 0.8240747451782227,
        "Forgetting_Exp": 0.06807231903076172,
        "BWT_Exp": -0.06807231903076172
    },
    "6": {
        "Loss_Exp": 42.594993591308594,
        "RelativeDistance_Exp": 0.5811328887939453,
        "R2Score_Exp": 0.8479897975921631,
        "Forgetting_Exp": 0.040740251541137695,
        "BWT_Exp": -0.040740251541137695
    },
    "7": {
        "Loss_Exp": 47.58523178100586,
        "RelativeDistance_Exp": 0.5694993734359741,
        "R2Score_Exp": 0.8295572996139526,
        "Forgetting_Exp": 0.04148906469345093,
        "BWT_Exp": -0.04148906469345093
    },
    "8": {
        "Loss_Exp": 42.9710578918457,
        "RelativeDistance_Exp": 0.4186602234840393,
        "R2Score_Exp": 0.850701093673706,
        "Forgetting_Exp": 0.05851328372955322,
        "BWT_Exp": -0.05851328372955322
    },
    "9": {
        "Loss_Exp": 18.630901336669922,
        "RelativeDistance_Exp": 0.5277857780456543,
        "R2Score_Exp": 0.9302608966827393
    },
    "stream": {
        "Loss_Stream/eval_phase/test_stream": 46.96805507698361,
        "RelativeDistance_Stream/eval_phase/test_stream": 0.5892578542232514,
        "R2Score_Stream/eval_phase/test_stream": 0.8386870443820953,
        "Forgetting_Stream/eval_phase/test_stream": {
            "0": 0.052813053131103516,
            "1": 0.05352640151977539,
            "2": 0.08184146881103516,
            "3": 0.08124476671218872,
            "4": 0.08235353231430054,
            "5": 0.06807231903076172,
            "6": 0.040740251541137695,
            "7": 0.04148906469345093,
            "8": 0.05851328372955322
        },
        "BWT_Stream/eval_phase/test_stream": {
            "0": 0.052813053131103516,
            "1": 0.05352640151977539,
            "2": 0.08184146881103516,
            "3": 0.08124476671218872,
            "4": 0.08235353231430054,
            "5": 0.06807231903076172,
            "6": 0.040740251541137695,
            "7": 0.04148906469345093,
            "8": 0.05851328372955322
        }
    }
}