{
    "0": {
        "Loss_Exp": 45.16032791137695,
        "RelativeDistance_Exp": 0.7280011773109436,
        "R2Score_Exp": 0.8152094483375549,
        "Forgetting_Exp": 0.08326685428619385,
        "BWT_Exp": -0.08326685428619385
    },
    "1": {
        "Loss_Exp": 46.32281494140625,
        "RelativeDistance_Exp": 0.687278151512146,
        "R2Score_Exp": 0.8079907894134521,
        "Forgetting_Exp": 0.08285975456237793,
        "BWT_Exp": -0.08285975456237793
    },
    "2": {
        "Loss_Exp": 47.275306701660156,
        "RelativeDistance_Exp": 0.7861297726631165,
        "R2Score_Exp": 0.805108904838562,
        "Forgetting_Exp": 0.09079021215438843,
        "BWT_Exp": -0.09079021215438843
    },
    "3": {
        "Loss_Exp": 45.43589782714844,
        "RelativeDistance_Exp": 0.6935005784034729,
        "R2Score_Exp": 0.7958205938339233,
        "Forgetting_Exp": 0.09336400032043457,
        "BWT_Exp": -0.09336400032043457
    },
    "4": {
        "Loss_Exp": 50.578861236572266,
        "RelativeDistance_Exp": 0.7985270619392395,
        "R2Score_Exp": 0.8113535642623901,
        "Forgetting_Exp": 0.08027434349060059,
        "BWT_Exp": -0.08027434349060059
    },
    "5": {
        "Loss_Exp": 47.33658218383789,
        "RelativeDistance_Exp": 0.7629937529563904,
        "R2Score_Exp": 0.8231770396232605,
        "Forgetting_Exp": 0.06621652841567993,
        "BWT_Exp": -0.06621652841567993
    },
    "6": {
        "Loss_Exp": 38.40070724487305,
        "RelativeDistance_Exp": 0.6015300750732422,
        "R2Score_Exp": 0.851669430732727,
        "Forgetting_Exp": 0.03345167636871338,
        "BWT_Exp": -0.03345167636871338
    },
    "7": {
        "Loss_Exp": 40.09172439575195,
        "RelativeDistance_Exp": 0.6606305837631226,
        "R2Score_Exp": 0.842084527015686,
        "Forgetting_Exp": 0.02263164520263672,
        "BWT_Exp": -0.02263164520263672
    },
    "8": {
        "Loss_Exp": 37.595855712890625,
        "RelativeDistance_Exp": 0.4665994644165039,
        "R2Score_Exp": 0.8624352216720581,
        "Forgetting_Exp": 0.044352710247039795,
        "BWT_Exp": -0.044352710247039795
    },
    "9": {
        "Loss_Exp": 19.636686325073242,
        "RelativeDistance_Exp": 0.7409783601760864,
        "R2Score_Exp": 0.9257271885871887
    },
    "stream": {
        "Loss_Stream/eval_phase/test_stream": 45.72868874089404,
        "RelativeDistance_Stream/eval_phase/test_stream": 0.6926168978214264,
        "R2Score_Stream/eval_phase/test_stream": 0.8340576708316803,
        "Forgetting_Stream/eval_phase/test_stream": {
            "0": 0.08326685428619385,
            "1": 0.08285975456237793,
            "2": 0.09079021215438843,
            "3": 0.09336400032043457,
            "4": 0.08027434349060059,
            "5": 0.06621652841567993,
            "6": 0.03345167636871338,
            "7": 0.02263164520263672,
            "8": 0.044352710247039795
        },
        "BWT_Stream/eval_phase/test_stream": {
            "0": 0.08326685428619385,
            "1": 0.08285975456237793,
            "2": 0.09079021215438843,
            "3": 0.09336400032043457,
            "4": 0.08027434349060059,
            "5": 0.06621652841567993,
            "6": 0.03345167636871338,
            "7": 0.02263164520263672,
            "8": 0.044352710247039795
        }
    }
}