{
    "0": {
        "Loss_Exp": 53.069139000965144,
        "RelativeDistance_Exp": 0.719076544046402,
        "R2Score_Exp": 0.8805088102817535,
        "Forgetting_Exp": -0.006646901369094849,
        "BWT_Exp": 0.006646901369094849
    },
    "1": {
        "Loss_Exp": 42.49417697812081,
        "RelativeDistance_Exp": 1.0426199436187744,
        "R2Score_Exp": 0.8747913837432861,
        "Forgetting_Exp": 0.019818156957626343,
        "BWT_Exp": -0.019818156957626343
    },
    "2": {
        "Loss_Exp": 43.359571469787,
        "RelativeDistance_Exp": 0.6437593698501587,
        "R2Score_Exp": 0.86183762550354,
        "Forgetting_Exp": -0.03170367081960046,
        "BWT_Exp": 0.03170367081960046
    },
    "3": {
        "Loss_Exp": 36.85753136951435,
        "RelativeDistance_Exp": 0.5286772847175598,
        "R2Score_Exp": 0.8774337470531464,
        "Forgetting_Exp": -0.023968547582626343,
        "BWT_Exp": 0.023968547582626343
    },
    "4": {
        "Loss_Exp": 35.30395663281842,
        "RelativeDistance_Exp": 0.6402027606964111,
        "R2Score_Exp": 0.8854148983955383,
        "Forgetting_Exp": -0.03553079068660736,
        "BWT_Exp": 0.03553079068660736
    },
    "5": {
        "Loss_Exp": 31.965949348781418,
        "RelativeDistance_Exp": 0.5716380079587301,
        "R2Score_Exp": 0.8756425976753235,
        "Forgetting_Exp": -0.019486387570699093,
        "BWT_Exp": 0.019486387570699093
    },
    "6": {
        "Loss_Exp": 41.88596023848152,
        "RelativeDistance_Exp": 0.614570826292038,
        "R2Score_Exp": 0.8706610004107157,
        "Forgetting_Exp": -0.014553944269816044,
        "BWT_Exp": 0.014553944269816044
    },
    "7": {
        "Loss_Exp": 32.25780487060547,
        "RelativeDistance_Exp": 0.5713526606559753,
        "R2Score_Exp": 0.8728036284446716,
        "Forgetting_Exp": 0.01644277572631836,
        "BWT_Exp": -0.01644277572631836
    },
    "8": {
        "Loss_Exp": 52.15792001252245,
        "RelativeDistance_Exp": 0.9279693812131882,
        "R2Score_Exp": 0.8404484987258911,
        "Forgetting_Exp": 0.026844322681427002,
        "BWT_Exp": -0.026844322681427002
    },
    "9": {
        "Loss_Exp": 66.42788139740166,
        "RelativeDistance_Exp": 0.714605063199997,
        "R2Score_Exp": 0.8193881809711456
    },
    "stream": {
        "Loss_Stream/eval_phase/test_stream": 42.24768240000819,
        "RelativeDistance_Stream/eval_phase/test_stream": 0.6869985312223434,
        "R2Score_Stream/eval_phase/test_stream": 0.8676678389310837,
        "Forgetting_Stream/eval_phase/test_stream": {
            "0": -0.006646901369094849,
            "1": 0.019818156957626343,
            "2": -0.03170367081960046,
            "3": -0.023968547582626343,
            "4": -0.03553079068660736,
            "5": -0.019486387570699093,
            "6": -0.014553944269816044,
            "7": 0.01644277572631836,
            "8": 0.026844322681427002
        },
        "BWT_Stream/eval_phase/test_stream": {
            "0": -0.006646901369094849,
            "1": 0.019818156957626343,
            "2": -0.03170367081960046,
            "3": -0.023968547582626343,
            "4": -0.03553079068660736,
            "5": -0.019486387570699093,
            "6": -0.014553944269816044,
            "7": 0.01644277572631836,
            "8": 0.026844322681427002
        }
    }
}