{
    "0": {
        "Loss_Exp": 36.545597076416016,
        "RelativeDistance_Exp": 0.8151509761810303,
        "R2Score_Exp": 0.8434207439422607,
        "Forgetting_Exp": 0.042130470275878906,
        "BWT_Exp": -0.042130470275878906
    },
    "1": {
        "Loss_Exp": 40.19316864013672,
        "RelativeDistance_Exp": 0.6750690340995789,
        "R2Score_Exp": 0.8330278396606445,
        "Forgetting_Exp": 0.040358781814575195,
        "BWT_Exp": -0.040358781814575195
    },
    "2": {
        "Loss_Exp": 33.726905822753906,
        "RelativeDistance_Exp": 0.6468058824539185,
        "R2Score_Exp": 0.8540011644363403,
        "Forgetting_Exp": 0.03450465202331543,
        "BWT_Exp": -0.03450465202331543
    },
    "3": {
        "Loss_Exp": 28.193422317504883,
        "RelativeDistance_Exp": 0.6788893342018127,
        "R2Score_Exp": 0.8868303894996643,
        "Forgetting_Exp": 0.029492080211639404,
        "BWT_Exp": -0.029492080211639404
    },
    "4": {
        "Loss_Exp": 35.30979919433594,
        "RelativeDistance_Exp": 0.6269208192825317,
        "R2Score_Exp": 0.8583237528800964,
        "Forgetting_Exp": 0.03424042463302612,
        "BWT_Exp": -0.03424042463302612
    },
    "5": {
        "Loss_Exp": 33.686580657958984,
        "RelativeDistance_Exp": 0.5540252923965454,
        "R2Score_Exp": 0.8690413236618042,
        "Forgetting_Exp": 0.009181618690490723,
        "BWT_Exp": -0.009181618690490723
    },
    "6": {
        "Loss_Exp": 31.077438354492188,
        "RelativeDistance_Exp": 0.6447017788887024,
        "R2Score_Exp": 0.88056480884552,
        "Forgetting_Exp": 0.017389953136444092,
        "BWT_Exp": -0.017389953136444092
    },
    "7": {
        "Loss_Exp": 43.601593017578125,
        "RelativeDistance_Exp": 0.5032633543014526,
        "R2Score_Exp": 0.8444945812225342,
        "Forgetting_Exp": 0.03677237033843994,
        "BWT_Exp": -0.03677237033843994
    },
    "8": {
        "Loss_Exp": 30.409921646118164,
        "RelativeDistance_Exp": 0.5195666551589966,
        "R2Score_Exp": 0.8967504501342773,
        "Forgetting_Exp": 0.013121604919433594,
        "BWT_Exp": -0.013121604919433594
    },
    "9": {
        "Loss_Exp": 21.633386611938477,
        "RelativeDistance_Exp": 0.453644722700119,
        "R2Score_Exp": 0.9276397228240967
    },
    "stream": {
        "Loss_Stream/eval_phase/test_stream": 35.21447242999522,
        "RelativeDistance_Stream/eval_phase/test_stream": 0.6118037849664688,
        "R2Score_Stream/eval_phase/test_stream": 0.8694094777107239,
        "Forgetting_Stream/eval_phase/test_stream": {
            "0": 0.042130470275878906,
            "1": 0.040358781814575195,
            "2": 0.03450465202331543,
            "3": 0.029492080211639404,
            "4": 0.03424042463302612,
            "5": 0.009181618690490723,
            "6": 0.017389953136444092,
            "7": 0.03677237033843994,
            "8": 0.013121604919433594
        },
        "BWT_Stream/eval_phase/test_stream": {
            "0": 0.042130470275878906,
            "1": 0.040358781814575195,
            "2": 0.03450465202331543,
            "3": 0.029492080211639404,
            "4": 0.03424042463302612,
            "5": 0.009181618690490723,
            "6": 0.017389953136444092,
            "7": 0.03677237033843994,
            "8": 0.013121604919433594
        }
    }
}