{
    "0": {
        "Loss_Exp": 50.781979466084415,
        "RelativeDistance_Exp": 1.0895403921604156,
        "R2Score_Exp": 0.7684046864509583,
        "Forgetting_Exp": 0.07968059182167053,
        "BWT_Exp": -0.07968059182167053
    },
    "1": {
        "Loss_Exp": 51.15624080566054,
        "RelativeDistance_Exp": 0.9944187760353088,
        "R2Score_Exp": 0.7840903043746948,
        "Forgetting_Exp": 0.0453311244646708,
        "BWT_Exp": -0.0453311244646708
    },
    "2": {
        "Loss_Exp": 40.96256722820515,
        "RelativeDistance_Exp": 0.9139805206885705,
        "R2Score_Exp": 0.8254363536834717,
        "Forgetting_Exp": 0.023846557507148147,
        "BWT_Exp": -0.023846557507148147
    },
    "3": {
        "Loss_Exp": 36.59706160318697,
        "RelativeDistance_Exp": 0.8918354246351454,
        "R2Score_Exp": 0.8548856642511156,
        "Forgetting_Exp": 0.02483191092809045,
        "BWT_Exp": -0.02483191092809045
    },
    "4": {
        "Loss_Exp": 42.618608649961644,
        "RelativeDistance_Exp": 0.8281053219522748,
        "R2Score_Exp": 0.8345697266714913,
        "Forgetting_Exp": 0.01162940263748169,
        "BWT_Exp": -0.01162940263748169
    },
    "5": {
        "Loss_Exp": 41.47282453304492,
        "RelativeDistance_Exp": 0.7243010699748993,
        "R2Score_Exp": 0.8450078467528025,
        "Forgetting_Exp": 0.00875234603881836,
        "BWT_Exp": -0.00875234603881836
    },
    "6": {
        "Loss_Exp": 40.073703591193194,
        "RelativeDistance_Exp": 0.887465126812458,
        "R2Score_Exp": 0.8508834764361382,
        "Forgetting_Exp": 0.017675504088401794,
        "BWT_Exp": -0.017675504088401794
    },
    "7": {
        "Loss_Exp": 53.37445899459179,
        "RelativeDistance_Exp": 0.6795542612671852,
        "R2Score_Exp": 0.8150975927710533,
        "Forgetting_Exp": 0.02863817662000656,
        "BWT_Exp": -0.02863817662000656
    },
    "8": {
        "Loss_Exp": 40.24227165442752,
        "RelativeDistance_Exp": 0.731036106745402,
        "R2Score_Exp": 0.8647085229555765,
        "Forgetting_Exp": 0.041384339332580566,
        "BWT_Exp": -0.041384339332580566
    },
    "9": {
        "Loss_Exp": 27.13940733170547,
        "RelativeDistance_Exp": 0.5879189521074295,
        "R2Score_Exp": 0.9029294848442078
    },
    "stream": {
        "Loss_Stream/eval_phase/test_stream": 44.70049196327621,
        "RelativeDistance_Stream/eval_phase/test_stream": 0.8860197056222845,
        "R2Score_Stream/eval_phase/test_stream": 0.821110040317347,
        "Forgetting_Stream/eval_phase/test_stream": {
            "0": 0.07968059182167053,
            "1": 0.0453311244646708,
            "2": 0.023846557507148147,
            "3": 0.02483191092809045,
            "4": 0.01162940263748169,
            "5": 0.00875234603881836,
            "6": 0.017675504088401794,
            "7": 0.02863817662000656,
            "8": 0.041384339332580566
        },
        "BWT_Stream/eval_phase/test_stream": {
            "0": 0.07968059182167053,
            "1": 0.0453311244646708,
            "2": 0.023846557507148147,
            "3": 0.02483191092809045,
            "4": 0.01162940263748169,
            "5": 0.00875234603881836,
            "6": 0.017675504088401794,
            "7": 0.02863817662000656,
            "8": 0.041384339332580566
        }
    }
}