{
    "0": {
        "Loss_Exp": 90.40723505745157,
        "RelativeDistance_Exp": 1.1125242412090302,
        "R2Score_Exp": 0.7955253720283508,
        "Forgetting_Exp": 0.08044746518135071,
        "BWT_Exp": -0.08044746518135071
    },
    "1": {
        "Loss_Exp": 71.01780401373487,
        "RelativeDistance_Exp": 1.1259389519691467,
        "R2Score_Exp": 0.7937324345111847,
        "Forgetting_Exp": 0.07301214337348938,
        "BWT_Exp": -0.07301214337348938
    },
    "2": {
        "Loss_Exp": 55.180769563347255,
        "RelativeDistance_Exp": 0.7818639874458313,
        "R2Score_Exp": 0.8223908940951029,
        "Forgetting_Exp": -0.03701206048329664,
        "BWT_Exp": 0.03701206048329664
    },
    "3": {
        "Loss_Exp": 56.84128715291875,
        "RelativeDistance_Exp": 0.7057335376739502,
        "R2Score_Exp": 0.8128392398357391,
        "Forgetting_Exp": -0.024460971355438232,
        "BWT_Exp": 0.024460971355438232
    },
    "4": {
        "Loss_Exp": 52.62587901892764,
        "RelativeDistance_Exp": 0.8329087644815445,
        "R2Score_Exp": 0.8237859606742859,
        "Forgetting_Exp": -0.017073854804039,
        "BWT_Exp": 0.017073854804039
    },
    "5": {
        "Loss_Exp": 48.497002477231234,
        "RelativeDistance_Exp": 0.7074918945630392,
        "R2Score_Exp": 0.8107093175252279,
        "Forgetting_Exp": 0.0079688628514607,
        "BWT_Exp": -0.0079688628514607
    },
    "6": {
        "Loss_Exp": 58.469788640159805,
        "RelativeDistance_Exp": 0.7759774724642435,
        "R2Score_Exp": 0.8143755992253622,
        "Forgetting_Exp": 0.037383755048115974,
        "BWT_Exp": -0.037383755048115974
    },
    "7": {
        "Loss_Exp": 46.80072021484375,
        "RelativeDistance_Exp": 0.7070367336273193,
        "R2Score_Exp": 0.8154591917991638,
        "Forgetting_Exp": 0.026874423027038574,
        "BWT_Exp": -0.026874423027038574
    },
    "8": {
        "Loss_Exp": 59.31449128388428,
        "RelativeDistance_Exp": 0.8717863261699677,
        "R2Score_Exp": 0.8153562247753143,
        "Forgetting_Exp": -0.009259194135665894,
        "BWT_Exp": 0.009259194135665894
    },
    "9": {
        "Loss_Exp": 65.54942101274612,
        "RelativeDistance_Exp": 0.8196230530738831,
        "R2Score_Exp": 0.8226684331893921
    },
    "stream": {
        "Loss_Stream/eval_phase/test_stream": 59.325447988389136,
        "RelativeDistance_Stream/eval_phase/test_stream": 0.8377451697985331,
        "R2Score_Stream/eval_phase/test_stream": 0.8138864114880562,
        "Forgetting_Stream/eval_phase/test_stream": {
            "0": 0.08044746518135071,
            "1": 0.07301214337348938,
            "2": -0.03701206048329664,
            "3": -0.024460971355438232,
            "4": -0.017073854804039,
            "5": 0.0079688628514607,
            "6": 0.037383755048115974,
            "7": 0.026874423027038574,
            "8": -0.009259194135665894
        },
        "BWT_Stream/eval_phase/test_stream": {
            "0": 0.08044746518135071,
            "1": 0.07301214337348938,
            "2": -0.03701206048329664,
            "3": -0.024460971355438232,
            "4": -0.017073854804039,
            "5": 0.0079688628514607,
            "6": 0.037383755048115974,
            "7": 0.026874423027038574,
            "8": -0.009259194135665894
        }
    }
}