{
    "0": {
        "Loss_Exp": 47.445018891468486,
        "RelativeDistance_Exp": 1.1307252585887908,
        "R2Score_Exp": 0.7817750036716461,
        "Forgetting_Exp": 0.07046383023262026,
        "BWT_Exp": -0.07046383023262026
    },
    "1": {
        "Loss_Exp": 54.58320219002668,
        "RelativeDistance_Exp": 1.1695041020711263,
        "R2Score_Exp": 0.7729378819465638,
        "Forgetting_Exp": 0.026588273048400834,
        "BWT_Exp": -0.026588273048400834
    },
    "2": {
        "Loss_Exp": 41.94125595702881,
        "RelativeDistance_Exp": 0.9983426882670476,
        "R2Score_Exp": 0.822184260074909,
        "Forgetting_Exp": 0.0009550085434546496,
        "BWT_Exp": -0.0009550085434546496
    },
    "3": {
        "Loss_Exp": 38.16380809649969,
        "RelativeDistance_Exp": 0.985036141342587,
        "R2Score_Exp": 0.8494581315252516,
        "Forgetting_Exp": 0.0040098892317878,
        "BWT_Exp": -0.0040098892317878
    },
    "4": {
        "Loss_Exp": 42.06820125864239,
        "RelativeDistance_Exp": 0.9437464475631714,
        "R2Score_Exp": 0.8404845339911324,
        "Forgetting_Exp": -0.023803089346204453,
        "BWT_Exp": 0.023803089346204453
    },
    "5": {
        "Loss_Exp": 40.26765371414548,
        "RelativeDistance_Exp": 0.8108203411102295,
        "R2Score_Exp": 0.8480754395325979,
        "Forgetting_Exp": -0.010168105363845825,
        "BWT_Exp": 0.010168105363845825
    },
    "6": {
        "Loss_Exp": 38.93412628812428,
        "RelativeDistance_Exp": 1.0147327035665512,
        "R2Score_Exp": 0.8540796712040901,
        "Forgetting_Exp": -0.001883186399936676,
        "BWT_Exp": 0.001883186399936676
    },
    "7": {
        "Loss_Exp": 52.116082149709996,
        "RelativeDistance_Exp": 0.7679914385080338,
        "R2Score_Exp": 0.8219586312770844,
        "Forgetting_Exp": 0.006639033555984497,
        "BWT_Exp": -0.006639033555984497
    },
    "8": {
        "Loss_Exp": 40.79251783492643,
        "RelativeDistance_Exp": 0.7637753486633301,
        "R2Score_Exp": 0.8549654682477316,
        "Forgetting_Exp": 0.03975099325180054,
        "BWT_Exp": -0.03975099325180054
    },
    "9": {
        "Loss_Exp": 30.007781190464122,
        "RelativeDistance_Exp": 0.6191242635250092,
        "R2Score_Exp": 0.8956616222858429
    },
    "stream": {
        "Loss_Stream/eval_phase/test_stream": 44.96844786602561,
        "RelativeDistance_Stream/eval_phase/test_stream": 0.9871124595771601,
        "R2Score_Stream/eval_phase/test_stream": 0.8207618182088122,
        "Forgetting_Stream/eval_phase/test_stream": {
            "0": 0.07046383023262026,
            "1": 0.026588273048400834,
            "2": 0.0009550085434546496,
            "3": 0.0040098892317878,
            "4": -0.023803089346204453,
            "5": -0.010168105363845825,
            "6": -0.001883186399936676,
            "7": 0.006639033555984497,
            "8": 0.03975099325180054
        },
        "BWT_Stream/eval_phase/test_stream": {
            "0": 0.07046383023262026,
            "1": 0.026588273048400834,
            "2": 0.0009550085434546496,
            "3": 0.0040098892317878,
            "4": -0.023803089346204453,
            "5": -0.010168105363845825,
            "6": -0.001883186399936676,
            "7": 0.006639033555984497,
            "8": 0.03975099325180054
        }
    }
}