{
    "0": {
        "Loss_Exp": 54.70541000366211,
        "RelativeDistance_Exp": 0.8023842573165894,
        "R2Score_Exp": 0.7746447324752808,
        "Forgetting_Exp": 0.11299437284469604,
        "BWT_Exp": -0.11299437284469604
    },
    "1": {
        "Loss_Exp": 54.58167266845703,
        "RelativeDistance_Exp": 0.8156118392944336,
        "R2Score_Exp": 0.7835525274276733,
        "Forgetting_Exp": 0.09719538688659668,
        "BWT_Exp": -0.09719538688659668
    },
    "2": {
        "Loss_Exp": 42.82841491699219,
        "RelativeDistance_Exp": 0.7027221322059631,
        "R2Score_Exp": 0.817565381526947,
        "Forgetting_Exp": 0.07539647817611694,
        "BWT_Exp": -0.07539647817611694
    },
    "3": {
        "Loss_Exp": 33.66498947143555,
        "RelativeDistance_Exp": 0.6961569786071777,
        "R2Score_Exp": 0.8699661493301392,
        "Forgetting_Exp": 0.0504109263420105,
        "BWT_Exp": -0.0504109263420105
    },
    "4": {
        "Loss_Exp": 36.00844192504883,
        "RelativeDistance_Exp": 0.6957509517669678,
        "R2Score_Exp": 0.8574709296226501,
        "Forgetting_Exp": 0.037765324115753174,
        "BWT_Exp": -0.037765324115753174
    },
    "5": {
        "Loss_Exp": 34.62728500366211,
        "RelativeDistance_Exp": 0.6122210025787354,
        "R2Score_Exp": 0.8652951717376709,
        "Forgetting_Exp": 0.014732837677001953,
        "BWT_Exp": -0.014732837677001953
    },
    "6": {
        "Loss_Exp": 31.62499237060547,
        "RelativeDistance_Exp": 0.7534860968589783,
        "R2Score_Exp": 0.8805862665176392,
        "Forgetting_Exp": 0.012634754180908203,
        "BWT_Exp": -0.012634754180908203
    },
    "7": {
        "Loss_Exp": 43.37114715576172,
        "RelativeDistance_Exp": 0.5530630350112915,
        "R2Score_Exp": 0.8468393683433533,
        "Forgetting_Exp": 0.031361162662506104,
        "BWT_Exp": -0.031361162662506104
    },
    "8": {
        "Loss_Exp": 29.533241271972656,
        "RelativeDistance_Exp": 0.5718458890914917,
        "R2Score_Exp": 0.9005393385887146,
        "Forgetting_Exp": 0.007282555103302002,
        "BWT_Exp": -0.007282555103302002
    },
    "9": {
        "Loss_Exp": 21.585474014282227,
        "RelativeDistance_Exp": 0.5434194803237915,
        "R2Score_Exp": 0.9274699687957764
    },
    "stream": {
        "Loss_Stream/eval_phase/test_stream": 42.50729365798475,
        "RelativeDistance_Stream/eval_phase/test_stream": 0.674666166305542,
        "R2Score_Stream/eval_phase/test_stream": 0.8523929834365844,
        "Forgetting_Stream/eval_phase/test_stream": {
            "0": 0.11299437284469604,
            "1": 0.09719538688659668,
            "2": 0.07539647817611694,
            "3": 0.0504109263420105,
            "4": 0.037765324115753174,
            "5": 0.014732837677001953,
            "6": 0.012634754180908203,
            "7": 0.031361162662506104,
            "8": 0.007282555103302002
        },
        "BWT_Stream/eval_phase/test_stream": {
            "0": 0.11299437284469604,
            "1": 0.09719538688659668,
            "2": 0.07539647817611694,
            "3": 0.0504109263420105,
            "4": 0.037765324115753174,
            "5": 0.014732837677001953,
            "6": 0.012634754180908203,
            "7": 0.031361162662506104,
            "8": 0.007282555103302002
        }
    }
}