{
    "0": {
        "Loss_Exp": 69.78362828084867,
        "RelativeDistance_Exp": 0.6667469143867493,
        "R2Score_Exp": 0.7641994655132294,
        "Forgetting_Exp": 0.0819806456565857,
        "BWT_Exp": -0.0819806456565857
    },
    "1": {
        "Loss_Exp": 34.15874957785366,
        "RelativeDistance_Exp": 0.6295067369937897,
        "R2Score_Exp": 0.8580918312072754,
        "Forgetting_Exp": 0.04053965210914612,
        "BWT_Exp": -0.04053965210914612
    },
    "2": {
        "Loss_Exp": 40.670252610245974,
        "RelativeDistance_Exp": 0.5374536712964376,
        "R2Score_Exp": 0.8182265957196554,
        "Forgetting_Exp": 0.025305767854054695,
        "BWT_Exp": -0.025305767854054695
    },
    "3": {
        "Loss_Exp": 31.218270798804056,
        "RelativeDistance_Exp": 0.44848594069480896,
        "R2Score_Exp": 0.8772425651550293,
        "Forgetting_Exp": 0.0058421790599823,
        "BWT_Exp": -0.0058421790599823
    },
    "4": {
        "Loss_Exp": 25.385290321369904,
        "RelativeDistance_Exp": 0.46024898439645767,
        "R2Score_Exp": 0.8737045228481293,
        "Forgetting_Exp": 0.030377179384231567,
        "BWT_Exp": -0.030377179384231567
    },
    "5": {
        "Loss_Exp": 27.777976216565843,
        "RelativeDistance_Exp": 0.46507858236630756,
        "R2Score_Exp": 0.8529070814450582,
        "Forgetting_Exp": 0.04514720042546583,
        "BWT_Exp": -0.04514720042546583
    },
    "6": {
        "Loss_Exp": 31.354345069171714,
        "RelativeDistance_Exp": 0.4990695118904114,
        "R2Score_Exp": 0.8546032309532166,
        "Forgetting_Exp": 0.01630268494288123,
        "BWT_Exp": -0.01630268494288123
    },
    "7": {
        "Loss_Exp": 28.495057260888256,
        "RelativeDistance_Exp": 0.3860590010881424,
        "R2Score_Exp": 0.9091330766677856,
        "Forgetting_Exp": 0.014925956726074219,
        "BWT_Exp": -0.014925956726074219
    },
    "8": {
        "Loss_Exp": 32.565012582043494,
        "RelativeDistance_Exp": 0.45371779799461365,
        "R2Score_Exp": 0.8590985834598541,
        "Forgetting_Exp": 0.033102959394454956,
        "BWT_Exp": -0.033102959394454956
    },
    "9": {
        "Loss_Exp": 38.16117510635471,
        "RelativeDistance_Exp": 0.5423413664102554,
        "R2Score_Exp": 0.8720822036266327
    },
    "stream": {
        "Loss_Stream/eval_phase/test_stream": 35.010739894435396,
        "RelativeDistance_Stream/eval_phase/test_stream": 0.5039806699752808,
        "R2Score_Stream/eval_phase/test_stream": 0.8540689706802368,
        "Forgetting_Stream/eval_phase/test_stream": {
            "0": 0.0819806456565857,
            "1": 0.04053965210914612,
            "2": 0.025305767854054695,
            "3": 0.0058421790599823,
            "4": 0.030377179384231567,
            "5": 0.04514720042546583,
            "6": 0.01630268494288123,
            "7": 0.014925956726074219,
            "8": 0.033102959394454956
        },
        "BWT_Stream/eval_phase/test_stream": {
            "0": 0.0819806456565857,
            "1": 0.04053965210914612,
            "2": 0.025305767854054695,
            "3": 0.0058421790599823,
            "4": 0.030377179384231567,
            "5": 0.04514720042546583,
            "6": 0.01630268494288123,
            "7": 0.014925956726074219,
            "8": 0.033102959394454956
        }
    }
}