{
    "0": {
        "Loss_Exp": 103.46330009594298,
        "RelativeDistance_Exp": 0.9857186079025269,
        "R2Score_Exp": 0.7660933434963226,
        "Forgetting_Exp": 0.1085192859172821,
        "BWT_Exp": -0.1085192859172821
    },
    "1": {
        "Loss_Exp": 75.49451156463543,
        "RelativeDistance_Exp": 1.1611897349357605,
        "R2Score_Exp": 0.7818247377872467,
        "Forgetting_Exp": 0.10812258720397949,
        "BWT_Exp": -0.10812258720397949
    },
    "2": {
        "Loss_Exp": 52.97579178806542,
        "RelativeDistance_Exp": 0.7476043105125427,
        "R2Score_Exp": 0.8307721018791199,
        "Forgetting_Exp": -0.009410599867502811,
        "BWT_Exp": 0.009410599867502811
    },
    "3": {
        "Loss_Exp": 48.23534923364849,
        "RelativeDistance_Exp": 0.6310798823833466,
        "R2Score_Exp": 0.841481626033783,
        "Forgetting_Exp": 0.008585453033447266,
        "BWT_Exp": -0.008585453033447266
    },
    "4": {
        "Loss_Exp": 48.1808822485613,
        "RelativeDistance_Exp": 0.7477433383464813,
        "R2Score_Exp": 0.8414572477340698,
        "Forgetting_Exp": 0.0015345960855484009,
        "BWT_Exp": -0.0015345960855484009
    },
    "5": {
        "Loss_Exp": 46.95786633698837,
        "RelativeDistance_Exp": 0.6412439942359924,
        "R2Score_Exp": 0.8164307872454325,
        "Forgetting_Exp": 0.026907821496327755,
        "BWT_Exp": -0.026907821496327755
    },
    "6": {
        "Loss_Exp": 54.22797559914014,
        "RelativeDistance_Exp": 0.6957498987515768,
        "R2Score_Exp": 0.8367439309755961,
        "Forgetting_Exp": 0.023752669493357415,
        "BWT_Exp": -0.023752669493357415
    },
    "7": {
        "Loss_Exp": 38.28402328491211,
        "RelativeDistance_Exp": 0.6483678817749023,
        "R2Score_Exp": 0.8490415215492249,
        "Forgetting_Exp": 0.02411860227584839,
        "BWT_Exp": -0.02411860227584839
    },
    "8": {
        "Loss_Exp": 51.157481375939206,
        "RelativeDistance_Exp": 0.8923144340515137,
        "R2Score_Exp": 0.8510866761207581,
        "Forgetting_Exp": -0.012792080640792847,
        "BWT_Exp": 0.012792080640792847
    },
    "9": {
        "Loss_Exp": 56.230453967496835,
        "RelativeDistance_Exp": 0.7359814345836639,
        "R2Score_Exp": 0.8470534682273865
    },
    "stream": {
        "Loss_Stream/eval_phase/test_stream": 56.61698623020196,
        "RelativeDistance_Stream/eval_phase/test_stream": 0.7794043347239494,
        "R2Score_Stream/eval_phase/test_stream": 0.8267412781715393,
        "Forgetting_Stream/eval_phase/test_stream": {
            "0": 0.1085192859172821,
            "1": 0.10812258720397949,
            "2": -0.009410599867502811,
            "3": 0.008585453033447266,
            "4": 0.0015345960855484009,
            "5": 0.026907821496327755,
            "6": 0.023752669493357415,
            "7": 0.02411860227584839,
            "8": -0.012792080640792847
        },
        "BWT_Stream/eval_phase/test_stream": {
            "0": 0.1085192859172821,
            "1": 0.10812258720397949,
            "2": -0.009410599867502811,
            "3": 0.008585453033447266,
            "4": 0.0015345960855484009,
            "5": 0.026907821496327755,
            "6": 0.023752669493357415,
            "7": 0.02411860227584839,
            "8": -0.012792080640792847
        }
    }
}