{
    "0": {
        "Loss_Exp": 22.1047420501709,
        "RelativeDistance_Exp": 0.5634163022041321,
        "R2Score_Exp": 0.9069197177886963,
        "Forgetting_Exp": -0.007544875144958496,
        "BWT_Exp": 0.007544875144958496
    },
    "1": {
        "Loss_Exp": 24.053874969482422,
        "RelativeDistance_Exp": 0.5685850381851196,
        "R2Score_Exp": 0.8955838680267334,
        "Forgetting_Exp": -0.003785848617553711,
        "BWT_Exp": 0.003785848617553711
    },
    "2": {
        "Loss_Exp": 23.634925842285156,
        "RelativeDistance_Exp": 0.6164664626121521,
        "R2Score_Exp": 0.9005880355834961,
        "Forgetting_Exp": -0.005651712417602539,
        "BWT_Exp": 0.005651712417602539
    },
    "3": {
        "Loss_Exp": 21.955642700195312,
        "RelativeDistance_Exp": 0.5703696608543396,
        "R2Score_Exp": 0.9029435515403748,
        "Forgetting_Exp": -0.0034284591674804688,
        "BWT_Exp": 0.0034284591674804688
    },
    "4": {
        "Loss_Exp": 29.205284118652344,
        "RelativeDistance_Exp": 0.6972894668579102,
        "R2Score_Exp": 0.8887714743614197,
        "Forgetting_Exp": 0.0022878646850585938,
        "BWT_Exp": -0.0022878646850585938
    },
    "5": {
        "Loss_Exp": 28.015390396118164,
        "RelativeDistance_Exp": 0.6545540690422058,
        "R2Score_Exp": 0.893332839012146,
        "Forgetting_Exp": -0.00039708614349365234,
        "BWT_Exp": 0.00039708614349365234
    },
    "6": {
        "Loss_Exp": 27.07377052307129,
        "RelativeDistance_Exp": 0.5088586807250977,
        "R2Score_Exp": 0.8925676941871643,
        "Forgetting_Exp": -0.0058272480964660645,
        "BWT_Exp": 0.0058272480964660645
    },
    "7": {
        "Loss_Exp": 26.477922439575195,
        "RelativeDistance_Exp": 0.6168123483657837,
        "R2Score_Exp": 0.895167350769043,
        "Forgetting_Exp": -0.03435564041137695,
        "BWT_Exp": 0.03435564041137695
    },
    "8": {
        "Loss_Exp": 29.530643463134766,
        "RelativeDistance_Exp": 0.45683181285858154,
        "R2Score_Exp": 0.887349545955658,
        "Forgetting_Exp": 0.020986616611480713,
        "BWT_Exp": -0.020986616611480713
    },
    "9": {
        "Loss_Exp": 21.52818489074707,
        "RelativeDistance_Exp": 0.7333165407180786,
        "R2Score_Exp": 0.9212135672569275
    },
    "stream": {
        "Loss_Stream/eval_phase/test_stream": 24.946661562984744,
        "RelativeDistance_Stream/eval_phase/test_stream": 0.5986500382423401,
        "R2Score_Stream/eval_phase/test_stream": 0.8984437644481659,
        "Forgetting_Stream/eval_phase/test_stream": {
            "0": -0.007544875144958496,
            "1": -0.003785848617553711,
            "2": -0.005651712417602539,
            "3": -0.0034284591674804688,
            "4": 0.0022878646850585938,
            "5": -0.00039708614349365234,
            "6": -0.0058272480964660645,
            "7": -0.03435564041137695,
            "8": 0.020986616611480713
        },
        "BWT_Stream/eval_phase/test_stream": {
            "0": -0.007544875144958496,
            "1": -0.003785848617553711,
            "2": -0.005651712417602539,
            "3": -0.0034284591674804688,
            "4": 0.0022878646850585938,
            "5": -0.00039708614349365234,
            "6": -0.0058272480964660645,
            "7": -0.03435564041137695,
            "8": 0.020986616611480713
        }
    }
}