{
    "0": {
        "Loss_Exp": 49.408321380615234,
        "RelativeDistance_Exp": 0.867978572845459,
        "R2Score_Exp": 0.8003918528556824,
        "Forgetting_Exp": 0.0848766565322876,
        "BWT_Exp": -0.0848766565322876
    },
    "1": {
        "Loss_Exp": 54.995914459228516,
        "RelativeDistance_Exp": 0.8016929030418396,
        "R2Score_Exp": 0.7789627313613892,
        "Forgetting_Exp": 0.0978860855102539,
        "BWT_Exp": -0.0978860855102539
    },
    "2": {
        "Loss_Exp": 40.360496520996094,
        "RelativeDistance_Exp": 0.744234025478363,
        "R2Score_Exp": 0.8309332728385925,
        "Forgetting_Exp": 0.059774816036224365,
        "BWT_Exp": -0.059774816036224365
    },
    "3": {
        "Loss_Exp": 31.997285842895508,
        "RelativeDistance_Exp": 0.8262207508087158,
        "R2Score_Exp": 0.8728275299072266,
        "Forgetting_Exp": 0.04591667652130127,
        "BWT_Exp": -0.04591667652130127
    },
    "4": {
        "Loss_Exp": 36.560813903808594,
        "RelativeDistance_Exp": 0.8349996209144592,
        "R2Score_Exp": 0.8548152446746826,
        "Forgetting_Exp": 0.037592172622680664,
        "BWT_Exp": -0.037592172622680664
    },
    "5": {
        "Loss_Exp": 37.073753356933594,
        "RelativeDistance_Exp": 0.6896548867225647,
        "R2Score_Exp": 0.8536430597305298,
        "Forgetting_Exp": 0.02132284641265869,
        "BWT_Exp": -0.02132284641265869
    },
    "6": {
        "Loss_Exp": 34.04475021362305,
        "RelativeDistance_Exp": 0.8498824834823608,
        "R2Score_Exp": 0.8674471378326416,
        "Forgetting_Exp": 0.02443021535873413,
        "BWT_Exp": -0.02443021535873413
    },
    "7": {
        "Loss_Exp": 44.37033462524414,
        "RelativeDistance_Exp": 0.6001531481742859,
        "R2Score_Exp": 0.8393149375915527,
        "Forgetting_Exp": 0.038154006004333496,
        "BWT_Exp": -0.038154006004333496
    },
    "8": {
        "Loss_Exp": 35.40660858154297,
        "RelativeDistance_Exp": 0.6418970823287964,
        "R2Score_Exp": 0.8848516941070557,
        "Forgetting_Exp": 0.02051723003387451,
        "BWT_Exp": -0.02051723003387451
    },
    "9": {
        "Loss_Exp": 23.679805755615234,
        "RelativeDistance_Exp": 0.6291898488998413,
        "R2Score_Exp": 0.9195719957351685
    },
    "stream": {
        "Loss_Stream/eval_phase/test_stream": 42.12966290614868,
        "RelativeDistance_Stream/eval_phase/test_stream": 0.7485903322696685,
        "R2Score_Stream/eval_phase/test_stream": 0.8502759456634521,
        "Forgetting_Stream/eval_phase/test_stream": {
            "0": 0.0848766565322876,
            "1": 0.0978860855102539,
            "2": 0.059774816036224365,
            "3": 0.04591667652130127,
            "4": 0.037592172622680664,
            "5": 0.02132284641265869,
            "6": 0.02443021535873413,
            "7": 0.038154006004333496,
            "8": 0.02051723003387451
        },
        "BWT_Stream/eval_phase/test_stream": {
            "0": 0.0848766565322876,
            "1": 0.0978860855102539,
            "2": 0.059774816036224365,
            "3": 0.04591667652130127,
            "4": 0.037592172622680664,
            "5": 0.02132284641265869,
            "6": 0.02443021535873413,
            "7": 0.038154006004333496,
            "8": 0.02051723003387451
        }
    }
}