{
    "0": {
        "Loss_Exp": 0.15336863471313944,
        "BinaryAccuracy_Exp": 0.9531249850988388
    },
    "1": {
        "Loss_Exp": 0.21084888776300229,
        "BinaryAccuracy_Exp": 0.9218724370002747
    },
    "2": {
        "Loss_Exp": 0.16645089697253737,
        "BinaryAccuracy_Exp": 0.9396758437156677
    },
    "3": {
        "Loss_Exp": 0.14044985749061928,
        "BinaryAccuracy_Exp": 0.9491078376770019
    },
    "4": {
        "Loss_Exp": 0.08486447137686078,
        "BinaryAccuracy_Exp": 0.9648168683052063
    },
    "5": {
        "Loss_Exp": 0.1094057842998168,
        "BinaryAccuracy_Exp": 0.9577321807543436
    },
    "6": {
        "Loss_Exp": 0.0825810781832552,
        "BinaryAccuracy_Exp": 0.9694416999816895
    },
    "7": {
        "Loss_Exp": 0.08440341252759592,
        "BinaryAccuracy_Exp": 0.9684811035792033
    },
    "8": {
        "Loss_Exp": 0.09028796288769701,
        "BinaryAccuracy_Exp": 0.9660403331120809
    },
    "9": {
        "Loss_Exp": 0.07249987783195737,
        "BinaryAccuracy_Exp": 0.9720135480165482
    },
    "stream": {
        "Loss_Stream/eval_phase/test_stream": 0.11709856199370773,
        "BinaryAccuracy_Stream/eval_phase/test_stream": 0.9561488317406696
    }
}