{
    "0": {
        "Loss_Exp": 133.5936339796635,
        "RelativeDistance_Exp": 1.1189089119434357,
        "R2Score_Exp": 0.6953733563423157,
        "Forgetting_Exp": 0.18422290682792664,
        "BWT_Exp": -0.18422290682792664
    },
    "1": {
        "Loss_Exp": 78.5484559720538,
        "RelativeDistance_Exp": 1.8631856441497803,
        "R2Score_Exp": 0.7731088697910309,
        "Forgetting_Exp": 0.12331333756446838,
        "BWT_Exp": -0.12331333756446838
    },
    "2": {
        "Loss_Exp": 62.800374448165265,
        "RelativeDistance_Exp": 0.8945196270942688,
        "R2Score_Exp": 0.7978466153144836,
        "Forgetting_Exp": 0.03488304217656457,
        "BWT_Exp": -0.03488304217656457
    },
    "3": {
        "Loss_Exp": 47.294111065138,
        "RelativeDistance_Exp": 0.7907356023788452,
        "R2Score_Exp": 0.8435079455375671,
        "Forgetting_Exp": 0.015638142824172974,
        "BWT_Exp": -0.015638142824172974
    },
    "4": {
        "Loss_Exp": 44.726448368730516,
        "RelativeDistance_Exp": 1.016239121556282,
        "R2Score_Exp": 0.8524416983127594,
        "Forgetting_Exp": -0.003076508641242981,
        "BWT_Exp": 0.003076508641242981
    },
    "5": {
        "Loss_Exp": 45.67561705216117,
        "RelativeDistance_Exp": 0.8413406809171041,
        "R2Score_Exp": 0.8217903176943461,
        "Forgetting_Exp": 0.02305855353673303,
        "BWT_Exp": -0.02305855353673303
    },
    "6": {
        "Loss_Exp": 56.289197477155824,
        "RelativeDistance_Exp": 0.8482538859049479,
        "R2Score_Exp": 0.8309870958328247,
        "Forgetting_Exp": 0.01721090078353882,
        "BWT_Exp": -0.01721090078353882
    },
    "7": {
        "Loss_Exp": 37.70878601074219,
        "RelativeDistance_Exp": 0.8346395492553711,
        "R2Score_Exp": 0.8513097763061523,
        "Forgetting_Exp": 0.020053833723068237,
        "BWT_Exp": -0.020053833723068237
    },
    "8": {
        "Loss_Exp": 48.4488209464604,
        "RelativeDistance_Exp": 1.1495340466499329,
        "R2Score_Exp": 0.8431847393512726,
        "Forgetting_Exp": -0.02681979537010193,
        "BWT_Exp": 0.02681979537010193
    },
    "9": {
        "Loss_Exp": 58.78505978446476,
        "RelativeDistance_Exp": 0.9585931301116943,
        "R2Score_Exp": 0.8403178453445435
    },
    "stream": {
        "Loss_Stream/eval_phase/test_stream": 59.98486383810412,
        "RelativeDistance_Stream/eval_phase/test_stream": 1.0172438869873683,
        "R2Score_Stream/eval_phase/test_stream": 0.8168305903673172,
        "Forgetting_Stream/eval_phase/test_stream": {
            "0": 0.18422290682792664,
            "1": 0.12331333756446838,
            "2": 0.03488304217656457,
            "3": 0.015638142824172974,
            "4": -0.003076508641242981,
            "5": 0.02305855353673303,
            "6": 0.01721090078353882,
            "7": 0.020053833723068237,
            "8": -0.02681979537010193
        },
        "BWT_Stream/eval_phase/test_stream": {
            "0": 0.18422290682792664,
            "1": 0.12331333756446838,
            "2": 0.03488304217656457,
            "3": 0.015638142824172974,
            "4": -0.003076508641242981,
            "5": 0.02305855353673303,
            "6": 0.01721090078353882,
            "7": 0.020053833723068237,
            "8": -0.02681979537010193
        }
    }
}