{
    "0": {
        "Loss_Exp": 78.68761678891612,
        "RelativeDistance_Exp": 0.9248441338539124,
        "R2Score_Exp": 0.6560587644577026,
        "Forgetting_Exp": 0.23255537748336796,
        "BWT_Exp": -0.23255537748336796
    },
    "1": {
        "Loss_Exp": 80.35053117645963,
        "RelativeDistance_Exp": 0.9348321119944255,
        "R2Score_Exp": 0.6694488366444905,
        "Forgetting_Exp": 0.2301621278127035,
        "BWT_Exp": -0.2301621278127035
    },
    "2": {
        "Loss_Exp": 55.4446570081074,
        "RelativeDistance_Exp": 0.7212446928024292,
        "R2Score_Exp": 0.764442828985361,
        "Forgetting_Exp": 0.1495094115917499,
        "BWT_Exp": -0.1495094115917499
    },
    "3": {
        "Loss_Exp": 40.01139420253534,
        "RelativeDistance_Exp": 0.694740871588389,
        "R2Score_Exp": 0.8409391111797757,
        "Forgetting_Exp": 0.10320732328626836,
        "BWT_Exp": -0.10320732328626836
    },
    "4": {
        "Loss_Exp": 49.85702186940438,
        "RelativeDistance_Exp": 0.6303408060755048,
        "R2Score_Exp": 0.7735977939196995,
        "Forgetting_Exp": 0.1478668706757682,
        "BWT_Exp": -0.1478668706757682
    },
    "5": {
        "Loss_Exp": 44.198582917188475,
        "RelativeDistance_Exp": 0.5829419245322546,
        "R2Score_Exp": 0.8248909910519918,
        "Forgetting_Exp": 0.07579905788103736,
        "BWT_Exp": -0.07579905788103736
    },
    "6": {
        "Loss_Exp": 43.404428107347584,
        "RelativeDistance_Exp": 0.6586106568574905,
        "R2Score_Exp": 0.8298273012042046,
        "Forgetting_Exp": 0.0755738615989685,
        "BWT_Exp": -0.0755738615989685
    },
    "7": {
        "Loss_Exp": 47.00719018147178,
        "RelativeDistance_Exp": 0.4983271658420563,
        "R2Score_Exp": 0.8375293016433716,
        "Forgetting_Exp": 0.06382088363170624,
        "BWT_Exp": -0.06382088363170624
    },
    "8": {
        "Loss_Exp": 27.006417344939333,
        "RelativeDistance_Exp": 0.4332674245039622,
        "R2Score_Exp": 0.9084136088689169,
        "Forgetting_Exp": 0.022253592809041267,
        "BWT_Exp": -0.022253592809041267
    },
    "9": {
        "Loss_Exp": 19.204779581109243,
        "RelativeDistance_Exp": 0.41008180379867554,
        "R2Score_Exp": 0.9195752739906311
    },
    "stream": {
        "Loss_Stream/eval_phase/test_stream": 56.627954059494854,
        "RelativeDistance_Stream/eval_phase/test_stream": 0.7183367595260526,
        "R2Score_Stream/eval_phase/test_stream": 0.7700778231208707,
        "Forgetting_Stream/eval_phase/test_stream": {
            "0": 0.23255537748336796,
            "1": 0.2301621278127035,
            "2": 0.1495094115917499,
            "3": 0.10320732328626836,
            "4": 0.1478668706757682,
            "5": 0.07579905788103736,
            "6": 0.0755738615989685,
            "7": 0.06382088363170624,
            "8": 0.022253592809041267
        },
        "BWT_Stream/eval_phase/test_stream": {
            "0": 0.23255537748336796,
            "1": 0.2301621278127035,
            "2": 0.1495094115917499,
            "3": 0.10320732328626836,
            "4": 0.1478668706757682,
            "5": 0.07579905788103736,
            "6": 0.0755738615989685,
            "7": 0.06382088363170624,
            "8": 0.022253592809041267
        }
    }
}