{
    "0": {
        "Loss_Exp": 68.54923212463251,
        "Time_Exp": 0.5070664000013494,
        "RelativeDistance_Exp": 1.2897097170352936,
        "R2Score_Exp": 0.7133155882358551,
        "Forgetting_Exp": 0.17723985910415652,
        "BWT_Exp": -0.17723985910415652
    },
    "1": {
        "Loss_Exp": 68.05726129424211,
        "Time_Exp": 0.525721900001372,
        "RelativeDistance_Exp": 1.0888222098350524,
        "R2Score_Exp": 0.7392020702362061,
        "Forgetting_Exp": 0.09112993081410725,
        "BWT_Exp": -0.09112993081410725
    },
    "2": {
        "Loss_Exp": 47.63770583014353,
        "Time_Exp": 0.42976959999941755,
        "RelativeDistance_Exp": 1.0866205325493445,
        "R2Score_Exp": 0.8027321925530067,
        "Forgetting_Exp": 0.061623917176173326,
        "BWT_Exp": -0.061623917176173326
    },
    "3": {
        "Loss_Exp": 41.02032290004596,
        "Time_Exp": 0.49904939999760245,
        "RelativeDistance_Exp": 1.1529851357142131,
        "R2Score_Exp": 0.8446112672487894,
        "Forgetting_Exp": 0.056283288531833287,
        "BWT_Exp": -0.056283288531833287
    },
    "4": {
        "Loss_Exp": 46.49488439004888,
        "Time_Exp": 0.20691939999960596,
        "RelativeDistance_Exp": 1.053963073662349,
        "R2Score_Exp": 0.8222500767026629,
        "Forgetting_Exp": 0.058012102331433946,
        "BWT_Exp": -0.058012102331433946
    },
    "5": {
        "Loss_Exp": 42.192880793016954,
        "Time_Exp": 0.23469439999826136,
        "RelativeDistance_Exp": 0.9134999215602875,
        "R2Score_Exp": 0.8429445525010427,
        "Forgetting_Exp": 0.01901937524477637,
        "BWT_Exp": -0.01901937524477637
    },
    "6": {
        "Loss_Exp": 39.99071577627162,
        "Time_Exp": 0.24321039999995264,
        "RelativeDistance_Exp": 1.1185620427131653,
        "R2Score_Exp": 0.8504937365651131,
        "Forgetting_Exp": 0.029760003089904785,
        "BWT_Exp": -0.029760003089904785
    },
    "7": {
        "Loss_Exp": 52.31194764802013,
        "Time_Exp": 0.2865841000020737,
        "RelativeDistance_Exp": 0.8182358965277672,
        "R2Score_Exp": 0.8245395421981812,
        "Forgetting_Exp": 0.04395844787359238,
        "BWT_Exp": -0.04395844787359238
    },
    "8": {
        "Loss_Exp": 36.45742512318233,
        "Time_Exp": 0.06787679999979446,
        "RelativeDistance_Exp": 0.6807188193003336,
        "R2Score_Exp": 0.8692472577095032,
        "Forgetting_Exp": 0.042741676171620724,
        "BWT_Exp": -0.042741676171620724
    },
    "9": {
        "Loss_Exp": 21.4516940532509,
        "Time_Exp": 0.03304030000072089,
        "RelativeDistance_Exp": 0.6310456693172455,
        "R2Score_Exp": 0.9171191453933716
    },
    "stream": {
        "Loss_Stream/eval_phase/test_stream": 51.83897651313134,
        "Time_Stream/eval_phase/test_stream": 3.084100500000204,
        "RelativeDistance_Stream/eval_phase/test_stream": 1.0541942693569042,
        "R2Score_Stream/eval_phase/test_stream": 0.8014058146947696,
        "Forgetting_Stream/eval_phase/test_stream": {
            "0": 0.17723985910415652,
            "1": 0.09112993081410725,
            "2": 0.061623917176173326,
            "3": 0.056283288531833287,
            "4": 0.058012102331433946,
            "5": 0.01901937524477637,
            "6": 0.029760003089904785,
            "7": 0.04395844787359238,
            "8": 0.042741676171620724
        },
        "BWT_Stream/eval_phase/test_stream": {
            "0": 0.17723985910415652,
            "1": 0.09112993081410725,
            "2": 0.061623917176173326,
            "3": 0.056283288531833287,
            "4": 0.058012102331433946,
            "5": 0.01901937524477637,
            "6": 0.029760003089904785,
            "7": 0.04395844787359238,
            "8": 0.042741676171620724
        }
    }
}