{
    "0": {
        "Loss_Exp": 66.34642083829804,
        "RelativeDistance_Exp": 1.3407159209251405,
        "R2Score_Exp": 0.7229612171649933,
        "Forgetting_Exp": 0.12763714194297793,
        "BWT_Exp": -0.12763714194297793
    },
    "1": {
        "Loss_Exp": 71.51632310572778,
        "RelativeDistance_Exp": 1.3482817888259888,
        "R2Score_Exp": 0.7244758089383443,
        "Forgetting_Exp": 0.12739317814509077,
        "BWT_Exp": -0.12739317814509077
    },
    "2": {
        "Loss_Exp": 48.316449045076794,
        "RelativeDistance_Exp": 1.0426252576021047,
        "R2Score_Exp": 0.8001722785142752,
        "Forgetting_Exp": 0.07260987391838658,
        "BWT_Exp": -0.07260987391838658
    },
    "3": {
        "Loss_Exp": 36.20322506336804,
        "RelativeDistance_Exp": 1.0591726170645819,
        "R2Score_Exp": 0.8602993488311768,
        "Forgetting_Exp": 0.048244602150387284,
        "BWT_Exp": -0.048244602150387284
    },
    "4": {
        "Loss_Exp": 43.51803563117828,
        "RelativeDistance_Exp": 0.9680198771612984,
        "R2Score_Exp": 0.8352769953863961,
        "Forgetting_Exp": 0.04858963830130447,
        "BWT_Exp": -0.04858963830130447
    },
    "5": {
        "Loss_Exp": 43.22216812459473,
        "RelativeDistance_Exp": 0.8342557450135549,
        "R2Score_Exp": 0.8361314634482065,
        "Forgetting_Exp": 0.03679134448369348,
        "BWT_Exp": -0.03679134448369348
    },
    "6": {
        "Loss_Exp": 37.130923813519836,
        "RelativeDistance_Exp": 1.0440499186515808,
        "R2Score_Exp": 0.8598375990986824,
        "Forgetting_Exp": 0.029480740427970886,
        "BWT_Exp": -0.029480740427970886
    },
    "7": {
        "Loss_Exp": 45.85886828381308,
        "RelativeDistance_Exp": 0.7624942436814308,
        "R2Score_Exp": 0.844936728477478,
        "Forgetting_Exp": 0.03602802753448486,
        "BWT_Exp": -0.03602802753448486
    },
    "8": {
        "Loss_Exp": 33.504674907122364,
        "RelativeDistance_Exp": 0.7073326110839844,
        "R2Score_Exp": 0.8792154391606649,
        "Forgetting_Exp": 0.036926547686258915,
        "BWT_Exp": -0.036926547686258915
    },
    "9": {
        "Loss_Exp": 22.240726724857385,
        "RelativeDistance_Exp": 0.6553693115711212,
        "R2Score_Exp": 0.9166371524333954
    },
    "stream": {
        "Loss_Stream/eval_phase/test_stream": 50.654782566415356,
        "RelativeDistance_Stream/eval_phase/test_stream": 1.066479398880476,
        "R2Score_Stream/eval_phase/test_stream": 0.8051176056449796,
        "Forgetting_Stream/eval_phase/test_stream": {
            "0": 0.12763714194297793,
            "1": 0.12739317814509077,
            "2": 0.07260987391838658,
            "3": 0.048244602150387284,
            "4": 0.04858963830130447,
            "5": 0.03679134448369348,
            "6": 0.029480740427970886,
            "7": 0.03602802753448486,
            "8": 0.036926547686258915
        },
        "BWT_Stream/eval_phase/test_stream": {
            "0": 0.12763714194297793,
            "1": 0.12739317814509077,
            "2": 0.07260987391838658,
            "3": 0.048244602150387284,
            "4": 0.04858963830130447,
            "5": 0.03679134448369348,
            "6": 0.029480740427970886,
            "7": 0.03602802753448486,
            "8": 0.036926547686258915
        }
    }
}