{
    "0": {
        "Loss_Exp": 43.742401123046875,
        "RelativeDistance_Exp": 0.9079298377037048,
        "R2Score_Exp": 0.8107285499572754,
        "Forgetting_Exp": 0.0785112977027893,
        "BWT_Exp": -0.0785112977027893
    },
    "1": {
        "Loss_Exp": 48.58403778076172,
        "RelativeDistance_Exp": 0.8162456154823303,
        "R2Score_Exp": 0.8035030364990234,
        "Forgetting_Exp": 0.0747254490852356,
        "BWT_Exp": -0.0747254490852356
    },
    "2": {
        "Loss_Exp": 37.08549499511719,
        "RelativeDistance_Exp": 0.7602369785308838,
        "R2Score_Exp": 0.8421797752380371,
        "Forgetting_Exp": 0.04993712902069092,
        "BWT_Exp": -0.04993712902069092
    },
    "3": {
        "Loss_Exp": 31.52937126159668,
        "RelativeDistance_Exp": 0.7413158416748047,
        "R2Score_Exp": 0.8775948286056519,
        "Forgetting_Exp": 0.04356461763381958,
        "BWT_Exp": -0.04356461763381958
    },
    "4": {
        "Loss_Exp": 39.37648391723633,
        "RelativeDistance_Exp": 0.7012869715690613,
        "R2Score_Exp": 0.8425557613372803,
        "Forgetting_Exp": 0.05493450164794922,
        "BWT_Exp": -0.05493450164794922
    },
    "5": {
        "Loss_Exp": 36.29665756225586,
        "RelativeDistance_Exp": 0.6080106496810913,
        "R2Score_Exp": 0.8612377047538757,
        "Forgetting_Exp": 0.023769080638885498,
        "BWT_Exp": -0.023769080638885498
    },
    "6": {
        "Loss_Exp": 34.14841079711914,
        "RelativeDistance_Exp": 0.718367874622345,
        "R2Score_Exp": 0.870304524898529,
        "Forgetting_Exp": 0.02964603900909424,
        "BWT_Exp": -0.02964603900909424
    },
    "7": {
        "Loss_Exp": 48.4510383605957,
        "RelativeDistance_Exp": 0.5421470403671265,
        "R2Score_Exp": 0.8289395570755005,
        "Forgetting_Exp": 0.05422163009643555,
        "BWT_Exp": -0.05422163009643555
    },
    "8": {
        "Loss_Exp": 29.78972816467285,
        "RelativeDistance_Exp": 0.521155834197998,
        "R2Score_Exp": 0.8999118804931641,
        "Forgetting_Exp": 0.01206815242767334,
        "BWT_Exp": -0.01206815242767334
    },
    "9": {
        "Loss_Exp": 20.938974380493164,
        "RelativeDistance_Exp": 0.47331702709198,
        "R2Score_Exp": 0.9287075996398926
    },
    "stream": {
        "Loss_Stream/eval_phase/test_stream": 39.95793953349884,
        "RelativeDistance_Stream/eval_phase/test_stream": 0.6790013670921325,
        "R2Score_Stream/eval_phase/test_stream": 0.856566321849823,
        "Forgetting_Stream/eval_phase/test_stream": {
            "0": 0.0785112977027893,
            "1": 0.0747254490852356,
            "2": 0.04993712902069092,
            "3": 0.04356461763381958,
            "4": 0.05493450164794922,
            "5": 0.023769080638885498,
            "6": 0.02964603900909424,
            "7": 0.05422163009643555,
            "8": 0.01206815242767334
        },
        "BWT_Stream/eval_phase/test_stream": {
            "0": 0.0785112977027893,
            "1": 0.0747254490852356,
            "2": 0.04993712902069092,
            "3": 0.04356461763381958,
            "4": 0.05493450164794922,
            "5": 0.023769080638885498,
            "6": 0.02964603900909424,
            "7": 0.05422163009643555,
            "8": 0.01206815242767334
        }
    }
}