{
    "0": {
        "Loss_Exp": 73.26183912169259,
        "Time_Exp": 0.3098930999985896,
        "RelativeDistance_Exp": 1.4649237513542175,
        "R2Score_Exp": 0.6960227847099304,
        "Forgetting_Exp": 0.19188819527626044,
        "BWT_Exp": -0.19188819527626044
    },
    "1": {
        "Loss_Exp": 71.88227406268743,
        "Time_Exp": 0.3124500999983866,
        "RelativeDistance_Exp": 1.4831568956375123,
        "R2Score_Exp": 0.731037684281667,
        "Forgetting_Exp": 0.05221758286158251,
        "BWT_Exp": -0.05221758286158251
    },
    "2": {
        "Loss_Exp": 51.57964779847338,
        "Time_Exp": 0.20318050000059884,
        "RelativeDistance_Exp": 1.4498929610619178,
        "R2Score_Exp": 0.7894514707418588,
        "Forgetting_Exp": 0.018999686607947708,
        "BWT_Exp": -0.018999686607947708
    },
    "3": {
        "Loss_Exp": 42.109751387914244,
        "Time_Exp": 0.2666765000030864,
        "RelativeDistance_Exp": 1.527043792936537,
        "R2Score_Exp": 0.8433319528897604,
        "Forgetting_Exp": 0.02278790871302283,
        "BWT_Exp": -0.02278790871302283
    },
    "4": {
        "Loss_Exp": 50.731024704358695,
        "Time_Exp": 0.08841219999885652,
        "RelativeDistance_Exp": 1.4166096959795271,
        "R2Score_Exp": 0.8132412518773761,
        "Forgetting_Exp": 0.030688038894108316,
        "BWT_Exp": -0.030688038894108316
    },
    "5": {
        "Loss_Exp": 45.4414268793892,
        "Time_Exp": 0.0900714000017615,
        "RelativeDistance_Exp": 1.2916387518246968,
        "R2Score_Exp": 0.8330409228801727,
        "Forgetting_Exp": 0.004201690355936649,
        "BWT_Exp": -0.004201690355936649
    },
    "6": {
        "Loss_Exp": 41.63098527691389,
        "Time_Exp": 0.12121740000293357,
        "RelativeDistance_Exp": 1.5496907532215118,
        "R2Score_Exp": 0.8468302562832832,
        "Forgetting_Exp": 0.006406873464584351,
        "BWT_Exp": -0.006406873464584351
    },
    "7": {
        "Loss_Exp": 56.3963708470365,
        "Time_Exp": 0.11180379999859724,
        "RelativeDistance_Exp": 1.1114791482686996,
        "R2Score_Exp": 0.8126758635044098,
        "Forgetting_Exp": 0.018654920160770416,
        "BWT_Exp": -0.018654920160770416
    },
    "8": {
        "Loss_Exp": 36.357006148276604,
        "Time_Exp": 0.03285590000450611,
        "RelativeDistance_Exp": 0.9758652249972025,
        "R2Score_Exp": 0.8775378266970316,
        "Forgetting_Exp": 0.02917281786600756,
        "BWT_Exp": -0.02917281786600756
    },
    "9": {
        "Loss_Exp": 21.527578356904577,
        "Time_Exp": 0.019280200001958292,
        "RelativeDistance_Exp": 1.130723088979721,
        "R2Score_Exp": 0.9209179580211639
    },
    "stream": {
        "Loss_Stream/eval_phase/test_stream": 55.096155991311086,
        "Time_Stream/eval_phase/test_stream": 1.5836074999970151,
        "RelativeDistance_Stream/eval_phase/test_stream": 1.4028777163705708,
        "R2Score_Stream/eval_phase/test_stream": 0.7928405242201723,
        "Forgetting_Stream/eval_phase/test_stream": {
            "0": 0.19188819527626044,
            "1": 0.05221758286158251,
            "2": 0.018999686607947708,
            "3": 0.02278790871302283,
            "4": 0.030688038894108316,
            "5": 0.004201690355936649,
            "6": 0.006406873464584351,
            "7": 0.018654920160770416,
            "8": 0.02917281786600756
        },
        "BWT_Stream/eval_phase/test_stream": {
            "0": 0.19188819527626044,
            "1": 0.05221758286158251,
            "2": 0.018999686607947708,
            "3": 0.02278790871302283,
            "4": 0.030688038894108316,
            "5": 0.004201690355936649,
            "6": 0.006406873464584351,
            "7": 0.018654920160770416,
            "8": 0.02917281786600756
        }
    }
}