{
    "0": {
        "Loss_Exp": 69.07360803376204,
        "RelativeDistance_Exp": 1.1973301708698272,
        "R2Score_Exp": 0.7207946181297302,
        "Forgetting_Exp": 0.1220094740390778,
        "BWT_Exp": -0.1220094740390778
    },
    "1": {
        "Loss_Exp": 76.2067866664902,
        "RelativeDistance_Exp": 1.1718678236007691,
        "R2Score_Exp": 0.7210022409756979,
        "Forgetting_Exp": 0.13023023207982376,
        "BWT_Exp": -0.13023023207982376
    },
    "2": {
        "Loss_Exp": 50.116002426849086,
        "RelativeDistance_Exp": 0.9315167894730201,
        "R2Score_Exp": 0.8018286044781024,
        "Forgetting_Exp": 0.06918240968997669,
        "BWT_Exp": -0.06918240968997669
    },
    "3": {
        "Loss_Exp": 37.55314458558418,
        "RelativeDistance_Exp": 0.9711175428496467,
        "R2Score_Exp": 0.8618718054559495,
        "Forgetting_Exp": 0.04655652576022684,
        "BWT_Exp": -0.04655652576022684
    },
    "4": {
        "Loss_Exp": 44.97842310773499,
        "RelativeDistance_Exp": 0.8708499499729702,
        "R2Score_Exp": 0.8343525273459298,
        "Forgetting_Exp": 0.0466751967157637,
        "BWT_Exp": -0.0466751967157637
    },
    "5": {
        "Loss_Exp": 43.44947855906306,
        "RelativeDistance_Exp": 0.7138365904490153,
        "R2Score_Exp": 0.840804914633433,
        "Forgetting_Exp": 0.030969301859537834,
        "BWT_Exp": -0.030969301859537834
    },
    "6": {
        "Loss_Exp": 38.56799518880088,
        "RelativeDistance_Exp": 0.8599537909030914,
        "R2Score_Exp": 0.8614155873656273,
        "Forgetting_Exp": 0.028401315212249756,
        "BWT_Exp": -0.028401315212249756
    },
    "7": {
        "Loss_Exp": 46.37444238919488,
        "RelativeDistance_Exp": 0.6686098128557205,
        "R2Score_Exp": 0.8445775583386421,
        "Forgetting_Exp": 0.033994160592556,
        "BWT_Exp": -0.033994160592556
    },
    "8": {
        "Loss_Exp": 35.40196592165495,
        "RelativeDistance_Exp": 0.5648923516273499,
        "R2Score_Exp": 0.877021590868632,
        "Forgetting_Exp": 0.03670990467071533,
        "BWT_Exp": -0.03670990467071533
    },
    "9": {
        "Loss_Exp": 22.464252236150145,
        "RelativeDistance_Exp": 0.546741396188736,
        "R2Score_Exp": 0.9191609621047974
    },
    "stream": {
        "Loss_Stream/eval_phase/test_stream": 52.74605349551532,
        "RelativeDistance_Stream/eval_phase/test_stream": 0.9357621368066764,
        "R2Score_Stream/eval_phase/test_stream": 0.8050151474681901,
        "Forgetting_Stream/eval_phase/test_stream": {
            "0": 0.1220094740390778,
            "1": 0.13023023207982376,
            "2": 0.06918240968997669,
            "3": 0.04655652576022684,
            "4": 0.0466751967157637,
            "5": 0.030969301859537834,
            "6": 0.028401315212249756,
            "7": 0.033994160592556,
            "8": 0.03670990467071533
        },
        "BWT_Stream/eval_phase/test_stream": {
            "0": 0.1220094740390778,
            "1": 0.13023023207982376,
            "2": 0.06918240968997669,
            "3": 0.04655652576022684,
            "4": 0.0466751967157637,
            "5": 0.030969301859537834,
            "6": 0.028401315212249756,
            "7": 0.033994160592556,
            "8": 0.03670990467071533
        }
    }
}