{
    "0": {
        "Loss_Exp": 76.79184917989932,
        "RelativeDistance_Exp": 0.6529711484909058,
        "R2Score_Exp": 0.7297057807445526,
        "Forgetting_Exp": 0.1215927004814148,
        "BWT_Exp": -0.1215927004814148
    },
    "1": {
        "Loss_Exp": 35.89158741472887,
        "RelativeDistance_Exp": 0.6257895231246948,
        "R2Score_Exp": 0.8545412123203278,
        "Forgetting_Exp": 0.04153090715408325,
        "BWT_Exp": -0.04153090715408325
    },
    "2": {
        "Loss_Exp": 48.75309011474246,
        "RelativeDistance_Exp": 0.518811047077179,
        "R2Score_Exp": 0.7993414004643759,
        "Forgetting_Exp": 0.03922053178151441,
        "BWT_Exp": -0.03922053178151441
    },
    "3": {
        "Loss_Exp": 33.8628133547378,
        "RelativeDistance_Exp": 0.45635855197906494,
        "R2Score_Exp": 0.860672116279602,
        "Forgetting_Exp": 0.01752316951751709,
        "BWT_Exp": -0.01752316951751709
    },
    "4": {
        "Loss_Exp": 26.434431456199185,
        "RelativeDistance_Exp": 0.4837140589952469,
        "R2Score_Exp": 0.867130771279335,
        "Forgetting_Exp": 0.028435006737709045,
        "BWT_Exp": -0.028435006737709045
    },
    "5": {
        "Loss_Exp": 29.082563151929204,
        "RelativeDistance_Exp": 0.4642706314722697,
        "R2Score_Exp": 0.8437702059745789,
        "Forgetting_Exp": 0.05107855796813965,
        "BWT_Exp": -0.05107855796813965
    },
    "6": {
        "Loss_Exp": 32.70740677904454,
        "RelativeDistance_Exp": 0.5027823249499003,
        "R2Score_Exp": 0.8638655543327332,
        "Forgetting_Exp": 0.0008171796798706055,
        "BWT_Exp": -0.0008171796798706055
    },
    "7": {
        "Loss_Exp": 29.165552810386377,
        "RelativeDistance_Exp": 0.38506002724170685,
        "R2Score_Exp": 0.8941729366779327,
        "Forgetting_Exp": 0.027248412370681763,
        "BWT_Exp": -0.027248412370681763
    },
    "8": {
        "Loss_Exp": 30.300470860400544,
        "RelativeDistance_Exp": 0.4510592520236969,
        "R2Score_Exp": 0.8766203224658966,
        "Forgetting_Exp": 0.009493023157119751,
        "BWT_Exp": -0.009493023157119751
    },
    "9": {
        "Loss_Exp": 39.471185961024766,
        "RelativeDistance_Exp": 0.5384377837181091,
        "R2Score_Exp": 0.8678110837936401
    },
    "stream": {
        "Loss_Stream/eval_phase/test_stream": 37.54280771804589,
        "RelativeDistance_Stream/eval_phase/test_stream": 0.5044720327854156,
        "R2Score_Stream/eval_phase/test_stream": 0.8462600588798523,
        "Forgetting_Stream/eval_phase/test_stream": {
            "0": 0.1215927004814148,
            "1": 0.04153090715408325,
            "2": 0.03922053178151441,
            "3": 0.01752316951751709,
            "4": 0.028435006737709045,
            "5": 0.05107855796813965,
            "6": 0.0008171796798706055,
            "7": 0.027248412370681763,
            "8": 0.009493023157119751
        },
        "BWT_Stream/eval_phase/test_stream": {
            "0": 0.1215927004814148,
            "1": 0.04153090715408325,
            "2": 0.03922053178151441,
            "3": 0.01752316951751709,
            "4": 0.028435006737709045,
            "5": 0.05107855796813965,
            "6": 0.0008171796798706055,
            "7": 0.027248412370681763,
            "8": 0.009493023157119751
        }
    }
}