{
    "0": {
        "Loss_Exp": 70.03748130238532,
        "Time_Exp": 0.30498480000096606,
        "RelativeDistance_Exp": 1.3465380549430848,
        "R2Score_Exp": 0.7134133040904999,
        "Forgetting_Exp": 0.17714518904685972,
        "BWT_Exp": -0.17714518904685972
    },
    "1": {
        "Loss_Exp": 71.30017066880302,
        "Time_Exp": 0.25319979999767384,
        "RelativeDistance_Exp": 1.4159337202707927,
        "R2Score_Exp": 0.7343254526456197,
        "Forgetting_Exp": 0.0606030543645224,
        "BWT_Exp": -0.0606030543645224
    },
    "2": {
        "Loss_Exp": 50.273098280524216,
        "Time_Exp": 0.19551350000256207,
        "RelativeDistance_Exp": 1.3721443873185377,
        "R2Score_Exp": 0.794370385316702,
        "Forgetting_Exp": 0.02534128610904407,
        "BWT_Exp": -0.02534128610904407
    },
    "3": {
        "Loss_Exp": 43.61323749647718,
        "Time_Exp": 0.14374690000113333,
        "RelativeDistance_Exp": 1.3626077440049913,
        "R2Score_Exp": 0.8391138911247253,
        "Forgetting_Exp": 0.03450312879350448,
        "BWT_Exp": -0.03450312879350448
    },
    "4": {
        "Loss_Exp": 51.543270803442056,
        "Time_Exp": 0.24559069999668282,
        "RelativeDistance_Exp": 1.3053850616727556,
        "R2Score_Exp": 0.8094251326152256,
        "Forgetting_Exp": 0.038782715797424316,
        "BWT_Exp": -0.038782715797424316
    },
    "5": {
        "Loss_Exp": 46.50962193552526,
        "Time_Exp": 0.1022333999935654,
        "RelativeDistance_Exp": 1.2135988771915436,
        "R2Score_Exp": 0.8305446207523346,
        "Forgetting_Exp": 0.00045376022656762327,
        "BWT_Exp": -0.00045376022656762327
    },
    "6": {
        "Loss_Exp": 42.32002830787106,
        "Time_Exp": 0.14002119999349816,
        "RelativeDistance_Exp": 1.4420100897550583,
        "R2Score_Exp": 0.8431432098150253,
        "Forgetting_Exp": 0.00876617431640625,
        "BWT_Exp": -0.00876617431640625
    },
    "7": {
        "Loss_Exp": 57.83431639890487,
        "Time_Exp": 0.1283832999979495,
        "RelativeDistance_Exp": 1.0684727132320404,
        "R2Score_Exp": 0.8094142824411392,
        "Forgetting_Exp": 0.01778474450111389,
        "BWT_Exp": -0.01778474450111389
    },
    "8": {
        "Loss_Exp": 35.798315337952694,
        "Time_Exp": 0.03298689999792259,
        "RelativeDistance_Exp": 0.8760306636492411,
        "R2Score_Exp": 0.8739250103632609,
        "Forgetting_Exp": 0.02690567572911584,
        "BWT_Exp": -0.02690567572911584
    },
    "9": {
        "Loss_Exp": 22.426013650304732,
        "Time_Exp": 0.02032879999751458,
        "RelativeDistance_Exp": 1.1638877987861633,
        "R2Score_Exp": 0.917687326669693
    },
    "stream": {
        "Loss_Stream/eval_phase/test_stream": 54.896266873719036,
        "Time_Stream/eval_phase/test_stream": 1.6107361000031233,
        "RelativeDistance_Stream/eval_phase/test_stream": 1.31191051595005,
        "R2Score_Stream/eval_phase/test_stream": 0.7945025695694817,
        "Forgetting_Stream/eval_phase/test_stream": {
            "0": 0.17714518904685972,
            "1": 0.0606030543645224,
            "2": 0.02534128610904407,
            "3": 0.03450312879350448,
            "4": 0.038782715797424316,
            "5": 0.00045376022656762327,
            "6": 0.00876617431640625,
            "7": 0.01778474450111389,
            "8": 0.02690567572911584
        },
        "BWT_Stream/eval_phase/test_stream": {
            "0": 0.17714518904685972,
            "1": 0.0606030543645224,
            "2": 0.02534128610904407,
            "3": 0.03450312879350448,
            "4": 0.038782715797424316,
            "5": 0.00045376022656762327,
            "6": 0.00876617431640625,
            "7": 0.01778474450111389,
            "8": 0.02690567572911584
        }
    }
}