{
    "0": {
        "Loss_Exp": 59.35939025878906,
        "RelativeDistance_Exp": 0.6255131959915161,
        "R2Score_Exp": 0.7949436902999878,
        "Forgetting_Exp": 0.05162757635116577,
        "BWT_Exp": -0.05162757635116577
    },
    "1": {
        "Loss_Exp": 32.69049835205078,
        "RelativeDistance_Exp": 0.6244723200798035,
        "R2Score_Exp": 0.8611494302749634,
        "Forgetting_Exp": 0.035620808601379395,
        "BWT_Exp": -0.035620808601379395
    },
    "2": {
        "Loss_Exp": 41.10055923461914,
        "RelativeDistance_Exp": 0.5103774070739746,
        "R2Score_Exp": 0.8230113983154297,
        "Forgetting_Exp": 0.016595959663391113,
        "BWT_Exp": -0.016595959663391113
    },
    "3": {
        "Loss_Exp": 28.88600730895996,
        "RelativeDistance_Exp": 0.45623087882995605,
        "R2Score_Exp": 0.885650634765625,
        "Forgetting_Exp": -0.007903695106506348,
        "BWT_Exp": 0.007903695106506348
    },
    "4": {
        "Loss_Exp": 24.64165687561035,
        "RelativeDistance_Exp": 0.4648205041885376,
        "R2Score_Exp": 0.8837589621543884,
        "Forgetting_Exp": 0.01951014995574951,
        "BWT_Exp": -0.01951014995574951
    },
    "5": {
        "Loss_Exp": 31.592634201049805,
        "RelativeDistance_Exp": 0.47665083408355713,
        "R2Score_Exp": 0.8425600528717041,
        "Forgetting_Exp": 0.0441054105758667,
        "BWT_Exp": -0.0441054105758667
    },
    "6": {
        "Loss_Exp": 30.49850082397461,
        "RelativeDistance_Exp": 0.41165417432785034,
        "R2Score_Exp": 0.8562768697738647,
        "Forgetting_Exp": 0.026896953582763672,
        "BWT_Exp": -0.026896953582763672
    },
    "7": {
        "Loss_Exp": 27.133047103881836,
        "RelativeDistance_Exp": 0.48735740780830383,
        "R2Score_Exp": 0.8742547035217285,
        "Forgetting_Exp": 0.025867342948913574,
        "BWT_Exp": -0.025867342948913574
    },
    "8": {
        "Loss_Exp": 31.800235748291016,
        "RelativeDistance_Exp": 0.3761630058288574,
        "R2Score_Exp": 0.8703444004058838,
        "Forgetting_Exp": 0.022356510162353516,
        "BWT_Exp": -0.022356510162353516
    },
    "9": {
        "Loss_Exp": 36.16238784790039,
        "RelativeDistance_Exp": 0.5536087155342102,
        "R2Score_Exp": 0.8762252330780029
    },
    "stream": {
        "Loss_Stream/eval_phase/test_stream": 33.89153405445929,
        "RelativeDistance_Stream/eval_phase/test_stream": 0.49868484437465666,
        "R2Score_Stream/eval_phase/test_stream": 0.8568175375461579,
        "Forgetting_Stream/eval_phase/test_stream": {
            "0": 0.05162757635116577,
            "1": 0.035620808601379395,
            "2": 0.016595959663391113,
            "3": -0.007903695106506348,
            "4": 0.01951014995574951,
            "5": 0.0441054105758667,
            "6": 0.026896953582763672,
            "7": 0.025867342948913574,
            "8": 0.022356510162353516
        },
        "BWT_Stream/eval_phase/test_stream": {
            "0": 0.05162757635116577,
            "1": 0.035620808601379395,
            "2": 0.016595959663391113,
            "3": -0.007903695106506348,
            "4": 0.01951014995574951,
            "5": 0.0441054105758667,
            "6": 0.026896953582763672,
            "7": 0.025867342948913574,
            "8": 0.022356510162353516
        }
    }
}