{
    "0": {
        "Loss_Exp": 137.57558979235196,
        "RelativeDistance_Exp": 1.074962168931961,
        "R2Score_Exp": 0.689793735742569,
        "Forgetting_Exp": 0.18126320838928223,
        "BWT_Exp": -0.18126320838928223
    },
    "1": {
        "Loss_Exp": 88.6880424061595,
        "RelativeDistance_Exp": 2.277415633201599,
        "R2Score_Exp": 0.7430371940135956,
        "Forgetting_Exp": 0.13506829738616943,
        "BWT_Exp": -0.13506829738616943
    },
    "2": {
        "Loss_Exp": 69.41275083365873,
        "RelativeDistance_Exp": 0.8211742639541626,
        "R2Score_Exp": 0.7764268318812052,
        "Forgetting_Exp": 0.03749372561772668,
        "BWT_Exp": -0.03749372561772668
    },
    "3": {
        "Loss_Exp": 61.32406557316015,
        "RelativeDistance_Exp": 0.6787837445735931,
        "R2Score_Exp": 0.7964630126953125,
        "Forgetting_Exp": 0.03682756423950195,
        "BWT_Exp": -0.03682756423950195
    },
    "4": {
        "Loss_Exp": 53.37826778923645,
        "RelativeDistance_Exp": 0.8124759793281555,
        "R2Score_Exp": 0.8249219506978989,
        "Forgetting_Exp": 0.026876181364059448,
        "BWT_Exp": -0.026876181364059448
    },
    "5": {
        "Loss_Exp": 52.53624111673106,
        "RelativeDistance_Exp": 0.718006948630015,
        "R2Score_Exp": 0.7943493723869324,
        "Forgetting_Exp": 0.032192687193552616,
        "BWT_Exp": -0.032192687193552616
    },
    "6": {
        "Loss_Exp": 73.89536677331226,
        "RelativeDistance_Exp": 0.9034895499547323,
        "R2Score_Exp": 0.7793653210004171,
        "Forgetting_Exp": 0.05030904213587439,
        "BWT_Exp": -0.05030904213587439
    },
    "7": {
        "Loss_Exp": 43.56882858276367,
        "RelativeDistance_Exp": 0.728439450263977,
        "R2Score_Exp": 0.8282029032707214,
        "Forgetting_Exp": 0.03340819478034973,
        "BWT_Exp": -0.03340819478034973
    },
    "8": {
        "Loss_Exp": 59.92396730040313,
        "RelativeDistance_Exp": 1.7274767756462097,
        "R2Score_Exp": 0.7999477684497833,
        "Forgetting_Exp": -0.002199828624725342,
        "BWT_Exp": 0.002199828624725342
    },
    "9": {
        "Loss_Exp": 59.97248391388469,
        "RelativeDistance_Exp": 0.894820898771286,
        "R2Score_Exp": 0.8354886472225189
    },
    "stream": {
        "Loss_Stream/eval_phase/test_stream": 68.71353881652571,
        "RelativeDistance_Stream/eval_phase/test_stream": 1.0255530873934429,
        "R2Score_Stream/eval_phase/test_stream": 0.7878239999214808,
        "Forgetting_Stream/eval_phase/test_stream": {
            "0": 0.18126320838928223,
            "1": 0.13506829738616943,
            "2": 0.03749372561772668,
            "3": 0.03682756423950195,
            "4": 0.026876181364059448,
            "5": 0.032192687193552616,
            "6": 0.05030904213587439,
            "7": 0.03340819478034973,
            "8": -0.002199828624725342
        },
        "BWT_Stream/eval_phase/test_stream": {
            "0": 0.18126320838928223,
            "1": 0.13506829738616943,
            "2": 0.03749372561772668,
            "3": 0.03682756423950195,
            "4": 0.026876181364059448,
            "5": 0.032192687193552616,
            "6": 0.05030904213587439,
            "7": 0.03340819478034973,
            "8": -0.002199828624725342
        }
    }
}