{
    "0": {
        "Loss_Exp": 44.895851135253906,
        "RelativeDistance_Exp": 0.971764326095581,
        "R2Score_Exp": 0.7928029298782349,
        "Forgetting_Exp": 0.09057515859603882,
        "BWT_Exp": -0.09057515859603882
    },
    "1": {
        "Loss_Exp": 50.324462890625,
        "RelativeDistance_Exp": 0.8829901218414307,
        "R2Score_Exp": 0.7917916178703308,
        "Forgetting_Exp": 0.04211312532424927,
        "BWT_Exp": -0.04211312532424927
    },
    "2": {
        "Loss_Exp": 39.135894775390625,
        "RelativeDistance_Exp": 0.8792793154716492,
        "R2Score_Exp": 0.8300246000289917,
        "Forgetting_Exp": 0.034054577350616455,
        "BWT_Exp": -0.034054577350616455
    },
    "3": {
        "Loss_Exp": 39.55953598022461,
        "RelativeDistance_Exp": 1.2674885988235474,
        "R2Score_Exp": 0.8413151502609253,
        "Forgetting_Exp": 0.0495227575302124,
        "BWT_Exp": -0.0495227575302124
    },
    "4": {
        "Loss_Exp": 43.27376937866211,
        "RelativeDistance_Exp": 0.9556150436401367,
        "R2Score_Exp": 0.8249318599700928,
        "Forgetting_Exp": 0.04026329517364502,
        "BWT_Exp": -0.04026329517364502
    },
    "5": {
        "Loss_Exp": 38.85325622558594,
        "RelativeDistance_Exp": 0.7396572232246399,
        "R2Score_Exp": 0.8518442511558533,
        "Forgetting_Exp": -0.004439353942871094,
        "BWT_Exp": 0.004439353942871094
    },
    "6": {
        "Loss_Exp": 35.49929428100586,
        "RelativeDistance_Exp": 0.8777044415473938,
        "R2Score_Exp": 0.8680386543273926,
        "Forgetting_Exp": 0.010226726531982422,
        "BWT_Exp": -0.010226726531982422
    },
    "7": {
        "Loss_Exp": 50.44477462768555,
        "RelativeDistance_Exp": 0.6457497477531433,
        "R2Score_Exp": 0.8250137567520142,
        "Forgetting_Exp": 0.029976248741149902,
        "BWT_Exp": -0.029976248741149902
    },
    "8": {
        "Loss_Exp": 37.13185501098633,
        "RelativeDistance_Exp": 0.6864678859710693,
        "R2Score_Exp": 0.877089262008667,
        "Forgetting_Exp": 0.019674837589263916,
        "BWT_Exp": -0.019674837589263916
    },
    "9": {
        "Loss_Exp": 29.80522346496582,
        "RelativeDistance_Exp": 0.7222309708595276,
        "R2Score_Exp": 0.9056618213653564
    },
    "stream": {
        "Loss_Stream/eval_phase/test_stream": 42.877833690471654,
        "RelativeDistance_Stream/eval_phase/test_stream": 0.8628947675228119,
        "R2Score_Stream/eval_phase/test_stream": 0.8408513903617859,
        "Forgetting_Stream/eval_phase/test_stream": {
            "0": 0.09057515859603882,
            "1": 0.04211312532424927,
            "2": 0.034054577350616455,
            "3": 0.0495227575302124,
            "4": 0.04026329517364502,
            "5": -0.004439353942871094,
            "6": 0.010226726531982422,
            "7": 0.029976248741149902,
            "8": 0.019674837589263916
        },
        "BWT_Stream/eval_phase/test_stream": {
            "0": 0.09057515859603882,
            "1": 0.04211312532424927,
            "2": 0.034054577350616455,
            "3": 0.0495227575302124,
            "4": 0.04026329517364502,
            "5": -0.004439353942871094,
            "6": 0.010226726531982422,
            "7": 0.029976248741149902,
            "8": 0.019674837589263916
        }
    }
}