{
    "0": {
        "Loss_Exp": 46.39573451907879,
        "RelativeDistance_Exp": 1.0949342131614686,
        "R2Score_Exp": 0.8015793085098266,
        "Forgetting_Exp": 0.0503290593624115,
        "BWT_Exp": -0.0503290593624115
    },
    "1": {
        "Loss_Exp": 50.75435818679284,
        "RelativeDistance_Exp": 1.0485961516698201,
        "R2Score_Exp": 0.7947242339452107,
        "Forgetting_Exp": 0.05151398976643884,
        "BWT_Exp": -0.05151398976643884
    },
    "2": {
        "Loss_Exp": 39.59527180338802,
        "RelativeDistance_Exp": 1.0232821565407972,
        "R2Score_Exp": 0.8304410393421466,
        "Forgetting_Exp": 0.03390801869905913,
        "BWT_Exp": -0.03390801869905913
    },
    "3": {
        "Loss_Exp": 32.93920038116672,
        "RelativeDistance_Exp": 1.1312985552681818,
        "R2Score_Exp": 0.8679098553127713,
        "Forgetting_Exp": 0.03737874825795484,
        "BWT_Exp": -0.03737874825795484
    },
    "4": {
        "Loss_Exp": 34.96755610694292,
        "RelativeDistance_Exp": 1.0962531992367335,
        "R2Score_Exp": 0.8665556481906346,
        "Forgetting_Exp": 0.012979975768498075,
        "BWT_Exp": -0.012979975768498075
    },
    "5": {
        "Loss_Exp": 38.80652440045503,
        "RelativeDistance_Exp": 1.0066871047019958,
        "R2Score_Exp": 0.8515711029370626,
        "Forgetting_Exp": 0.017169872919718387,
        "BWT_Exp": -0.017169872919718387
    },
    "6": {
        "Loss_Exp": 33.57216008504232,
        "RelativeDistance_Exp": 1.3104587942361832,
        "R2Score_Exp": 0.8698572739958763,
        "Forgetting_Exp": 0.013652749359607697,
        "BWT_Exp": -0.013652749359607697
    },
    "7": {
        "Loss_Exp": 44.57467636635422,
        "RelativeDistance_Exp": 0.9031585305929184,
        "R2Score_Exp": 0.8448255583643913,
        "Forgetting_Exp": 0.027560867369174957,
        "BWT_Exp": -0.027560867369174957
    },
    "8": {
        "Loss_Exp": 33.06837054423752,
        "RelativeDistance_Exp": 0.8326597015062968,
        "R2Score_Exp": 0.8831985394159952,
        "Forgetting_Exp": 0.02793784936269128,
        "BWT_Exp": -0.02793784936269128
    },
    "9": {
        "Loss_Exp": 21.22889381203145,
        "RelativeDistance_Exp": 0.777709424495697,
        "R2Score_Exp": 0.921483188867569
    },
    "stream": {
        "Loss_Stream/eval_phase/test_stream": 40.779592738046446,
        "RelativeDistance_Stream/eval_phase/test_stream": 1.0572700125199777,
        "R2Score_Stream/eval_phase/test_stream": 0.8386286372019921,
        "Forgetting_Stream/eval_phase/test_stream": {
            "0": 0.0503290593624115,
            "1": 0.05151398976643884,
            "2": 0.03390801869905913,
            "3": 0.03737874825795484,
            "4": 0.012979975768498075,
            "5": 0.017169872919718387,
            "6": 0.013652749359607697,
            "7": 0.027560867369174957,
            "8": 0.02793784936269128
        },
        "BWT_Stream/eval_phase/test_stream": {
            "0": 0.0503290593624115,
            "1": 0.05151398976643884,
            "2": 0.03390801869905913,
            "3": 0.03737874825795484,
            "4": 0.012979975768498075,
            "5": 0.017169872919718387,
            "6": 0.013652749359607697,
            "7": 0.027560867369174957,
            "8": 0.02793784936269128
        }
    }
}