{
    "0": {
        "Loss_Exp": 85.63390624286139,
        "RelativeDistance_Exp": 0.8772114217281342,
        "R2Score_Exp": 0.8058947324752808,
        "Forgetting_Exp": 0.06972122192382812,
        "BWT_Exp": -0.06972122192382812
    },
    "1": {
        "Loss_Exp": 63.666021394252525,
        "RelativeDistance_Exp": 1.598809540271759,
        "R2Score_Exp": 0.8134623169898987,
        "Forgetting_Exp": 0.07075786590576172,
        "BWT_Exp": -0.07075786590576172
    },
    "2": {
        "Loss_Exp": 56.17090137936706,
        "RelativeDistance_Exp": 0.7374944090843201,
        "R2Score_Exp": 0.8197848002115885,
        "Forgetting_Exp": 0.011295874913533566,
        "BWT_Exp": -0.011295874913533566
    },
    "3": {
        "Loss_Exp": 46.74043854021521,
        "RelativeDistance_Exp": 0.6616068780422211,
        "R2Score_Exp": 0.8445164263248444,
        "Forgetting_Exp": 0.017433226108551025,
        "BWT_Exp": -0.017433226108551025
    },
    "4": {
        "Loss_Exp": 48.21589328202481,
        "RelativeDistance_Exp": 0.8116526752710342,
        "R2Score_Exp": 0.8411172330379486,
        "Forgetting_Exp": 0.007208526134490967,
        "BWT_Exp": -0.007208526134490967
    },
    "5": {
        "Loss_Exp": 46.73211205523947,
        "RelativeDistance_Exp": 0.6960336565971375,
        "R2Score_Exp": 0.8180764317512512,
        "Forgetting_Exp": 0.030638257662455204,
        "BWT_Exp": -0.030638257662455204
    },
    "6": {
        "Loss_Exp": 53.51995797213651,
        "RelativeDistance_Exp": 0.7110193173090616,
        "R2Score_Exp": 0.8493485450744629,
        "Forgetting_Exp": -0.013182918230692509,
        "BWT_Exp": 0.013182918230692509
    },
    "7": {
        "Loss_Exp": 36.0262451171875,
        "RelativeDistance_Exp": 0.6604829430580139,
        "R2Score_Exp": 0.8579442501068115,
        "Forgetting_Exp": 0.038731008768081665,
        "BWT_Exp": -0.038731008768081665
    },
    "8": {
        "Loss_Exp": 51.30515332784064,
        "RelativeDistance_Exp": 0.9345979690551758,
        "R2Score_Exp": 0.8279179036617279,
        "Forgetting_Exp": 0.009263277053833008,
        "BWT_Exp": -0.009263277053833008
    },
    "9": {
        "Loss_Exp": 59.096220856594904,
        "RelativeDistance_Exp": 0.8507685959339142,
        "R2Score_Exp": 0.8385271728038788
    },
    "stream": {
        "Loss_Stream/eval_phase/test_stream": 54.38731691898607,
        "RelativeDistance_Stream/eval_phase/test_stream": 0.8411135251323382,
        "R2Score_Stream/eval_phase/test_stream": 0.8310283174117407,
        "Forgetting_Stream/eval_phase/test_stream": {
            "0": 0.06972122192382812,
            "1": 0.07075786590576172,
            "2": 0.011295874913533566,
            "3": 0.017433226108551025,
            "4": 0.007208526134490967,
            "5": 0.030638257662455204,
            "6": -0.013182918230692509,
            "7": 0.038731008768081665,
            "8": 0.009263277053833008
        },
        "BWT_Stream/eval_phase/test_stream": {
            "0": 0.06972122192382812,
            "1": 0.07075786590576172,
            "2": 0.011295874913533566,
            "3": 0.017433226108551025,
            "4": 0.007208526134490967,
            "5": 0.030638257662455204,
            "6": -0.013182918230692509,
            "7": 0.038731008768081665,
            "8": 0.009263277053833008
        }
    }
}