{
    "0": {
        "Loss_Exp": 81.54869150285701,
        "RelativeDistance_Exp": 1.0958609580993652,
        "R2Score_Exp": 0.6512520372867584,
        "Forgetting_Exp": 0.19850928783416755,
        "BWT_Exp": -0.19850928783416755
    },
    "1": {
        "Loss_Exp": 86.30741963272294,
        "RelativeDistance_Exp": 1.0041138927141826,
        "R2Score_Exp": 0.6584676663080852,
        "Forgetting_Exp": 0.22225551207860306,
        "BWT_Exp": -0.22225551207860306
    },
    "2": {
        "Loss_Exp": 57.47181380194504,
        "RelativeDistance_Exp": 0.8665424035145686,
        "R2Score_Exp": 0.7580818121249859,
        "Forgetting_Exp": 0.14333592928372896,
        "BWT_Exp": -0.14333592928372896
    },
    "3": {
        "Loss_Exp": 43.18608982156058,
        "RelativeDistance_Exp": 0.9467397994465299,
        "R2Score_Exp": 0.8237698806656731,
        "Forgetting_Exp": 0.1076067487398783,
        "BWT_Exp": -0.1076067487398783
    },
    "4": {
        "Loss_Exp": 45.23744250223081,
        "RelativeDistance_Exp": 0.8095467005457196,
        "R2Score_Exp": 0.7955021517617362,
        "Forgetting_Exp": 0.11193561553955078,
        "BWT_Exp": -0.11193561553955078
    },
    "5": {
        "Loss_Exp": 42.23125301282843,
        "RelativeDistance_Exp": 0.7040551602840424,
        "R2Score_Exp": 0.828173965215683,
        "Forgetting_Exp": 0.06580623984336853,
        "BWT_Exp": -0.06580623984336853
    },
    "6": {
        "Loss_Exp": 36.69978453853575,
        "RelativeDistance_Exp": 0.8191237077116966,
        "R2Score_Exp": 0.8580000624060631,
        "Forgetting_Exp": 0.046689316630363464,
        "BWT_Exp": -0.046689316630363464
    },
    "7": {
        "Loss_Exp": 45.185820249879626,
        "RelativeDistance_Exp": 0.5868280082941055,
        "R2Score_Exp": 0.841179721057415,
        "Forgetting_Exp": 0.05459561198949814,
        "BWT_Exp": -0.05459561198949814
    },
    "8": {
        "Loss_Exp": 29.2854108911088,
        "RelativeDistance_Exp": 0.49546199043591815,
        "R2Score_Exp": 0.8996563951174418,
        "Forgetting_Exp": 0.029870907465616936,
        "BWT_Exp": -0.029870907465616936
    },
    "9": {
        "Loss_Exp": 20.191285660829863,
        "RelativeDistance_Exp": 0.5119477659463882,
        "R2Score_Exp": 0.9186379909515381
    },
    "stream": {
        "Loss_Stream/eval_phase/test_stream": 57.493426660846445,
        "RelativeDistance_Stream/eval_phase/test_stream": 0.8574701297430345,
        "R2Score_Stream/eval_phase/test_stream": 0.7694539523419038,
        "Forgetting_Stream/eval_phase/test_stream": {
            "0": 0.19850928783416755,
            "1": 0.22225551207860306,
            "2": 0.14333592928372896,
            "3": 0.1076067487398783,
            "4": 0.11193561553955078,
            "5": 0.06580623984336853,
            "6": 0.046689316630363464,
            "7": 0.05459561198949814,
            "8": 0.029870907465616936
        },
        "BWT_Stream/eval_phase/test_stream": {
            "0": 0.19850928783416755,
            "1": 0.22225551207860306,
            "2": 0.14333592928372896,
            "3": 0.1076067487398783,
            "4": 0.11193561553955078,
            "5": 0.06580623984336853,
            "6": 0.046689316630363464,
            "7": 0.05459561198949814,
            "8": 0.029870907465616936
        }
    }
}