{
    "0": {
        "Loss_Exp": 66.38493347167969,
        "RelativeDistance_Exp": 0.6784253716468811,
        "R2Score_Exp": 0.7710801362991333,
        "Forgetting_Exp": 0.07663685083389282,
        "BWT_Exp": -0.07663685083389282
    },
    "1": {
        "Loss_Exp": 32.629676818847656,
        "RelativeDistance_Exp": 0.6719179749488831,
        "R2Score_Exp": 0.8748824000358582,
        "Forgetting_Exp": 0.018450260162353516,
        "BWT_Exp": -0.018450260162353516
    },
    "2": {
        "Loss_Exp": 41.5577278137207,
        "RelativeDistance_Exp": 0.5648778080940247,
        "R2Score_Exp": 0.8330440521240234,
        "Forgetting_Exp": 0.0004767179489135742,
        "BWT_Exp": -0.0004767179489135742
    },
    "3": {
        "Loss_Exp": 32.50769805908203,
        "RelativeDistance_Exp": 0.5007559657096863,
        "R2Score_Exp": 0.873152494430542,
        "Forgetting_Exp": -0.016880393028259277,
        "BWT_Exp": 0.016880393028259277
    },
    "4": {
        "Loss_Exp": 27.774368286132812,
        "RelativeDistance_Exp": 0.4913734197616577,
        "R2Score_Exp": 0.8606287837028503,
        "Forgetting_Exp": 0.02007967233657837,
        "BWT_Exp": -0.02007967233657837
    },
    "5": {
        "Loss_Exp": 32.96955490112305,
        "RelativeDistance_Exp": 0.4962874948978424,
        "R2Score_Exp": 0.8241293430328369,
        "Forgetting_Exp": 0.04081225395202637,
        "BWT_Exp": -0.04081225395202637
    },
    "6": {
        "Loss_Exp": 36.053138732910156,
        "RelativeDistance_Exp": 0.4612732529640198,
        "R2Score_Exp": 0.8342989087104797,
        "Forgetting_Exp": 0.015751779079437256,
        "BWT_Exp": -0.015751779079437256
    },
    "7": {
        "Loss_Exp": 34.892051696777344,
        "RelativeDistance_Exp": 0.5611069202423096,
        "R2Score_Exp": 0.8298928737640381,
        "Forgetting_Exp": 0.0535503625869751,
        "BWT_Exp": -0.0535503625869751
    },
    "8": {
        "Loss_Exp": 36.04511260986328,
        "RelativeDistance_Exp": 0.4548404812812805,
        "R2Score_Exp": 0.8510098457336426,
        "Forgetting_Exp": 0.018974661827087402,
        "BWT_Exp": -0.018974661827087402
    },
    "9": {
        "Loss_Exp": 48.63213348388672,
        "RelativeDistance_Exp": 0.6255881786346436,
        "R2Score_Exp": 0.8392108678817749
    },
    "stream": {
        "Loss_Stream/eval_phase/test_stream": 37.84075737856051,
        "RelativeDistance_Stream/eval_phase/test_stream": 0.5506446868181228,
        "R2Score_Stream/eval_phase/test_stream": 0.8391329705715179,
        "Forgetting_Stream/eval_phase/test_stream": {
            "0": 0.07663685083389282,
            "1": 0.018450260162353516,
            "2": 0.0004767179489135742,
            "3": -0.016880393028259277,
            "4": 0.02007967233657837,
            "5": 0.04081225395202637,
            "6": 0.015751779079437256,
            "7": 0.0535503625869751,
            "8": 0.018974661827087402
        },
        "BWT_Stream/eval_phase/test_stream": {
            "0": 0.07663685083389282,
            "1": 0.018450260162353516,
            "2": 0.0004767179489135742,
            "3": -0.016880393028259277,
            "4": 0.02007967233657837,
            "5": 0.04081225395202637,
            "6": 0.015751779079437256,
            "7": 0.0535503625869751,
            "8": 0.018974661827087402
        }
    }
}