{
    "0": {
        "Loss_Exp": 72.90506470238388,
        "RelativeDistance_Exp": 1.0935983121395112,
        "R2Score_Exp": 0.6684422194957733,
        "Forgetting_Exp": 0.1790069162845611,
        "BWT_Exp": -0.1790069162845611
    },
    "1": {
        "Loss_Exp": 75.83285646263877,
        "RelativeDistance_Exp": 0.920321790377299,
        "R2Score_Exp": 0.6874803900718689,
        "Forgetting_Exp": 0.19154495795567827,
        "BWT_Exp": -0.19154495795567827
    },
    "2": {
        "Loss_Exp": 52.51878826777394,
        "RelativeDistance_Exp": 0.7980548647733835,
        "R2Score_Exp": 0.7751745398227985,
        "Forgetting_Exp": 0.12442844189130342,
        "BWT_Exp": -0.12442844189130342
    },
    "3": {
        "Loss_Exp": 39.5240326501875,
        "RelativeDistance_Exp": 0.9098798765076531,
        "R2Score_Exp": 0.8436604142189026,
        "Forgetting_Exp": 0.08180769946840072,
        "BWT_Exp": -0.08180769946840072
    },
    "4": {
        "Loss_Exp": 50.32605727200174,
        "RelativeDistance_Exp": 0.8565841657774789,
        "R2Score_Exp": 0.7950434855052403,
        "Forgetting_Exp": 0.11153332676206318,
        "BWT_Exp": -0.11153332676206318
    },
    "5": {
        "Loss_Exp": 44.55967224671957,
        "RelativeDistance_Exp": 0.6502729058265686,
        "R2Score_Exp": 0.8238320350646973,
        "Forgetting_Exp": 0.06837194164594018,
        "BWT_Exp": -0.06837194164594018
    },
    "6": {
        "Loss_Exp": 38.92134537501971,
        "RelativeDistance_Exp": 0.7792816460132599,
        "R2Score_Exp": 0.8519130721688271,
        "Forgetting_Exp": 0.04970245063304901,
        "BWT_Exp": -0.04970245063304901
    },
    "7": {
        "Loss_Exp": 46.16337646866156,
        "RelativeDistance_Exp": 0.5914383679628372,
        "R2Score_Exp": 0.8387889340519905,
        "Forgetting_Exp": 0.052271462976932526,
        "BWT_Exp": -0.052271462976932526
    },
    "8": {
        "Loss_Exp": 30.356158140549258,
        "RelativeDistance_Exp": 0.5031647185484568,
        "R2Score_Exp": 0.886977752049764,
        "Forgetting_Exp": 0.0428277850151062,
        "BWT_Exp": -0.0428277850151062
    },
    "9": {
        "Loss_Exp": 18.74349904249285,
        "RelativeDistance_Exp": 0.4910927414894104,
        "R2Score_Exp": 0.9220037460327148
    },
    "stream": {
        "Loss_Stream/eval_phase/test_stream": 54.09675832750652,
        "RelativeDistance_Stream/eval_phase/test_stream": 0.8229581290557061,
        "R2Score_Stream/eval_phase/test_stream": 0.7803172123284987,
        "Forgetting_Stream/eval_phase/test_stream": {
            "0": 0.1790069162845611,
            "1": 0.19154495795567827,
            "2": 0.12442844189130342,
            "3": 0.08180769946840072,
            "4": 0.11153332676206318,
            "5": 0.06837194164594018,
            "6": 0.04970245063304901,
            "7": 0.052271462976932526,
            "8": 0.0428277850151062
        },
        "BWT_Stream/eval_phase/test_stream": {
            "0": 0.1790069162845611,
            "1": 0.19154495795567827,
            "2": 0.12442844189130342,
            "3": 0.08180769946840072,
            "4": 0.11153332676206318,
            "5": 0.06837194164594018,
            "6": 0.04970245063304901,
            "7": 0.052271462976932526,
            "8": 0.0428277850151062
        }
    }
}