{
    "0": {
        "Loss_Exp": 99.68402099609375,
        "RelativeDistance_Exp": 0.97635418176651,
        "R2Score_Exp": 0.6834146976470947,
        "Forgetting_Exp": 0.16738545894622803,
        "BWT_Exp": -0.16738545894622803
    },
    "1": {
        "Loss_Exp": 61.754268646240234,
        "RelativeDistance_Exp": 0.9068126082420349,
        "R2Score_Exp": 0.781653642654419,
        "Forgetting_Exp": 0.1103171706199646,
        "BWT_Exp": -0.1103171706199646
    },
    "2": {
        "Loss_Exp": 81.74340057373047,
        "RelativeDistance_Exp": 0.7689154744148254,
        "R2Score_Exp": 0.7297301888465881,
        "Forgetting_Exp": 0.07444000244140625,
        "BWT_Exp": -0.07444000244140625
    },
    "3": {
        "Loss_Exp": 49.94875717163086,
        "RelativeDistance_Exp": 0.6931788325309753,
        "R2Score_Exp": 0.8090602159500122,
        "Forgetting_Exp": 0.045464396476745605,
        "BWT_Exp": -0.045464396476745605
    },
    "4": {
        "Loss_Exp": 42.369781494140625,
        "RelativeDistance_Exp": 0.7451308965682983,
        "R2Score_Exp": 0.8054160475730896,
        "Forgetting_Exp": 0.07377678155899048,
        "BWT_Exp": -0.07377678155899048
    },
    "5": {
        "Loss_Exp": 48.66952896118164,
        "RelativeDistance_Exp": 0.6892098188400269,
        "R2Score_Exp": 0.7546230554580688,
        "Forgetting_Exp": 0.09239494800567627,
        "BWT_Exp": -0.09239494800567627
    },
    "6": {
        "Loss_Exp": 51.814815521240234,
        "RelativeDistance_Exp": 0.6068761348724365,
        "R2Score_Exp": 0.7856955528259277,
        "Forgetting_Exp": 0.06129831075668335,
        "BWT_Exp": -0.06129831075668335
    },
    "7": {
        "Loss_Exp": 41.376277923583984,
        "RelativeDistance_Exp": 0.5870558023452759,
        "R2Score_Exp": 0.7925025224685669,
        "Forgetting_Exp": -0.0015517473220825195,
        "BWT_Exp": 0.0015517473220825195
    },
    "8": {
        "Loss_Exp": 47.6469841003418,
        "RelativeDistance_Exp": 0.5441021919250488,
        "R2Score_Exp": 0.819063663482666,
        "Forgetting_Exp": -0.022836804389953613,
        "BWT_Exp": 0.022836804389953613
    },
    "9": {
        "Loss_Exp": 43.030853271484375,
        "RelativeDistance_Exp": 0.6370270848274231,
        "R2Score_Exp": 0.8567495346069336
    },
    "stream": {
        "Loss_Stream/eval_phase/test_stream": 56.855361898201,
        "RelativeDistance_Stream/eval_phase/test_stream": 0.7154663026332855,
        "R2Score_Stream/eval_phase/test_stream": 0.7817909121513367,
        "Forgetting_Stream/eval_phase/test_stream": {
            "0": 0.16738545894622803,
            "1": 0.1103171706199646,
            "2": 0.07444000244140625,
            "3": 0.045464396476745605,
            "4": 0.07377678155899048,
            "5": 0.09239494800567627,
            "6": 0.06129831075668335,
            "7": -0.0015517473220825195,
            "8": -0.022836804389953613
        },
        "BWT_Stream/eval_phase/test_stream": {
            "0": 0.16738545894622803,
            "1": 0.1103171706199646,
            "2": 0.07444000244140625,
            "3": 0.045464396476745605,
            "4": 0.07377678155899048,
            "5": 0.09239494800567627,
            "6": 0.06129831075668335,
            "7": -0.0015517473220825195,
            "8": -0.022836804389953613
        }
    }
}