{
    "0": {
        "Loss_Exp": 101.01591491699219,
        "RelativeDistance_Exp": 0.9829854369163513,
        "R2Score_Exp": 0.680755078792572,
        "Forgetting_Exp": 0.16972053050994873,
        "BWT_Exp": -0.16972053050994873
    },
    "1": {
        "Loss_Exp": 62.58935546875,
        "RelativeDistance_Exp": 0.9287488460540771,
        "R2Score_Exp": 0.7809646129608154,
        "Forgetting_Exp": 0.10701864957809448,
        "BWT_Exp": -0.10701864957809448
    },
    "2": {
        "Loss_Exp": 81.54828643798828,
        "RelativeDistance_Exp": 0.763005256652832,
        "R2Score_Exp": 0.732028603553772,
        "Forgetting_Exp": 0.08076059818267822,
        "BWT_Exp": -0.08076059818267822
    },
    "3": {
        "Loss_Exp": 49.11812973022461,
        "RelativeDistance_Exp": 0.648128867149353,
        "R2Score_Exp": 0.811191201210022,
        "Forgetting_Exp": 0.05369555950164795,
        "BWT_Exp": -0.05369555950164795
    },
    "4": {
        "Loss_Exp": 41.21268081665039,
        "RelativeDistance_Exp": 0.722752571105957,
        "R2Score_Exp": 0.8099907636642456,
        "Forgetting_Exp": 0.0686483383178711,
        "BWT_Exp": -0.0686483383178711
    },
    "5": {
        "Loss_Exp": 47.26530075073242,
        "RelativeDistance_Exp": 0.6800925135612488,
        "R2Score_Exp": 0.7713459730148315,
        "Forgetting_Exp": 0.07590579986572266,
        "BWT_Exp": -0.07590579986572266
    },
    "6": {
        "Loss_Exp": 52.04944610595703,
        "RelativeDistance_Exp": 0.6098341941833496,
        "R2Score_Exp": 0.7883942127227783,
        "Forgetting_Exp": 0.07168364524841309,
        "BWT_Exp": -0.07168364524841309
    },
    "7": {
        "Loss_Exp": 40.26728057861328,
        "RelativeDistance_Exp": 0.5691226720809937,
        "R2Score_Exp": 0.7997841238975525,
        "Forgetting_Exp": -0.009168028831481934,
        "BWT_Exp": 0.009168028831481934
    },
    "8": {
        "Loss_Exp": 47.38994598388672,
        "RelativeDistance_Exp": 0.5446901321411133,
        "R2Score_Exp": 0.8265200853347778,
        "Forgetting_Exp": -0.034573912620544434,
        "BWT_Exp": 0.034573912620544434
    },
    "9": {
        "Loss_Exp": 43.04905319213867,
        "RelativeDistance_Exp": 0.6119278073310852,
        "R2Score_Exp": 0.8564057946205139
    },
    "stream": {
        "Loss_Stream/eval_phase/test_stream": 56.49996473683059,
        "RelativeDistance_Stream/eval_phase/test_stream": 0.7061288297176361,
        "R2Score_Stream/eval_phase/test_stream": 0.7857380449771881,
        "Forgetting_Stream/eval_phase/test_stream": {
            "0": 0.16972053050994873,
            "1": 0.10701864957809448,
            "2": 0.08076059818267822,
            "3": 0.05369555950164795,
            "4": 0.0686483383178711,
            "5": 0.07590579986572266,
            "6": 0.07168364524841309,
            "7": -0.009168028831481934,
            "8": -0.034573912620544434
        },
        "BWT_Stream/eval_phase/test_stream": {
            "0": 0.16972053050994873,
            "1": 0.10701864957809448,
            "2": 0.08076059818267822,
            "3": 0.05369555950164795,
            "4": 0.0686483383178711,
            "5": 0.07590579986572266,
            "6": 0.07168364524841309,
            "7": -0.009168028831481934,
            "8": -0.034573912620544434
        }
    }
}