{
    "0": {
        "Loss_Exp": 43.446739196777344,
        "RelativeDistance_Exp": 0.9349719882011414,
        "R2Score_Exp": 0.7928308248519897,
        "Forgetting_Exp": 0.09708601236343384,
        "BWT_Exp": -0.09708601236343384
    },
    "1": {
        "Loss_Exp": 53.60109329223633,
        "RelativeDistance_Exp": 0.9561628699302673,
        "R2Score_Exp": 0.7769650220870972,
        "Forgetting_Exp": 0.05065792798995972,
        "BWT_Exp": -0.05065792798995972
    },
    "2": {
        "Loss_Exp": 39.53541946411133,
        "RelativeDistance_Exp": 0.823974609375,
        "R2Score_Exp": 0.8291998505592346,
        "Forgetting_Exp": 0.02938467264175415,
        "BWT_Exp": -0.02938467264175415
    },
    "3": {
        "Loss_Exp": 38.62236404418945,
        "RelativeDistance_Exp": 1.1259641647338867,
        "R2Score_Exp": 0.8436307907104492,
        "Forgetting_Exp": 0.0431063175201416,
        "BWT_Exp": -0.0431063175201416
    },
    "4": {
        "Loss_Exp": 42.41743087768555,
        "RelativeDistance_Exp": 0.926564633846283,
        "R2Score_Exp": 0.8261265754699707,
        "Forgetting_Exp": 0.025302588939666748,
        "BWT_Exp": -0.025302588939666748
    },
    "5": {
        "Loss_Exp": 37.526268005371094,
        "RelativeDistance_Exp": 0.6526811122894287,
        "R2Score_Exp": 0.8580417037010193,
        "Forgetting_Exp": -0.009488701820373535,
        "BWT_Exp": 0.009488701820373535
    },
    "6": {
        "Loss_Exp": 35.21463394165039,
        "RelativeDistance_Exp": 0.8093574643135071,
        "R2Score_Exp": 0.8704413175582886,
        "Forgetting_Exp": -0.002833545207977295,
        "BWT_Exp": 0.002833545207977295
    },
    "7": {
        "Loss_Exp": 49.692325592041016,
        "RelativeDistance_Exp": 0.6380099058151245,
        "R2Score_Exp": 0.8274877071380615,
        "Forgetting_Exp": 0.02056574821472168,
        "BWT_Exp": -0.02056574821472168
    },
    "8": {
        "Loss_Exp": 36.6946907043457,
        "RelativeDistance_Exp": 0.702833354473114,
        "R2Score_Exp": 0.8792202472686768,
        "Forgetting_Exp": 0.012131929397583008,
        "BWT_Exp": -0.012131929397583008
    },
    "9": {
        "Loss_Exp": 30.550167083740234,
        "RelativeDistance_Exp": 0.6879960894584656,
        "R2Score_Exp": 0.9035376310348511
    },
    "stream": {
        "Loss_Stream/eval_phase/test_stream": 43.018783380317615,
        "RelativeDistance_Stream/eval_phase/test_stream": 0.8258516192436218,
        "R2Score_Stream/eval_phase/test_stream": 0.8407481670379638,
        "Forgetting_Stream/eval_phase/test_stream": {
            "0": 0.09708601236343384,
            "1": 0.05065792798995972,
            "2": 0.02938467264175415,
            "3": 0.0431063175201416,
            "4": 0.025302588939666748,
            "5": -0.009488701820373535,
            "6": -0.002833545207977295,
            "7": 0.02056574821472168,
            "8": 0.012131929397583008
        },
        "BWT_Stream/eval_phase/test_stream": {
            "0": 0.09708601236343384,
            "1": 0.05065792798995972,
            "2": 0.02938467264175415,
            "3": 0.0431063175201416,
            "4": 0.025302588939666748,
            "5": -0.009488701820373535,
            "6": -0.002833545207977295,
            "7": 0.02056574821472168,
            "8": 0.012131929397583008
        }
    }
}