{
    "0": {
        "Loss_Exp": 241.9380205262382,
        "RelativeDistance_Exp": 2.519452488422394,
        "R2Score_Exp": -0.11764483153820038,
        "Forgetting_Exp": 0.9695487231016159,
        "BWT_Exp": -0.9695487231016159
    },
    "1": {
        "Loss_Exp": 186.4753419740289,
        "RelativeDistance_Exp": 1.7769213835398356,
        "R2Score_Exp": 0.25958572725454965,
        "Forgetting_Exp": 0.5665824999411901,
        "BWT_Exp": -0.5665824999411901
    },
    "2": {
        "Loss_Exp": 145.97248028522966,
        "RelativeDistance_Exp": 2.4052984622808604,
        "R2Score_Exp": 0.3709592349254168,
        "Forgetting_Exp": 0.4836034373595164,
        "BWT_Exp": -0.4836034373595164
    },
    "3": {
        "Loss_Exp": 166.45830207159773,
        "RelativeDistance_Exp": 3.085420105192396,
        "R2Score_Exp": 0.3174416952662998,
        "Forgetting_Exp": 0.5552417106098599,
        "BWT_Exp": -0.5552417106098599
    },
    "4": {
        "Loss_Exp": 178.49121521641968,
        "RelativeDistance_Exp": 2.6188815661839078,
        "R2Score_Exp": 0.26796124236924307,
        "Forgetting_Exp": 0.5506635521139418,
        "BWT_Exp": -0.5506635521139418
    },
    "5": {
        "Loss_Exp": 138.09729526399553,
        "RelativeDistance_Exp": 2.3472967545191445,
        "R2Score_Exp": 0.49612610538800556,
        "Forgetting_Exp": 0.3517979880174001,
        "BWT_Exp": -0.3517979880174001
    },
    "6": {
        "Loss_Exp": 136.4433905236654,
        "RelativeDistance_Exp": 2.954552471637726,
        "R2Score_Exp": 0.5072246193885803,
        "Forgetting_Exp": 0.35298745334148407,
        "BWT_Exp": -0.35298745334148407
    },
    "7": {
        "Loss_Exp": 154.97400836047188,
        "RelativeDistance_Exp": 1.9243190586566925,
        "R2Score_Exp": 0.47297725453972816,
        "Forgetting_Exp": 0.36062688007950783,
        "BWT_Exp": -0.36062688007950783
    },
    "8": {
        "Loss_Exp": 123.85038610268427,
        "RelativeDistance_Exp": 2.153204321861267,
        "R2Score_Exp": 0.5822168489297231,
        "Forgetting_Exp": 0.2527776857217152,
        "BWT_Exp": -0.2527776857217152
    },
    "9": {
        "Loss_Exp": 90.21521276603977,
        "RelativeDistance_Exp": 1.7938905358314514,
        "R2Score_Exp": 0.7122488617897034
    },
    "stream": {
        "Loss_Stream/eval_phase/test_stream": 168.41194079204942,
        "RelativeDistance_Stream/eval_phase/test_stream": 2.37506573288529,
        "R2Score_Stream/eval_phase/test_stream": 0.3242226110564338,
        "Forgetting_Stream/eval_phase/test_stream": {
            "0": 0.9695487231016159,
            "1": 0.5665824999411901,
            "2": 0.4836034373595164,
            "3": 0.5552417106098599,
            "4": 0.5506635521139418,
            "5": 0.3517979880174001,
            "6": 0.35298745334148407,
            "7": 0.36062688007950783,
            "8": 0.2527776857217152
        },
        "BWT_Stream/eval_phase/test_stream": {
            "0": 0.9695487231016159,
            "1": 0.5665824999411901,
            "2": 0.4836034373595164,
            "3": 0.5552417106098599,
            "4": 0.5506635521139418,
            "5": 0.3517979880174001,
            "6": 0.35298745334148407,
            "7": 0.36062688007950783,
            "8": 0.2527776857217152
        }
    }
}