{
    "0": {
        "Loss_Exp": 74.20068297636084,
        "RelativeDistance_Exp": 0.99365736246109,
        "R2Score_Exp": 0.6784994959831238,
        "Forgetting_Exp": 0.2090548992156983,
        "BWT_Exp": -0.2090548992156983
    },
    "1": {
        "Loss_Exp": 78.41281294945894,
        "RelativeDistance_Exp": 0.8629228631655376,
        "R2Score_Exp": 0.6883785287539165,
        "Forgetting_Exp": 0.21328369776407874,
        "BWT_Exp": -0.21328369776407874
    },
    "2": {
        "Loss_Exp": 53.511282361750126,
        "RelativeDistance_Exp": 0.7174835113378671,
        "R2Score_Exp": 0.7790191448651828,
        "Forgetting_Exp": 0.13516731445605934,
        "BWT_Exp": -0.13516731445605934
    },
    "3": {
        "Loss_Exp": 39.92105231431412,
        "RelativeDistance_Exp": 0.727957977188958,
        "R2Score_Exp": 0.8458594547377692,
        "Forgetting_Exp": 0.09813759724299109,
        "BWT_Exp": -0.09813759724299109
    },
    "4": {
        "Loss_Exp": 45.70959069840855,
        "RelativeDistance_Exp": 0.6824208157403129,
        "R2Score_Exp": 0.8009126782417297,
        "Forgetting_Exp": 0.12170546395438053,
        "BWT_Exp": -0.12170546395438053
    },
    "5": {
        "Loss_Exp": 47.70208465756824,
        "RelativeDistance_Exp": 0.5779272466897964,
        "R2Score_Exp": 0.8128341337045034,
        "Forgetting_Exp": 0.09034918745358778,
        "BWT_Exp": -0.09034918745358778
    },
    "6": {
        "Loss_Exp": 42.39394252069005,
        "RelativeDistance_Exp": 0.6094253808259964,
        "R2Score_Exp": 0.8363911658525467,
        "Forgetting_Exp": 0.06900794804096222,
        "BWT_Exp": -0.06900794804096222
    },
    "7": {
        "Loss_Exp": 45.86492017549375,
        "RelativeDistance_Exp": 0.5008649155497551,
        "R2Score_Exp": 0.8430144935846329,
        "Forgetting_Exp": 0.05734507739543915,
        "BWT_Exp": -0.05734507739543915
    },
    "8": {
        "Loss_Exp": 27.640003130817806,
        "RelativeDistance_Exp": 0.43857290347417194,
        "R2Score_Exp": 0.9027392466862997,
        "Forgetting_Exp": 0.022470633188883427,
        "BWT_Exp": -0.022470633188883427
    },
    "9": {
        "Loss_Exp": 19.497767362277216,
        "RelativeDistance_Exp": 0.38251839578151703,
        "R2Score_Exp": 0.9199535250663757
    },
    "stream": {
        "Loss_Stream/eval_phase/test_stream": 55.11045580792182,
        "RelativeDistance_Stream/eval_phase/test_stream": 0.7156408774999925,
        "R2Score_Stream/eval_phase/test_stream": 0.7816965491683395,
        "Forgetting_Stream/eval_phase/test_stream": {
            "0": 0.2090548992156983,
            "1": 0.21328369776407874,
            "2": 0.13516731445605934,
            "3": 0.09813759724299109,
            "4": 0.12170546395438053,
            "5": 0.09034918745358778,
            "6": 0.06900794804096222,
            "7": 0.05734507739543915,
            "8": 0.022470633188883427
        },
        "BWT_Stream/eval_phase/test_stream": {
            "0": 0.2090548992156983,
            "1": 0.21328369776407874,
            "2": 0.13516731445605934,
            "3": 0.09813759724299109,
            "4": 0.12170546395438053,
            "5": 0.09034918745358778,
            "6": 0.06900794804096222,
            "7": 0.05734507739543915,
            "8": 0.022470633188883427
        }
    }
}