{
    "0": {
        "Loss_Exp": 98.85130286858096,
        "RelativeDistance_Exp": 0.8062649071216583,
        "R2Score_Exp": 0.77846759557724,
        "Forgetting_Exp": 0.09864997863769531,
        "BWT_Exp": -0.09864997863769531
    },
    "1": {
        "Loss_Exp": 62.22102465034473,
        "RelativeDistance_Exp": 1.2499492764472961,
        "R2Score_Exp": 0.8192324042320251,
        "Forgetting_Exp": 0.07005235552787781,
        "BWT_Exp": -0.07005235552787781
    },
    "2": {
        "Loss_Exp": 50.34406644244527,
        "RelativeDistance_Exp": 0.6779242753982544,
        "R2Score_Exp": 0.8382179737091064,
        "Forgetting_Exp": -0.023323337237040165,
        "BWT_Exp": 0.023323337237040165
    },
    "3": {
        "Loss_Exp": 48.48762291254838,
        "RelativeDistance_Exp": 0.5814926028251648,
        "R2Score_Exp": 0.8403666019439697,
        "Forgetting_Exp": 0.009407490491867065,
        "BWT_Exp": -0.009407490491867065
    },
    "4": {
        "Loss_Exp": 45.72019456607513,
        "RelativeDistance_Exp": 0.6975624412298203,
        "R2Score_Exp": 0.8478812873363495,
        "Forgetting_Exp": -0.0028426796197891235,
        "BWT_Exp": 0.0028426796197891235
    },
    "5": {
        "Loss_Exp": 44.19326682712721,
        "RelativeDistance_Exp": 0.5984255870183309,
        "R2Score_Exp": 0.827918807665507,
        "Forgetting_Exp": 0.012328406174977657,
        "BWT_Exp": -0.012328406174977657
    },
    "6": {
        "Loss_Exp": 51.43593885994409,
        "RelativeDistance_Exp": 0.6016682684421539,
        "R2Score_Exp": 0.8438104788462321,
        "Forgetting_Exp": 0.016273558139801025,
        "BWT_Exp": -0.016273558139801025
    },
    "7": {
        "Loss_Exp": 40.30127716064453,
        "RelativeDistance_Exp": 0.57368403673172,
        "R2Score_Exp": 0.8410872220993042,
        "Forgetting_Exp": 0.037380099296569824,
        "BWT_Exp": -0.037380099296569824
    },
    "8": {
        "Loss_Exp": 53.858089566137714,
        "RelativeDistance_Exp": 0.9813921451568604,
        "R2Score_Exp": 0.8370572924613953,
        "Forgetting_Exp": 0.000590980052947998,
        "BWT_Exp": -0.000590980052947998
    },
    "9": {
        "Loss_Exp": 59.19442372404771,
        "RelativeDistance_Exp": 0.7348422110080719,
        "R2Score_Exp": 0.8396846354007721
    },
    "stream": {
        "Loss_Stream/eval_phase/test_stream": 54.13912482770068,
        "RelativeDistance_Stream/eval_phase/test_stream": 0.7377446033060551,
        "R2Score_Stream/eval_phase/test_stream": 0.8330029671390852,
        "Forgetting_Stream/eval_phase/test_stream": {
            "0": 0.09864997863769531,
            "1": 0.07005235552787781,
            "2": -0.023323337237040165,
            "3": 0.009407490491867065,
            "4": -0.0028426796197891235,
            "5": 0.012328406174977657,
            "6": 0.016273558139801025,
            "7": 0.037380099296569824,
            "8": 0.000590980052947998
        },
        "BWT_Stream/eval_phase/test_stream": {
            "0": 0.09864997863769531,
            "1": 0.07005235552787781,
            "2": -0.023323337237040165,
            "3": 0.009407490491867065,
            "4": -0.0028426796197891235,
            "5": 0.012328406174977657,
            "6": 0.016273558139801025,
            "7": 0.037380099296569824,
            "8": 0.000590980052947998
        }
    }
}