{
    "0": {
        "Loss_Exp": 64.09571081837268,
        "RelativeDistance_Exp": 1.3555679321289062,
        "R2Score_Exp": 0.7279279232025146,
        "Forgetting_Exp": 0.11659083366394041,
        "BWT_Exp": -0.11659083366394041
    },
    "1": {
        "Loss_Exp": 66.99861219311535,
        "RelativeDistance_Exp": 1.3914892594019572,
        "R2Score_Exp": 0.7428052306175232,
        "Forgetting_Exp": 0.11291242043177285,
        "BWT_Exp": -0.11291242043177285
    },
    "2": {
        "Loss_Exp": 47.25957254549352,
        "RelativeDistance_Exp": 1.1766681579443126,
        "R2Score_Exp": 0.7995230463834909,
        "Forgetting_Exp": 0.07474287198140073,
        "BWT_Exp": -0.07474287198140073
    },
    "3": {
        "Loss_Exp": 35.18298031365547,
        "RelativeDistance_Exp": 1.1608430676990085,
        "R2Score_Exp": 0.8616510629653931,
        "Forgetting_Exp": 0.04895326826307511,
        "BWT_Exp": -0.04895326826307511
    },
    "4": {
        "Loss_Exp": 44.63703644724826,
        "RelativeDistance_Exp": 1.0986850091389246,
        "R2Score_Exp": 0.8312892317771912,
        "Forgetting_Exp": 0.053038724831172446,
        "BWT_Exp": -0.053038724831172446
    },
    "5": {
        "Loss_Exp": 41.18649481232214,
        "RelativeDistance_Exp": 0.9886582096417745,
        "R2Score_Exp": 0.8429951369762421,
        "Forgetting_Exp": 0.0307998160521189,
        "BWT_Exp": -0.0307998160521189
    },
    "6": {
        "Loss_Exp": 35.85392882564513,
        "RelativeDistance_Exp": 1.306738793849945,
        "R2Score_Exp": 0.8636007905006409,
        "Forgetting_Exp": 0.026026129722595215,
        "BWT_Exp": -0.026026129722595215
    },
    "7": {
        "Loss_Exp": 45.73782032626072,
        "RelativeDistance_Exp": 0.911074124276638,
        "R2Score_Exp": 0.8437454253435135,
        "Forgetting_Exp": 0.03534891456365585,
        "BWT_Exp": -0.03534891456365585
    },
    "8": {
        "Loss_Exp": 34.03864686431115,
        "RelativeDistance_Exp": 0.7925788561503092,
        "R2Score_Exp": 0.8741420904795328,
        "Forgetting_Exp": 0.03761796156565356,
        "BWT_Exp": -0.03761796156565356
    },
    "9": {
        "Loss_Exp": 21.41546356999175,
        "RelativeDistance_Exp": 0.7633796036243439,
        "R2Score_Exp": 0.9193485081195831
    },
    "stream": {
        "Loss_Stream/eval_phase/test_stream": 48.996740069898706,
        "RelativeDistance_Stream/eval_phase/test_stream": 1.178296732313839,
        "R2Score_Stream/eval_phase/test_stream": 0.8094679669097617,
        "Forgetting_Stream/eval_phase/test_stream": {
            "0": 0.11659083366394041,
            "1": 0.11291242043177285,
            "2": 0.07474287198140073,
            "3": 0.04895326826307511,
            "4": 0.053038724831172446,
            "5": 0.0307998160521189,
            "6": 0.026026129722595215,
            "7": 0.03534891456365585,
            "8": 0.03761796156565356
        },
        "BWT_Stream/eval_phase/test_stream": {
            "0": 0.11659083366394041,
            "1": 0.11291242043177285,
            "2": 0.07474287198140073,
            "3": 0.04895326826307511,
            "4": 0.053038724831172446,
            "5": 0.0307998160521189,
            "6": 0.026026129722595215,
            "7": 0.03534891456365585,
            "8": 0.03761796156565356
        }
    }
}