{
    "0": {
        "Loss_Exp": 81.70095329061586,
        "RelativeDistance_Exp": 0.947436660528183,
        "R2Score_Exp": 0.8134854137897491,
        "Forgetting_Exp": 0.06437340378761292,
        "BWT_Exp": -0.06437340378761292
    },
    "1": {
        "Loss_Exp": 74.44648837089036,
        "RelativeDistance_Exp": 1.4687849879264832,
        "R2Score_Exp": 0.7823370099067688,
        "Forgetting_Exp": 0.11154970526695251,
        "BWT_Exp": -0.11154970526695251
    },
    "2": {
        "Loss_Exp": 57.78785549029317,
        "RelativeDistance_Exp": 0.7506368160247803,
        "R2Score_Exp": 0.8167656858762106,
        "Forgetting_Exp": 0.011137068271636963,
        "BWT_Exp": -0.011137068271636963
    },
    "3": {
        "Loss_Exp": 48.687125320511555,
        "RelativeDistance_Exp": 0.6315270662307739,
        "R2Score_Exp": 0.839083731174469,
        "Forgetting_Exp": 0.012035638093948364,
        "BWT_Exp": -0.012035638093948364
    },
    "4": {
        "Loss_Exp": 47.523066915277695,
        "RelativeDistance_Exp": 0.8002580106258392,
        "R2Score_Exp": 0.8449903279542923,
        "Forgetting_Exp": 0.006400197744369507,
        "BWT_Exp": -0.006400197744369507
    },
    "5": {
        "Loss_Exp": 47.08755277550739,
        "RelativeDistance_Exp": 0.6947509249051412,
        "R2Score_Exp": 0.8159478505452474,
        "Forgetting_Exp": 0.032490551471710205,
        "BWT_Exp": -0.032490551471710205
    },
    "6": {
        "Loss_Exp": 56.27236861100434,
        "RelativeDistance_Exp": 0.7218104402224222,
        "R2Score_Exp": 0.8340461055437723,
        "Forgetting_Exp": -0.01280721028645826,
        "BWT_Exp": 0.01280721028645826
    },
    "7": {
        "Loss_Exp": 35.93138885498047,
        "RelativeDistance_Exp": 0.6708104014396667,
        "R2Score_Exp": 0.8583182692527771,
        "Forgetting_Exp": 0.036289989948272705,
        "BWT_Exp": -0.036289989948272705
    },
    "8": {
        "Loss_Exp": 48.977573769991515,
        "RelativeDistance_Exp": 1.0407593846321106,
        "R2Score_Exp": 0.8431876301765442,
        "Forgetting_Exp": -0.023566126823425293,
        "BWT_Exp": 0.023566126823425293
    },
    "9": {
        "Loss_Exp": 58.697146438863236,
        "RelativeDistance_Exp": 0.7802523672580719,
        "R2Score_Exp": 0.8405241072177887
    },
    "stream": {
        "Loss_Stream/eval_phase/test_stream": 55.467294198508895,
        "RelativeDistance_Stream/eval_phase/test_stream": 0.8379565800229708,
        "R2Score_Stream/eval_phase/test_stream": 0.8281580954790115,
        "Forgetting_Stream/eval_phase/test_stream": {
            "0": 0.06437340378761292,
            "1": 0.11154970526695251,
            "2": 0.011137068271636963,
            "3": 0.012035638093948364,
            "4": 0.006400197744369507,
            "5": 0.032490551471710205,
            "6": -0.01280721028645826,
            "7": 0.036289989948272705,
            "8": -0.023566126823425293
        },
        "BWT_Stream/eval_phase/test_stream": {
            "0": 0.06437340378761292,
            "1": 0.11154970526695251,
            "2": 0.011137068271636963,
            "3": 0.012035638093948364,
            "4": 0.006400197744369507,
            "5": 0.032490551471710205,
            "6": -0.01280721028645826,
            "7": 0.036289989948272705,
            "8": -0.023566126823425293
        }
    }
}