{
    "0": {
        "Loss_Exp": 61.09523391723633,
        "RelativeDistance_Exp": 0.7819240093231201,
        "R2Score_Exp": 0.7847738265991211,
        "Forgetting_Exp": 0.07030689716339111,
        "BWT_Exp": -0.07030689716339111
    },
    "1": {
        "Loss_Exp": 47.212989807128906,
        "RelativeDistance_Exp": 0.7581637501716614,
        "R2Score_Exp": 0.812221348285675,
        "Forgetting_Exp": 0.011623620986938477,
        "BWT_Exp": -0.011623620986938477
    },
    "2": {
        "Loss_Exp": 53.85105514526367,
        "RelativeDistance_Exp": 0.6357824206352234,
        "R2Score_Exp": 0.800830066204071,
        "Forgetting_Exp": -0.0274960994720459,
        "BWT_Exp": 0.0274960994720459
    },
    "3": {
        "Loss_Exp": 39.4741325378418,
        "RelativeDistance_Exp": 0.5870159864425659,
        "R2Score_Exp": 0.8355158567428589,
        "Forgetting_Exp": -0.06936168670654297,
        "BWT_Exp": 0.06936168670654297
    },
    "4": {
        "Loss_Exp": 33.3193359375,
        "RelativeDistance_Exp": 0.6158913969993591,
        "R2Score_Exp": 0.830359697341919,
        "Forgetting_Exp": 0.0028840303421020508,
        "BWT_Exp": -0.0028840303421020508
    },
    "5": {
        "Loss_Exp": 35.81318664550781,
        "RelativeDistance_Exp": 0.5878108143806458,
        "R2Score_Exp": 0.7900172472000122,
        "Forgetting_Exp": 0.028713107109069824,
        "BWT_Exp": -0.028713107109069824
    },
    "6": {
        "Loss_Exp": 38.07301712036133,
        "RelativeDistance_Exp": 0.5218961834907532,
        "R2Score_Exp": 0.8214554786682129,
        "Forgetting_Exp": 0.01437389850616455,
        "BWT_Exp": -0.01437389850616455
    },
    "7": {
        "Loss_Exp": 37.0255126953125,
        "RelativeDistance_Exp": 0.5750980377197266,
        "R2Score_Exp": 0.7957950830459595,
        "Forgetting_Exp": 0.06044340133666992,
        "BWT_Exp": -0.06044340133666992
    },
    "8": {
        "Loss_Exp": 37.49961853027344,
        "RelativeDistance_Exp": 0.5010949373245239,
        "R2Score_Exp": 0.8439677953720093,
        "Forgetting_Exp": -0.006909430027008057,
        "BWT_Exp": 0.006909430027008057
    },
    "9": {
        "Loss_Exp": 51.088478088378906,
        "RelativeDistance_Exp": 0.7002214193344116,
        "R2Score_Exp": 0.8285965919494629
    },
    "stream": {
        "Loss_Stream/eval_phase/test_stream": 42.87879357391713,
        "RelativeDistance_Stream/eval_phase/test_stream": 0.6264898955821991,
        "R2Score_Stream/eval_phase/test_stream": 0.8143532991409301,
        "Forgetting_Stream/eval_phase/test_stream": {
            "0": 0.07030689716339111,
            "1": 0.011623620986938477,
            "2": -0.0274960994720459,
            "3": -0.06936168670654297,
            "4": 0.0028840303421020508,
            "5": 0.028713107109069824,
            "6": 0.01437389850616455,
            "7": 0.06044340133666992,
            "8": -0.006909430027008057
        },
        "BWT_Stream/eval_phase/test_stream": {
            "0": 0.07030689716339111,
            "1": 0.011623620986938477,
            "2": -0.0274960994720459,
            "3": -0.06936168670654297,
            "4": 0.0028840303421020508,
            "5": 0.028713107109069824,
            "6": 0.01437389850616455,
            "7": 0.06044340133666992,
            "8": -0.006909430027008057
        }
    }
}