{
    "0": {
        "Loss_Exp": 43.60937856998084,
        "RelativeDistance_Exp": 1.0258950591087341,
        "R2Score_Exp": 0.8084017276763916,
        "Forgetting_Exp": 0.0357067167758941,
        "BWT_Exp": -0.0357067167758941
    },
    "1": {
        "Loss_Exp": 49.39480942491317,
        "RelativeDistance_Exp": 0.9860562761624654,
        "R2Score_Exp": 0.7937966664632161,
        "Forgetting_Exp": 0.05383489529291796,
        "BWT_Exp": -0.05383489529291796
    },
    "2": {
        "Loss_Exp": 40.404577628939876,
        "RelativeDistance_Exp": 0.99631123817884,
        "R2Score_Exp": 0.8298387481616094,
        "Forgetting_Exp": 0.03398668307524455,
        "BWT_Exp": -0.03398668307524455
    },
    "3": {
        "Loss_Exp": 31.73868664269853,
        "RelativeDistance_Exp": 1.0814043084780376,
        "R2Score_Exp": 0.8717163999875387,
        "Forgetting_Exp": 0.02588895294401372,
        "BWT_Exp": -0.02588895294401372
    },
    "4": {
        "Loss_Exp": 32.540939873564945,
        "RelativeDistance_Exp": 1.0431294696671622,
        "R2Score_Exp": 0.8729663150651115,
        "Forgetting_Exp": -0.01340771572930477,
        "BWT_Exp": 0.01340771572930477
    },
    "5": {
        "Loss_Exp": 34.83713217133062,
        "RelativeDistance_Exp": 0.9979938368002573,
        "R2Score_Exp": 0.8636306623617808,
        "Forgetting_Exp": -0.00544070204099012,
        "BWT_Exp": 0.00544070204099012
    },
    "6": {
        "Loss_Exp": 33.17974815763082,
        "RelativeDistance_Exp": 1.3329967856407166,
        "R2Score_Exp": 0.8721057698130608,
        "Forgetting_Exp": -0.0010787993669509888,
        "BWT_Exp": 0.0010787993669509888
    },
    "7": {
        "Loss_Exp": 45.725904749501225,
        "RelativeDistance_Exp": 0.9335914477705956,
        "R2Score_Exp": 0.8368727043271065,
        "Forgetting_Exp": 0.015099480748176575,
        "BWT_Exp": -0.015099480748176575
    },
    "8": {
        "Loss_Exp": 33.65243790597202,
        "RelativeDistance_Exp": 0.8367613554000854,
        "R2Score_Exp": 0.8800474603970846,
        "Forgetting_Exp": 0.02039072910944617,
        "BWT_Exp": -0.02039072910944617
    },
    "9": {
        "Loss_Exp": 25.866508979616,
        "RelativeDistance_Exp": 0.8121062815189362,
        "R2Score_Exp": 0.906485915184021
    },
    "stream": {
        "Loss_Stream/eval_phase/test_stream": 39.82034630201406,
        "RelativeDistance_Stream/eval_phase/test_stream": 1.028290758162369,
        "R2Score_Stream/eval_phase/test_stream": 0.8400223306667658,
        "Forgetting_Stream/eval_phase/test_stream": {
            "0": 0.0357067167758941,
            "1": 0.05383489529291796,
            "2": 0.03398668307524455,
            "3": 0.02588895294401372,
            "4": -0.01340771572930477,
            "5": -0.00544070204099012,
            "6": -0.0010787993669509888,
            "7": 0.015099480748176575,
            "8": 0.02039072910944617
        },
        "BWT_Stream/eval_phase/test_stream": {
            "0": 0.0357067167758941,
            "1": 0.05383489529291796,
            "2": 0.03398668307524455,
            "3": 0.02588895294401372,
            "4": -0.01340771572930477,
            "5": -0.00544070204099012,
            "6": -0.0010787993669509888,
            "7": 0.015099480748176575,
            "8": 0.02039072910944617
        }
    }
}