{
    "0": {
        "Loss_Exp": 66.57097920991589,
        "RelativeDistance_Exp": 1.5019192814826965,
        "R2Score_Exp": 0.7196666479110718,
        "Forgetting_Exp": 0.12319318652153011,
        "BWT_Exp": -0.12319318652153011
    },
    "1": {
        "Loss_Exp": 73.01835833644796,
        "RelativeDistance_Exp": 1.486610198020935,
        "R2Score_Exp": 0.7205504218737284,
        "Forgetting_Exp": 0.13173294067382812,
        "BWT_Exp": -0.13173294067382812
    },
    "2": {
        "Loss_Exp": 52.43510674923146,
        "RelativeDistance_Exp": 1.2548154317415678,
        "R2Score_Exp": 0.7808597271259015,
        "Forgetting_Exp": 0.0913184376863333,
        "BWT_Exp": -0.0913184376863333
    },
    "3": {
        "Loss_Exp": 38.745948725188434,
        "RelativeDistance_Exp": 1.3177402946684096,
        "R2Score_Exp": 0.8492040700382657,
        "Forgetting_Exp": 0.05842985047234428,
        "BWT_Exp": -0.05842985047234428
    },
    "4": {
        "Loss_Exp": 48.259324799024355,
        "RelativeDistance_Exp": 1.1809579730033875,
        "R2Score_Exp": 0.8145761489868164,
        "Forgetting_Exp": 0.06831653629030499,
        "BWT_Exp": -0.06831653629030499
    },
    "5": {
        "Loss_Exp": 45.59848702134779,
        "RelativeDistance_Exp": 1.0668982863426208,
        "R2Score_Exp": 0.8277113437652588,
        "Forgetting_Exp": 0.04431452353795373,
        "BWT_Exp": -0.04431452353795373
    },
    "6": {
        "Loss_Exp": 40.60455556106004,
        "RelativeDistance_Exp": 1.4269328117370605,
        "R2Score_Exp": 0.8473185747861862,
        "Forgetting_Exp": 0.042076222598552704,
        "BWT_Exp": -0.042076222598552704
    },
    "7": {
        "Loss_Exp": 48.549579037315404,
        "RelativeDistance_Exp": 0.9965585917234421,
        "R2Score_Exp": 0.8349348083138466,
        "Forgetting_Exp": 0.04514096677303314,
        "BWT_Exp": -0.04514096677303314
    },
    "8": {
        "Loss_Exp": 39.809427234217246,
        "RelativeDistance_Exp": 0.8867135842641195,
        "R2Score_Exp": 0.8558720548947653,
        "Forgetting_Exp": 0.05956941843032837,
        "BWT_Exp": -0.05956941843032837
    },
    "9": {
        "Loss_Exp": 22.226721496098392,
        "RelativeDistance_Exp": 0.7449453473091125,
        "R2Score_Exp": 0.9153847098350525
    },
    "stream": {
        "Loss_Stream/eval_phase/test_stream": 53.30733858334656,
        "RelativeDistance_Stream/eval_phase/test_stream": 1.2802057685675445,
        "R2Score_Stream/eval_phase/test_stream": 0.794119131417922,
        "Forgetting_Stream/eval_phase/test_stream": {
            "0": 0.12319318652153011,
            "1": 0.13173294067382812,
            "2": 0.0913184376863333,
            "3": 0.05842985047234428,
            "4": 0.06831653629030499,
            "5": 0.04431452353795373,
            "6": 0.042076222598552704,
            "7": 0.04514096677303314,
            "8": 0.05956941843032837
        },
        "BWT_Stream/eval_phase/test_stream": {
            "0": 0.12319318652153011,
            "1": 0.13173294067382812,
            "2": 0.0913184376863333,
            "3": 0.05842985047234428,
            "4": 0.06831653629030499,
            "5": 0.04431452353795373,
            "6": 0.042076222598552704,
            "7": 0.04514096677303314,
            "8": 0.05956941843032837
        }
    }
}