{
    "0": {
        "Loss_Exp": 63.24875882689716,
        "RelativeDistance_Exp": 0.8962483108043671,
        "R2Score_Exp": 0.8571760356426239,
        "Forgetting_Exp": 0.010197162628173828,
        "BWT_Exp": -0.010197162628173828
    },
    "1": {
        "Loss_Exp": 49.57279428900889,
        "RelativeDistance_Exp": 1.4061387777328491,
        "R2Score_Exp": 0.8541495203971863,
        "Forgetting_Exp": 0.04061749577522278,
        "BWT_Exp": -0.04061749577522278
    },
    "2": {
        "Loss_Exp": 49.51526869067731,
        "RelativeDistance_Exp": 0.7380069295565287,
        "R2Score_Exp": 0.8423665563265482,
        "Forgetting_Exp": -0.016628821690877205,
        "BWT_Exp": 0.016628821690877205
    },
    "3": {
        "Loss_Exp": 41.60993981000514,
        "RelativeDistance_Exp": 0.6443121135234833,
        "R2Score_Exp": 0.861655205488205,
        "Forgetting_Exp": -0.0030801892280578613,
        "BWT_Exp": 0.0030801892280578613
    },
    "4": {
        "Loss_Exp": 41.46612903418643,
        "RelativeDistance_Exp": 0.8392652869224548,
        "R2Score_Exp": 0.8659828901290894,
        "Forgetting_Exp": -0.018984586000442505,
        "BWT_Exp": 0.018984586000442505
    },
    "5": {
        "Loss_Exp": 38.409771960714586,
        "RelativeDistance_Exp": 0.6946892738342285,
        "R2Score_Exp": 0.8505311608314514,
        "Forgetting_Exp": 0.003514548142751095,
        "BWT_Exp": -0.003514548142751095
    },
    "6": {
        "Loss_Exp": 46.5944111817272,
        "RelativeDistance_Exp": 0.6777394612630209,
        "R2Score_Exp": 0.8568842609723409,
        "Forgetting_Exp": -0.014592727025349972,
        "BWT_Exp": 0.014592727025349972
    },
    "7": {
        "Loss_Exp": 33.409523010253906,
        "RelativeDistance_Exp": 0.7190344333648682,
        "R2Score_Exp": 0.8682622909545898,
        "Forgetting_Exp": 0.029463499784469604,
        "BWT_Exp": -0.029463499784469604
    },
    "8": {
        "Loss_Exp": 48.037460922729586,
        "RelativeDistance_Exp": 0.9943555593490601,
        "R2Score_Exp": 0.8502977788448334,
        "Forgetting_Exp": -0.01559358835220337,
        "BWT_Exp": 0.01559358835220337
    },
    "9": {
        "Loss_Exp": 55.3971933353843,
        "RelativeDistance_Exp": 0.8837089836597443,
        "R2Score_Exp": 0.8495832681655884
    },
    "stream": {
        "Loss_Stream/eval_phase/test_stream": 46.28255203213465,
        "RelativeDistance_Stream/eval_phase/test_stream": 0.8357054193814596,
        "R2Score_Stream/eval_phase/test_stream": 0.8553026417891184,
        "Forgetting_Stream/eval_phase/test_stream": {
            "0": 0.010197162628173828,
            "1": 0.04061749577522278,
            "2": -0.016628821690877205,
            "3": -0.0030801892280578613,
            "4": -0.018984586000442505,
            "5": 0.003514548142751095,
            "6": -0.014592727025349972,
            "7": 0.029463499784469604,
            "8": -0.01559358835220337
        },
        "BWT_Stream/eval_phase/test_stream": {
            "0": 0.010197162628173828,
            "1": 0.04061749577522278,
            "2": -0.016628821690877205,
            "3": -0.0030801892280578613,
            "4": -0.018984586000442505,
            "5": 0.003514548142751095,
            "6": -0.014592727025349972,
            "7": 0.029463499784469604,
            "8": -0.01559358835220337
        }
    }
}