{
    "0": {
        "Loss_Exp": 197.9739227294922,
        "RelativeDistance_Exp": 1.8098323345184326,
        "R2Score_Exp": 0.21247674524784088,
        "Forgetting_Exp": 0.6758898943662643,
        "BWT_Exp": -0.6758898943662643
    },
    "1": {
        "Loss_Exp": 168.07821655273438,
        "RelativeDistance_Exp": 1.1660155057907104,
        "R2Score_Exp": 0.39363235235214233,
        "Forgetting_Exp": 0.4849531650543213,
        "BWT_Exp": -0.4849531650543213
    },
    "2": {
        "Loss_Exp": 127.9839096069336,
        "RelativeDistance_Exp": 1.5365794897079468,
        "R2Score_Exp": 0.5017966032028198,
        "Forgetting_Exp": 0.37868964672088623,
        "BWT_Exp": -0.37868964672088623
    },
    "3": {
        "Loss_Exp": 139.4189910888672,
        "RelativeDistance_Exp": 1.5774215459823608,
        "R2Score_Exp": 0.47414180636405945,
        "Forgetting_Exp": 0.4382071793079376,
        "BWT_Exp": -0.4382071793079376
    },
    "4": {
        "Loss_Exp": 159.57135009765625,
        "RelativeDistance_Exp": 1.616949200630188,
        "R2Score_Exp": 0.38306909799575806,
        "Forgetting_Exp": 0.49663877487182617,
        "BWT_Exp": -0.49663877487182617
    },
    "5": {
        "Loss_Exp": 111.61912536621094,
        "RelativeDistance_Exp": 1.2102975845336914,
        "R2Score_Exp": 0.6034197807312012,
        "Forgetting_Exp": 0.2630428075790405,
        "BWT_Exp": -0.2630428075790405
    },
    "6": {
        "Loss_Exp": 113.66424560546875,
        "RelativeDistance_Exp": 1.4807803630828857,
        "R2Score_Exp": 0.6042447090148926,
        "Forgetting_Exp": 0.2951233386993408,
        "BWT_Exp": -0.2951233386993408
    },
    "7": {
        "Loss_Exp": 126.67151641845703,
        "RelativeDistance_Exp": 1.031630516052246,
        "R2Score_Exp": 0.5802634954452515,
        "Forgetting_Exp": 0.3028606176376343,
        "BWT_Exp": -0.3028606176376343
    },
    "8": {
        "Loss_Exp": 90.26191711425781,
        "RelativeDistance_Exp": 1.3299500942230225,
        "R2Score_Exp": 0.7277950644493103,
        "Forgetting_Exp": 0.16422539949417114,
        "BWT_Exp": -0.16422539949417114
    },
    "9": {
        "Loss_Exp": 38.655818939208984,
        "RelativeDistance_Exp": 0.9463872909545898,
        "R2Score_Exp": 0.8786232471466064
    },
    "stream": {
        "Loss_Stream/eval_phase/test_stream": 142.86742036341067,
        "RelativeDistance_Stream/eval_phase/test_stream": 1.3705843925476073,
        "R2Score_Stream/eval_phase/test_stream": 0.5359462901949883,
        "Forgetting_Stream/eval_phase/test_stream": {
            "0": 0.6758898943662643,
            "1": 0.4849531650543213,
            "2": 0.37868964672088623,
            "3": 0.4382071793079376,
            "4": 0.49663877487182617,
            "5": 0.2630428075790405,
            "6": 0.2951233386993408,
            "7": 0.3028606176376343,
            "8": 0.16422539949417114
        },
        "BWT_Stream/eval_phase/test_stream": {
            "0": 0.6758898943662643,
            "1": 0.4849531650543213,
            "2": 0.37868964672088623,
            "3": 0.4382071793079376,
            "4": 0.49663877487182617,
            "5": 0.2630428075790405,
            "6": 0.2951233386993408,
            "7": 0.3028606176376343,
            "8": 0.16422539949417114
        }
    }
}