{
    "0": {
        "Loss_Exp": 47.24032697057824,
        "RelativeDistance_Exp": 1.095621007680893,
        "R2Score_Exp": 0.7834249913692475,
        "Forgetting_Exp": 0.068421322107315,
        "BWT_Exp": -0.068421322107315
    },
    "1": {
        "Loss_Exp": 52.620982274362106,
        "RelativeDistance_Exp": 1.0473056276639303,
        "R2Score_Exp": 0.7812248587608337,
        "Forgetting_Exp": 0.021129957834879587,
        "BWT_Exp": -0.021129957834879587
    },
    "2": {
        "Loss_Exp": 41.766900267633424,
        "RelativeDistance_Exp": 0.948999624985915,
        "R2Score_Exp": 0.8223714599242578,
        "Forgetting_Exp": 0.004204695041363005,
        "BWT_Exp": -0.004204695041363005
    },
    "3": {
        "Loss_Exp": 37.63248324369191,
        "RelativeDistance_Exp": 0.9787669645415412,
        "R2Score_Exp": 0.8507899310853746,
        "Forgetting_Exp": 0.002905448277791378,
        "BWT_Exp": -0.002905448277791378
    },
    "4": {
        "Loss_Exp": 42.33219897282588,
        "RelativeDistance_Exp": 0.9180516515459333,
        "R2Score_Exp": 0.8367832813944135,
        "Forgetting_Exp": -0.02079088347298752,
        "BWT_Exp": 0.02079088347298752
    },
    "5": {
        "Loss_Exp": 39.56991963325311,
        "RelativeDistance_Exp": 0.7788886626561483,
        "R2Score_Exp": 0.8496455351511637,
        "Forgetting_Exp": -0.010706275701522827,
        "BWT_Exp": 0.010706275701522827
    },
    "6": {
        "Loss_Exp": 37.82975505902109,
        "RelativeDistance_Exp": 0.9813089966773987,
        "R2Score_Exp": 0.8580821305513382,
        "Forgetting_Exp": -0.0017180368304252625,
        "BWT_Exp": 0.0017180368304252625
    },
    "7": {
        "Loss_Exp": 52.5261965376351,
        "RelativeDistance_Exp": 0.7515967786312103,
        "R2Score_Exp": 0.8202733546495438,
        "Forgetting_Exp": 0.007836900651454926,
        "BWT_Exp": -0.007836900651454926
    },
    "8": {
        "Loss_Exp": 39.42996821900255,
        "RelativeDistance_Exp": 0.7343199054400126,
        "R2Score_Exp": 0.8637959162394205,
        "Forgetting_Exp": 0.03477452198664355,
        "BWT_Exp": -0.03477452198664355
    },
    "9": {
        "Loss_Exp": 29.98706854504375,
        "RelativeDistance_Exp": 0.6237133145332336,
        "R2Score_Exp": 0.8980579078197479
    },
    "stream": {
        "Loss_Stream/eval_phase/test_stream": 44.32393337188557,
        "RelativeDistance_Stream/eval_phase/test_stream": 0.9410496096552154,
        "R2Score_Stream/eval_phase/test_stream": 0.8230896886484123,
        "Forgetting_Stream/eval_phase/test_stream": {
            "0": 0.068421322107315,
            "1": 0.021129957834879587,
            "2": 0.004204695041363005,
            "3": 0.002905448277791378,
            "4": -0.02079088347298752,
            "5": -0.010706275701522827,
            "6": -0.0017180368304252625,
            "7": 0.007836900651454926,
            "8": 0.03477452198664355
        },
        "BWT_Stream/eval_phase/test_stream": {
            "0": 0.068421322107315,
            "1": 0.021129957834879587,
            "2": 0.004204695041363005,
            "3": 0.002905448277791378,
            "4": -0.02079088347298752,
            "5": -0.010706275701522827,
            "6": -0.0017180368304252625,
            "7": 0.007836900651454926,
            "8": 0.03477452198664355
        }
    }
}