{
    "0": {
        "Loss_Exp": 128.41914303428248,
        "RelativeDistance_Exp": 1.339362621307373,
        "R2Score_Exp": 0.7084909677505493,
        "Forgetting_Exp": 0.16973191499710083,
        "BWT_Exp": -0.16973191499710083
    },
    "1": {
        "Loss_Exp": 74.22211657579852,
        "RelativeDistance_Exp": 1.734121322631836,
        "R2Score_Exp": 0.7858084738254547,
        "Forgetting_Exp": 0.10281896591186523,
        "BWT_Exp": -0.10281896591186523
    },
    "2": {
        "Loss_Exp": 57.76392970045795,
        "RelativeDistance_Exp": 1.0932762622833252,
        "R2Score_Exp": 0.8144331773122152,
        "Forgetting_Exp": 0.011140286922454834,
        "BWT_Exp": -0.011140286922454834
    },
    "3": {
        "Loss_Exp": 54.27446439263799,
        "RelativeDistance_Exp": 0.8815954029560089,
        "R2Score_Exp": 0.8201269507408142,
        "Forgetting_Exp": 0.03923705220222473,
        "BWT_Exp": -0.03923705220222473
    },
    "4": {
        "Loss_Exp": 46.20549743635141,
        "RelativeDistance_Exp": 1.1062780618667603,
        "R2Score_Exp": 0.8468713164329529,
        "Forgetting_Exp": 0.004663184285163879,
        "BWT_Exp": -0.004663184285163879
    },
    "5": {
        "Loss_Exp": 47.0405041238536,
        "RelativeDistance_Exp": 0.9390037258466085,
        "R2Score_Exp": 0.8165211081504822,
        "Forgetting_Exp": 0.0265292922655741,
        "BWT_Exp": -0.0265292922655741
    },
    "6": {
        "Loss_Exp": 59.74441841612471,
        "RelativeDistance_Exp": 0.8789026339848837,
        "R2Score_Exp": 0.8153959711392721,
        "Forgetting_Exp": 0.03881722688674927,
        "BWT_Exp": -0.03881722688674927
    },
    "7": {
        "Loss_Exp": 37.214683532714844,
        "RelativeDistance_Exp": 0.9389253854751587,
        "R2Score_Exp": 0.8532580733299255,
        "Forgetting_Exp": 0.02191677689552307,
        "BWT_Exp": -0.02191677689552307
    },
    "8": {
        "Loss_Exp": 49.56962252519356,
        "RelativeDistance_Exp": 0.9182618260383606,
        "R2Score_Exp": 0.8373474776744843,
        "Forgetting_Exp": -0.010929673910140991,
        "BWT_Exp": 0.010929673910140991
    },
    "9": {
        "Loss_Exp": 53.53768427413323,
        "RelativeDistance_Exp": 1.116912305355072,
        "R2Score_Exp": 0.8550185263156891
    },
    "stream": {
        "Loss_Stream/eval_phase/test_stream": 59.59108981436914,
        "RelativeDistance_Stream/eval_phase/test_stream": 1.086587185660998,
        "R2Score_Stream/eval_phase/test_stream": 0.8163907875617346,
        "Forgetting_Stream/eval_phase/test_stream": {
            "0": 0.16973191499710083,
            "1": 0.10281896591186523,
            "2": 0.011140286922454834,
            "3": 0.03923705220222473,
            "4": 0.004663184285163879,
            "5": 0.0265292922655741,
            "6": 0.03881722688674927,
            "7": 0.02191677689552307,
            "8": -0.010929673910140991
        },
        "BWT_Stream/eval_phase/test_stream": {
            "0": 0.16973191499710083,
            "1": 0.10281896591186523,
            "2": 0.011140286922454834,
            "3": 0.03923705220222473,
            "4": 0.004663184285163879,
            "5": 0.0265292922655741,
            "6": 0.03881722688674927,
            "7": 0.02191677689552307,
            "8": -0.010929673910140991
        }
    }
}