{
    "0": {
        "Loss_Exp": 66.82892509156552,
        "Time_Exp": 0.20257440000023053,
        "RelativeDistance_Exp": 1.2436285376548768,
        "R2Score_Exp": 0.7255868911743164,
        "Forgetting_Exp": 0.1646228492259979,
        "BWT_Exp": -0.1646228492259979
    },
    "1": {
        "Loss_Exp": 69.88954351220497,
        "Time_Exp": 0.23903929999960383,
        "RelativeDistance_Exp": 1.155160657564799,
        "R2Score_Exp": 0.7344678401947021,
        "Forgetting_Exp": 0.0960767904917399,
        "BWT_Exp": -0.0960767904917399
    },
    "2": {
        "Loss_Exp": 49.08849162544455,
        "Time_Exp": 0.36225000000013097,
        "RelativeDistance_Exp": 1.073501100906959,
        "R2Score_Exp": 0.7982990283232468,
        "Forgetting_Exp": 0.0603841726596539,
        "BWT_Exp": -0.0603841726596539
    },
    "3": {
        "Loss_Exp": 37.00014705878269,
        "Time_Exp": 0.15905349999957252,
        "RelativeDistance_Exp": 1.1269127527872722,
        "R2Score_Exp": 0.8606834676530626,
        "Forgetting_Exp": 0.04303307665718925,
        "BWT_Exp": -0.04303307665718925
    },
    "4": {
        "Loss_Exp": 44.73000497009121,
        "Time_Exp": 0.1090249999997468,
        "RelativeDistance_Exp": 1.057926663330623,
        "R2Score_Exp": 0.8311898027147565,
        "Forgetting_Exp": 0.050639425005231664,
        "BWT_Exp": -0.050639425005231664
    },
    "5": {
        "Loss_Exp": 43.47255605074571,
        "Time_Exp": 0.11164629999984754,
        "RelativeDistance_Exp": 0.9311637381712595,
        "R2Score_Exp": 0.8381686409314474,
        "Forgetting_Exp": 0.025670011838277107,
        "BWT_Exp": -0.025670011838277107
    },
    "6": {
        "Loss_Exp": 38.6052584777261,
        "Time_Exp": 0.14006390000031388,
        "RelativeDistance_Exp": 1.1527971401810646,
        "R2Score_Exp": 0.8564042299985886,
        "Forgetting_Exp": 0.02520802617073059,
        "BWT_Exp": -0.02520802617073059
    },
    "7": {
        "Loss_Exp": 49.977050794736826,
        "Time_Exp": 0.28861200000028475,
        "RelativeDistance_Exp": 0.8355645462870598,
        "R2Score_Exp": 0.8345416337251663,
        "Forgetting_Exp": 0.032551489770412445,
        "BWT_Exp": -0.032551489770412445
    },
    "8": {
        "Loss_Exp": 32.51929123569049,
        "Time_Exp": 0.03263969999989058,
        "RelativeDistance_Exp": 0.7192743221918741,
        "R2Score_Exp": 0.8834167917569479,
        "Forgetting_Exp": 0.03227752447128296,
        "BWT_Exp": -0.03227752447128296
    },
    "9": {
        "Loss_Exp": 21.012087173582824,
        "Time_Exp": 0.021889599999667553,
        "RelativeDistance_Exp": 0.6957473456859589,
        "R2Score_Exp": 0.9194456338882446
    },
    "stream": {
        "Loss_Stream/eval_phase/test_stream": 51.23483738272943,
        "Time_Stream/eval_phase/test_stream": 1.7058482000002186,
        "RelativeDistance_Stream/eval_phase/test_stream": 1.0655568462831002,
        "R2Score_Stream/eval_phase/test_stream": 0.8056910383848497,
        "Forgetting_Stream/eval_phase/test_stream": {
            "0": 0.1646228492259979,
            "1": 0.0960767904917399,
            "2": 0.0603841726596539,
            "3": 0.04303307665718925,
            "4": 0.050639425005231664,
            "5": 0.025670011838277107,
            "6": 0.02520802617073059,
            "7": 0.032551489770412445,
            "8": 0.03227752447128296
        },
        "BWT_Stream/eval_phase/test_stream": {
            "0": 0.1646228492259979,
            "1": 0.0960767904917399,
            "2": 0.0603841726596539,
            "3": 0.04303307665718925,
            "4": 0.050639425005231664,
            "5": 0.025670011838277107,
            "6": 0.02520802617073059,
            "7": 0.032551489770412445,
            "8": 0.03227752447128296
        }
    }
}