{
    "0": {
        "Loss_Exp": 109.37851908722816,
        "RelativeDistance_Exp": 1.3220213651657104,
        "R2Score_Exp": 0.7508685886859894,
        "Forgetting_Exp": 0.1267373263835907,
        "BWT_Exp": -0.1267373263835907
    },
    "1": {
        "Loss_Exp": 86.41148420658283,
        "RelativeDistance_Exp": 1.5012831091880798,
        "R2Score_Exp": 0.7495977580547333,
        "Forgetting_Exp": 0.14761942625045776,
        "BWT_Exp": -0.14761942625045776
    },
    "2": {
        "Loss_Exp": 67.86543327726463,
        "RelativeDistance_Exp": 0.8470494349797567,
        "R2Score_Exp": 0.7811540961265564,
        "Forgetting_Exp": 0.03996207316716516,
        "BWT_Exp": -0.03996207316716516
    },
    "3": {
        "Loss_Exp": 49.24145528214009,
        "RelativeDistance_Exp": 0.7251655757427216,
        "R2Score_Exp": 0.837225615978241,
        "Forgetting_Exp": 0.02591058611869812,
        "BWT_Exp": -0.02591058611869812
    },
    "4": {
        "Loss_Exp": 47.50097289402563,
        "RelativeDistance_Exp": 0.9152268618345261,
        "R2Score_Exp": 0.8445062786340714,
        "Forgetting_Exp": 0.010169968008995056,
        "BWT_Exp": -0.010169968008995056
    },
    "5": {
        "Loss_Exp": 47.54557203209919,
        "RelativeDistance_Exp": 0.779539167881012,
        "R2Score_Exp": 0.8144498070081075,
        "Forgetting_Exp": 0.026433130105336433,
        "BWT_Exp": -0.026433130105336433
    },
    "6": {
        "Loss_Exp": 59.87004168174509,
        "RelativeDistance_Exp": 0.7622843186060587,
        "R2Score_Exp": 0.8099992672602335,
        "Forgetting_Exp": 0.023940185705820793,
        "BWT_Exp": -0.023940185705820793
    },
    "7": {
        "Loss_Exp": 36.45795440673828,
        "RelativeDistance_Exp": 0.7834336757659912,
        "R2Score_Exp": 0.8562419414520264,
        "Forgetting_Exp": 0.026300042867660522,
        "BWT_Exp": -0.026300042867660522
    },
    "8": {
        "Loss_Exp": 51.828989542619404,
        "RelativeDistance_Exp": 1.7064038515090942,
        "R2Score_Exp": 0.8364278674125671,
        "Forgetting_Exp": -0.026674389839172363,
        "BWT_Exp": 0.026674389839172363
    },
    "9": {
        "Loss_Exp": 56.633089742495144,
        "RelativeDistance_Exp": 0.8549018204212189,
        "R2Score_Exp": 0.8456818163394928
    },
    "stream": {
        "Loss_Stream/eval_phase/test_stream": 60.61449085074329,
        "RelativeDistance_Stream/eval_phase/test_stream": 0.9929379721482595,
        "R2Score_Stream/eval_phase/test_stream": 0.8121116608381271,
        "Forgetting_Stream/eval_phase/test_stream": {
            "0": 0.1267373263835907,
            "1": 0.14761942625045776,
            "2": 0.03996207316716516,
            "3": 0.02591058611869812,
            "4": 0.010169968008995056,
            "5": 0.026433130105336433,
            "6": 0.023940185705820793,
            "7": 0.026300042867660522,
            "8": -0.026674389839172363
        },
        "BWT_Stream/eval_phase/test_stream": {
            "0": 0.1267373263835907,
            "1": 0.14761942625045776,
            "2": 0.03996207316716516,
            "3": 0.02591058611869812,
            "4": 0.010169968008995056,
            "5": 0.026433130105336433,
            "6": 0.023940185705820793,
            "7": 0.026300042867660522,
            "8": -0.026674389839172363
        }
    }
}