{
    "0": {
        "Loss_Exp": 37.21420810467542,
        "Time_Exp": 0.19436200000200188,
        "RelativeDistance_Exp": 0.9042799890041351,
        "R2Score_Exp": 0.8338420271873475,
        "Forgetting_Exp": 0.057979607582092196,
        "BWT_Exp": -0.057979607582092196
    },
    "1": {
        "Loss_Exp": 48.367643656486486,
        "Time_Exp": 0.2721400000009453,
        "RelativeDistance_Exp": 1.052613111337026,
        "R2Score_Exp": 0.8047220389048259,
        "Forgetting_Exp": 0.011205395062764523,
        "BWT_Exp": -0.011205395062764523
    },
    "2": {
        "Loss_Exp": 39.26871056036204,
        "Time_Exp": 0.3447054999996908,
        "RelativeDistance_Exp": 0.9642469241068914,
        "R2Score_Exp": 0.8377942213645349,
        "Forgetting_Exp": 0.002093764451833846,
        "BWT_Exp": -0.002093764451833846
    },
    "3": {
        "Loss_Exp": 36.70811253886923,
        "Time_Exp": 0.13741039999877103,
        "RelativeDistance_Exp": 1.1148262090153165,
        "R2Score_Exp": 0.8575768801901076,
        "Forgetting_Exp": -0.009003221988677979,
        "BWT_Exp": 0.009003221988677979
    },
    "4": {
        "Loss_Exp": 39.60711224476305,
        "Time_Exp": 0.08669159999772091,
        "RelativeDistance_Exp": 1.056103595665523,
        "R2Score_Exp": 0.8448020645550319,
        "Forgetting_Exp": -0.024286099842616538,
        "BWT_Exp": 0.024286099842616538
    },
    "5": {
        "Loss_Exp": 39.9555294646886,
        "Time_Exp": 0.09638700000141398,
        "RelativeDistance_Exp": 0.9195708334445953,
        "R2Score_Exp": 0.8466094533602396,
        "Forgetting_Exp": -0.010450859864552742,
        "BWT_Exp": 0.010450859864552742
    },
    "6": {
        "Loss_Exp": 35.72458636848754,
        "Time_Exp": 0.12225469999975758,
        "RelativeDistance_Exp": 1.1100465208292007,
        "R2Score_Exp": 0.8685517460107803,
        "Forgetting_Exp": -0.0036519914865493774,
        "BWT_Exp": 0.0036519914865493774
    },
    "7": {
        "Loss_Exp": 51.484658083320475,
        "Time_Exp": 0.12219740000000456,
        "RelativeDistance_Exp": 0.8785243406891823,
        "R2Score_Exp": 0.822517603635788,
        "Forgetting_Exp": 0.0031948238611221313,
        "BWT_Exp": -0.0031948238611221313
    },
    "8": {
        "Loss_Exp": 39.2762512865281,
        "Time_Exp": 0.033912700000655605,
        "RelativeDistance_Exp": 0.9214309453964233,
        "R2Score_Exp": 0.8634602427482605,
        "Forgetting_Exp": 0.03224082787831628,
        "BWT_Exp": -0.03224082787831628
    },
    "9": {
        "Loss_Exp": 35.70685640870108,
        "Time_Exp": 0.022053199998481432,
        "RelativeDistance_Exp": 1.0056186318397522,
        "R2Score_Exp": 0.8807134330272675
    },
    "stream": {
        "Loss_Stream/eval_phase/test_stream": 41.31424090759966,
        "Time_Stream/eval_phase/test_stream": 1.4666717000000062,
        "RelativeDistance_Stream/eval_phase/test_stream": 0.9999369088514352,
        "R2Score_Stream/eval_phase/test_stream": 0.8381777928199297,
        "Forgetting_Stream/eval_phase/test_stream": {
            "0": 0.057979607582092196,
            "1": 0.011205395062764523,
            "2": 0.002093764451833846,
            "3": -0.009003221988677979,
            "4": -0.024286099842616538,
            "5": -0.010450859864552742,
            "6": -0.0036519914865493774,
            "7": 0.0031948238611221313,
            "8": 0.03224082787831628
        },
        "BWT_Stream/eval_phase/test_stream": {
            "0": 0.057979607582092196,
            "1": 0.011205395062764523,
            "2": 0.002093764451833846,
            "3": -0.009003221988677979,
            "4": -0.024286099842616538,
            "5": -0.010450859864552742,
            "6": -0.0036519914865493774,
            "7": 0.0031948238611221313,
            "8": 0.03224082787831628
        }
    }
}