{
    "0": {
        "Loss_Exp": 62.09859268540357,
        "RelativeDistance_Exp": 1.3836667597293855,
        "R2Score_Exp": 0.7412379086017609,
        "Forgetting_Exp": 0.10952879786491398,
        "BWT_Exp": -0.10952879786491398
    },
    "1": {
        "Loss_Exp": 67.22803215609005,
        "RelativeDistance_Exp": 1.361117156346639,
        "R2Score_Exp": 0.7387645363807678,
        "Forgetting_Exp": 0.10682977040608732,
        "BWT_Exp": -0.10682977040608732
    },
    "2": {
        "Loss_Exp": 50.106563024204384,
        "RelativeDistance_Exp": 1.1755684063984797,
        "R2Score_Exp": 0.7902845052572397,
        "Forgetting_Exp": 0.08123870537831235,
        "BWT_Exp": -0.08123870537831235
    },
    "3": {
        "Loss_Exp": 35.29455124674009,
        "RelativeDistance_Exp": 1.2090400324927435,
        "R2Score_Exp": 0.863079673714108,
        "Forgetting_Exp": 0.044739286104838016,
        "BWT_Exp": -0.044739286104838016
    },
    "4": {
        "Loss_Exp": 44.46050571657553,
        "RelativeDistance_Exp": 1.1204140016010828,
        "R2Score_Exp": 0.8319880451474871,
        "Forgetting_Exp": 0.04961994716099327,
        "BWT_Exp": -0.04961994716099327
    },
    "5": {
        "Loss_Exp": 42.2624820145007,
        "RelativeDistance_Exp": 0.9921945234139761,
        "R2Score_Exp": 0.8403166731198629,
        "Forgetting_Exp": 0.030467182397842407,
        "BWT_Exp": -0.030467182397842407
    },
    "6": {
        "Loss_Exp": 36.66165325854107,
        "RelativeDistance_Exp": 1.31077741086483,
        "R2Score_Exp": 0.8627693727612495,
        "Forgetting_Exp": 0.02733970433473587,
        "BWT_Exp": -0.02733970433473587
    },
    "7": {
        "Loss_Exp": 43.96506235798578,
        "RelativeDistance_Exp": 0.9102244302630424,
        "R2Score_Exp": 0.8502596095204353,
        "Forgetting_Exp": 0.026817284524440765,
        "BWT_Exp": -0.026817284524440765
    },
    "8": {
        "Loss_Exp": 32.91768288054342,
        "RelativeDistance_Exp": 0.8057424823443095,
        "R2Score_Exp": 0.8817706902821859,
        "Forgetting_Exp": 0.029533743858337402,
        "BWT_Exp": -0.029533743858337402
    },
    "9": {
        "Loss_Exp": 22.001247551097357,
        "RelativeDistance_Exp": 0.72873654961586,
        "R2Score_Exp": 0.9164775013923645
    },
    "stream": {
        "Loss_Stream/eval_phase/test_stream": 49.232783025754266,
        "RelativeDistance_Stream/eval_phase/test_stream": 1.1834068511739189,
        "R2Score_Stream/eval_phase/test_stream": 0.8096738030881058,
        "Forgetting_Stream/eval_phase/test_stream": {
            "0": 0.10952879786491398,
            "1": 0.10682977040608732,
            "2": 0.08123870537831235,
            "3": 0.044739286104838016,
            "4": 0.04961994716099327,
            "5": 0.030467182397842407,
            "6": 0.02733970433473587,
            "7": 0.026817284524440765,
            "8": 0.029533743858337402
        },
        "BWT_Stream/eval_phase/test_stream": {
            "0": 0.10952879786491398,
            "1": 0.10682977040608732,
            "2": 0.08123870537831235,
            "3": 0.044739286104838016,
            "4": 0.04961994716099327,
            "5": 0.030467182397842407,
            "6": 0.02733970433473587,
            "7": 0.026817284524440765,
            "8": 0.029533743858337402
        }
    }
}