{
    "0": {
        "Loss_Exp": 83.99047900334885,
        "RelativeDistance_Exp": 0.7741087675094604,
        "R2Score_Exp": 0.7286299467086792,
        "Forgetting_Exp": 0.12149691581726074,
        "BWT_Exp": -0.12149691581726074
    },
    "1": {
        "Loss_Exp": 42.868958456509944,
        "RelativeDistance_Exp": 0.7537806332111359,
        "R2Score_Exp": 0.8408708870410919,
        "Forgetting_Exp": 0.050195515155792236,
        "BWT_Exp": -0.050195515155792236
    },
    "2": {
        "Loss_Exp": 57.30530664848989,
        "RelativeDistance_Exp": 0.597685694694519,
        "R2Score_Exp": 0.7926586866378784,
        "Forgetting_Exp": 0.04661039511362708,
        "BWT_Exp": -0.04661039511362708
    },
    "3": {
        "Loss_Exp": 37.25838677696059,
        "RelativeDistance_Exp": 0.5063267350196838,
        "R2Score_Exp": 0.8507802188396454,
        "Forgetting_Exp": 0.014558225870132446,
        "BWT_Exp": -0.014558225870132446
    },
    "4": {
        "Loss_Exp": 30.1596221043598,
        "RelativeDistance_Exp": 0.5500528216362,
        "R2Score_Exp": 0.8462788164615631,
        "Forgetting_Exp": 0.04680025577545166,
        "BWT_Exp": -0.04680025577545166
    },
    "5": {
        "Loss_Exp": 36.11638003355705,
        "RelativeDistance_Exp": 0.5301156938076019,
        "R2Score_Exp": 0.8169750769933065,
        "Forgetting_Exp": 0.06154775619506836,
        "BWT_Exp": -0.06154775619506836
    },
    "6": {
        "Loss_Exp": 36.44093496930971,
        "RelativeDistance_Exp": 0.5384692947069804,
        "R2Score_Exp": 0.8537547985712687,
        "Forgetting_Exp": 0.010235011577606201,
        "BWT_Exp": -0.010235011577606201
    },
    "7": {
        "Loss_Exp": 33.732503170980685,
        "RelativeDistance_Exp": 0.38583843410015106,
        "R2Score_Exp": 0.882069855928421,
        "Forgetting_Exp": 0.038173794746398926,
        "BWT_Exp": -0.038173794746398926
    },
    "8": {
        "Loss_Exp": 34.24626402421431,
        "RelativeDistance_Exp": 0.43812353909015656,
        "R2Score_Exp": 0.8601441383361816,
        "Forgetting_Exp": 0.02138233184814453,
        "BWT_Exp": -0.02138233184814453
    },
    "9": {
        "Loss_Exp": 39.24167653248265,
        "RelativeDistance_Exp": 0.5443735122680664,
        "R2Score_Exp": 0.8698990941047668
    },
    "stream": {
        "Loss_Stream/eval_phase/test_stream": 42.636093280293984,
        "RelativeDistance_Stream/eval_phase/test_stream": 0.5601650631427765,
        "R2Score_Stream/eval_phase/test_stream": 0.8336027693748475,
        "Forgetting_Stream/eval_phase/test_stream": {
            "0": 0.12149691581726074,
            "1": 0.050195515155792236,
            "2": 0.04661039511362708,
            "3": 0.014558225870132446,
            "4": 0.04680025577545166,
            "5": 0.06154775619506836,
            "6": 0.010235011577606201,
            "7": 0.038173794746398926,
            "8": 0.02138233184814453
        },
        "BWT_Stream/eval_phase/test_stream": {
            "0": 0.12149691581726074,
            "1": 0.050195515155792236,
            "2": 0.04661039511362708,
            "3": 0.014558225870132446,
            "4": 0.04680025577545166,
            "5": 0.06154775619506836,
            "6": 0.010235011577606201,
            "7": 0.038173794746398926,
            "8": 0.02138233184814453
        }
    }
}