{
    "0": {
        "Loss_Exp": 22.13677978515625,
        "RelativeDistance_Exp": 0.570975661277771,
        "R2Score_Exp": 0.9067250490188599,
        "Forgetting_Exp": -0.00712507963180542,
        "BWT_Exp": 0.00712507963180542
    },
    "1": {
        "Loss_Exp": 23.740291595458984,
        "RelativeDistance_Exp": 0.5798969864845276,
        "R2Score_Exp": 0.8966907262802124,
        "Forgetting_Exp": -0.001557469367980957,
        "BWT_Exp": 0.001557469367980957
    },
    "2": {
        "Loss_Exp": 23.588706970214844,
        "RelativeDistance_Exp": 0.619270920753479,
        "R2Score_Exp": 0.9012037515640259,
        "Forgetting_Exp": -0.005453824996948242,
        "BWT_Exp": 0.005453824996948242
    },
    "3": {
        "Loss_Exp": 22.079174041748047,
        "RelativeDistance_Exp": 0.5704874396324158,
        "R2Score_Exp": 0.9025943279266357,
        "Forgetting_Exp": -0.001721501350402832,
        "BWT_Exp": 0.001721501350402832
    },
    "4": {
        "Loss_Exp": 29.179697036743164,
        "RelativeDistance_Exp": 0.6982750296592712,
        "R2Score_Exp": 0.8887989521026611,
        "Forgetting_Exp": 0.0026407241821289062,
        "BWT_Exp": -0.0026407241821289062
    },
    "5": {
        "Loss_Exp": 28.243480682373047,
        "RelativeDistance_Exp": 0.6628836989402771,
        "R2Score_Exp": 0.892642617225647,
        "Forgetting_Exp": -0.00031280517578125,
        "BWT_Exp": 0.00031280517578125
    },
    "6": {
        "Loss_Exp": 26.78617286682129,
        "RelativeDistance_Exp": 0.5138998031616211,
        "R2Score_Exp": 0.8936750888824463,
        "Forgetting_Exp": -0.0049811601638793945,
        "BWT_Exp": 0.0049811601638793945
    },
    "7": {
        "Loss_Exp": 26.640888214111328,
        "RelativeDistance_Exp": 0.6270331144332886,
        "R2Score_Exp": 0.8938422203063965,
        "Forgetting_Exp": -0.03106224536895752,
        "BWT_Exp": 0.03106224536895752
    },
    "8": {
        "Loss_Exp": 31.259937286376953,
        "RelativeDistance_Exp": 0.43748989701271057,
        "R2Score_Exp": 0.8816691637039185,
        "Forgetting_Exp": 0.02639937400817871,
        "BWT_Exp": -0.02639937400817871
    },
    "9": {
        "Loss_Exp": 22.928380966186523,
        "RelativeDistance_Exp": 0.6925948858261108,
        "R2Score_Exp": 0.9165158271789551
    },
    "stream": {
        "Loss_Stream/eval_phase/test_stream": 24.950628691709195,
        "RelativeDistance_Stream/eval_phase/test_stream": 0.5972807437181473,
        "R2Score_Stream/eval_phase/test_stream": 0.8974357724189759,
        "Forgetting_Stream/eval_phase/test_stream": {
            "0": -0.00712507963180542,
            "1": -0.001557469367980957,
            "2": -0.005453824996948242,
            "3": -0.001721501350402832,
            "4": 0.0026407241821289062,
            "5": -0.00031280517578125,
            "6": -0.0049811601638793945,
            "7": -0.03106224536895752,
            "8": 0.02639937400817871
        },
        "BWT_Stream/eval_phase/test_stream": {
            "0": -0.00712507963180542,
            "1": -0.001557469367980957,
            "2": -0.005453824996948242,
            "3": -0.001721501350402832,
            "4": 0.0026407241821289062,
            "5": -0.00031280517578125,
            "6": -0.0049811601638793945,
            "7": -0.03106224536895752,
            "8": 0.02639937400817871
        }
    }
}