{
    "0": {
        "Loss_Exp": 50.21614074707031,
        "RelativeDistance_Exp": 0.8010236620903015,
        "R2Score_Exp": 0.8024564981460571,
        "Forgetting_Exp": 0.09099400043487549,
        "BWT_Exp": -0.09099400043487549
    },
    "1": {
        "Loss_Exp": 48.927825927734375,
        "RelativeDistance_Exp": 0.7719104886054993,
        "R2Score_Exp": 0.8130538463592529,
        "Forgetting_Exp": 0.08383524417877197,
        "BWT_Exp": -0.08383524417877197
    },
    "2": {
        "Loss_Exp": 51.18997573852539,
        "RelativeDistance_Exp": 0.8807007074356079,
        "R2Score_Exp": 0.8051947355270386,
        "Forgetting_Exp": 0.09647214412689209,
        "BWT_Exp": -0.09647214412689209
    },
    "3": {
        "Loss_Exp": 51.41105270385742,
        "RelativeDistance_Exp": 0.7835333943367004,
        "R2Score_Exp": 0.7886024713516235,
        "Forgetting_Exp": 0.11071407794952393,
        "BWT_Exp": -0.11071407794952393
    },
    "4": {
        "Loss_Exp": 55.42845916748047,
        "RelativeDistance_Exp": 0.841844379901886,
        "R2Score_Exp": 0.808333158493042,
        "Forgetting_Exp": 0.08996403217315674,
        "BWT_Exp": -0.08996403217315674
    },
    "5": {
        "Loss_Exp": 47.259456634521484,
        "RelativeDistance_Exp": 0.8312703371047974,
        "R2Score_Exp": 0.8265610337257385,
        "Forgetting_Exp": 0.07103544473648071,
        "BWT_Exp": -0.07103544473648071
    },
    "6": {
        "Loss_Exp": 40.81310272216797,
        "RelativeDistance_Exp": 0.6351920962333679,
        "R2Score_Exp": 0.842755913734436,
        "Forgetting_Exp": 0.048877596855163574,
        "BWT_Exp": -0.048877596855163574
    },
    "7": {
        "Loss_Exp": 41.85735321044922,
        "RelativeDistance_Exp": 0.7447739243507385,
        "R2Score_Exp": 0.8488168120384216,
        "Forgetting_Exp": 0.017725229263305664,
        "BWT_Exp": -0.017725229263305664
    },
    "8": {
        "Loss_Exp": 43.71659851074219,
        "RelativeDistance_Exp": 0.5387879014015198,
        "R2Score_Exp": 0.8550283312797546,
        "Forgetting_Exp": 0.047953784465789795,
        "BWT_Exp": -0.047953784465789795
    },
    "9": {
        "Loss_Exp": 17.745634078979492,
        "RelativeDistance_Exp": 0.6141741275787354,
        "R2Score_Exp": 0.9329116344451904
    },
    "stream": {
        "Loss_Stream/eval_phase/test_stream": 49.170190232236585,
        "RelativeDistance_Stream/eval_phase/test_stream": 0.7443211019039154,
        "R2Score_Stream/eval_phase/test_stream": 0.8323714435100555,
        "Forgetting_Stream/eval_phase/test_stream": {
            "0": 0.09099400043487549,
            "1": 0.08383524417877197,
            "2": 0.09647214412689209,
            "3": 0.11071407794952393,
            "4": 0.08996403217315674,
            "5": 0.07103544473648071,
            "6": 0.048877596855163574,
            "7": 0.017725229263305664,
            "8": 0.047953784465789795
        },
        "BWT_Stream/eval_phase/test_stream": {
            "0": 0.09099400043487549,
            "1": 0.08383524417877197,
            "2": 0.09647214412689209,
            "3": 0.11071407794952393,
            "4": 0.08996403217315674,
            "5": 0.07103544473648071,
            "6": 0.048877596855163574,
            "7": 0.017725229263305664,
            "8": 0.047953784465789795
        }
    }
}