{
    "0": {
        "Loss_Exp": 88.13489758229395,
        "RelativeDistance_Exp": 1.0084907710552216,
        "R2Score_Exp": 0.7980723977088928,
        "Forgetting_Exp": 0.0814976692199707,
        "BWT_Exp": -0.0814976692199707
    },
    "1": {
        "Loss_Exp": 59.504965377896006,
        "RelativeDistance_Exp": 1.6346435546875,
        "R2Score_Exp": 0.8282034993171692,
        "Forgetting_Exp": 0.06818965077400208,
        "BWT_Exp": -0.06818965077400208
    },
    "2": {
        "Loss_Exp": 54.61136800904786,
        "RelativeDistance_Exp": 0.7916724880536398,
        "R2Score_Exp": 0.8237155477205912,
        "Forgetting_Exp": -0.003539423147837284,
        "BWT_Exp": 0.003539423147837284
    },
    "3": {
        "Loss_Exp": 46.00346906875626,
        "RelativeDistance_Exp": 0.652670294046402,
        "R2Score_Exp": 0.8487117886543274,
        "Forgetting_Exp": 0.002916395664215088,
        "BWT_Exp": -0.002916395664215088
    },
    "4": {
        "Loss_Exp": 45.27377564904386,
        "RelativeDistance_Exp": 0.890709176659584,
        "R2Score_Exp": 0.850039467215538,
        "Forgetting_Exp": -0.00788944959640503,
        "BWT_Exp": 0.00788944959640503
    },
    "5": {
        "Loss_Exp": 38.89751019685165,
        "RelativeDistance_Exp": 0.7073142528533936,
        "R2Score_Exp": 0.8483034571011862,
        "Forgetting_Exp": -0.007905224959055657,
        "BWT_Exp": 0.007905224959055657
    },
    "6": {
        "Loss_Exp": 51.736923794938036,
        "RelativeDistance_Exp": 0.6973398923873901,
        "R2Score_Exp": 0.8403679331143697,
        "Forgetting_Exp": -0.042382776737213135,
        "BWT_Exp": 0.042382776737213135
    },
    "7": {
        "Loss_Exp": 35.59331130981445,
        "RelativeDistance_Exp": 0.6944119334220886,
        "R2Score_Exp": 0.8596513271331787,
        "Forgetting_Exp": 0.019513189792633057,
        "BWT_Exp": -0.019513189792633057
    },
    "8": {
        "Loss_Exp": 53.63093788450719,
        "RelativeDistance_Exp": 0.8127718865871429,
        "R2Score_Exp": 0.826926052570343,
        "Forgetting_Exp": 0.014407426118850708,
        "BWT_Exp": -0.014407426118850708
    },
    "9": {
        "Loss_Exp": 56.20016619731925,
        "RelativeDistance_Exp": 0.8564991354942322,
        "R2Score_Exp": 0.8462402820587158
    },
    "stream": {
        "Loss_Stream/eval_phase/test_stream": 52.041966618965134,
        "RelativeDistance_Stream/eval_phase/test_stream": 0.8656824926535288,
        "R2Score_Stream/eval_phase/test_stream": 0.8372199187676111,
        "Forgetting_Stream/eval_phase/test_stream": {
            "0": 0.0814976692199707,
            "1": 0.06818965077400208,
            "2": -0.003539423147837284,
            "3": 0.002916395664215088,
            "4": -0.00788944959640503,
            "5": -0.007905224959055657,
            "6": -0.042382776737213135,
            "7": 0.019513189792633057,
            "8": 0.014407426118850708
        },
        "BWT_Stream/eval_phase/test_stream": {
            "0": 0.0814976692199707,
            "1": 0.06818965077400208,
            "2": -0.003539423147837284,
            "3": 0.002916395664215088,
            "4": -0.00788944959640503,
            "5": -0.007905224959055657,
            "6": -0.042382776737213135,
            "7": 0.019513189792633057,
            "8": 0.014407426118850708
        }
    }
}