{
    "0": {
        "Loss_Exp": 42.32967072172985,
        "Time_Exp": 0.1630102999988594,
        "RelativeDistance_Exp": 0.946179324388504,
        "R2Score_Exp": 0.8150552093982697,
        "Forgetting_Exp": 0.07245563864707938,
        "BWT_Exp": -0.07245563864707938
    },
    "1": {
        "Loss_Exp": 49.43830584423725,
        "Time_Exp": 0.3936857999997301,
        "RelativeDistance_Exp": 0.7850530584653218,
        "R2Score_Exp": 0.8024821162223816,
        "Forgetting_Exp": 0.01996537049611402,
        "BWT_Exp": -0.01996537049611402
    },
    "2": {
        "Loss_Exp": 40.09500173304092,
        "Time_Exp": 0.2134248000002117,
        "RelativeDistance_Exp": 0.7860230941038865,
        "R2Score_Exp": 0.833220165509444,
        "Forgetting_Exp": 0.009584784507751465,
        "BWT_Exp": -0.009584784507751465
    },
    "3": {
        "Loss_Exp": 35.19065564744963,
        "Time_Exp": 0.16498870000032184,
        "RelativeDistance_Exp": 0.7884697781668769,
        "R2Score_Exp": 0.8598968850241767,
        "Forgetting_Exp": 0.02638968494203353,
        "BWT_Exp": -0.02638968494203353
    },
    "4": {
        "Loss_Exp": 36.75479421482572,
        "Time_Exp": 0.147073599999203,
        "RelativeDistance_Exp": 0.7737304823739188,
        "R2Score_Exp": 0.8598089643887111,
        "Forgetting_Exp": 0.00304103749138962,
        "BWT_Exp": -0.00304103749138962
    },
    "5": {
        "Loss_Exp": 35.063299956392484,
        "Time_Exp": 0.10165630000119563,
        "RelativeDistance_Exp": 0.6938369870185852,
        "R2Score_Exp": 0.8633881906668345,
        "Forgetting_Exp": -0.02193727095921827,
        "BWT_Exp": 0.02193727095921827
    },
    "6": {
        "Loss_Exp": 33.94737796511103,
        "Time_Exp": 0.29639029999998456,
        "RelativeDistance_Exp": 0.8648036867380142,
        "R2Score_Exp": 0.8702773377299309,
        "Forgetting_Exp": 0.009533107280731201,
        "BWT_Exp": -0.009533107280731201
    },
    "7": {
        "Loss_Exp": 45.475241783750036,
        "Time_Exp": 0.12188820000119449,
        "RelativeDistance_Exp": 0.6473136097192764,
        "R2Score_Exp": 0.8402146771550179,
        "Forgetting_Exp": 0.00995829701423645,
        "BWT_Exp": -0.00995829701423645
    },
    "8": {
        "Loss_Exp": 28.637225693330244,
        "Time_Exp": 0.04220569999961299,
        "RelativeDistance_Exp": 0.5667868554592133,
        "R2Score_Exp": 0.9001034696896871,
        "Forgetting_Exp": 0.01622307300567627,
        "BWT_Exp": -0.01622307300567627
    },
    "9": {
        "Loss_Exp": 24.166505254391822,
        "Time_Exp": 0.02306710000084422,
        "RelativeDistance_Exp": 0.5299868881702423,
        "R2Score_Exp": 0.9096309542655945
    },
    "stream": {
        "Loss_Stream/eval_phase/test_stream": 40.25223285164565,
        "Time_Stream/eval_phase/test_stream": 1.7006107999986853,
        "RelativeDistance_Stream/eval_phase/test_stream": 0.7776361155657121,
        "R2Score_Stream/eval_phase/test_stream": 0.8414965220439581,
        "Forgetting_Stream/eval_phase/test_stream": {
            "0": 0.07245563864707938,
            "1": 0.01996537049611402,
            "2": 0.009584784507751465,
            "3": 0.02638968494203353,
            "4": 0.00304103749138962,
            "5": -0.02193727095921827,
            "6": 0.009533107280731201,
            "7": 0.00995829701423645,
            "8": 0.01622307300567627
        },
        "BWT_Stream/eval_phase/test_stream": {
            "0": 0.07245563864707938,
            "1": 0.01996537049611402,
            "2": 0.009584784507751465,
            "3": 0.02638968494203353,
            "4": 0.00304103749138962,
            "5": -0.02193727095921827,
            "6": 0.009533107280731201,
            "7": 0.00995829701423645,
            "8": 0.01622307300567627
        }
    }
}