{
    "0": {
        "Loss_Exp": 42.31322010128253,
        "RelativeDistance_Exp": 0.7730061292648316,
        "R2Score_Exp": 0.8191330373287201,
        "Forgetting_Exp": 0.06860722899436944,
        "BWT_Exp": -0.06860722899436944
    },
    "1": {
        "Loss_Exp": 44.58195832658715,
        "RelativeDistance_Exp": 0.6703965226809184,
        "R2Score_Exp": 0.8177662491798401,
        "Forgetting_Exp": 0.06446826457977295,
        "BWT_Exp": -0.06446826457977295
    },
    "2": {
        "Loss_Exp": 34.26519876546452,
        "RelativeDistance_Exp": 0.6460862801625178,
        "R2Score_Exp": 0.8549249126360967,
        "Forgetting_Exp": 0.037060471681448104,
        "BWT_Exp": -0.037060471681448104
    },
    "3": {
        "Loss_Exp": 27.207520748739718,
        "RelativeDistance_Exp": 0.6834012534883287,
        "R2Score_Exp": 0.887994819217258,
        "Forgetting_Exp": 0.037042054865095375,
        "BWT_Exp": -0.037042054865095375
    },
    "4": {
        "Loss_Exp": 31.054357553916002,
        "RelativeDistance_Exp": 0.6572021671703884,
        "R2Score_Exp": 0.8783465027809143,
        "Forgetting_Exp": 0.02173438242503578,
        "BWT_Exp": -0.02173438242503578
    },
    "5": {
        "Loss_Exp": 30.468085278028724,
        "RelativeDistance_Exp": 0.6336640218893687,
        "R2Score_Exp": 0.8788796762625376,
        "Forgetting_Exp": 0.0035488208134969446,
        "BWT_Exp": -0.0035488208134969446
    },
    "6": {
        "Loss_Exp": 31.456148408657807,
        "RelativeDistance_Exp": 0.7679034993052483,
        "R2Score_Exp": 0.8780301809310913,
        "Forgetting_Exp": 0.0105772465467453,
        "BWT_Exp": -0.0105772465467453
    },
    "7": {
        "Loss_Exp": 39.10753964768307,
        "RelativeDistance_Exp": 0.5486604981124401,
        "R2Score_Exp": 0.8665793389081955,
        "Forgetting_Exp": 0.015202492475509644,
        "BWT_Exp": -0.015202492475509644
    },
    "8": {
        "Loss_Exp": 30.019530302890676,
        "RelativeDistance_Exp": 0.5109929442405701,
        "R2Score_Exp": 0.8889212807019552,
        "Forgetting_Exp": 0.022108475367228153,
        "BWT_Exp": -0.022108475367228153
    },
    "9": {
        "Loss_Exp": 22.36229450086784,
        "RelativeDistance_Exp": 0.49362699687480927,
        "R2Score_Exp": 0.9162722229957581
    },
    "stream": {
        "Loss_Stream/eval_phase/test_stream": 35.77474051907521,
        "RelativeDistance_Stream/eval_phase/test_stream": 0.6640850143668092,
        "R2Score_Stream/eval_phase/test_stream": 0.8573048070625022,
        "Forgetting_Stream/eval_phase/test_stream": {
            "0": 0.06860722899436944,
            "1": 0.06446826457977295,
            "2": 0.037060471681448104,
            "3": 0.037042054865095375,
            "4": 0.02173438242503578,
            "5": 0.0035488208134969446,
            "6": 0.0105772465467453,
            "7": 0.015202492475509644,
            "8": 0.022108475367228153
        },
        "BWT_Stream/eval_phase/test_stream": {
            "0": 0.06860722899436944,
            "1": 0.06446826457977295,
            "2": 0.037060471681448104,
            "3": 0.037042054865095375,
            "4": 0.02173438242503578,
            "5": 0.0035488208134969446,
            "6": 0.0105772465467453,
            "7": 0.015202492475509644,
            "8": 0.022108475367228153
        }
    }
}