{
    "0": {
        "Loss_Exp": 76.38314920101526,
        "RelativeDistance_Exp": 1.078671246767044,
        "R2Score_Exp": 0.6662490606307984,
        "Forgetting_Exp": 0.1809931039810181,
        "BWT_Exp": -0.1809931039810181
    },
    "1": {
        "Loss_Exp": 80.45285663536896,
        "RelativeDistance_Exp": 0.9040110786755879,
        "R2Score_Exp": 0.6841077208518982,
        "Forgetting_Exp": 0.18993748426437373,
        "BWT_Exp": -0.18993748426437373
    },
    "2": {
        "Loss_Exp": 48.706193949422186,
        "RelativeDistance_Exp": 0.7581481704345117,
        "R2Score_Exp": 0.7952087704951947,
        "Forgetting_Exp": 0.10369194929416359,
        "BWT_Exp": -0.10369194929416359
    },
    "3": {
        "Loss_Exp": 38.30256507828138,
        "RelativeDistance_Exp": 0.824625187449985,
        "R2Score_Exp": 0.8440638846821256,
        "Forgetting_Exp": 0.08337747388415861,
        "BWT_Exp": -0.08337747388415861
    },
    "4": {
        "Loss_Exp": 45.56125395913833,
        "RelativeDistance_Exp": 0.7507922393935067,
        "R2Score_Exp": 0.7998616354806083,
        "Forgetting_Exp": 0.11123787505286076,
        "BWT_Exp": -0.11123787505286076
    },
    "5": {
        "Loss_Exp": 44.207423852765004,
        "RelativeDistance_Exp": 0.6525091230869293,
        "R2Score_Exp": 0.8258363008499146,
        "Forgetting_Exp": 0.06520256400108337,
        "BWT_Exp": -0.06520256400108337
    },
    "6": {
        "Loss_Exp": 34.093704930788654,
        "RelativeDistance_Exp": 0.7483721822500229,
        "R2Score_Exp": 0.8672914281487465,
        "Forgetting_Exp": 0.03172741085290909,
        "BWT_Exp": -0.03172741085290909
    },
    "7": {
        "Loss_Exp": 43.31873659845082,
        "RelativeDistance_Exp": 0.5775716155767441,
        "R2Score_Exp": 0.8489953577518463,
        "Forgetting_Exp": 0.04095015674829483,
        "BWT_Exp": -0.04095015674829483
    },
    "8": {
        "Loss_Exp": 28.90024329435393,
        "RelativeDistance_Exp": 0.49843838810920715,
        "R2Score_Exp": 0.9005724191665649,
        "Forgetting_Exp": 0.029967645804087284,
        "BWT_Exp": -0.029967645804087284
    },
    "9": {
        "Loss_Exp": 18.40707139318983,
        "RelativeDistance_Exp": 0.4695640802383423,
        "R2Score_Exp": 0.922728419303894
    },
    "stream": {
        "Loss_Stream/eval_phase/test_stream": 53.42258464265433,
        "RelativeDistance_Stream/eval_phase/test_stream": 0.788111428051819,
        "R2Score_Stream/eval_phase/test_stream": 0.7862952226473962,
        "Forgetting_Stream/eval_phase/test_stream": {
            "0": 0.1809931039810181,
            "1": 0.18993748426437373,
            "2": 0.10369194929416359,
            "3": 0.08337747388415861,
            "4": 0.11123787505286076,
            "5": 0.06520256400108337,
            "6": 0.03172741085290909,
            "7": 0.04095015674829483,
            "8": 0.029967645804087284
        },
        "BWT_Stream/eval_phase/test_stream": {
            "0": 0.1809931039810181,
            "1": 0.18993748426437373,
            "2": 0.10369194929416359,
            "3": 0.08337747388415861,
            "4": 0.11123787505286076,
            "5": 0.06520256400108337,
            "6": 0.03172741085290909,
            "7": 0.04095015674829483,
            "8": 0.029967645804087284
        }
    }
}