{
    "0": {
        "Loss_Exp": 100.38438700179607,
        "RelativeDistance_Exp": 0.9479611814022064,
        "R2Score_Exp": 0.7740911841392517,
        "Forgetting_Exp": 0.09832367300987244,
        "BWT_Exp": -0.09832367300987244
    },
    "1": {
        "Loss_Exp": 69.36859464519836,
        "RelativeDistance_Exp": 1.1995439529418945,
        "R2Score_Exp": 0.7996100783348083,
        "Forgetting_Exp": 0.0914565920829773,
        "BWT_Exp": -0.0914565920829773
    },
    "2": {
        "Loss_Exp": 53.29572789792449,
        "RelativeDistance_Exp": 0.7122443914413452,
        "R2Score_Exp": 0.8296785155932108,
        "Forgetting_Exp": -0.005467573801676395,
        "BWT_Exp": 0.005467573801676395
    },
    "3": {
        "Loss_Exp": 45.71768639234433,
        "RelativeDistance_Exp": 0.6073898375034332,
        "R2Score_Exp": 0.8493357598781586,
        "Forgetting_Exp": 0.00025340914726257324,
        "BWT_Exp": -0.00025340914726257324
    },
    "4": {
        "Loss_Exp": 47.7553233347724,
        "RelativeDistance_Exp": 0.7150971591472626,
        "R2Score_Exp": 0.8429773598909378,
        "Forgetting_Exp": 0.002300858497619629,
        "BWT_Exp": -0.002300858497619629
    },
    "5": {
        "Loss_Exp": 46.93068894096043,
        "RelativeDistance_Exp": 0.6354435880978903,
        "R2Score_Exp": 0.8165737191836039,
        "Forgetting_Exp": 0.029960314432780022,
        "BWT_Exp": -0.029960314432780022
    },
    "6": {
        "Loss_Exp": 53.00609122201906,
        "RelativeDistance_Exp": 0.6275749007860819,
        "R2Score_Exp": 0.8379504084587097,
        "Forgetting_Exp": 0.023056387901306152,
        "BWT_Exp": -0.023056387901306152
    },
    "7": {
        "Loss_Exp": 37.26628875732422,
        "RelativeDistance_Exp": 0.6181018948554993,
        "R2Score_Exp": 0.8530545830726624,
        "Forgetting_Exp": 0.022444486618041992,
        "BWT_Exp": -0.022444486618041992
    },
    "8": {
        "Loss_Exp": 55.493888122415655,
        "RelativeDistance_Exp": 0.9019041061401367,
        "R2Score_Exp": 0.8419245183467865,
        "Forgetting_Exp": -0.006703734397888184,
        "BWT_Exp": 0.006703734397888184
    },
    "9": {
        "Loss_Exp": 58.7365425330366,
        "RelativeDistance_Exp": 0.7445113956928253,
        "R2Score_Exp": 0.8408149778842926
    },
    "stream": {
        "Loss_Stream/eval_phase/test_stream": 55.83426149603611,
        "RelativeDistance_Stream/eval_phase/test_stream": 0.7586208383242289,
        "R2Score_Stream/eval_phase/test_stream": 0.828713541229566,
        "Forgetting_Stream/eval_phase/test_stream": {
            "0": 0.09832367300987244,
            "1": 0.0914565920829773,
            "2": -0.005467573801676395,
            "3": 0.00025340914726257324,
            "4": 0.002300858497619629,
            "5": 0.029960314432780022,
            "6": 0.023056387901306152,
            "7": 0.022444486618041992,
            "8": -0.006703734397888184
        },
        "BWT_Stream/eval_phase/test_stream": {
            "0": 0.09832367300987244,
            "1": 0.0914565920829773,
            "2": -0.005467573801676395,
            "3": 0.00025340914726257324,
            "4": 0.002300858497619629,
            "5": 0.029960314432780022,
            "6": 0.023056387901306152,
            "7": 0.022444486618041992,
            "8": -0.006703734397888184
        }
    }
}