{
    "0": {
        "Loss_Exp": 114.45875253198354,
        "RelativeDistance_Exp": 0.9821048676967621,
        "R2Score_Exp": 0.6244922876358032,
        "Forgetting_Exp": 0.22565916180610657,
        "BWT_Exp": -0.22565916180610657
    },
    "1": {
        "Loss_Exp": 53.13383910485225,
        "RelativeDistance_Exp": 0.9263920187950134,
        "R2Score_Exp": 0.8069612383842468,
        "Forgetting_Exp": 0.08609157800674438,
        "BWT_Exp": -0.08609157800674438
    },
    "2": {
        "Loss_Exp": 59.55997401216563,
        "RelativeDistance_Exp": 0.71941739320755,
        "R2Score_Exp": 0.7788089712460836,
        "Forgetting_Exp": 0.06205010414123535,
        "BWT_Exp": -0.06205010414123535
    },
    "3": {
        "Loss_Exp": 41.72973274369115,
        "RelativeDistance_Exp": 0.6371072232723236,
        "R2Score_Exp": 0.8466489911079407,
        "Forgetting_Exp": 0.03208523988723755,
        "BWT_Exp": -0.03208523988723755
    },
    "4": {
        "Loss_Exp": 33.383098212793094,
        "RelativeDistance_Exp": 0.6504996567964554,
        "R2Score_Exp": 0.8447929173707962,
        "Forgetting_Exp": 0.061112940311431885,
        "BWT_Exp": -0.061112940311431885
    },
    "5": {
        "Loss_Exp": 36.36731534612259,
        "RelativeDistance_Exp": 0.6131904522577921,
        "R2Score_Exp": 0.8273300925890604,
        "Forgetting_Exp": 0.06570283571879076,
        "BWT_Exp": -0.06570283571879076
    },
    "6": {
        "Loss_Exp": 43.44643366422584,
        "RelativeDistance_Exp": 0.6513407230377197,
        "R2Score_Exp": 0.8305453658103943,
        "Forgetting_Exp": 0.018857896327972412,
        "BWT_Exp": -0.018857896327972412
    },
    "7": {
        "Loss_Exp": 35.87898316614309,
        "RelativeDistance_Exp": 0.5375708937644958,
        "R2Score_Exp": 0.8458625376224518,
        "Forgetting_Exp": 0.063862144947052,
        "BWT_Exp": -0.063862144947052
    },
    "8": {
        "Loss_Exp": 36.743420843046664,
        "RelativeDistance_Exp": 0.5070121586322784,
        "R2Score_Exp": 0.866358757019043,
        "Forgetting_Exp": 0.008335024118423462,
        "BWT_Exp": -0.008335024118423462
    },
    "9": {
        "Loss_Exp": 41.07212221235732,
        "RelativeDistance_Exp": 0.6414390802383423,
        "R2Score_Exp": 0.8615923225879669
    },
    "stream": {
        "Loss_Stream/eval_phase/test_stream": 48.50625876092829,
        "RelativeDistance_Stream/eval_phase/test_stream": 0.6806838726997375,
        "R2Score_Stream/eval_phase/test_stream": 0.8157222890853881,
        "Forgetting_Stream/eval_phase/test_stream": {
            "0": 0.22565916180610657,
            "1": 0.08609157800674438,
            "2": 0.06205010414123535,
            "3": 0.03208523988723755,
            "4": 0.061112940311431885,
            "5": 0.06570283571879076,
            "6": 0.018857896327972412,
            "7": 0.063862144947052,
            "8": 0.008335024118423462
        },
        "BWT_Stream/eval_phase/test_stream": {
            "0": 0.22565916180610657,
            "1": 0.08609157800674438,
            "2": 0.06205010414123535,
            "3": 0.03208523988723755,
            "4": 0.061112940311431885,
            "5": 0.06570283571879076,
            "6": 0.018857896327972412,
            "7": 0.063862144947052,
            "8": 0.008335024118423462
        }
    }
}