{
    "0": {
        "Loss_Exp": 74.7999187536407,
        "RelativeDistance_Exp": 0.7897969782352448,
        "R2Score_Exp": 0.830592006444931,
        "Forgetting_Exp": 0.046680063009262085,
        "BWT_Exp": -0.046680063009262085
    },
    "1": {
        "Loss_Exp": 61.16520362480369,
        "RelativeDistance_Exp": 1.1662084460258484,
        "R2Score_Exp": 0.8234120011329651,
        "Forgetting_Exp": 0.06885549426078796,
        "BWT_Exp": -0.06885549426078796
    },
    "2": {
        "Loss_Exp": 49.18095216801179,
        "RelativeDistance_Exp": 0.6663353443145752,
        "R2Score_Exp": 0.8428914745648702,
        "Forgetting_Exp": -0.023878872394561768,
        "BWT_Exp": 0.023878872394561768
    },
    "3": {
        "Loss_Exp": 44.830703858530484,
        "RelativeDistance_Exp": 0.5553661584854126,
        "R2Score_Exp": 0.8522321283817291,
        "Forgetting_Exp": -0.006757944822311401,
        "BWT_Exp": 0.006757944822311401
    },
    "4": {
        "Loss_Exp": 43.60466084485662,
        "RelativeDistance_Exp": 0.6247555166482925,
        "R2Score_Exp": 0.8590797483921051,
        "Forgetting_Exp": -0.020075872540473938,
        "BWT_Exp": 0.020075872540473938
    },
    "5": {
        "Loss_Exp": 45.52926950869353,
        "RelativeDistance_Exp": 0.59181280930837,
        "R2Score_Exp": 0.8223069508870443,
        "Forgetting_Exp": 0.012309928735097175,
        "BWT_Exp": -0.012309928735097175
    },
    "6": {
        "Loss_Exp": 52.02666121859359,
        "RelativeDistance_Exp": 0.5821949442227682,
        "R2Score_Exp": 0.8393230636914571,
        "Forgetting_Exp": -0.030338068803151486,
        "BWT_Exp": 0.030338068803151486
    },
    "7": {
        "Loss_Exp": 37.00566101074219,
        "RelativeDistance_Exp": 0.6067053079605103,
        "R2Score_Exp": 0.8540822863578796,
        "Forgetting_Exp": 0.015894770622253418,
        "BWT_Exp": -0.015894770622253418
    },
    "8": {
        "Loss_Exp": 53.363287250480084,
        "RelativeDistance_Exp": 0.8567876219749451,
        "R2Score_Exp": 0.8440558910369873,
        "Forgetting_Exp": -0.006280094385147095,
        "BWT_Exp": 0.006280094385147095
    },
    "9": {
        "Loss_Exp": 57.01584621716097,
        "RelativeDistance_Exp": 0.7104701697826385,
        "R2Score_Exp": 0.8456568419933319
    },
    "stream": {
        "Loss_Stream/eval_phase/test_stream": 51.096895903415984,
        "RelativeDistance_Stream/eval_phase/test_stream": 0.6993339757124583,
        "R2Score_Stream/eval_phase/test_stream": 0.8414943118890127,
        "Forgetting_Stream/eval_phase/test_stream": {
            "0": 0.046680063009262085,
            "1": 0.06885549426078796,
            "2": -0.023878872394561768,
            "3": -0.006757944822311401,
            "4": -0.020075872540473938,
            "5": 0.012309928735097175,
            "6": -0.030338068803151486,
            "7": 0.015894770622253418,
            "8": -0.006280094385147095
        },
        "BWT_Stream/eval_phase/test_stream": {
            "0": 0.046680063009262085,
            "1": 0.06885549426078796,
            "2": -0.023878872394561768,
            "3": -0.006757944822311401,
            "4": -0.020075872540473938,
            "5": 0.012309928735097175,
            "6": -0.030338068803151486,
            "7": 0.015894770622253418,
            "8": -0.006280094385147095
        }
    }
}