{
    "0": {
        "Loss_Exp": 22.213134765625,
        "RelativeDistance_Exp": 0.5691829323768616,
        "R2Score_Exp": 0.9066548347473145,
        "Forgetting_Exp": -0.0075907111167907715,
        "BWT_Exp": 0.0075907111167907715
    },
    "1": {
        "Loss_Exp": 23.906314849853516,
        "RelativeDistance_Exp": 0.5711649656295776,
        "R2Score_Exp": 0.8968595266342163,
        "Forgetting_Exp": -0.007726550102233887,
        "BWT_Exp": 0.007726550102233887
    },
    "2": {
        "Loss_Exp": 23.560945510864258,
        "RelativeDistance_Exp": 0.6207531094551086,
        "R2Score_Exp": 0.9013252258300781,
        "Forgetting_Exp": -0.006813526153564453,
        "BWT_Exp": 0.006813526153564453
    },
    "3": {
        "Loss_Exp": 22.115001678466797,
        "RelativeDistance_Exp": 0.579441487789154,
        "R2Score_Exp": 0.902106761932373,
        "Forgetting_Exp": -0.004778742790222168,
        "BWT_Exp": 0.004778742790222168
    },
    "4": {
        "Loss_Exp": 29.29094696044922,
        "RelativeDistance_Exp": 0.6999905109405518,
        "R2Score_Exp": 0.8888118267059326,
        "Forgetting_Exp": 0.004496455192565918,
        "BWT_Exp": -0.004496455192565918
    },
    "5": {
        "Loss_Exp": 28.267465591430664,
        "RelativeDistance_Exp": 0.6557109951972961,
        "R2Score_Exp": 0.8928767442703247,
        "Forgetting_Exp": 0.0010449886322021484,
        "BWT_Exp": -0.0010449886322021484
    },
    "6": {
        "Loss_Exp": 27.317115783691406,
        "RelativeDistance_Exp": 0.5040085911750793,
        "R2Score_Exp": 0.8920475840568542,
        "Forgetting_Exp": -0.0027677416801452637,
        "BWT_Exp": 0.0027677416801452637
    },
    "7": {
        "Loss_Exp": 26.316177368164062,
        "RelativeDistance_Exp": 0.62111896276474,
        "R2Score_Exp": 0.8954176902770996,
        "Forgetting_Exp": -0.035684287548065186,
        "BWT_Exp": 0.035684287548065186
    },
    "8": {
        "Loss_Exp": 30.32502555847168,
        "RelativeDistance_Exp": 0.4526064693927765,
        "R2Score_Exp": 0.8847175240516663,
        "Forgetting_Exp": 0.02088242769241333,
        "BWT_Exp": -0.02088242769241333
    },
    "9": {
        "Loss_Exp": 21.54471206665039,
        "RelativeDistance_Exp": 0.6606065630912781,
        "R2Score_Exp": 0.9205986857414246
    },
    "stream": {
        "Loss_Stream/eval_phase/test_stream": 25.015157911933663,
        "RelativeDistance_Stream/eval_phase/test_stream": 0.5934584587812424,
        "R2Score_Stream/eval_phase/test_stream": 0.8981416404247284,
        "Forgetting_Stream/eval_phase/test_stream": {
            "0": -0.0075907111167907715,
            "1": -0.007726550102233887,
            "2": -0.006813526153564453,
            "3": -0.004778742790222168,
            "4": 0.004496455192565918,
            "5": 0.0010449886322021484,
            "6": -0.0027677416801452637,
            "7": -0.035684287548065186,
            "8": 0.02088242769241333
        },
        "BWT_Stream/eval_phase/test_stream": {
            "0": -0.0075907111167907715,
            "1": -0.007726550102233887,
            "2": -0.006813526153564453,
            "3": -0.004778742790222168,
            "4": 0.004496455192565918,
            "5": 0.0010449886322021484,
            "6": -0.0027677416801452637,
            "7": -0.035684287548065186,
            "8": 0.02088242769241333
        }
    }
}