{
    "0": {
        "Loss_Exp": 35.775569915771484,
        "RelativeDistance_Exp": 0.6108325123786926,
        "R2Score_Exp": 0.8499126434326172,
        "Forgetting_Exp": 0.04741859436035156,
        "BWT_Exp": -0.04741859436035156
    },
    "1": {
        "Loss_Exp": 38.71478271484375,
        "RelativeDistance_Exp": 0.6517702341079712,
        "R2Score_Exp": 0.8415722846984863,
        "Forgetting_Exp": 0.04261374473571777,
        "BWT_Exp": -0.04261374473571777
    },
    "2": {
        "Loss_Exp": 38.48042678833008,
        "RelativeDistance_Exp": 0.7364120483398438,
        "R2Score_Exp": 0.8428604602813721,
        "Forgetting_Exp": 0.045242488384246826,
        "BWT_Exp": -0.045242488384246826
    },
    "3": {
        "Loss_Exp": 38.26791000366211,
        "RelativeDistance_Exp": 0.6778736710548401,
        "R2Score_Exp": 0.8318448066711426,
        "Forgetting_Exp": 0.04823505878448486,
        "BWT_Exp": -0.04823505878448486
    },
    "4": {
        "Loss_Exp": 48.07157897949219,
        "RelativeDistance_Exp": 0.761650025844574,
        "R2Score_Exp": 0.8265957236289978,
        "Forgetting_Exp": 0.05743223428726196,
        "BWT_Exp": -0.05743223428726196
    },
    "5": {
        "Loss_Exp": 44.59954833984375,
        "RelativeDistance_Exp": 0.7018426656723022,
        "R2Score_Exp": 0.8328161239624023,
        "Forgetting_Exp": 0.05030655860900879,
        "BWT_Exp": -0.05030655860900879
    },
    "6": {
        "Loss_Exp": 40.703025817871094,
        "RelativeDistance_Exp": 0.5779001116752625,
        "R2Score_Exp": 0.8419090509414673,
        "Forgetting_Exp": 0.040123164653778076,
        "BWT_Exp": -0.040123164653778076
    },
    "7": {
        "Loss_Exp": 40.569766998291016,
        "RelativeDistance_Exp": 0.6196274757385254,
        "R2Score_Exp": 0.8384137153625488,
        "Forgetting_Exp": 0.023888111114501953,
        "BWT_Exp": -0.023888111114501953
    },
    "8": {
        "Loss_Exp": 31.578161239624023,
        "RelativeDistance_Exp": 0.46463653445243835,
        "R2Score_Exp": 0.8797481060028076,
        "Forgetting_Exp": 0.028096318244934082,
        "BWT_Exp": -0.028096318244934082
    },
    "9": {
        "Loss_Exp": 19.0706844329834,
        "RelativeDistance_Exp": 0.6010153889656067,
        "R2Score_Exp": 0.9302810430526733
    },
    "stream": {
        "Loss_Stream/eval_phase/test_stream": 40.32041594463824,
        "RelativeDistance_Stream/eval_phase/test_stream": 0.6403560668230057,
        "R2Score_Stream/eval_phase/test_stream": 0.8515953958034516,
        "Forgetting_Stream/eval_phase/test_stream": {
            "0": 0.04741859436035156,
            "1": 0.04261374473571777,
            "2": 0.045242488384246826,
            "3": 0.04823505878448486,
            "4": 0.05743223428726196,
            "5": 0.05030655860900879,
            "6": 0.040123164653778076,
            "7": 0.023888111114501953,
            "8": 0.028096318244934082
        },
        "BWT_Stream/eval_phase/test_stream": {
            "0": 0.04741859436035156,
            "1": 0.04261374473571777,
            "2": 0.045242488384246826,
            "3": 0.04823505878448486,
            "4": 0.05743223428726196,
            "5": 0.05030655860900879,
            "6": 0.040123164653778076,
            "7": 0.023888111114501953,
            "8": 0.028096318244934082
        }
    }
}