{
    "0": {
        "Loss_Exp": 71.89694788390986,
        "Time_Exp": 0.14883559999998397,
        "RelativeDistance_Exp": 1.2042860209941864,
        "R2Score_Exp": 0.7062720477581024,
        "Forgetting_Exp": 0.1847074866294861,
        "BWT_Exp": -0.1847074866294861
    },
    "1": {
        "Loss_Exp": 73.8967742005992,
        "Time_Exp": 0.4011655999993309,
        "RelativeDistance_Exp": 1.1133357604344687,
        "R2Score_Exp": 0.7268797159194946,
        "Forgetting_Exp": 0.10142831802368169,
        "BWT_Exp": -0.10142831802368169
    },
    "2": {
        "Loss_Exp": 49.30012460744462,
        "Time_Exp": 0.2244935999997324,
        "RelativeDistance_Exp": 1.0731182602735667,
        "R2Score_Exp": 0.7992916657374456,
        "Forgetting_Exp": 0.06309946683736944,
        "BWT_Exp": -0.06309946683736944
    },
    "3": {
        "Loss_Exp": 39.30597024146963,
        "Time_Exp": 0.14786189999995258,
        "RelativeDistance_Exp": 1.045901444223192,
        "R2Score_Exp": 0.8541130953364902,
        "Forgetting_Exp": 0.042454759279886956,
        "BWT_Exp": -0.042454759279886956
    },
    "4": {
        "Loss_Exp": 46.21119146452551,
        "Time_Exp": 0.11379579999993439,
        "RelativeDistance_Exp": 1.0202514018331255,
        "R2Score_Exp": 0.8313826152256557,
        "Forgetting_Exp": 0.04646477528980797,
        "BWT_Exp": -0.04646477528980797
    },
    "5": {
        "Loss_Exp": 43.45268758583291,
        "Time_Exp": 0.0934477999999217,
        "RelativeDistance_Exp": 0.9088061451911926,
        "R2Score_Exp": 0.8398562967777252,
        "Forgetting_Exp": 0.024355312188466427,
        "BWT_Exp": -0.024355312188466427
    },
    "6": {
        "Loss_Exp": 37.86896060922943,
        "Time_Exp": 0.25657649999993737,
        "RelativeDistance_Exp": 1.1266517341136932,
        "R2Score_Exp": 0.859715148806572,
        "Forgetting_Exp": 0.02068832516670227,
        "BWT_Exp": -0.02068832516670227
    },
    "7": {
        "Loss_Exp": 50.72207830105912,
        "Time_Exp": 0.14149780000025203,
        "RelativeDistance_Exp": 0.8432303890585899,
        "R2Score_Exp": 0.8319474011659622,
        "Forgetting_Exp": 0.032504186034202576,
        "BWT_Exp": -0.032504186034202576
    },
    "8": {
        "Loss_Exp": 34.01033805367486,
        "Time_Exp": 0.04181159999916417,
        "RelativeDistance_Exp": 0.6988375782966614,
        "R2Score_Exp": 0.8849263191223145,
        "Forgetting_Exp": 0.024131278196970585,
        "BWT_Exp": -0.024131278196970585
    },
    "9": {
        "Loss_Exp": 20.944540389555193,
        "Time_Exp": 0.02099469999939174,
        "RelativeDistance_Exp": 0.7277449667453766,
        "R2Score_Exp": 0.9215942323207855
    },
    "stream": {
        "Loss_Stream/eval_phase/test_stream": 53.09019628738477,
        "Time_Stream/eval_phase/test_stream": 1.6262669999996433,
        "RelativeDistance_Stream/eval_phase/test_stream": 1.0371876955032349,
        "R2Score_Stream/eval_phase/test_stream": 0.8016519708397948,
        "Forgetting_Stream/eval_phase/test_stream": {
            "0": 0.1847074866294861,
            "1": 0.10142831802368169,
            "2": 0.06309946683736944,
            "3": 0.042454759279886956,
            "4": 0.04646477528980797,
            "5": 0.024355312188466427,
            "6": 0.02068832516670227,
            "7": 0.032504186034202576,
            "8": 0.024131278196970585
        },
        "BWT_Stream/eval_phase/test_stream": {
            "0": 0.1847074866294861,
            "1": 0.10142831802368169,
            "2": 0.06309946683736944,
            "3": 0.042454759279886956,
            "4": 0.04646477528980797,
            "5": 0.024355312188466427,
            "6": 0.02068832516670227,
            "7": 0.032504186034202576,
            "8": 0.024131278196970585
        }
    }
}