{
    "0": {
        "Loss_Exp": 50.25034324244449,
        "RelativeDistance_Exp": 0.8362118005752563,
        "R2Score_Exp": 0.8860859870910645
    },
    "1": {
        "Loss_Exp": 42.97772239496232,
        "RelativeDistance_Exp": 1.1329553723335266,
        "R2Score_Exp": 0.8744173645973206
    },
    "2": {
        "Loss_Exp": 39.982098441327864,
        "RelativeDistance_Exp": 0.773597260316213,
        "R2Score_Exp": 0.8720393975575765
    },
    "3": {
        "Loss_Exp": 33.65161563553796,
        "RelativeDistance_Exp": 0.5832617878913879,
        "R2Score_Exp": 0.8874195218086243
    },
    "4": {
        "Loss_Exp": 34.526607397309554,
        "RelativeDistance_Exp": 0.7409432381391525,
        "R2Score_Exp": 0.8874329626560211
    },
    "5": {
        "Loss_Exp": 33.52772356116253,
        "RelativeDistance_Exp": 0.6973925431569418,
        "R2Score_Exp": 0.8696908156077067
    },
    "6": {
        "Loss_Exp": 40.467363591115245,
        "RelativeDistance_Exp": 0.6068644126256307,
        "R2Score_Exp": 0.8761825164159139
    },
    "7": {
        "Loss_Exp": 32.26774597167969,
        "RelativeDistance_Exp": 0.713346004486084,
        "R2Score_Exp": 0.8727644085884094
    },
    "8": {
        "Loss_Exp": 42.02347221046942,
        "RelativeDistance_Exp": 0.6661028861999512,
        "R2Score_Exp": 0.8632278740406036
    },
    "9": {
        "Loss_Exp": 56.57444425373408,
        "RelativeDistance_Exp": 0.8683547675609589,
        "R2Score_Exp": 0.8467023372650146
    },
    "stream": {
        "Loss_Stream/eval_phase/test_stream": 39.832808397360395,
        "RelativeDistance_Stream/eval_phase/test_stream": 0.7535189514358839,
        "R2Score_Stream/eval_phase/test_stream": 0.8746641923983892,
        "Forgetting_Stream/eval_phase/test_stream": {},
        "BWT_Stream/eval_phase/test_stream": {}
    }
}