{
    "0": {
        "Loss_Exp": 75.92809425596083,
        "RelativeDistance_Exp": Infinity,
        "R2Score_Exp": 0.6044214010238648,
        "Forgetting_Exp": 0.2726245045661926,
        "BWT_Exp": -0.2726245045661926
    },
    "1": {
        "Loss_Exp": 51.9454281486329,
        "RelativeDistance_Exp": Infinity,
        "R2Score_Exp": 0.6907987713813781,
        "Forgetting_Exp": 0.2086732625961304,
        "BWT_Exp": -0.2086732625961304
    },
    "2": {
        "Loss_Exp": 54.687506462451275,
        "RelativeDistance_Exp": Infinity,
        "R2Score_Exp": 0.679791085422039,
        "Forgetting_Exp": 0.12607134133577347,
        "BWT_Exp": -0.12607134133577347
    },
    "3": {
        "Loss_Exp": 25.92340290378287,
        "RelativeDistance_Exp": Infinity,
        "R2Score_Exp": 0.7659445479512215,
        "Forgetting_Exp": 0.05159047991037369,
        "BWT_Exp": -0.05159047991037369
    },
    "4": {
        "Loss_Exp": 21.35680887159197,
        "RelativeDistance_Exp": Infinity,
        "R2Score_Exp": 0.7948659310738245,
        "Forgetting_Exp": 0.05521761874357867,
        "BWT_Exp": -0.05521761874357867
    },
    "5": {
        "Loss_Exp": 25.17026970009205,
        "RelativeDistance_Exp": Infinity,
        "R2Score_Exp": 0.7599354445934295,
        "Forgetting_Exp": 0.0667757711627267,
        "BWT_Exp": -0.0667757711627267
    },
    "6": {
        "Loss_Exp": 34.217712963211646,
        "RelativeDistance_Exp": Infinity,
        "R2Score_Exp": 0.6985581666231155,
        "Forgetting_Exp": 0.12282723188400269,
        "BWT_Exp": -0.12282723188400269
    },
    "7": {
        "Loss_Exp": 25.958749928726885,
        "RelativeDistance_Exp": Infinity,
        "R2Score_Exp": 0.8014034032821655,
        "Forgetting_Exp": 0.05221386253833771,
        "BWT_Exp": -0.05221386253833771
    },
    "8": {
        "Loss_Exp": 22.875478466833897,
        "RelativeDistance_Exp": Infinity,
        "R2Score_Exp": 0.81288241147995,
        "Forgetting_Exp": 0.03271794319152832,
        "BWT_Exp": -0.03271794319152832
    },
    "9": {
        "Loss_Exp": 25.49698992852147,
        "RelativeDistance_Exp": Infinity,
        "R2Score_Exp": 0.8258564983095441
    },
    "stream": {
        "Loss_Stream/eval_phase/test_stream": 34.225124940531536,
        "RelativeDistance_Stream/eval_phase/test_stream": Infinity,
        "R2Score_Stream/eval_phase/test_stream": 0.7474891394376755,
        "Forgetting_Stream/eval_phase/test_stream": {
            "0": 0.2726245045661926,
            "1": 0.2086732625961304,
            "2": 0.12607134133577347,
            "3": 0.05159047991037369,
            "4": 0.05521761874357867,
            "5": 0.0667757711627267,
            "6": 0.12282723188400269,
            "7": 0.05221386253833771,
            "8": 0.03271794319152832
        },
        "BWT_Stream/eval_phase/test_stream": {
            "0": 0.2726245045661926,
            "1": 0.2086732625961304,
            "2": 0.12607134133577347,
            "3": 0.05159047991037369,
            "4": 0.05521761874357867,
            "5": 0.0667757711627267,
            "6": 0.12282723188400269,
            "7": 0.05221386253833771,
            "8": 0.03271794319152832
        }
    }
}