{
    "0": {
        "Loss_Exp": 53.47316229301587,
        "RelativeDistance_Exp": 0.751922219991684,
        "R2Score_Exp": 0.8792963922023773,
        "Forgetting_Exp": -0.010633409023284912,
        "BWT_Exp": 0.010633409023284912
    },
    "1": {
        "Loss_Exp": 44.25065202999266,
        "RelativeDistance_Exp": 1.0076992511749268,
        "R2Score_Exp": 0.8696815371513367,
        "Forgetting_Exp": 0.03163549304008484,
        "BWT_Exp": -0.03163549304008484
    },
    "2": {
        "Loss_Exp": 44.39123526857209,
        "RelativeDistance_Exp": 0.6546099384625753,
        "R2Score_Exp": 0.8582300345102946,
        "Forgetting_Exp": -0.03198929627736402,
        "BWT_Exp": 0.03198929627736402
    },
    "3": {
        "Loss_Exp": 38.10199784125858,
        "RelativeDistance_Exp": 0.5331286191940308,
        "R2Score_Exp": 0.873062014579773,
        "Forgetting_Exp": -0.017887592315673828,
        "BWT_Exp": 0.017887592315673828
    },
    "4": {
        "Loss_Exp": 34.87967214616606,
        "RelativeDistance_Exp": 0.6735449880361557,
        "R2Score_Exp": 0.8875551521778107,
        "Forgetting_Exp": -0.039204925298690796,
        "BWT_Exp": 0.039204925298690796
    },
    "5": {
        "Loss_Exp": 32.77164790941321,
        "RelativeDistance_Exp": 0.5847307046254476,
        "R2Score_Exp": 0.8726270000139872,
        "Forgetting_Exp": -0.02018495400746656,
        "BWT_Exp": 0.02018495400746656
    },
    "6": {
        "Loss_Exp": 41.78947827945646,
        "RelativeDistance_Exp": 0.6288616061210632,
        "R2Score_Exp": 0.8748290340105692,
        "Forgetting_Exp": -0.02236529191335035,
        "BWT_Exp": 0.02236529191335035
    },
    "7": {
        "Loss_Exp": 34.01879119873047,
        "RelativeDistance_Exp": 0.5520686507225037,
        "R2Score_Exp": 0.865859866142273,
        "Forgetting_Exp": 0.018500179052352905,
        "BWT_Exp": -0.018500179052352905
    },
    "8": {
        "Loss_Exp": 51.641525485941806,
        "RelativeDistance_Exp": 0.8300659209489822,
        "R2Score_Exp": 0.8367676734924316,
        "Forgetting_Exp": 0.023388922214508057,
        "BWT_Exp": -0.023388922214508057
    },
    "9": {
        "Loss_Exp": 66.86564011766731,
        "RelativeDistance_Exp": 0.7619146704673767,
        "R2Score_Exp": 0.8179855048656464
    },
    "stream": {
        "Loss_Stream/eval_phase/test_stream": 42.81185482350419,
        "RelativeDistance_Stream/eval_phase/test_stream": 0.6925131964186827,
        "R2Score_Stream/eval_phase/test_stream": 0.8661135385433832,
        "Forgetting_Stream/eval_phase/test_stream": {
            "0": -0.010633409023284912,
            "1": 0.03163549304008484,
            "2": -0.03198929627736402,
            "3": -0.017887592315673828,
            "4": -0.039204925298690796,
            "5": -0.02018495400746656,
            "6": -0.02236529191335035,
            "7": 0.018500179052352905,
            "8": 0.023388922214508057
        },
        "BWT_Stream/eval_phase/test_stream": {
            "0": -0.010633409023284912,
            "1": 0.03163549304008484,
            "2": -0.03198929627736402,
            "3": -0.017887592315673828,
            "4": -0.039204925298690796,
            "5": -0.02018495400746656,
            "6": -0.02236529191335035,
            "7": 0.018500179052352905,
            "8": 0.023388922214508057
        }
    }
}