{
    "0": {
        "Loss_Exp": 62.88084411621094,
        "RelativeDistance_Exp": 0.6709712147712708,
        "R2Score_Exp": 0.7835242748260498,
        "Forgetting_Exp": 0.06655335426330566,
        "BWT_Exp": -0.06655335426330566
    },
    "1": {
        "Loss_Exp": 34.27379608154297,
        "RelativeDistance_Exp": 0.647855818271637,
        "R2Score_Exp": 0.8502144813537598,
        "Forgetting_Exp": 0.04797697067260742,
        "BWT_Exp": -0.04797697067260742
    },
    "2": {
        "Loss_Exp": 39.2368049621582,
        "RelativeDistance_Exp": 0.5214039087295532,
        "R2Score_Exp": 0.8208256959915161,
        "Forgetting_Exp": 0.021688520908355713,
        "BWT_Exp": -0.021688520908355713
    },
    "3": {
        "Loss_Exp": 29.285615921020508,
        "RelativeDistance_Exp": 0.47180989384651184,
        "R2Score_Exp": 0.8818074464797974,
        "Forgetting_Exp": -0.010344088077545166,
        "BWT_Exp": 0.010344088077545166
    },
    "4": {
        "Loss_Exp": 24.053991317749023,
        "RelativeDistance_Exp": 0.4691406488418579,
        "R2Score_Exp": 0.8825480937957764,
        "Forgetting_Exp": 0.017862796783447266,
        "BWT_Exp": -0.017862796783447266
    },
    "5": {
        "Loss_Exp": 30.64971351623535,
        "RelativeDistance_Exp": 0.4804391860961914,
        "R2Score_Exp": 0.8421823978424072,
        "Forgetting_Exp": 0.05247843265533447,
        "BWT_Exp": -0.05247843265533447
    },
    "6": {
        "Loss_Exp": 29.805997848510742,
        "RelativeDistance_Exp": 0.4332919418811798,
        "R2Score_Exp": 0.8612485527992249,
        "Forgetting_Exp": 0.016787469387054443,
        "BWT_Exp": -0.016787469387054443
    },
    "7": {
        "Loss_Exp": 26.86988067626953,
        "RelativeDistance_Exp": 0.4972456991672516,
        "R2Score_Exp": 0.8641166687011719,
        "Forgetting_Exp": 0.04310888051986694,
        "BWT_Exp": -0.04310888051986694
    },
    "8": {
        "Loss_Exp": 31.36655616760254,
        "RelativeDistance_Exp": 0.3917725682258606,
        "R2Score_Exp": 0.86789470911026,
        "Forgetting_Exp": 0.017031550407409668,
        "BWT_Exp": -0.017031550407409668
    },
    "9": {
        "Loss_Exp": 36.308929443359375,
        "RelativeDistance_Exp": 0.546418309211731,
        "R2Score_Exp": 0.8760830163955688
    },
    "stream": {
        "Loss_Stream/eval_phase/test_stream": 33.79945806634146,
        "RelativeDistance_Stream/eval_phase/test_stream": 0.5130349189043045,
        "R2Score_Stream/eval_phase/test_stream": 0.8530445337295532,
        "Forgetting_Stream/eval_phase/test_stream": {
            "0": 0.06655335426330566,
            "1": 0.04797697067260742,
            "2": 0.021688520908355713,
            "3": -0.010344088077545166,
            "4": 0.017862796783447266,
            "5": 0.05247843265533447,
            "6": 0.016787469387054443,
            "7": 0.04310888051986694,
            "8": 0.017031550407409668
        },
        "BWT_Stream/eval_phase/test_stream": {
            "0": 0.06655335426330566,
            "1": 0.04797697067260742,
            "2": 0.021688520908355713,
            "3": -0.010344088077545166,
            "4": 0.017862796783447266,
            "5": 0.05247843265533447,
            "6": 0.016787469387054443,
            "7": 0.04310888051986694,
            "8": 0.017031550407409668
        }
    }
}