{
    "0": {
        "Loss_Exp": 61.76280268383226,
        "RelativeDistance_Exp": 1.0568655014038086,
        "R2Score_Exp": 0.7287001430988311,
        "Forgetting_Exp": 0.11750212907791147,
        "BWT_Exp": -0.11750212907791147
    },
    "1": {
        "Loss_Exp": 64.71525876325742,
        "RelativeDistance_Exp": 0.9505534529685974,
        "R2Score_Exp": 0.7348414818445842,
        "Forgetting_Exp": 0.11372403303782141,
        "BWT_Exp": -0.11372403303782141
    },
    "2": {
        "Loss_Exp": 52.41907500397058,
        "RelativeDistance_Exp": 0.9653678765663734,
        "R2Score_Exp": 0.7723548641571631,
        "Forgetting_Exp": 0.08528975340036249,
        "BWT_Exp": -0.08528975340036249
    },
    "3": {
        "Loss_Exp": 37.78773779419002,
        "RelativeDistance_Exp": 1.0574248433113098,
        "R2Score_Exp": 0.8471745252609253,
        "Forgetting_Exp": 0.04470890760421753,
        "BWT_Exp": -0.04470890760421753
    },
    "4": {
        "Loss_Exp": 46.94759023206747,
        "RelativeDistance_Exp": 1.0308963656425476,
        "R2Score_Exp": 0.8122040714536395,
        "Forgetting_Exp": 0.04643557752881722,
        "BWT_Exp": -0.04643557752881722
    },
    "5": {
        "Loss_Exp": 43.61122756762089,
        "RelativeDistance_Exp": 0.9392368892828623,
        "R2Score_Exp": 0.8276779452959696,
        "Forgetting_Exp": 0.024426231781641716,
        "BWT_Exp": -0.024426231781641716
    },
    "6": {
        "Loss_Exp": 38.010326516974565,
        "RelativeDistance_Exp": 1.2543553113937378,
        "R2Score_Exp": 0.8550951331853867,
        "Forgetting_Exp": 0.009883701801300049,
        "BWT_Exp": -0.009883701801300049
    },
    "7": {
        "Loss_Exp": 50.15050518003728,
        "RelativeDistance_Exp": 0.8772803172469139,
        "R2Score_Exp": 0.8259571343660355,
        "Forgetting_Exp": 0.021366335451602936,
        "BWT_Exp": -0.021366335451602936
    },
    "8": {
        "Loss_Exp": 41.507396241074694,
        "RelativeDistance_Exp": 0.8336972792943319,
        "R2Score_Exp": 0.8310073018074036,
        "Forgetting_Exp": 0.06557132800420129,
        "BWT_Exp": -0.06557132800420129
    },
    "9": {
        "Loss_Exp": 28.240381491732105,
        "RelativeDistance_Exp": 0.785295158624649,
        "R2Score_Exp": 0.9002275466918945
    },
    "stream": {
        "Loss_Stream/eval_phase/test_stream": 50.749364543679455,
        "RelativeDistance_Stream/eval_phase/test_stream": 0.9983953811504223,
        "R2Score_Stream/eval_phase/test_stream": 0.7946691226076197,
        "Forgetting_Stream/eval_phase/test_stream": {
            "0": 0.11750212907791147,
            "1": 0.11372403303782141,
            "2": 0.08528975340036249,
            "3": 0.04470890760421753,
            "4": 0.04643557752881722,
            "5": 0.024426231781641716,
            "6": 0.009883701801300049,
            "7": 0.021366335451602936,
            "8": 0.06557132800420129
        },
        "BWT_Stream/eval_phase/test_stream": {
            "0": 0.11750212907791147,
            "1": 0.11372403303782141,
            "2": 0.08528975340036249,
            "3": 0.04470890760421753,
            "4": 0.04643557752881722,
            "5": 0.024426231781641716,
            "6": 0.009883701801300049,
            "7": 0.021366335451602936,
            "8": 0.06557132800420129
        }
    }
}