{
    "0": {
        "Loss_Exp": 110.73781867876444,
        "RelativeDistance_Exp": 0.9178899526596069,
        "R2Score_Exp": 0.661777138710022,
        "Forgetting_Exp": 0.18006393313407898,
        "BWT_Exp": -0.18006393313407898
    },
    "1": {
        "Loss_Exp": 66.85247449798989,
        "RelativeDistance_Exp": 0.8805275857448578,
        "R2Score_Exp": 0.7656746208667755,
        "Forgetting_Exp": 0.12704411149024963,
        "BWT_Exp": -0.12704411149024963
    },
    "2": {
        "Loss_Exp": 81.27996538189895,
        "RelativeDistance_Exp": 0.7129473090171814,
        "R2Score_Exp": 0.7300707896550497,
        "Forgetting_Exp": 0.10686558485031128,
        "BWT_Exp": -0.10686558485031128
    },
    "3": {
        "Loss_Exp": 49.840409054362794,
        "RelativeDistance_Exp": 0.6247698962688446,
        "R2Score_Exp": 0.8029129207134247,
        "Forgetting_Exp": 0.06770560145378113,
        "BWT_Exp": -0.06770560145378113
    },
    "4": {
        "Loss_Exp": 38.88895966953732,
        "RelativeDistance_Exp": 0.6790328025817871,
        "R2Score_Exp": 0.8109488785266876,
        "Forgetting_Exp": 0.09214277565479279,
        "BWT_Exp": -0.09214277565479279
    },
    "5": {
        "Loss_Exp": 44.91043617197331,
        "RelativeDistance_Exp": 0.6315264900525411,
        "R2Score_Exp": 0.786426822344462,
        "Forgetting_Exp": 0.08961190780003869,
        "BWT_Exp": -0.08961190780003869
    },
    "6": {
        "Loss_Exp": 52.733790699983956,
        "RelativeDistance_Exp": 0.6620561679204305,
        "R2Score_Exp": 0.7876782814661661,
        "Forgetting_Exp": 0.06350962320963549,
        "BWT_Exp": -0.06350962320963549
    },
    "7": {
        "Loss_Exp": 41.326278573314234,
        "RelativeDistance_Exp": 0.45535801351070404,
        "R2Score_Exp": 0.8610315918922424,
        "Forgetting_Exp": 0.036198973655700684,
        "BWT_Exp": -0.036198973655700684
    },
    "8": {
        "Loss_Exp": 44.946256954468154,
        "RelativeDistance_Exp": 0.5566876232624054,
        "R2Score_Exp": 0.8317219018936157,
        "Forgetting_Exp": 0.03901040554046631,
        "BWT_Exp": -0.03901040554046631
    },
    "9": {
        "Loss_Exp": 40.8069974327196,
        "RelativeDistance_Exp": 0.5507747828960419,
        "R2Score_Exp": 0.864913284778595
    },
    "stream": {
        "Loss_Stream/eval_phase/test_stream": 56.79586753024213,
        "RelativeDistance_Stream/eval_phase/test_stream": 0.6683094727993012,
        "R2Score_Stream/eval_phase/test_stream": 0.7892954444885254,
        "Forgetting_Stream/eval_phase/test_stream": {
            "0": 0.18006393313407898,
            "1": 0.12704411149024963,
            "2": 0.10686558485031128,
            "3": 0.06770560145378113,
            "4": 0.09214277565479279,
            "5": 0.08961190780003869,
            "6": 0.06350962320963549,
            "7": 0.036198973655700684,
            "8": 0.03901040554046631
        },
        "BWT_Stream/eval_phase/test_stream": {
            "0": 0.18006393313407898,
            "1": 0.12704411149024963,
            "2": 0.10686558485031128,
            "3": 0.06770560145378113,
            "4": 0.09214277565479279,
            "5": 0.08961190780003869,
            "6": 0.06350962320963549,
            "7": 0.036198973655700684,
            "8": 0.03901040554046631
        }
    }
}