{
    "0": {
        "Loss_Exp": 44.197038408195446,
        "Time_Exp": 0.1650277000007918,
        "RelativeDistance_Exp": 0.9373599886894226,
        "R2Score_Exp": 0.8065586507320404,
        "Forgetting_Exp": 0.07973221540451059,
        "BWT_Exp": -0.07973221540451059
    },
    "1": {
        "Loss_Exp": 49.10228214247276,
        "Time_Exp": 0.2468695999996271,
        "RelativeDistance_Exp": 0.8087449351946513,
        "R2Score_Exp": 0.802853238582611,
        "Forgetting_Exp": 0.02660557031631472,
        "BWT_Exp": -0.02660557031631472
    },
    "2": {
        "Loss_Exp": 40.888611969000245,
        "Time_Exp": 0.34905520000029355,
        "RelativeDistance_Exp": 0.786583451124338,
        "R2Score_Exp": 0.8271199785746061,
        "Forgetting_Exp": 0.023062664728898286,
        "BWT_Exp": -0.023062664728898286
    },
    "3": {
        "Loss_Exp": 31.90814593080016,
        "Time_Exp": 0.15192129999923054,
        "RelativeDistance_Exp": 0.8135984010166593,
        "R2Score_Exp": 0.8723095655441284,
        "Forgetting_Exp": 0.015446027119954464,
        "BWT_Exp": -0.015446027119954464
    },
    "4": {
        "Loss_Exp": 37.62598481269263,
        "Time_Exp": 0.10136120000061055,
        "RelativeDistance_Exp": 0.7993800640106201,
        "R2Score_Exp": 0.8542551142828805,
        "Forgetting_Exp": 0.015015959739685059,
        "BWT_Exp": -0.015015959739685059
    },
    "5": {
        "Loss_Exp": 35.16666236089949,
        "Time_Exp": 0.09475320000092324,
        "RelativeDistance_Exp": 0.6588129202524821,
        "R2Score_Exp": 0.8610668977101644,
        "Forgetting_Exp": -0.01566976308822632,
        "BWT_Exp": 0.01566976308822632
    },
    "6": {
        "Loss_Exp": 32.57208063941704,
        "Time_Exp": 0.12179830000059155,
        "RelativeDistance_Exp": 0.8389683291316032,
        "R2Score_Exp": 0.8769714087247849,
        "Forgetting_Exp": 0.0036823004484176636,
        "BWT_Exp": -0.0036823004484176636
    },
    "7": {
        "Loss_Exp": 45.94908516504922,
        "Time_Exp": 0.2727801000000909,
        "RelativeDistance_Exp": 0.6274654194712639,
        "R2Score_Exp": 0.835674948990345,
        "Forgetting_Exp": 0.015294469892978668,
        "BWT_Exp": -0.015294469892978668
    },
    "8": {
        "Loss_Exp": 29.715265913915612,
        "Time_Exp": 0.03781320000052801,
        "RelativeDistance_Exp": 0.5398042599360148,
        "R2Score_Exp": 0.8982627193133036,
        "Forgetting_Exp": 0.014518260955810547,
        "BWT_Exp": -0.014518260955810547
    },
    "9": {
        "Loss_Exp": 25.321742122789193,
        "Time_Exp": 0.023124100000131875,
        "RelativeDistance_Exp": 0.4823264181613922,
        "R2Score_Exp": 0.9060741662979126
    },
    "stream": {
        "Loss_Stream/eval_phase/test_stream": 40.21009735128816,
        "Time_Stream/eval_phase/test_stream": 1.6041185000012774,
        "RelativeDistance_Stream/eval_phase/test_stream": 0.7767508390509053,
        "R2Score_Stream/eval_phase/test_stream": 0.8403213016780806,
        "Forgetting_Stream/eval_phase/test_stream": {
            "0": 0.07973221540451059,
            "1": 0.02660557031631472,
            "2": 0.023062664728898286,
            "3": 0.015446027119954464,
            "4": 0.015015959739685059,
            "5": -0.01566976308822632,
            "6": 0.0036823004484176636,
            "7": 0.015294469892978668,
            "8": 0.014518260955810547
        },
        "BWT_Stream/eval_phase/test_stream": {
            "0": 0.07973221540451059,
            "1": 0.02660557031631472,
            "2": 0.023062664728898286,
            "3": 0.015446027119954464,
            "4": 0.015015959739685059,
            "5": -0.01566976308822632,
            "6": 0.0036823004484176636,
            "7": 0.015294469892978668,
            "8": 0.014518260955810547
        }
    }
}