{
    "0": {
        "Loss_Exp": 83.41117277089616,
        "RelativeDistance_Exp": 0.9425436556339264,
        "R2Score_Exp": 0.8121199011802673,
        "Forgetting_Exp": 0.06161302328109741,
        "BWT_Exp": -0.06161302328109741
    },
    "1": {
        "Loss_Exp": 69.38528000448427,
        "RelativeDistance_Exp": 0.8294923007488251,
        "R2Score_Exp": 0.7993234694004059,
        "Forgetting_Exp": 0.08855322003364563,
        "BWT_Exp": -0.08855322003364563
    },
    "2": {
        "Loss_Exp": 49.443982841909516,
        "RelativeDistance_Exp": 0.6455142498016357,
        "R2Score_Exp": 0.8417654832204183,
        "Forgetting_Exp": -0.02925207217534387,
        "BWT_Exp": 0.02925207217534387
    },
    "3": {
        "Loss_Exp": 47.57873751104299,
        "RelativeDistance_Exp": 0.53215691447258,
        "R2Score_Exp": 0.8434255719184875,
        "Forgetting_Exp": -0.001275867223739624,
        "BWT_Exp": 0.001275867223739624
    },
    "4": {
        "Loss_Exp": 49.722729318440294,
        "RelativeDistance_Exp": 0.6460154801607132,
        "R2Score_Exp": 0.8337618410587311,
        "Forgetting_Exp": 0.0053097158670425415,
        "BWT_Exp": -0.0053097158670425415
    },
    "5": {
        "Loss_Exp": 46.87782055398692,
        "RelativeDistance_Exp": 0.5386485854784647,
        "R2Score_Exp": 0.8168613910675049,
        "Forgetting_Exp": 0.0192410945892334,
        "BWT_Exp": -0.0192410945892334
    },
    "6": {
        "Loss_Exp": 56.647001474799836,
        "RelativeDistance_Exp": 0.5784149666627248,
        "R2Score_Exp": 0.8286969463030497,
        "Forgetting_Exp": 0.037310659885406494,
        "BWT_Exp": -0.037310659885406494
    },
    "7": {
        "Loss_Exp": 40.76923370361328,
        "RelativeDistance_Exp": 0.5342876315116882,
        "R2Score_Exp": 0.8392420411109924,
        "Forgetting_Exp": 0.021263182163238525,
        "BWT_Exp": -0.021263182163238525
    },
    "8": {
        "Loss_Exp": 53.44295703015413,
        "RelativeDistance_Exp": 0.8292569518089294,
        "R2Score_Exp": 0.8388950824737549,
        "Forgetting_Exp": -0.014002412557601929,
        "BWT_Exp": 0.014002412557601929
    },
    "9": {
        "Loss_Exp": 60.96137638863801,
        "RelativeDistance_Exp": 0.654192715883255,
        "R2Score_Exp": 0.83557990193367
    },
    "stream": {
        "Loss_Stream/eval_phase/test_stream": 55.0547947162426,
        "RelativeDistance_Stream/eval_phase/test_stream": 0.6658903347949187,
        "R2Score_Stream/eval_phase/test_stream": 0.8289561967055002,
        "Forgetting_Stream/eval_phase/test_stream": {
            "0": 0.06161302328109741,
            "1": 0.08855322003364563,
            "2": -0.02925207217534387,
            "3": -0.001275867223739624,
            "4": 0.0053097158670425415,
            "5": 0.0192410945892334,
            "6": 0.037310659885406494,
            "7": 0.021263182163238525,
            "8": -0.014002412557601929
        },
        "BWT_Stream/eval_phase/test_stream": {
            "0": 0.06161302328109741,
            "1": 0.08855322003364563,
            "2": -0.02925207217534387,
            "3": -0.001275867223739624,
            "4": 0.0053097158670425415,
            "5": 0.0192410945892334,
            "6": 0.037310659885406494,
            "7": 0.021263182163238525,
            "8": -0.014002412557601929
        }
    }
}