{
    "0": {
        "Loss_Exp": 0.15061180146889414,
        "BinaryAccuracy_Exp": 0.9509796649217606
    },
    "1": {
        "Loss_Exp": 0.19655900246475186,
        "BinaryAccuracy_Exp": 0.9214381277561188
    },
    "2": {
        "Loss_Exp": 0.1458677378492166,
        "BinaryAccuracy_Exp": 0.9383371233940124
    },
    "3": {
        "Loss_Exp": 0.14022039479286025,
        "BinaryAccuracy_Exp": 0.946373462677002
    },
    "4": {
        "Loss_Exp": 0.088079770311985,
        "BinaryAccuracy_Exp": 0.9637832386153085
    },
    "5": {
        "Loss_Exp": 0.11141128716036448,
        "BinaryAccuracy_Exp": 0.9583412806193033
    },
    "6": {
        "Loss_Exp": 0.08094328132484353,
        "BinaryAccuracy_Exp": 0.9694082379341126
    },
    "7": {
        "Loss_Exp": 0.08310068827985928,
        "BinaryAccuracy_Exp": 0.96938689549764
    },
    "8": {
        "Loss_Exp": 0.09524259926622203,
        "BinaryAccuracy_Exp": 0.9624596039454142
    },
    "9": {
        "Loss_Exp": 0.0755264837241514,
        "BinaryAccuracy_Exp": 0.9700604230165482
    },
    "stream": {
        "Loss_Stream/eval_phase/test_stream": 0.11458697793060249,
        "BinaryAccuracy_Stream/eval_phase/test_stream": 0.9550560181555541
    }
}