{
    "0": {
        "Loss_Exp": 103.7593765258789,
        "RelativeDistance_Exp": 0.9829816818237305,
        "R2Score_Exp": 0.673953115940094,
        "Forgetting_Exp": 0.1690744161605835,
        "BWT_Exp": -0.1690744161605835
    },
    "1": {
        "Loss_Exp": 62.3892936706543,
        "RelativeDistance_Exp": 0.930750846862793,
        "R2Score_Exp": 0.7847487926483154,
        "Forgetting_Exp": 0.10369187593460083,
        "BWT_Exp": -0.10369187593460083
    },
    "2": {
        "Loss_Exp": 83.40128326416016,
        "RelativeDistance_Exp": 0.775872528553009,
        "R2Score_Exp": 0.731744647026062,
        "Forgetting_Exp": 0.07029205560684204,
        "BWT_Exp": -0.07029205560684204
    },
    "3": {
        "Loss_Exp": 49.197471618652344,
        "RelativeDistance_Exp": 0.7039541602134705,
        "R2Score_Exp": 0.8122024536132812,
        "Forgetting_Exp": 0.05332481861114502,
        "BWT_Exp": -0.05332481861114502
    },
    "4": {
        "Loss_Exp": 41.73988342285156,
        "RelativeDistance_Exp": 0.7576125264167786,
        "R2Score_Exp": 0.8062151074409485,
        "Forgetting_Exp": 0.07028329372406006,
        "BWT_Exp": -0.07028329372406006
    },
    "5": {
        "Loss_Exp": 48.514034271240234,
        "RelativeDistance_Exp": 0.698997974395752,
        "R2Score_Exp": 0.7559009790420532,
        "Forgetting_Exp": 0.09045851230621338,
        "BWT_Exp": -0.09045851230621338
    },
    "6": {
        "Loss_Exp": 52.179039001464844,
        "RelativeDistance_Exp": 0.633895218372345,
        "R2Score_Exp": 0.7822802066802979,
        "Forgetting_Exp": 0.06646358966827393,
        "BWT_Exp": -0.06646358966827393
    },
    "7": {
        "Loss_Exp": 42.75849151611328,
        "RelativeDistance_Exp": 0.6135396361351013,
        "R2Score_Exp": 0.7878881692886353,
        "Forgetting_Exp": 0.0034058690071105957,
        "BWT_Exp": -0.0034058690071105957
    },
    "8": {
        "Loss_Exp": 49.5030403137207,
        "RelativeDistance_Exp": 0.5537986755371094,
        "R2Score_Exp": 0.8190486431121826,
        "Forgetting_Exp": -0.023970961570739746,
        "BWT_Exp": 0.023970961570739746
    },
    "9": {
        "Loss_Exp": 44.75713348388672,
        "RelativeDistance_Exp": 0.6524550318717957,
        "R2Score_Exp": 0.8490745425224304
    },
    "stream": {
        "Loss_Stream/eval_phase/test_stream": 57.63266860926195,
        "RelativeDistance_Stream/eval_phase/test_stream": 0.7303858280181885,
        "R2Score_Stream/eval_phase/test_stream": 0.78030566573143,
        "Forgetting_Stream/eval_phase/test_stream": {
            "0": 0.1690744161605835,
            "1": 0.10369187593460083,
            "2": 0.07029205560684204,
            "3": 0.05332481861114502,
            "4": 0.07028329372406006,
            "5": 0.09045851230621338,
            "6": 0.06646358966827393,
            "7": 0.0034058690071105957,
            "8": -0.023970961570739746
        },
        "BWT_Stream/eval_phase/test_stream": {
            "0": 0.1690744161605835,
            "1": 0.10369187593460083,
            "2": 0.07029205560684204,
            "3": 0.05332481861114502,
            "4": 0.07028329372406006,
            "5": 0.09045851230621338,
            "6": 0.06646358966827393,
            "7": 0.0034058690071105957,
            "8": -0.023970961570739746
        }
    }
}