{
    "0": {
        "Loss_Exp": 64.10930984784972,
        "Time_Exp": 0.1607179000002361,
        "RelativeDistance_Exp": 1.1414165258407594,
        "R2Score_Exp": 0.713442188501358,
        "Forgetting_Exp": 0.1761079609394074,
        "BWT_Exp": -0.1761079609394074
    },
    "1": {
        "Loss_Exp": 75.64988767069528,
        "Time_Exp": 0.2348664999990433,
        "RelativeDistance_Exp": 1.0772748867670694,
        "R2Score_Exp": 0.7002083539962769,
        "Forgetting_Exp": 0.12328575452168777,
        "BWT_Exp": -0.12328575452168777
    },
    "2": {
        "Loss_Exp": 48.31777395426107,
        "Time_Exp": 0.21360429999913322,
        "RelativeDistance_Exp": 0.9516583726956294,
        "R2Score_Exp": 0.798766397512876,
        "Forgetting_Exp": 0.0444126495948205,
        "BWT_Exp": -0.0444126495948205
    },
    "3": {
        "Loss_Exp": 38.20644868461939,
        "Time_Exp": 0.305449999999837,
        "RelativeDistance_Exp": 0.9240916768709818,
        "R2Score_Exp": 0.8485416306389703,
        "Forgetting_Exp": 0.031900233692593094,
        "BWT_Exp": -0.031900233692593094
    },
    "4": {
        "Loss_Exp": 42.59200804727055,
        "Time_Exp": 0.11160609999933513,
        "RelativeDistance_Exp": 0.839567346232278,
        "R2Score_Exp": 0.8316981707300458,
        "Forgetting_Exp": 0.02684542110988075,
        "BWT_Exp": -0.02684542110988075
    },
    "5": {
        "Loss_Exp": 40.58057064140998,
        "Time_Exp": 0.11206119999951625,
        "RelativeDistance_Exp": 0.7155670126279196,
        "R2Score_Exp": 0.8444607754548391,
        "Forgetting_Exp": 0.0021834075450897217,
        "BWT_Exp": -0.0021834075450897217
    },
    "6": {
        "Loss_Exp": 37.03549638350922,
        "Time_Exp": 0.1260909000011452,
        "RelativeDistance_Exp": 0.8961643949151039,
        "R2Score_Exp": 0.8604426383972168,
        "Forgetting_Exp": 0.02147003263235092,
        "BWT_Exp": -0.02147003263235092
    },
    "7": {
        "Loss_Exp": 51.72244433563041,
        "Time_Exp": 0.1104499000011856,
        "RelativeDistance_Exp": 0.6846772581338882,
        "R2Score_Exp": 0.8209652528166771,
        "Forgetting_Exp": 0.022415898740291595,
        "BWT_Exp": -0.022415898740291595
    },
    "8": {
        "Loss_Exp": 30.0736515295511,
        "Time_Exp": 0.03874120000000403,
        "RelativeDistance_Exp": 0.5702389478683472,
        "R2Score_Exp": 0.8888435562451681,
        "Forgetting_Exp": 0.019789377848307255,
        "BWT_Exp": -0.019789377848307255
    },
    "9": {
        "Loss_Exp": 26.694737157806543,
        "Time_Exp": 0.019025999999939813,
        "RelativeDistance_Exp": 0.5170200020074844,
        "R2Score_Exp": 0.8998042941093445
    },
    "stream": {
        "Loss_Stream/eval_phase/test_stream": 51.650104821581905,
        "Time_Stream/eval_phase/test_stream": 1.474790899999789,
        "RelativeDistance_Stream/eval_phase/test_stream": 0.9114016798543342,
        "R2Score_Stream/eval_phase/test_stream": 0.795857274973834,
        "Forgetting_Stream/eval_phase/test_stream": {
            "0": 0.1761079609394074,
            "1": 0.12328575452168777,
            "2": 0.0444126495948205,
            "3": 0.031900233692593094,
            "4": 0.02684542110988075,
            "5": 0.0021834075450897217,
            "6": 0.02147003263235092,
            "7": 0.022415898740291595,
            "8": 0.019789377848307255
        },
        "BWT_Stream/eval_phase/test_stream": {
            "0": 0.1761079609394074,
            "1": 0.12328575452168777,
            "2": 0.0444126495948205,
            "3": 0.031900233692593094,
            "4": 0.02684542110988075,
            "5": 0.0021834075450897217,
            "6": 0.02147003263235092,
            "7": 0.022415898740291595,
            "8": 0.019789377848307255
        }
    }
}