{
    "0": {
        "Loss_Exp": 104.20714293362802,
        "RelativeDistance_Exp": 0.967926025390625,
        "R2Score_Exp": 0.7642821371555328,
        "Forgetting_Exp": 0.1122685968875885,
        "BWT_Exp": -0.1122685968875885
    },
    "1": {
        "Loss_Exp": 69.0281085576303,
        "RelativeDistance_Exp": 1.1128138303756714,
        "R2Score_Exp": 0.8004965484142303,
        "Forgetting_Exp": 0.09532612562179565,
        "BWT_Exp": -0.09532612562179565
    },
    "2": {
        "Loss_Exp": 50.633625886177356,
        "RelativeDistance_Exp": 0.7115742365519205,
        "R2Score_Exp": 0.8389392296473185,
        "Forgetting_Exp": -0.01306992769241333,
        "BWT_Exp": 0.01306992769241333
    },
    "3": {
        "Loss_Exp": 49.02668990472973,
        "RelativeDistance_Exp": 0.6043606400489807,
        "R2Score_Exp": 0.8385820984840393,
        "Forgetting_Exp": 0.017144203186035156,
        "BWT_Exp": -0.017144203186035156
    },
    "4": {
        "Loss_Exp": 48.08417619793364,
        "RelativeDistance_Exp": 0.6921193301677704,
        "R2Score_Exp": 0.839517131447792,
        "Forgetting_Exp": 0.008522123098373413,
        "BWT_Exp": -0.008522123098373413
    },
    "5": {
        "Loss_Exp": 45.9367383873981,
        "RelativeDistance_Exp": 0.6055842439333597,
        "R2Score_Exp": 0.8204218546549479,
        "Forgetting_Exp": 0.02719380458196008,
        "BWT_Exp": -0.02719380458196008
    },
    "6": {
        "Loss_Exp": 55.908444132703416,
        "RelativeDistance_Exp": 0.6022937794526418,
        "R2Score_Exp": 0.8293647766113281,
        "Forgetting_Exp": 0.030557076136271122,
        "BWT_Exp": -0.030557076136271122
    },
    "7": {
        "Loss_Exp": 37.272544860839844,
        "RelativeDistance_Exp": 0.5824228525161743,
        "R2Score_Exp": 0.8530299067497253,
        "Forgetting_Exp": 0.017740756273269653,
        "BWT_Exp": -0.017740756273269653
    },
    "8": {
        "Loss_Exp": 51.60399845966038,
        "RelativeDistance_Exp": 0.8596495985984802,
        "R2Score_Exp": 0.8484977185726166,
        "Forgetting_Exp": -0.0071086883544921875,
        "BWT_Exp": 0.0071086883544921875
    },
    "9": {
        "Loss_Exp": 56.52693656524482,
        "RelativeDistance_Exp": 0.6929545402526855,
        "R2Score_Exp": 0.8467298448085785
    },
    "stream": {
        "Loss_Stream/eval_phase/test_stream": 55.878855295565266,
        "RelativeDistance_Stream/eval_phase/test_stream": 0.7326944259305795,
        "R2Score_Stream/eval_phase/test_stream": 0.8281021962563196,
        "Forgetting_Stream/eval_phase/test_stream": {
            "0": 0.1122685968875885,
            "1": 0.09532612562179565,
            "2": -0.01306992769241333,
            "3": 0.017144203186035156,
            "4": 0.008522123098373413,
            "5": 0.02719380458196008,
            "6": 0.030557076136271122,
            "7": 0.017740756273269653,
            "8": -0.0071086883544921875
        },
        "BWT_Stream/eval_phase/test_stream": {
            "0": 0.1122685968875885,
            "1": 0.09532612562179565,
            "2": -0.01306992769241333,
            "3": 0.017144203186035156,
            "4": 0.008522123098373413,
            "5": 0.02719380458196008,
            "6": 0.030557076136271122,
            "7": 0.017740756273269653,
            "8": -0.0071086883544921875
        }
    }
}