{
    "0": {
        "Loss_Exp": 42.270355224609375,
        "RelativeDistance_Exp": 0.9058194756507874,
        "R2Score_Exp": 0.8163079023361206,
        "Forgetting_Exp": 0.0710986852645874,
        "BWT_Exp": -0.0710986852645874
    },
    "1": {
        "Loss_Exp": 55.12521743774414,
        "RelativeDistance_Exp": 1.0254628658294678,
        "R2Score_Exp": 0.7787851095199585,
        "Forgetting_Exp": 0.01153409481048584,
        "BWT_Exp": -0.01153409481048584
    },
    "2": {
        "Loss_Exp": 40.08076477050781,
        "RelativeDistance_Exp": 0.8645213842391968,
        "R2Score_Exp": 0.8309004902839661,
        "Forgetting_Exp": 0.0015014410018920898,
        "BWT_Exp": -0.0015014410018920898
    },
    "3": {
        "Loss_Exp": 35.62306213378906,
        "RelativeDistance_Exp": 0.91261887550354,
        "R2Score_Exp": 0.8601474761962891,
        "Forgetting_Exp": -0.02021777629852295,
        "BWT_Exp": 0.02021777629852295
    },
    "4": {
        "Loss_Exp": 39.0196647644043,
        "RelativeDistance_Exp": 0.9012764692306519,
        "R2Score_Exp": 0.8471410274505615,
        "Forgetting_Exp": 0.0006451606750488281,
        "BWT_Exp": -0.0006451606750488281
    },
    "5": {
        "Loss_Exp": 37.31551742553711,
        "RelativeDistance_Exp": 0.6717603802680969,
        "R2Score_Exp": 0.8577085733413696,
        "Forgetting_Exp": -0.014136970043182373,
        "BWT_Exp": 0.014136970043182373
    },
    "6": {
        "Loss_Exp": 33.74557113647461,
        "RelativeDistance_Exp": 0.8221620321273804,
        "R2Score_Exp": 0.87489914894104,
        "Forgetting_Exp": 0.0030765533447265625,
        "BWT_Exp": -0.0030765533447265625
    },
    "7": {
        "Loss_Exp": 48.270267486572266,
        "RelativeDistance_Exp": 0.6132357120513916,
        "R2Score_Exp": 0.8335916996002197,
        "Forgetting_Exp": 0.014236509799957275,
        "BWT_Exp": -0.014236509799957275
    },
    "8": {
        "Loss_Exp": 39.59414291381836,
        "RelativeDistance_Exp": 0.7707722783088684,
        "R2Score_Exp": 0.8702548742294312,
        "Forgetting_Exp": 0.01897794008255005,
        "BWT_Exp": -0.01897794008255005
    },
    "9": {
        "Loss_Exp": 30.082700729370117,
        "RelativeDistance_Exp": 0.7691677212715149,
        "R2Score_Exp": 0.904128909111023
    },
    "stream": {
        "Loss_Stream/eval_phase/test_stream": 42.41203420844774,
        "RelativeDistance_Stream/eval_phase/test_stream": 0.8256797194480896,
        "R2Score_Stream/eval_phase/test_stream": 0.8473865211009979,
        "Forgetting_Stream/eval_phase/test_stream": {
            "0": 0.0710986852645874,
            "1": 0.01153409481048584,
            "2": 0.0015014410018920898,
            "3": -0.02021777629852295,
            "4": 0.0006451606750488281,
            "5": -0.014136970043182373,
            "6": 0.0030765533447265625,
            "7": 0.014236509799957275,
            "8": 0.01897794008255005
        },
        "BWT_Stream/eval_phase/test_stream": {
            "0": 0.0710986852645874,
            "1": 0.01153409481048584,
            "2": 0.0015014410018920898,
            "3": -0.02021777629852295,
            "4": 0.0006451606750488281,
            "5": -0.014136970043182373,
            "6": 0.0030765533447265625,
            "7": 0.014236509799957275,
            "8": 0.01897794008255005
        }
    }
}