{
    "0": {
        "Loss_Exp": 42.23379898071289,
        "RelativeDistance_Exp": 0.8630710244178772,
        "R2Score_Exp": 0.8209356069564819,
        "Forgetting_Exp": 0.0660250186920166,
        "BWT_Exp": -0.0660250186920166
    },
    "1": {
        "Loss_Exp": 48.024871826171875,
        "RelativeDistance_Exp": 0.7504090666770935,
        "R2Score_Exp": 0.8048607707023621,
        "Forgetting_Exp": 0.07894939184188843,
        "BWT_Exp": -0.07894939184188843
    },
    "2": {
        "Loss_Exp": 38.17045211791992,
        "RelativeDistance_Exp": 0.7332589030265808,
        "R2Score_Exp": 0.8369113206863403,
        "Forgetting_Exp": 0.055906593799591064,
        "BWT_Exp": -0.055906593799591064
    },
    "3": {
        "Loss_Exp": 27.478759765625,
        "RelativeDistance_Exp": 0.745437741279602,
        "R2Score_Exp": 0.890724241733551,
        "Forgetting_Exp": 0.032325029373168945,
        "BWT_Exp": -0.032325029373168945
    },
    "4": {
        "Loss_Exp": 32.6591682434082,
        "RelativeDistance_Exp": 0.7347683310508728,
        "R2Score_Exp": 0.8701174855232239,
        "Forgetting_Exp": 0.02697664499282837,
        "BWT_Exp": -0.02697664499282837
    },
    "5": {
        "Loss_Exp": 32.318023681640625,
        "RelativeDistance_Exp": 0.6435266137123108,
        "R2Score_Exp": 0.8734830021858215,
        "Forgetting_Exp": 0.010122120380401611,
        "BWT_Exp": -0.010122120380401611
    },
    "6": {
        "Loss_Exp": 28.506610870361328,
        "RelativeDistance_Exp": 0.7997233271598816,
        "R2Score_Exp": 0.8901770114898682,
        "Forgetting_Exp": 0.0077858567237854,
        "BWT_Exp": -0.0077858567237854
    },
    "7": {
        "Loss_Exp": 37.566287994384766,
        "RelativeDistance_Exp": 0.5495375990867615,
        "R2Score_Exp": 0.8669256567955017,
        "Forgetting_Exp": 0.021116793155670166,
        "BWT_Exp": -0.021116793155670166
    },
    "8": {
        "Loss_Exp": 27.831003189086914,
        "RelativeDistance_Exp": 0.5451701283454895,
        "R2Score_Exp": 0.9082754254341125,
        "Forgetting_Exp": 0.002897799015045166,
        "BWT_Exp": -0.002897799015045166
    },
    "9": {
        "Loss_Exp": 21.328510284423828,
        "RelativeDistance_Exp": 0.4895434081554413,
        "R2Score_Exp": 0.9272496700286865
    },
    "stream": {
        "Loss_Stream/eval_phase/test_stream": 36.83693694986264,
        "RelativeDistance_Stream/eval_phase/test_stream": 0.6854446142911911,
        "R2Score_Stream/eval_phase/test_stream": 0.868966019153595,
        "Forgetting_Stream/eval_phase/test_stream": {
            "0": 0.0660250186920166,
            "1": 0.07894939184188843,
            "2": 0.055906593799591064,
            "3": 0.032325029373168945,
            "4": 0.02697664499282837,
            "5": 0.010122120380401611,
            "6": 0.0077858567237854,
            "7": 0.021116793155670166,
            "8": 0.002897799015045166
        },
        "BWT_Stream/eval_phase/test_stream": {
            "0": 0.0660250186920166,
            "1": 0.07894939184188843,
            "2": 0.055906593799591064,
            "3": 0.032325029373168945,
            "4": 0.02697664499282837,
            "5": 0.010122120380401611,
            "6": 0.0077858567237854,
            "7": 0.021116793155670166,
            "8": 0.002897799015045166
        }
    }
}