{
    "0": {
        "Loss_Exp": 18.067800453594298,
        "RelativeDistance_Exp": 1.1031453013420105,
        "R2Score_Exp": 0.752790093421936,
        "Forgetting_Exp": 0.11316651105880737,
        "BWT_Exp": -0.11316651105880737
    },
    "1": {
        "Loss_Exp": 12.935723474092573,
        "RelativeDistance_Exp": 1.3198899030685425,
        "R2Score_Exp": 0.7921752631664276,
        "Forgetting_Exp": 0.0896742045879364,
        "BWT_Exp": -0.0896742045879364
    },
    "2": {
        "Loss_Exp": 10.669091878584481,
        "RelativeDistance_Exp": 0.9762440125147501,
        "R2Score_Exp": 0.7546212077140808,
        "Forgetting_Exp": 0.10655232270558679,
        "BWT_Exp": -0.10655232270558679
    },
    "3": {
        "Loss_Exp": 5.314000095462412,
        "RelativeDistance_Exp": 0.8733393251895905,
        "R2Score_Exp": 0.7985085844993591,
        "Forgetting_Exp": 0.08980947732925415,
        "BWT_Exp": -0.08980947732925415
    },
    "4": {
        "Loss_Exp": 2.9303361449159966,
        "RelativeDistance_Exp": 0.8423696160316467,
        "R2Score_Exp": 0.8625137209892273,
        "Forgetting_Exp": 0.06251533826192224,
        "BWT_Exp": -0.06251533826192224
    },
    "5": {
        "Loss_Exp": 2.828775215878503,
        "RelativeDistance_Exp": 0.8052643537521362,
        "R2Score_Exp": 0.8376782735188802,
        "Forgetting_Exp": 0.05474348862965894,
        "BWT_Exp": -0.05474348862965894
    },
    "6": {
        "Loss_Exp": 4.35647901087454,
        "RelativeDistance_Exp": 0.6848309934139252,
        "R2Score_Exp": 0.8619230091571808,
        "Forgetting_Exp": 0.055294960737228394,
        "BWT_Exp": -0.055294960737228394
    },
    "7": {
        "Loss_Exp": 2.4250762462615967,
        "RelativeDistance_Exp": 1.359619140625,
        "R2Score_Exp": 0.8570717573165894,
        "Forgetting_Exp": 0.05477052927017212,
        "BWT_Exp": -0.05477052927017212
    },
    "8": {
        "Loss_Exp": 2.024282136246494,
        "RelativeDistance_Exp": 0.570143848657608,
        "R2Score_Exp": 0.8869835436344147,
        "Forgetting_Exp": 0.010003805160522461,
        "BWT_Exp": -0.010003805160522461
    },
    "9": {
        "Loss_Exp": 4.511760514495457,
        "RelativeDistance_Exp": 0.6633878946304321,
        "R2Score_Exp": 0.9139423072338104
    },
    "stream": {
        "Loss_Stream/eval_phase/test_stream": 6.491971708502416,
        "RelativeDistance_Stream/eval_phase/test_stream": 0.8936694372784008,
        "R2Score_Stream/eval_phase/test_stream": 0.8288253166458823,
        "Forgetting_Stream/eval_phase/test_stream": {
            "0": 0.11316651105880737,
            "1": 0.0896742045879364,
            "2": 0.10655232270558679,
            "3": 0.08980947732925415,
            "4": 0.06251533826192224,
            "5": 0.05474348862965894,
            "6": 0.055294960737228394,
            "7": 0.05477052927017212,
            "8": 0.010003805160522461
        },
        "BWT_Stream/eval_phase/test_stream": {
            "0": 0.11316651105880737,
            "1": 0.0896742045879364,
            "2": 0.10655232270558679,
            "3": 0.08980947732925415,
            "4": 0.06251533826192224,
            "5": 0.05474348862965894,
            "6": 0.055294960737228394,
            "7": 0.05477052927017212,
            "8": 0.010003805160522461
        }
    }
}