{
    "0": {
        "Loss_Exp": 47.91997016570853,
        "Time_Exp": 0.4509981000010157,
        "RelativeDistance_Exp": 1.1954280853271484,
        "R2Score_Exp": 0.8027616024017334,
        "Forgetting_Exp": 0.08652361631393424,
        "BWT_Exp": -0.08652361631393424
    },
    "1": {
        "Loss_Exp": 52.83867217662246,
        "Time_Exp": 0.6986883000063244,
        "RelativeDistance_Exp": 1.238536262512207,
        "R2Score_Exp": 0.7925647735595703,
        "Forgetting_Exp": 0.012203737099965362,
        "BWT_Exp": -0.012203737099965362
    },
    "2": {
        "Loss_Exp": 45.50327480824077,
        "Time_Exp": 0.7699887000053423,
        "RelativeDistance_Exp": 1.2399703355935903,
        "R2Score_Exp": 0.8153008772776678,
        "Forgetting_Exp": 0.024932975952441816,
        "BWT_Exp": -0.024932975952441816
    },
    "3": {
        "Loss_Exp": 36.20359533868722,
        "Time_Exp": 0.38947840000037104,
        "RelativeDistance_Exp": 1.446262068218655,
        "R2Score_Exp": 0.8636267317665948,
        "Forgetting_Exp": 0.022528502676222084,
        "BWT_Exp": -0.022528502676222084
    },
    "4": {
        "Loss_Exp": 40.69310303706857,
        "Time_Exp": 0.27819730000192067,
        "RelativeDistance_Exp": 1.32476430279868,
        "R2Score_Exp": 0.8543643695967538,
        "Forgetting_Exp": 0.011824846267700195,
        "BWT_Exp": -0.011824846267700195
    },
    "5": {
        "Loss_Exp": 38.70434301114587,
        "Time_Exp": 0.28371809999953257,
        "RelativeDistance_Exp": 1.1550742089748383,
        "R2Score_Exp": 0.8593873182932535,
        "Forgetting_Exp": -0.0004785458246866492,
        "BWT_Exp": 0.0004785458246866492
    },
    "6": {
        "Loss_Exp": 36.5424947377087,
        "Time_Exp": 0.3615938000002643,
        "RelativeDistance_Exp": 1.4169959872961044,
        "R2Score_Exp": 0.865530289709568,
        "Forgetting_Exp": -0.0021631717681884766,
        "BWT_Exp": 0.0021631717681884766
    },
    "7": {
        "Loss_Exp": 48.08961133461528,
        "Time_Exp": 0.587320800004818,
        "RelativeDistance_Exp": 1.1309504359960556,
        "R2Score_Exp": 0.8407583385705948,
        "Forgetting_Exp": -0.00014675408601760864,
        "BWT_Exp": 0.00014675408601760864
    },
    "8": {
        "Loss_Exp": 30.75169935747263,
        "Time_Exp": 0.09997040000598645,
        "RelativeDistance_Exp": 0.943151076634725,
        "R2Score_Exp": 0.8933754762013754,
        "Forgetting_Exp": 0.010491490364074707,
        "BWT_Exp": -0.010491490364074707
    },
    "9": {
        "Loss_Exp": 22.177667620820593,
        "Time_Exp": 0.05614479999348987,
        "RelativeDistance_Exp": 0.9905927181243896,
        "R2Score_Exp": 0.9172283709049225
    },
    "stream": {
        "Loss_Stream/eval_phase/test_stream": 43.762309426516275,
        "Time_Stream/eval_phase/test_stream": 4.032234599995718,
        "RelativeDistance_Stream/eval_phase/test_stream": 1.2477321381922122,
        "R2Score_Stream/eval_phase/test_stream": 0.8344371149569382,
        "Forgetting_Stream/eval_phase/test_stream": {
            "0": 0.08652361631393424,
            "1": 0.012203737099965362,
            "2": 0.024932975952441816,
            "3": 0.022528502676222084,
            "4": 0.011824846267700195,
            "5": -0.0004785458246866492,
            "6": -0.0021631717681884766,
            "7": -0.00014675408601760864,
            "8": 0.010491490364074707
        },
        "BWT_Stream/eval_phase/test_stream": {
            "0": 0.08652361631393424,
            "1": 0.012203737099965362,
            "2": 0.024932975952441816,
            "3": 0.022528502676222084,
            "4": 0.011824846267700195,
            "5": -0.0004785458246866492,
            "6": -0.0021631717681884766,
            "7": -0.00014675408601760864,
            "8": 0.010491490364074707
        }
    }
}