{
    "0": {
        "Loss_Exp": 76.52948263236311,
        "RelativeDistance_Exp": 0.8971481025218964,
        "R2Score_Exp": 0.6716992676258087,
        "Forgetting_Exp": 0.21652104258537297,
        "BWT_Exp": -0.21652104258537297
    },
    "1": {
        "Loss_Exp": 81.4763336673166,
        "RelativeDistance_Exp": 0.829463799794515,
        "R2Score_Exp": 0.6760141372680664,
        "Forgetting_Exp": 0.22607183456420898,
        "BWT_Exp": -0.22607183456420898
    },
    "2": {
        "Loss_Exp": 58.63698044585877,
        "RelativeDistance_Exp": 0.6983274634067829,
        "R2Score_Exp": 0.756971015379979,
        "Forgetting_Exp": 0.15925643077263474,
        "BWT_Exp": -0.15925643077263474
    },
    "3": {
        "Loss_Exp": 45.058427646660554,
        "RelativeDistance_Exp": 0.7303054928779602,
        "R2Score_Exp": 0.822411040465037,
        "Forgetting_Exp": 0.12039805120892,
        "BWT_Exp": -0.12039805120892
    },
    "4": {
        "Loss_Exp": 52.33444006098603,
        "RelativeDistance_Exp": 0.6305322476795742,
        "R2Score_Exp": 0.782384821346828,
        "Forgetting_Exp": 0.14081329958779465,
        "BWT_Exp": -0.14081329958779465
    },
    "5": {
        "Loss_Exp": 47.61710338773818,
        "RelativeDistance_Exp": 0.5698649783929189,
        "R2Score_Exp": 0.8110989630222321,
        "Forgetting_Exp": 0.09127318859100342,
        "BWT_Exp": -0.09127318859100342
    },
    "6": {
        "Loss_Exp": 45.43560235621247,
        "RelativeDistance_Exp": 0.6322132498025894,
        "R2Score_Exp": 0.8261102586984634,
        "Forgetting_Exp": 0.08127062022686005,
        "BWT_Exp": -0.08127062022686005
    },
    "7": {
        "Loss_Exp": 49.622836429657156,
        "RelativeDistance_Exp": 0.47910044342279434,
        "R2Score_Exp": 0.8277343288064003,
        "Forgetting_Exp": 0.07082706689834595,
        "BWT_Exp": -0.07082706689834595
    },
    "8": {
        "Loss_Exp": 27.779528820498268,
        "RelativeDistance_Exp": 0.43071694175402325,
        "R2Score_Exp": 0.8975184162457784,
        "Forgetting_Exp": 0.03339133659998572,
        "BWT_Exp": -0.03339133659998572
    },
    "9": {
        "Loss_Exp": 19.803845896773783,
        "RelativeDistance_Exp": 0.36893726885318756,
        "R2Score_Exp": 0.9172437787055969
    },
    "stream": {
        "Loss_Stream/eval_phase/test_stream": 58.62997557412572,
        "RelativeDistance_Stream/eval_phase/test_stream": 0.6891098147557105,
        "R2Score_Stream/eval_phase/test_stream": 0.767908818927812,
        "Forgetting_Stream/eval_phase/test_stream": {
            "0": 0.21652104258537297,
            "1": 0.22607183456420898,
            "2": 0.15925643077263474,
            "3": 0.12039805120892,
            "4": 0.14081329958779465,
            "5": 0.09127318859100342,
            "6": 0.08127062022686005,
            "7": 0.07082706689834595,
            "8": 0.03339133659998572
        },
        "BWT_Stream/eval_phase/test_stream": {
            "0": 0.21652104258537297,
            "1": 0.22607183456420898,
            "2": 0.15925643077263474,
            "3": 0.12039805120892,
            "4": 0.14081329958779465,
            "5": 0.09127318859100342,
            "6": 0.08127062022686005,
            "7": 0.07082706689834595,
            "8": 0.03339133659998572
        }
    }
}