{
    "0": {
        "Loss_Exp": 38.739898681640625,
        "RelativeDistance_Exp": 0.9036617279052734,
        "R2Score_Exp": 0.8232011795043945,
        "Forgetting_Exp": 0.06583273410797119,
        "BWT_Exp": -0.06583273410797119
    },
    "1": {
        "Loss_Exp": 51.72088623046875,
        "RelativeDistance_Exp": 1.0569758415222168,
        "R2Score_Exp": 0.786666989326477,
        "Forgetting_Exp": 0.023852229118347168,
        "BWT_Exp": -0.023852229118347168
    },
    "2": {
        "Loss_Exp": 40.71767807006836,
        "RelativeDistance_Exp": 0.8778221607208252,
        "R2Score_Exp": 0.8266687989234924,
        "Forgetting_Exp": 0.006771504878997803,
        "BWT_Exp": -0.006771504878997803
    },
    "3": {
        "Loss_Exp": 37.15925598144531,
        "RelativeDistance_Exp": 0.8271839618682861,
        "R2Score_Exp": 0.8545923829078674,
        "Forgetting_Exp": -0.007412731647491455,
        "BWT_Exp": 0.007412731647491455
    },
    "4": {
        "Loss_Exp": 44.07256317138672,
        "RelativeDistance_Exp": 0.8257335424423218,
        "R2Score_Exp": 0.8270962834358215,
        "Forgetting_Exp": -0.011290550231933594,
        "BWT_Exp": 0.011290550231933594
    },
    "5": {
        "Loss_Exp": 38.006446838378906,
        "RelativeDistance_Exp": 0.6501839756965637,
        "R2Score_Exp": 0.8568192720413208,
        "Forgetting_Exp": -0.015150845050811768,
        "BWT_Exp": 0.015150845050811768
    },
    "6": {
        "Loss_Exp": 35.51372528076172,
        "RelativeDistance_Exp": 0.800940752029419,
        "R2Score_Exp": 0.870012104511261,
        "Forgetting_Exp": -0.007010519504547119,
        "BWT_Exp": 0.007010519504547119
    },
    "7": {
        "Loss_Exp": 50.540164947509766,
        "RelativeDistance_Exp": 0.574072539806366,
        "R2Score_Exp": 0.8268949389457703,
        "Forgetting_Exp": 0.010977327823638916,
        "BWT_Exp": -0.010977327823638916
    },
    "8": {
        "Loss_Exp": 38.95579528808594,
        "RelativeDistance_Exp": 0.752545177936554,
        "R2Score_Exp": 0.8753535747528076,
        "Forgetting_Exp": 0.0142403244972229,
        "BWT_Exp": -0.0142403244972229
    },
    "9": {
        "Loss_Exp": 31.796600341796875,
        "RelativeDistance_Exp": 0.6335239410400391,
        "R2Score_Exp": 0.8997536897659302
    },
    "stream": {
        "Loss_Stream/eval_phase/test_stream": 42.46695199406441,
        "RelativeDistance_Stream/eval_phase/test_stream": 0.7902643620967865,
        "R2Score_Stream/eval_phase/test_stream": 0.8447059214115142,
        "Forgetting_Stream/eval_phase/test_stream": {
            "0": 0.06583273410797119,
            "1": 0.023852229118347168,
            "2": 0.006771504878997803,
            "3": -0.007412731647491455,
            "4": -0.011290550231933594,
            "5": -0.015150845050811768,
            "6": -0.007010519504547119,
            "7": 0.010977327823638916,
            "8": 0.0142403244972229
        },
        "BWT_Stream/eval_phase/test_stream": {
            "0": 0.06583273410797119,
            "1": 0.023852229118347168,
            "2": 0.006771504878997803,
            "3": -0.007412731647491455,
            "4": -0.011290550231933594,
            "5": -0.015150845050811768,
            "6": -0.007010519504547119,
            "7": 0.010977327823638916,
            "8": 0.0142403244972229
        }
    }
}