{
    "0": {
        "Loss_Exp": 57.408504486083984,
        "RelativeDistance_Exp": 0.9023881554603577,
        "R2Score_Exp": 0.7590646743774414,
        "Forgetting_Exp": 0.12835460901260376,
        "BWT_Exp": -0.12835460901260376
    },
    "1": {
        "Loss_Exp": 61.498138427734375,
        "RelativeDistance_Exp": 0.8331454992294312,
        "R2Score_Exp": 0.7564911842346191,
        "Forgetting_Exp": 0.12241494655609131,
        "BWT_Exp": -0.12241494655609131
    },
    "2": {
        "Loss_Exp": 44.83427047729492,
        "RelativeDistance_Exp": 0.7822524905204773,
        "R2Score_Exp": 0.8109467625617981,
        "Forgetting_Exp": 0.07948601245880127,
        "BWT_Exp": -0.07948601245880127
    },
    "3": {
        "Loss_Exp": 31.703454971313477,
        "RelativeDistance_Exp": 0.8020779490470886,
        "R2Score_Exp": 0.876507043838501,
        "Forgetting_Exp": 0.04776132106781006,
        "BWT_Exp": -0.04776132106781006
    },
    "4": {
        "Loss_Exp": 40.5687255859375,
        "RelativeDistance_Exp": 0.8058373928070068,
        "R2Score_Exp": 0.8390634059906006,
        "Forgetting_Exp": 0.05175906419754028,
        "BWT_Exp": -0.05175906419754028
    },
    "5": {
        "Loss_Exp": 38.97858810424805,
        "RelativeDistance_Exp": 0.7179045677185059,
        "R2Score_Exp": 0.8512641787528992,
        "Forgetting_Exp": 0.025758087635040283,
        "BWT_Exp": -0.025758087635040283
    },
    "6": {
        "Loss_Exp": 33.655784606933594,
        "RelativeDistance_Exp": 0.8840199112892151,
        "R2Score_Exp": 0.8704806566238403,
        "Forgetting_Exp": 0.024311542510986328,
        "BWT_Exp": -0.024311542510986328
    },
    "7": {
        "Loss_Exp": 43.148193359375,
        "RelativeDistance_Exp": 0.6447034478187561,
        "R2Score_Exp": 0.8466110825538635,
        "Forgetting_Exp": 0.03289520740509033,
        "BWT_Exp": -0.03289520740509033
    },
    "8": {
        "Loss_Exp": 28.76604461669922,
        "RelativeDistance_Exp": 0.6251724362373352,
        "R2Score_Exp": 0.9054467678070068,
        "Forgetting_Exp": 0.004664897918701172,
        "BWT_Exp": -0.004664897918701172
    },
    "9": {
        "Loss_Exp": 24.194713592529297,
        "RelativeDistance_Exp": 0.5643028616905212,
        "R2Score_Exp": 0.9197734594345093
    },
    "stream": {
        "Loss_Stream/eval_phase/test_stream": 45.22201435518993,
        "RelativeDistance_Stream/eval_phase/test_stream": 0.7561804711818695,
        "R2Score_Stream/eval_phase/test_stream": 0.843564921617508,
        "Forgetting_Stream/eval_phase/test_stream": {
            "0": 0.12835460901260376,
            "1": 0.12241494655609131,
            "2": 0.07948601245880127,
            "3": 0.04776132106781006,
            "4": 0.05175906419754028,
            "5": 0.025758087635040283,
            "6": 0.024311542510986328,
            "7": 0.03289520740509033,
            "8": 0.004664897918701172
        },
        "BWT_Stream/eval_phase/test_stream": {
            "0": 0.12835460901260376,
            "1": 0.12241494655609131,
            "2": 0.07948601245880127,
            "3": 0.04776132106781006,
            "4": 0.05175906419754028,
            "5": 0.025758087635040283,
            "6": 0.024311542510986328,
            "7": 0.03289520740509033,
            "8": 0.004664897918701172
        }
    }
}