{
    "0": {
        "Loss_Exp": 50.81800607157032,
        "RelativeDistance_Exp": 0.7612369656562805,
        "R2Score_Exp": 0.8847043812274933
    },
    "1": {
        "Loss_Exp": 42.719114312628435,
        "RelativeDistance_Exp": 1.0645082592964172,
        "R2Score_Exp": 0.8752351403236389
    },
    "2": {
        "Loss_Exp": 39.07236116413594,
        "RelativeDistance_Exp": 0.6868001619974772,
        "R2Score_Exp": 0.8747576872507731
    },
    "3": {
        "Loss_Exp": 33.68419673392318,
        "RelativeDistance_Exp": 0.559165745973587,
        "R2Score_Exp": 0.8871714174747467
    },
    "4": {
        "Loss_Exp": 34.24071443766322,
        "RelativeDistance_Exp": 0.6781497746706009,
        "R2Score_Exp": 0.8888804763555527
    },
    "5": {
        "Loss_Exp": 33.688388492750086,
        "RelativeDistance_Exp": 0.6370478471120199,
        "R2Score_Exp": 0.8691950837771097
    },
    "6": {
        "Loss_Exp": 40.73985368444564,
        "RelativeDistance_Exp": 0.5635533730189005,
        "R2Score_Exp": 0.8778860966364542
    },
    "7": {
        "Loss_Exp": 31.485698699951172,
        "RelativeDistance_Exp": 0.6576051115989685,
        "R2Score_Exp": 0.875848114490509
    },
    "8": {
        "Loss_Exp": 40.98634108782373,
        "RelativeDistance_Exp": 0.5719959735870361,
        "R2Score_Exp": 0.8659746050834656
    },
    "9": {
        "Loss_Exp": 55.2693723689614,
        "RelativeDistance_Exp": 0.8202157914638519,
        "R2Score_Exp": 0.850118488073349
    },
    "stream": {
        "Loss_Stream/eval_phase/test_stream": 39.53482484600626,
        "RelativeDistance_Stream/eval_phase/test_stream": 0.6911105761925379,
        "R2Score_Stream/eval_phase/test_stream": 0.8759706119696299,
        "Forgetting_Stream/eval_phase/test_stream": {},
        "BWT_Stream/eval_phase/test_stream": {}
    }
}