{
    "0": {
        "Loss_Exp": 62.803817659454026,
        "RelativeDistance_Exp": 1.3848842442035676,
        "R2Score_Exp": 0.7363541722297668,
        "Forgetting_Exp": 0.11028165817260738,
        "BWT_Exp": -0.11028165817260738
    },
    "1": {
        "Loss_Exp": 68.30786157055962,
        "RelativeDistance_Exp": 1.3871452649434408,
        "R2Score_Exp": 0.7347796360651652,
        "Forgetting_Exp": 0.11763492425282795,
        "BWT_Exp": -0.11763492425282795
    },
    "2": {
        "Loss_Exp": 47.698993990965626,
        "RelativeDistance_Exp": 1.1936258261020367,
        "R2Score_Exp": 0.7987794050803552,
        "Forgetting_Exp": 0.0776393230144794,
        "BWT_Exp": -0.0776393230144794
    },
    "3": {
        "Loss_Exp": 34.7074837306878,
        "RelativeDistance_Exp": 1.2035239338874817,
        "R2Score_Exp": 0.864748994509379,
        "Forgetting_Exp": 0.04499713579813647,
        "BWT_Exp": -0.04499713579813647
    },
    "4": {
        "Loss_Exp": 42.47436841634751,
        "RelativeDistance_Exp": 1.1278826764651708,
        "R2Score_Exp": 0.8365866882460458,
        "Forgetting_Exp": 0.04593285492488319,
        "BWT_Exp": -0.04593285492488319
    },
    "5": {
        "Loss_Exp": 41.84918443222771,
        "RelativeDistance_Exp": 1.0207875072956085,
        "R2Score_Exp": 0.8416477342446645,
        "Forgetting_Exp": 0.03217271963755286,
        "BWT_Exp": -0.03217271963755286
    },
    "6": {
        "Loss_Exp": 36.530406961295476,
        "RelativeDistance_Exp": 1.3351293057203293,
        "R2Score_Exp": 0.8610459491610527,
        "Forgetting_Exp": 0.02992461621761322,
        "BWT_Exp": -0.02992461621761322
    },
    "7": {
        "Loss_Exp": 46.1485454713906,
        "RelativeDistance_Exp": 0.9279499799013138,
        "R2Score_Exp": 0.8420144394040108,
        "Forgetting_Exp": 0.03623764216899872,
        "BWT_Exp": -0.03623764216899872
    },
    "8": {
        "Loss_Exp": 34.19825326395232,
        "RelativeDistance_Exp": 0.8252794543902079,
        "R2Score_Exp": 0.8772215048472086,
        "Forgetting_Exp": 0.034362832705179924,
        "BWT_Exp": -0.034362832705179924
    },
    "9": {
        "Loss_Exp": 21.880342800908156,
        "RelativeDistance_Exp": 0.7693981528282166,
        "R2Score_Exp": 0.9168911874294281
    },
    "stream": {
        "Loss_Stream/eval_phase/test_stream": 49.108128857789865,
        "RelativeDistance_Stream/eval_phase/test_stream": 1.1993092011522364,
        "R2Score_Stream/eval_phase/test_stream": 0.8092349716174749,
        "Forgetting_Stream/eval_phase/test_stream": {
            "0": 0.11028165817260738,
            "1": 0.11763492425282795,
            "2": 0.0776393230144794,
            "3": 0.04499713579813647,
            "4": 0.04593285492488319,
            "5": 0.03217271963755286,
            "6": 0.02992461621761322,
            "7": 0.03623764216899872,
            "8": 0.034362832705179924
        },
        "BWT_Stream/eval_phase/test_stream": {
            "0": 0.11028165817260738,
            "1": 0.11763492425282795,
            "2": 0.0776393230144794,
            "3": 0.04499713579813647,
            "4": 0.04593285492488319,
            "5": 0.03217271963755286,
            "6": 0.02992461621761322,
            "7": 0.03623764216899872,
            "8": 0.034362832705179924
        }
    }
}