{
    "0": {
        "Loss_Exp": 31.290563583374023,
        "RelativeDistance_Exp": 0.6695301532745361,
        "R2Score_Exp": 0.8695264458656311,
        "Forgetting_Exp": 0.03051656484603882,
        "BWT_Exp": -0.03051656484603882
    },
    "1": {
        "Loss_Exp": 32.34029769897461,
        "RelativeDistance_Exp": 0.6614542007446289,
        "R2Score_Exp": 0.8671506643295288,
        "Forgetting_Exp": 0.016988277435302734,
        "BWT_Exp": -0.016988277435302734
    },
    "2": {
        "Loss_Exp": 35.909732818603516,
        "RelativeDistance_Exp": 0.7277510762214661,
        "R2Score_Exp": 0.8542259931564331,
        "Forgetting_Exp": 0.04011058807373047,
        "BWT_Exp": -0.04011058807373047
    },
    "3": {
        "Loss_Exp": 31.95669174194336,
        "RelativeDistance_Exp": 0.6455782651901245,
        "R2Score_Exp": 0.8605855107307434,
        "Forgetting_Exp": 0.03208315372467041,
        "BWT_Exp": -0.03208315372467041
    },
    "4": {
        "Loss_Exp": 35.78603744506836,
        "RelativeDistance_Exp": 0.7707169055938721,
        "R2Score_Exp": 0.8692678809165955,
        "Forgetting_Exp": 0.027167975902557373,
        "BWT_Exp": -0.027167975902557373
    },
    "5": {
        "Loss_Exp": 37.35911178588867,
        "RelativeDistance_Exp": 0.7313933372497559,
        "R2Score_Exp": 0.8610867857933044,
        "Forgetting_Exp": 0.03327828645706177,
        "BWT_Exp": -0.03327828645706177
    },
    "6": {
        "Loss_Exp": 31.15190315246582,
        "RelativeDistance_Exp": 0.5424437522888184,
        "R2Score_Exp": 0.8773837685585022,
        "Forgetting_Exp": 0.010728061199188232,
        "BWT_Exp": -0.010728061199188232
    },
    "7": {
        "Loss_Exp": 30.940793991088867,
        "RelativeDistance_Exp": 0.6845734715461731,
        "R2Score_Exp": 0.8782514333724976,
        "Forgetting_Exp": -0.013072729110717773,
        "BWT_Exp": 0.013072729110717773
    },
    "8": {
        "Loss_Exp": 25.671701431274414,
        "RelativeDistance_Exp": 0.4548802673816681,
        "R2Score_Exp": 0.9057148694992065,
        "Forgetting_Exp": 0.006244957447052002,
        "BWT_Exp": -0.006244957447052002
    },
    "9": {
        "Loss_Exp": 19.101699829101562,
        "RelativeDistance_Exp": 0.8719656467437744,
        "R2Score_Exp": 0.9290153384208679
    },
    "stream": {
        "Loss_Stream/eval_phase/test_stream": 33.6505067296215,
        "RelativeDistance_Stream/eval_phase/test_stream": 0.6760287076234818,
        "R2Score_Stream/eval_phase/test_stream": 0.877220869064331,
        "Forgetting_Stream/eval_phase/test_stream": {
            "0": 0.03051656484603882,
            "1": 0.016988277435302734,
            "2": 0.04011058807373047,
            "3": 0.03208315372467041,
            "4": 0.027167975902557373,
            "5": 0.03327828645706177,
            "6": 0.010728061199188232,
            "7": -0.013072729110717773,
            "8": 0.006244957447052002
        },
        "BWT_Stream/eval_phase/test_stream": {
            "0": 0.03051656484603882,
            "1": 0.016988277435302734,
            "2": 0.04011058807373047,
            "3": 0.03208315372467041,
            "4": 0.027167975902557373,
            "5": 0.03327828645706177,
            "6": 0.010728061199188232,
            "7": -0.013072729110717773,
            "8": 0.006244957447052002
        }
    }
}