{
    "0": {
        "Loss_Exp": 107.54330033254406,
        "RelativeDistance_Exp": 0.9980029761791229,
        "R2Score_Exp": 0.6492067873477936,
        "Forgetting_Exp": 0.1988573968410492,
        "BWT_Exp": -0.1988573968410492
    },
    "1": {
        "Loss_Exp": 56.76993642346612,
        "RelativeDistance_Exp": 1.0036300420761108,
        "R2Score_Exp": 0.7992081940174103,
        "Forgetting_Exp": 0.09841248393058777,
        "BWT_Exp": -0.09841248393058777
    },
    "2": {
        "Loss_Exp": 58.88593329830035,
        "RelativeDistance_Exp": 0.7884660164515177,
        "R2Score_Exp": 0.7816997766494751,
        "Forgetting_Exp": 0.06247323751449585,
        "BWT_Exp": -0.06247323751449585
    },
    "3": {
        "Loss_Exp": 43.94738300561425,
        "RelativeDistance_Exp": 0.6562109589576721,
        "R2Score_Exp": 0.8421413004398346,
        "Forgetting_Exp": 0.03325092792510986,
        "BWT_Exp": -0.03325092792510986
    },
    "4": {
        "Loss_Exp": 33.63720553925995,
        "RelativeDistance_Exp": 0.6775969862937927,
        "R2Score_Exp": 0.8432039767503738,
        "Forgetting_Exp": 0.06518056988716125,
        "BWT_Exp": -0.06518056988716125
    },
    "5": {
        "Loss_Exp": 37.558543349912505,
        "RelativeDistance_Exp": 0.6316519578297933,
        "R2Score_Exp": 0.8206566572189331,
        "Forgetting_Exp": 0.07366538047790527,
        "BWT_Exp": -0.07366538047790527
    },
    "6": {
        "Loss_Exp": 45.70509738144543,
        "RelativeDistance_Exp": 0.710780123869578,
        "R2Score_Exp": 0.8205723762512207,
        "Forgetting_Exp": 0.02679344018300378,
        "BWT_Exp": -0.02679344018300378
    },
    "7": {
        "Loss_Exp": 36.57734421334262,
        "RelativeDistance_Exp": 0.5369725674390793,
        "R2Score_Exp": 0.835048109292984,
        "Forgetting_Exp": 0.07230842113494873,
        "BWT_Exp": -0.07230842113494873
    },
    "8": {
        "Loss_Exp": 39.214653122761405,
        "RelativeDistance_Exp": 0.5617490708827972,
        "R2Score_Exp": 0.846468597650528,
        "Forgetting_Exp": 0.03702282905578613,
        "BWT_Exp": -0.03702282905578613
    },
    "9": {
        "Loss_Exp": 41.05295509551151,
        "RelativeDistance_Exp": 0.6537242829799652,
        "R2Score_Exp": 0.8636581897735596
    },
    "stream": {
        "Loss_Stream/eval_phase/test_stream": 48.999738494502004,
        "RelativeDistance_Stream/eval_phase/test_stream": 0.7169464814662934,
        "R2Score_Stream/eval_phase/test_stream": 0.8125225877761841,
        "Forgetting_Stream/eval_phase/test_stream": {
            "0": 0.1988573968410492,
            "1": 0.09841248393058777,
            "2": 0.06247323751449585,
            "3": 0.03325092792510986,
            "4": 0.06518056988716125,
            "5": 0.07366538047790527,
            "6": 0.02679344018300378,
            "7": 0.07230842113494873,
            "8": 0.03702282905578613
        },
        "BWT_Stream/eval_phase/test_stream": {
            "0": 0.1988573968410492,
            "1": 0.09841248393058777,
            "2": 0.06247323751449585,
            "3": 0.03325092792510986,
            "4": 0.06518056988716125,
            "5": 0.07366538047790527,
            "6": 0.02679344018300378,
            "7": 0.07230842113494873,
            "8": 0.03702282905578613
        }
    }
}