{
    "0": {
        "Loss_Exp": 79.92974576490231,
        "RelativeDistance_Exp": 0.9346314787864685,
        "R2Score_Exp": 0.6398167729377746,
        "Forgetting_Exp": 0.2479233026504517,
        "BWT_Exp": -0.2479233026504517
    },
    "1": {
        "Loss_Exp": 83.63334664977819,
        "RelativeDistance_Exp": 0.9232361475626628,
        "R2Score_Exp": 0.658415142695109,
        "Forgetting_Exp": 0.2405120094617208,
        "BWT_Exp": -0.2405120094617208
    },
    "2": {
        "Loss_Exp": 58.59792818773369,
        "RelativeDistance_Exp": 0.6997686257729163,
        "R2Score_Exp": 0.7420127254266006,
        "Forgetting_Exp": 0.17287294222758365,
        "BWT_Exp": -0.17287294222758365
    },
    "3": {
        "Loss_Exp": 43.179206554843226,
        "RelativeDistance_Exp": 0.7268060445785522,
        "R2Score_Exp": 0.826841327879164,
        "Forgetting_Exp": 0.11536980337566793,
        "BWT_Exp": -0.11536980337566793
    },
    "4": {
        "Loss_Exp": 47.28761040615848,
        "RelativeDistance_Exp": 0.6428519061633519,
        "R2Score_Exp": 0.7995007804461888,
        "Forgetting_Exp": 0.12133337770189556,
        "BWT_Exp": -0.12133337770189556
    },
    "5": {
        "Loss_Exp": 44.387891533733786,
        "RelativeDistance_Exp": 0.5678070733944575,
        "R2Score_Exp": 0.8243143459161123,
        "Forgetting_Exp": 0.0786474347114563,
        "BWT_Exp": -0.0786474347114563
    },
    "6": {
        "Loss_Exp": 42.594309286082805,
        "RelativeDistance_Exp": 0.6225694566965103,
        "R2Score_Exp": 0.8336795121431351,
        "Forgetting_Exp": 0.07019755989313126,
        "BWT_Exp": -0.07019755989313126
    },
    "7": {
        "Loss_Exp": 46.080890165842,
        "RelativeDistance_Exp": 0.4840524159371853,
        "R2Score_Exp": 0.8416830748319626,
        "Forgetting_Exp": 0.055998265743255615,
        "BWT_Exp": -0.055998265743255615
    },
    "8": {
        "Loss_Exp": 27.74457069316442,
        "RelativeDistance_Exp": 0.4158225655555725,
        "R2Score_Exp": 0.8982619047164917,
        "Forgetting_Exp": 0.02818906307220459,
        "BWT_Exp": -0.02818906307220459
    },
    "9": {
        "Loss_Exp": 18.8895498296916,
        "RelativeDistance_Exp": 0.3877059370279312,
        "R2Score_Exp": 0.92221799492836
    },
    "stream": {
        "Loss_Stream/eval_phase/test_stream": 57.93586047177398,
        "RelativeDistance_Stream/eval_phase/test_stream": 0.7113057268254551,
        "R2Score_Stream/eval_phase/test_stream": 0.7635388418480202,
        "Forgetting_Stream/eval_phase/test_stream": {
            "0": 0.2479233026504517,
            "1": 0.2405120094617208,
            "2": 0.17287294222758365,
            "3": 0.11536980337566793,
            "4": 0.12133337770189556,
            "5": 0.0786474347114563,
            "6": 0.07019755989313126,
            "7": 0.055998265743255615,
            "8": 0.02818906307220459
        },
        "BWT_Stream/eval_phase/test_stream": {
            "0": 0.2479233026504517,
            "1": 0.2405120094617208,
            "2": 0.17287294222758365,
            "3": 0.11536980337566793,
            "4": 0.12133337770189556,
            "5": 0.0786474347114563,
            "6": 0.07019755989313126,
            "7": 0.055998265743255615,
            "8": 0.02818906307220459
        }
    }
}