{
    "0": {
        "Loss_Exp": 87.21517296506647,
        "RelativeDistance_Exp": 0.8473598062992096,
        "R2Score_Exp": 0.8033782243728638,
        "Forgetting_Exp": 0.07014897465705872,
        "BWT_Exp": -0.07014897465705872
    },
    "1": {
        "Loss_Exp": 60.934064558771425,
        "RelativeDistance_Exp": 1.1332398056983948,
        "R2Score_Exp": 0.824249655008316,
        "Forgetting_Exp": 0.07065221667289734,
        "BWT_Exp": -0.07065221667289734
    },
    "2": {
        "Loss_Exp": 47.88209300173554,
        "RelativeDistance_Exp": 0.6482856671015421,
        "R2Score_Exp": 0.8448202610015869,
        "Forgetting_Exp": -0.03331504265467322,
        "BWT_Exp": 0.03331504265467322
    },
    "3": {
        "Loss_Exp": 48.838711762644806,
        "RelativeDistance_Exp": 0.5635079741477966,
        "R2Score_Exp": 0.8395774066448212,
        "Forgetting_Exp": -0.0011789202690124512,
        "BWT_Exp": 0.0011789202690124512
    },
    "4": {
        "Loss_Exp": 48.87193659596406,
        "RelativeDistance_Exp": 0.715106651186943,
        "R2Score_Exp": 0.8378971070051193,
        "Forgetting_Exp": 0.0021115094423294067,
        "BWT_Exp": -0.0021115094423294067
    },
    "5": {
        "Loss_Exp": 45.68870527847953,
        "RelativeDistance_Exp": 0.5994024872779846,
        "R2Score_Exp": 0.8219038446744283,
        "Forgetting_Exp": 0.012212614218393925,
        "BWT_Exp": -0.012212614218393925
    },
    "6": {
        "Loss_Exp": 53.322533315744245,
        "RelativeDistance_Exp": 0.6385425527890524,
        "R2Score_Exp": 0.8370816310246786,
        "Forgetting_Exp": 0.02613423268000281,
        "BWT_Exp": -0.02613423268000281
    },
    "7": {
        "Loss_Exp": 39.365379333496094,
        "RelativeDistance_Exp": 0.5976817607879639,
        "R2Score_Exp": 0.8447775840759277,
        "Forgetting_Exp": 0.026313036680221558,
        "BWT_Exp": -0.026313036680221558
    },
    "8": {
        "Loss_Exp": 48.565363301047114,
        "RelativeDistance_Exp": 0.8963125348091125,
        "R2Score_Exp": 0.8564879298210144,
        "Forgetting_Exp": -0.023235857486724854,
        "BWT_Exp": 0.023235857486724854
    },
    "9": {
        "Loss_Exp": 59.96786146219066,
        "RelativeDistance_Exp": 0.7360191345214844,
        "R2Score_Exp": 0.8371392488479614
    },
    "stream": {
        "Loss_Stream/eval_phase/test_stream": 53.41985220339982,
        "RelativeDistance_Stream/eval_phase/test_stream": 0.7279032915830612,
        "R2Score_Stream/eval_phase/test_stream": 0.8345603396495184,
        "Forgetting_Stream/eval_phase/test_stream": {
            "0": 0.07014897465705872,
            "1": 0.07065221667289734,
            "2": -0.03331504265467322,
            "3": -0.0011789202690124512,
            "4": 0.0021115094423294067,
            "5": 0.012212614218393925,
            "6": 0.02613423268000281,
            "7": 0.026313036680221558,
            "8": -0.023235857486724854
        },
        "BWT_Stream/eval_phase/test_stream": {
            "0": 0.07014897465705872,
            "1": 0.07065221667289734,
            "2": -0.03331504265467322,
            "3": -0.0011789202690124512,
            "4": 0.0021115094423294067,
            "5": 0.012212614218393925,
            "6": 0.02613423268000281,
            "7": 0.026313036680221558,
            "8": -0.023235857486724854
        }
    }
}