{
    "0": {
        "Loss_Exp": 0.08811008180251256,
        "BinaryAccuracy_Exp": 0.9731445163488388
    },
    "1": {
        "Loss_Exp": 0.09377596213270295,
        "BinaryAccuracy_Exp": 0.9707570970058441
    },
    "2": {
        "Loss_Exp": 0.0769609944178271,
        "BinaryAccuracy_Exp": 0.9666437268257141
    },
    "3": {
        "Loss_Exp": 0.07136970202706688,
        "BinaryAccuracy_Exp": 0.9720148563385009
    },
    "4": {
        "Loss_Exp": 0.061130387606629887,
        "BinaryAccuracy_Exp": 0.9758840203285217
    },
    "5": {
        "Loss_Exp": 0.07492996169536514,
        "BinaryAccuracy_Exp": 0.969483902057012
    },
    "6": {
        "Loss_Exp": 0.05486012455752849,
        "BinaryAccuracy_Exp": 0.9796929001808167
    },
    "7": {
        "Loss_Exp": 0.07002174499019093,
        "BinaryAccuracy_Exp": 0.97550102074941
    },
    "8": {
        "Loss_Exp": 0.06751851020598244,
        "BinaryAccuracy_Exp": 0.9759044647216797
    },
    "9": {
        "Loss_Exp": 0.07403684551193403,
        "BinaryAccuracy_Exp": 0.9732857346534729
    },
    "stream": {
        "Loss_Stream/eval_phase/test_stream": 0.07189992387084436,
        "BinaryAccuracy_Stream/eval_phase/test_stream": 0.9731046699959299
    }
}