{
    "0": {
        "Loss_Exp": 24.997501373291016,
        "RelativeDistance_Exp": 0.6273881196975708,
        "R2Score_Exp": 0.8881068229675293,
        "Forgetting_Exp": -0.0005695819854736328,
        "BWT_Exp": 0.0005695819854736328
    },
    "1": {
        "Loss_Exp": 25.523624420166016,
        "RelativeDistance_Exp": 0.5836195945739746,
        "R2Score_Exp": 0.8898115158081055,
        "Forgetting_Exp": -0.00852811336517334,
        "BWT_Exp": 0.00852811336517334
    },
    "2": {
        "Loss_Exp": 24.026304244995117,
        "RelativeDistance_Exp": 0.6093931198120117,
        "R2Score_Exp": 0.89295494556427,
        "Forgetting_Exp": -0.006614387035369873,
        "BWT_Exp": 0.006614387035369873
    },
    "3": {
        "Loss_Exp": 17.891687393188477,
        "RelativeDistance_Exp": 0.6510259509086609,
        "R2Score_Exp": 0.9277505874633789,
        "Forgetting_Exp": -0.010452568531036377,
        "BWT_Exp": 0.010452568531036377
    },
    "4": {
        "Loss_Exp": 20.188480377197266,
        "RelativeDistance_Exp": 0.6488520503044128,
        "R2Score_Exp": 0.9152997732162476,
        "Forgetting_Exp": -0.02180105447769165,
        "BWT_Exp": 0.02180105447769165
    },
    "5": {
        "Loss_Exp": 24.0065975189209,
        "RelativeDistance_Exp": 0.6050057411193848,
        "R2Score_Exp": 0.9043393135070801,
        "Forgetting_Exp": -0.026242613792419434,
        "BWT_Exp": 0.026242613792419434
    },
    "6": {
        "Loss_Exp": 24.434783935546875,
        "RelativeDistance_Exp": 0.7311842441558838,
        "R2Score_Exp": 0.9036474227905273,
        "Forgetting_Exp": -0.008375823497772217,
        "BWT_Exp": 0.008375823497772217
    },
    "7": {
        "Loss_Exp": 33.8489875793457,
        "RelativeDistance_Exp": 0.5207732915878296,
        "R2Score_Exp": 0.878781795501709,
        "Forgetting_Exp": 0.005613863468170166,
        "BWT_Exp": -0.005613863468170166
    },
    "8": {
        "Loss_Exp": 27.676708221435547,
        "RelativeDistance_Exp": 0.553502082824707,
        "R2Score_Exp": 0.9061876535415649,
        "Forgetting_Exp": -0.005270719528198242,
        "BWT_Exp": 0.005270719528198242
    },
    "9": {
        "Loss_Exp": 21.036945343017578,
        "RelativeDistance_Exp": 0.5594385862350464,
        "R2Score_Exp": 0.9297964572906494
    },
    "stream": {
        "Loss_Stream/eval_phase/test_stream": 24.47861232344604,
        "RelativeDistance_Stream/eval_phase/test_stream": 0.6090182781219482,
        "R2Score_Stream/eval_phase/test_stream": 0.9036676287651062,
        "Forgetting_Stream/eval_phase/test_stream": {
            "0": -0.0005695819854736328,
            "1": -0.00852811336517334,
            "2": -0.006614387035369873,
            "3": -0.010452568531036377,
            "4": -0.02180105447769165,
            "5": -0.026242613792419434,
            "6": -0.008375823497772217,
            "7": 0.005613863468170166,
            "8": -0.005270719528198242
        },
        "BWT_Stream/eval_phase/test_stream": {
            "0": -0.0005695819854736328,
            "1": -0.00852811336517334,
            "2": -0.006614387035369873,
            "3": -0.010452568531036377,
            "4": -0.02180105447769165,
            "5": -0.026242613792419434,
            "6": -0.008375823497772217,
            "7": 0.005613863468170166,
            "8": -0.005270719528198242
        }
    }
}