{
    "0": {
        "Loss_Exp": 63.65094133932885,
        "RelativeDistance_Exp": 1.4042626857757567,
        "R2Score_Exp": 0.7362438380718231,
        "Forgetting_Exp": 0.1127969563007355,
        "BWT_Exp": -0.1127969563007355
    },
    "1": {
        "Loss_Exp": 71.14783618584727,
        "RelativeDistance_Exp": 1.4536914428075154,
        "R2Score_Exp": 0.730199642976125,
        "Forgetting_Exp": 0.12282555500666303,
        "BWT_Exp": -0.12282555500666303
    },
    "2": {
        "Loss_Exp": 48.95827994790853,
        "RelativeDistance_Exp": 1.203787005864657,
        "R2Score_Exp": 0.7970543091113751,
        "Forgetting_Exp": 0.07667583685654855,
        "BWT_Exp": -0.07667583685654855
    },
    "3": {
        "Loss_Exp": 35.015775912646134,
        "RelativeDistance_Exp": 1.2207718822691176,
        "R2Score_Exp": 0.8631786902745565,
        "Forgetting_Exp": 0.04662588569853032,
        "BWT_Exp": -0.04662588569853032
    },
    "4": {
        "Loss_Exp": 43.2797307358045,
        "RelativeDistance_Exp": 1.1557058521679469,
        "R2Score_Exp": 0.8345257469585964,
        "Forgetting_Exp": 0.0491853696959359,
        "BWT_Exp": -0.0491853696959359
    },
    "5": {
        "Loss_Exp": 43.90208245373297,
        "RelativeDistance_Exp": 1.046692391236623,
        "R2Score_Exp": 0.8341629008452097,
        "Forgetting_Exp": 0.03713769714037585,
        "BWT_Exp": -0.03713769714037585
    },
    "6": {
        "Loss_Exp": 36.974625578541755,
        "RelativeDistance_Exp": 1.3618863224983215,
        "R2Score_Exp": 0.859655000269413,
        "Forgetting_Exp": 0.032445624470710754,
        "BWT_Exp": -0.032445624470710754
    },
    "7": {
        "Loss_Exp": 44.79285337849094,
        "RelativeDistance_Exp": 0.9546129256486893,
        "R2Score_Exp": 0.8466731235384941,
        "Forgetting_Exp": 0.031210727989673615,
        "BWT_Exp": -0.031210727989673615
    },
    "8": {
        "Loss_Exp": 32.89270779844707,
        "RelativeDistance_Exp": 0.8261864980061849,
        "R2Score_Exp": 0.8824102282524109,
        "Forgetting_Exp": 0.0314773519833883,
        "BWT_Exp": -0.0314773519833883
    },
    "9": {
        "Loss_Exp": 21.612393066357885,
        "RelativeDistance_Exp": 0.8017466068267822,
        "R2Score_Exp": 0.9212480187416077
    },
    "stream": {
        "Loss_Stream/eval_phase/test_stream": 50.10695728238814,
        "RelativeDistance_Stream/eval_phase/test_stream": 1.22800393237008,
        "R2Score_Stream/eval_phase/test_stream": 0.8078118099106683,
        "Forgetting_Stream/eval_phase/test_stream": {
            "0": 0.1127969563007355,
            "1": 0.12282555500666303,
            "2": 0.07667583685654855,
            "3": 0.04662588569853032,
            "4": 0.0491853696959359,
            "5": 0.03713769714037585,
            "6": 0.032445624470710754,
            "7": 0.031210727989673615,
            "8": 0.0314773519833883
        },
        "BWT_Stream/eval_phase/test_stream": {
            "0": 0.1127969563007355,
            "1": 0.12282555500666303,
            "2": 0.07667583685654855,
            "3": 0.04662588569853032,
            "4": 0.0491853696959359,
            "5": 0.03713769714037585,
            "6": 0.032445624470710754,
            "7": 0.031210727989673615,
            "8": 0.0314773519833883
        }
    }
}