{
    "0": {
        "Loss_Exp": 64.46264287600727,
        "RelativeDistance_Exp": 1.3881157755851745,
        "R2Score_Exp": 0.728036779165268,
        "Forgetting_Exp": 0.12284673452377315,
        "BWT_Exp": -0.12284673452377315
    },
    "1": {
        "Loss_Exp": 73.5895412678799,
        "RelativeDistance_Exp": 1.3755169312159221,
        "R2Score_Exp": 0.7202879985173544,
        "Forgetting_Exp": 0.13265595038731892,
        "BWT_Exp": -0.13265595038731892
    },
    "2": {
        "Loss_Exp": 50.16827962571075,
        "RelativeDistance_Exp": 1.1601972900904143,
        "R2Score_Exp": 0.7904671613986676,
        "Forgetting_Exp": 0.08264119349993193,
        "BWT_Exp": -0.08264119349993193
    },
    "3": {
        "Loss_Exp": 34.40586662492762,
        "RelativeDistance_Exp": 1.2064690854814317,
        "R2Score_Exp": 0.8656981984774271,
        "Forgetting_Exp": 0.04407062795427119,
        "BWT_Exp": -0.04407062795427119
    },
    "4": {
        "Loss_Exp": 42.74342201053093,
        "RelativeDistance_Exp": 1.1090258274759566,
        "R2Score_Exp": 0.8385564088821411,
        "Forgetting_Exp": 0.04633406230381554,
        "BWT_Exp": -0.04633406230381554
    },
    "5": {
        "Loss_Exp": 40.13830964287381,
        "RelativeDistance_Exp": 0.9892675479253134,
        "R2Score_Exp": 0.8453957239786783,
        "Forgetting_Exp": 0.027961353460947747,
        "BWT_Exp": -0.027961353460947747
    },
    "6": {
        "Loss_Exp": 35.109301876517016,
        "RelativeDistance_Exp": 1.3234321773052216,
        "R2Score_Exp": 0.8664796650409698,
        "Forgetting_Exp": 0.024476222693920135,
        "BWT_Exp": -0.024476222693920135
    },
    "7": {
        "Loss_Exp": 45.34700334438462,
        "RelativeDistance_Exp": 0.9142314344644547,
        "R2Score_Exp": 0.8441404104232788,
        "Forgetting_Exp": 0.03613019734621048,
        "BWT_Exp": -0.03613019734621048
    },
    "8": {
        "Loss_Exp": 32.67521424313213,
        "RelativeDistance_Exp": 0.8117247621218363,
        "R2Score_Exp": 0.8839356303215027,
        "Forgetting_Exp": 0.03018144766489661,
        "BWT_Exp": -0.03018144766489661
    },
    "9": {
        "Loss_Exp": 22.036369402321696,
        "RelativeDistance_Exp": 0.7493567764759064,
        "R2Score_Exp": 0.9163733124732971
    },
    "stream": {
        "Loss_Stream/eval_phase/test_stream": 50.32995401200593,
        "RelativeDistance_Stream/eval_phase/test_stream": 1.1850454454068784,
        "R2Score_Stream/eval_phase/test_stream": 0.8057262713526502,
        "Forgetting_Stream/eval_phase/test_stream": {
            "0": 0.12284673452377315,
            "1": 0.13265595038731892,
            "2": 0.08264119349993193,
            "3": 0.04407062795427119,
            "4": 0.04633406230381554,
            "5": 0.027961353460947747,
            "6": 0.024476222693920135,
            "7": 0.03613019734621048,
            "8": 0.03018144766489661
        },
        "BWT_Stream/eval_phase/test_stream": {
            "0": 0.12284673452377315,
            "1": 0.13265595038731892,
            "2": 0.08264119349993193,
            "3": 0.04407062795427119,
            "4": 0.04633406230381554,
            "5": 0.027961353460947747,
            "6": 0.024476222693920135,
            "7": 0.03613019734621048,
            "8": 0.03018144766489661
        }
    }
}