{
    "0": {
        "Loss_Exp": 67.82006223346703,
        "RelativeDistance_Exp": 1.360332590341568,
        "R2Score_Exp": 0.7172295570373535,
        "Forgetting_Exp": 0.13309507966041567,
        "BWT_Exp": -0.13309507966041567
    },
    "1": {
        "Loss_Exp": 74.45746948731664,
        "RelativeDistance_Exp": 1.3605753898620605,
        "R2Score_Exp": 0.7195953369140625,
        "Forgetting_Exp": 0.12644398609797158,
        "BWT_Exp": -0.12644398609797158
    },
    "2": {
        "Loss_Exp": 51.59189291416002,
        "RelativeDistance_Exp": 1.1741739878287683,
        "R2Score_Exp": 0.7865930199623108,
        "Forgetting_Exp": 0.08591276407241821,
        "BWT_Exp": -0.08591276407241821
    },
    "3": {
        "Loss_Exp": 36.26521886848483,
        "RelativeDistance_Exp": 1.198893878195021,
        "R2Score_Exp": 0.8580123517248366,
        "Forgetting_Exp": 0.051579707198672775,
        "BWT_Exp": -0.051579707198672775
    },
    "4": {
        "Loss_Exp": 43.95714013615116,
        "RelativeDistance_Exp": 1.1203875030790056,
        "R2Score_Exp": 0.8315944245883397,
        "Forgetting_Exp": 0.049281631197248155,
        "BWT_Exp": -0.049281631197248155
    },
    "5": {
        "Loss_Exp": 42.43086395976105,
        "RelativeDistance_Exp": 0.9972088833649954,
        "R2Score_Exp": 0.8387530446052551,
        "Forgetting_Exp": 0.034871846437454224,
        "BWT_Exp": -0.034871846437454224
    },
    "6": {
        "Loss_Exp": 36.56792711683355,
        "RelativeDistance_Exp": 1.302732989192009,
        "R2Score_Exp": 0.8612491190433502,
        "Forgetting_Exp": 0.030171819031238556,
        "BWT_Exp": -0.030171819031238556
    },
    "7": {
        "Loss_Exp": 46.417235636147005,
        "RelativeDistance_Exp": 0.9205925613641739,
        "R2Score_Exp": 0.8401120826601982,
        "Forgetting_Exp": 0.04068145155906677,
        "BWT_Exp": -0.04068145155906677
    },
    "8": {
        "Loss_Exp": 34.239575948448234,
        "RelativeDistance_Exp": 0.8143306771914164,
        "R2Score_Exp": 0.8772871096928915,
        "Forgetting_Exp": 0.033647576967875126,
        "BWT_Exp": -0.033647576967875126
    },
    "9": {
        "Loss_Exp": 21.76125100524225,
        "RelativeDistance_Exp": 0.7546340823173523,
        "R2Score_Exp": 0.9183765053749084
    },
    "stream": {
        "Loss_Stream/eval_phase/test_stream": 51.93164807711833,
        "RelativeDistance_Stream/eval_phase/test_stream": 1.1806307891268788,
        "R2Score_Stream/eval_phase/test_stream": 0.8005830770657386,
        "Forgetting_Stream/eval_phase/test_stream": {
            "0": 0.13309507966041567,
            "1": 0.12644398609797158,
            "2": 0.08591276407241821,
            "3": 0.051579707198672775,
            "4": 0.049281631197248155,
            "5": 0.034871846437454224,
            "6": 0.030171819031238556,
            "7": 0.04068145155906677,
            "8": 0.033647576967875126
        },
        "BWT_Stream/eval_phase/test_stream": {
            "0": 0.13309507966041567,
            "1": 0.12644398609797158,
            "2": 0.08591276407241821,
            "3": 0.051579707198672775,
            "4": 0.049281631197248155,
            "5": 0.034871846437454224,
            "6": 0.030171819031238556,
            "7": 0.04068145155906677,
            "8": 0.033647576967875126
        }
    }
}