{
    "0": {
        "Loss_Exp": 64.94397945292512,
        "RelativeDistance_Exp": 0.9102752506732941,
        "R2Score_Exp": 0.8526924550533295,
        "Forgetting_Exp": 0.023681938648223877,
        "BWT_Exp": -0.023681938648223877
    },
    "1": {
        "Loss_Exp": 49.76737577931513,
        "RelativeDistance_Exp": 1.7149325013160706,
        "R2Score_Exp": 0.8536377549171448,
        "Forgetting_Exp": 0.03764036297798157,
        "BWT_Exp": -0.03764036297798157
    },
    "2": {
        "Loss_Exp": 53.562316096106244,
        "RelativeDistance_Exp": 0.7478640476862589,
        "R2Score_Exp": 0.8290006717046102,
        "Forgetting_Exp": 0.0006706515947977332,
        "BWT_Exp": -0.0006706515947977332
    },
    "3": {
        "Loss_Exp": 38.90085923996511,
        "RelativeDistance_Exp": 0.6392211616039276,
        "R2Score_Exp": 0.8707550168037415,
        "Forgetting_Exp": -0.010640263557434082,
        "BWT_Exp": 0.010640263557434082
    },
    "4": {
        "Loss_Exp": 39.39365670807332,
        "RelativeDistance_Exp": 0.8311631679534912,
        "R2Score_Exp": 0.8701835721731186,
        "Forgetting_Exp": -0.01802520453929901,
        "BWT_Exp": 0.01802520453929901
    },
    "5": {
        "Loss_Exp": 38.554346001666524,
        "RelativeDistance_Exp": 0.700528105099996,
        "R2Score_Exp": 0.8494168519973755,
        "Forgetting_Exp": -0.004743297894795773,
        "BWT_Exp": 0.004743297894795773
    },
    "6": {
        "Loss_Exp": 50.13321121251893,
        "RelativeDistance_Exp": 0.7012007435162863,
        "R2Score_Exp": 0.8490127325057983,
        "Forgetting_Exp": -0.003654301166534424,
        "BWT_Exp": 0.003654301166534424
    },
    "7": {
        "Loss_Exp": 36.56097412109375,
        "RelativeDistance_Exp": 0.7024406790733337,
        "R2Score_Exp": 0.8558357357978821,
        "Forgetting_Exp": 0.03985792398452759,
        "BWT_Exp": -0.03985792398452759
    },
    "8": {
        "Loss_Exp": 47.81338138267642,
        "RelativeDistance_Exp": 1.0864738821983337,
        "R2Score_Exp": 0.840155839920044,
        "Forgetting_Exp": 0.016779214143753052,
        "BWT_Exp": -0.016779214143753052
    },
    "9": {
        "Loss_Exp": 57.005656556587,
        "RelativeDistance_Exp": 0.7841027677059174,
        "R2Score_Exp": 0.8455754220485687
    },
    "stream": {
        "Loss_Stream/eval_phase/test_stream": 46.99736452068417,
        "RelativeDistance_Stream/eval_phase/test_stream": 0.8644117986162504,
        "R2Score_Stream/eval_phase/test_stream": 0.8518539071083069,
        "Forgetting_Stream/eval_phase/test_stream": {
            "0": 0.023681938648223877,
            "1": 0.03764036297798157,
            "2": 0.0006706515947977332,
            "3": -0.010640263557434082,
            "4": -0.01802520453929901,
            "5": -0.004743297894795773,
            "6": -0.003654301166534424,
            "7": 0.03985792398452759,
            "8": 0.016779214143753052
        },
        "BWT_Stream/eval_phase/test_stream": {
            "0": 0.023681938648223877,
            "1": 0.03764036297798157,
            "2": 0.0006706515947977332,
            "3": -0.010640263557434082,
            "4": -0.01802520453929901,
            "5": -0.004743297894795773,
            "6": -0.003654301166534424,
            "7": 0.03985792398452759,
            "8": 0.016779214143753052
        }
    }
}