{
    "0": {
        "Loss_Exp": 54.57404595090632,
        "RelativeDistance_Exp": 0.7644490301609039,
        "R2Score_Exp": 0.876183271408081,
        "Forgetting_Exp": -0.0015477240085601807,
        "BWT_Exp": 0.0015477240085601807
    },
    "1": {
        "Loss_Exp": 44.16103986566352,
        "RelativeDistance_Exp": 1.0998842120170593,
        "R2Score_Exp": 0.8698657751083374,
        "Forgetting_Exp": 0.027017861604690552,
        "BWT_Exp": -0.027017861604690552
    },
    "2": {
        "Loss_Exp": 44.60813521194172,
        "RelativeDistance_Exp": 0.6717696388562521,
        "R2Score_Exp": 0.8578873078028361,
        "Forgetting_Exp": -0.03307904799779249,
        "BWT_Exp": 0.03307904799779249
    },
    "3": {
        "Loss_Exp": 37.905714471934424,
        "RelativeDistance_Exp": 0.5489172339439392,
        "R2Score_Exp": 0.8740774691104889,
        "Forgetting_Exp": -0.023334592580795288,
        "BWT_Exp": 0.023334592580795288
    },
    "4": {
        "Loss_Exp": 36.306774582373656,
        "RelativeDistance_Exp": 0.6710572093725204,
        "R2Score_Exp": 0.8813626319169998,
        "Forgetting_Exp": -0.03855590522289276,
        "BWT_Exp": 0.03855590522289276
    },
    "5": {
        "Loss_Exp": 32.38785287608271,
        "RelativeDistance_Exp": 0.5725639263788859,
        "R2Score_Exp": 0.8738107879956564,
        "Forgetting_Exp": -0.02122817436854052,
        "BWT_Exp": 0.02122817436854052
    },
    "6": {
        "Loss_Exp": 41.44652087524991,
        "RelativeDistance_Exp": 0.6362828214963278,
        "R2Score_Exp": 0.8669512470563253,
        "Forgetting_Exp": -0.023522655169169182,
        "BWT_Exp": 0.023522655169169182
    },
    "7": {
        "Loss_Exp": 33.40665054321289,
        "RelativeDistance_Exp": 0.5597236752510071,
        "R2Score_Exp": 0.8682736158370972,
        "Forgetting_Exp": 0.02194097638130188,
        "BWT_Exp": -0.02194097638130188
    },
    "8": {
        "Loss_Exp": 53.41789980850398,
        "RelativeDistance_Exp": 0.8454978317022324,
        "R2Score_Exp": 0.8344886302947998,
        "Forgetting_Exp": 0.02960142493247986,
        "BWT_Exp": -0.02960142493247986
    },
    "9": {
        "Loss_Exp": 64.95978159821792,
        "RelativeDistance_Exp": 0.7611508071422577,
        "R2Score_Exp": 0.8236503005027771
    },
    "stream": {
        "Loss_Stream/eval_phase/test_stream": 42.977919124110706,
        "RelativeDistance_Stream/eval_phase/test_stream": 0.705233329286178,
        "R2Score_Stream/eval_phase/test_stream": 0.8644251277049383,
        "Forgetting_Stream/eval_phase/test_stream": {
            "0": -0.0015477240085601807,
            "1": 0.027017861604690552,
            "2": -0.03307904799779249,
            "3": -0.023334592580795288,
            "4": -0.03855590522289276,
            "5": -0.02122817436854052,
            "6": -0.023522655169169182,
            "7": 0.02194097638130188,
            "8": 0.02960142493247986
        },
        "BWT_Stream/eval_phase/test_stream": {
            "0": -0.0015477240085601807,
            "1": 0.027017861604690552,
            "2": -0.03307904799779249,
            "3": -0.023334592580795288,
            "4": -0.03855590522289276,
            "5": -0.02122817436854052,
            "6": -0.023522655169169182,
            "7": 0.02194097638130188,
            "8": 0.02960142493247986
        }
    }
}