{
    "0": {
        "Loss_Exp": 31.979335976846563,
        "RelativeDistance_Exp": 0.9491816937923432,
        "R2Score_Exp": 0.8558927297592163
    },
    "1": {
        "Loss_Exp": 32.91626302274823,
        "RelativeDistance_Exp": 0.8675336043039957,
        "R2Score_Exp": 0.8586175560951232
    },
    "2": {
        "Loss_Exp": 29.712021465980257,
        "RelativeDistance_Exp": 0.8835593370290903,
        "R2Score_Exp": 0.8708483806023231
    },
    "3": {
        "Loss_Exp": 24.008194822036124,
        "RelativeDistance_Exp": 0.9812459746996561,
        "R2Score_Exp": 0.9018743965360854
    },
    "4": {
        "Loss_Exp": 26.037045987538846,
        "RelativeDistance_Exp": 0.9453686305454799,
        "R2Score_Exp": 0.8964041641780308
    },
    "5": {
        "Loss_Exp": 29.026585588937046,
        "RelativeDistance_Exp": 0.8704512317975363,
        "R2Score_Exp": 0.8852956692377726
    },
    "6": {
        "Loss_Exp": 28.191503799941845,
        "RelativeDistance_Exp": 1.1717882975935936,
        "R2Score_Exp": 0.8916275575757027
    },
    "7": {
        "Loss_Exp": 38.36078419450641,
        "RelativeDistance_Exp": 0.8280931711196899,
        "R2Score_Exp": 0.8650608509778976
    },
    "8": {
        "Loss_Exp": 29.88900787647627,
        "RelativeDistance_Exp": 0.7762073675791422,
        "R2Score_Exp": 0.8909675478935242
    },
    "9": {
        "Loss_Exp": 24.316706498715842,
        "RelativeDistance_Exp": 0.7866431474685669,
        "R2Score_Exp": 0.9138364195823669
    },
    "stream": {
        "Loss_Stream/eval_phase/test_stream": 30.211366531568103,
        "RelativeDistance_Stream/eval_phase/test_stream": 0.9205377050388006,
        "R2Score_Stream/eval_phase/test_stream": 0.8767503095261845,
        "Forgetting_Stream/eval_phase/test_stream": {},
        "BWT_Stream/eval_phase/test_stream": {}
    }
}