{
    "0": {
        "Loss_Exp": 52.11334349914167,
        "RelativeDistance_Exp": 1.1177538514137269,
        "R2Score_Exp": 0.7594842374324798,
        "Forgetting_Exp": 0.08369914293289182,
        "BWT_Exp": -0.08369914293289182
    },
    "1": {
        "Loss_Exp": 53.35304893655958,
        "RelativeDistance_Exp": 1.0488382657368978,
        "R2Score_Exp": 0.7749012629191081,
        "Forgetting_Exp": 0.054826541741688994,
        "BWT_Exp": -0.054826541741688994
    },
    "2": {
        "Loss_Exp": 41.20795549654284,
        "RelativeDistance_Exp": 0.9125399039341853,
        "R2Score_Exp": 0.8257950040010306,
        "Forgetting_Exp": 0.022582237537090544,
        "BWT_Exp": -0.022582237537090544
    },
    "3": {
        "Loss_Exp": 38.53351885918321,
        "RelativeDistance_Exp": 0.9360896216498481,
        "R2Score_Exp": 0.8461529413859049,
        "Forgetting_Exp": 0.03130706813600337,
        "BWT_Exp": -0.03130706813600337
    },
    "4": {
        "Loss_Exp": 42.72094476836527,
        "RelativeDistance_Exp": 0.8530835679599217,
        "R2Score_Exp": 0.8319639308112008,
        "Forgetting_Exp": 0.009712355477469292,
        "BWT_Exp": -0.009712355477469292
    },
    "5": {
        "Loss_Exp": 43.17311779491023,
        "RelativeDistance_Exp": 0.7616827289263407,
        "R2Score_Exp": 0.8389608363310496,
        "Forgetting_Exp": 0.013879845539728874,
        "BWT_Exp": -0.013879845539728874
    },
    "6": {
        "Loss_Exp": 39.835884233227745,
        "RelativeDistance_Exp": 0.9153627008199692,
        "R2Score_Exp": 0.8508648201823235,
        "Forgetting_Exp": 0.01700539141893387,
        "BWT_Exp": -0.01700539141893387
    },
    "7": {
        "Loss_Exp": 54.16236937198426,
        "RelativeDistance_Exp": 0.6903492137789726,
        "R2Score_Exp": 0.8144153580069542,
        "Forgetting_Exp": 0.029772557318210602,
        "BWT_Exp": -0.029772557318210602
    },
    "8": {
        "Loss_Exp": 40.00475097348133,
        "RelativeDistance_Exp": 0.7215671539306641,
        "R2Score_Exp": 0.8615709940592448,
        "Forgetting_Exp": 0.04087926944096887,
        "BWT_Exp": -0.04087926944096887
    },
    "9": {
        "Loss_Exp": 27.43150284853299,
        "RelativeDistance_Exp": 0.5675967037677765,
        "R2Score_Exp": 0.9062371253967285
    },
    "stream": {
        "Loss_Stream/eval_phase/test_stream": 45.73936050067253,
        "RelativeDistance_Stream/eval_phase/test_stream": 0.9121630787849426,
        "R2Score_Stream/eval_phase/test_stream": 0.816617457219112,
        "Forgetting_Stream/eval_phase/test_stream": {
            "0": 0.08369914293289182,
            "1": 0.054826541741688994,
            "2": 0.022582237537090544,
            "3": 0.03130706813600337,
            "4": 0.009712355477469292,
            "5": 0.013879845539728874,
            "6": 0.01700539141893387,
            "7": 0.029772557318210602,
            "8": 0.04087926944096887
        },
        "BWT_Stream/eval_phase/test_stream": {
            "0": 0.08369914293289182,
            "1": 0.054826541741688994,
            "2": 0.022582237537090544,
            "3": 0.03130706813600337,
            "4": 0.009712355477469292,
            "5": 0.013879845539728874,
            "6": 0.01700539141893387,
            "7": 0.029772557318210602,
            "8": 0.04087926944096887
        }
    }
}