{
    "0": {
        "Loss_Exp": 59.84396033928408,
        "RelativeDistance_Exp": 0.8370011448860168,
        "R2Score_Exp": 0.8633938133716583,
        "Forgetting_Exp": 0.008854180574417114,
        "BWT_Exp": -0.008854180574417114
    },
    "1": {
        "Loss_Exp": 51.97510558495464,
        "RelativeDistance_Exp": 1.4772691130638123,
        "R2Score_Exp": 0.847422182559967,
        "Forgetting_Exp": 0.05132707953453064,
        "BWT_Exp": -0.05132707953453064
    },
    "2": {
        "Loss_Exp": 44.31901664762504,
        "RelativeDistance_Exp": 0.6834471027056376,
        "R2Score_Exp": 0.8584967652956644,
        "Forgetting_Exp": -0.026262561480204227,
        "BWT_Exp": 0.026262561480204227
    },
    "3": {
        "Loss_Exp": 39.298878170286734,
        "RelativeDistance_Exp": 0.6193854212760925,
        "R2Score_Exp": 0.868742436170578,
        "Forgetting_Exp": -0.012170970439910889,
        "BWT_Exp": 0.012170970439910889
    },
    "4": {
        "Loss_Exp": 41.389441142893965,
        "RelativeDistance_Exp": 0.7810623794794083,
        "R2Score_Exp": 0.8646334707736969,
        "Forgetting_Exp": -0.009633392095565796,
        "BWT_Exp": 0.009633392095565796
    },
    "5": {
        "Loss_Exp": 37.56819982114045,
        "RelativeDistance_Exp": 0.6710649927457174,
        "R2Score_Exp": 0.8537435928980509,
        "Forgetting_Exp": 0.00101393461227417,
        "BWT_Exp": -0.00101393461227417
    },
    "6": {
        "Loss_Exp": 47.22998936790665,
        "RelativeDistance_Exp": 0.7250706553459167,
        "R2Score_Exp": 0.8460747003555298,
        "Forgetting_Exp": -0.0019095738728841516,
        "BWT_Exp": 0.0019095738728841516
    },
    "7": {
        "Loss_Exp": 35.31079864501953,
        "RelativeDistance_Exp": 0.6724479794502258,
        "R2Score_Exp": 0.8607653379440308,
        "Forgetting_Exp": 0.02918422222137451,
        "BWT_Exp": -0.02918422222137451
    },
    "8": {
        "Loss_Exp": 44.73632331866012,
        "RelativeDistance_Exp": 1.0230518579483032,
        "R2Score_Exp": 0.8464092016220093,
        "Forgetting_Exp": 0.0008076727390289307,
        "BWT_Exp": -0.0008076727390289307
    },
    "9": {
        "Loss_Exp": 55.557152345690426,
        "RelativeDistance_Exp": 0.832235187292099,
        "R2Score_Exp": 0.8492496013641357
    },
    "stream": {
        "Loss_Stream/eval_phase/test_stream": 45.17529322169948,
        "RelativeDistance_Stream/eval_phase/test_stream": 0.8172221332788467,
        "R2Score_Stream/eval_phase/test_stream": 0.8560282861193022,
        "Forgetting_Stream/eval_phase/test_stream": {
            "0": 0.008854180574417114,
            "1": 0.05132707953453064,
            "2": -0.026262561480204227,
            "3": -0.012170970439910889,
            "4": -0.009633392095565796,
            "5": 0.00101393461227417,
            "6": -0.0019095738728841516,
            "7": 0.02918422222137451,
            "8": 0.0008076727390289307
        },
        "BWT_Stream/eval_phase/test_stream": {
            "0": 0.008854180574417114,
            "1": 0.05132707953453064,
            "2": -0.026262561480204227,
            "3": -0.012170970439910889,
            "4": -0.009633392095565796,
            "5": 0.00101393461227417,
            "6": -0.0019095738728841516,
            "7": 0.02918422222137451,
            "8": 0.0008076727390289307
        }
    }
}