{
    "0": {
        "Loss_Exp": 61.02088165283203,
        "RelativeDistance_Exp": 0.6357837319374084,
        "R2Score_Exp": 0.8008057475090027,
        "Forgetting_Exp": 0.04894989728927612,
        "BWT_Exp": -0.04894989728927612
    },
    "1": {
        "Loss_Exp": 34.51456069946289,
        "RelativeDistance_Exp": 0.7035004496574402,
        "R2Score_Exp": 0.8549304008483887,
        "Forgetting_Exp": 0.040711939334869385,
        "BWT_Exp": -0.040711939334869385
    },
    "2": {
        "Loss_Exp": 47.31447982788086,
        "RelativeDistance_Exp": 0.5742226839065552,
        "R2Score_Exp": 0.8116658329963684,
        "Forgetting_Exp": 0.024270594120025635,
        "BWT_Exp": -0.024270594120025635
    },
    "3": {
        "Loss_Exp": 31.00025749206543,
        "RelativeDistance_Exp": 0.4949592053890228,
        "R2Score_Exp": 0.8733099699020386,
        "Forgetting_Exp": -0.012826681137084961,
        "BWT_Exp": 0.012826681137084961
    },
    "4": {
        "Loss_Exp": 27.885766983032227,
        "RelativeDistance_Exp": 0.5256186127662659,
        "R2Score_Exp": 0.866679847240448,
        "Forgetting_Exp": 0.02137964963912964,
        "BWT_Exp": -0.02137964963912964
    },
    "5": {
        "Loss_Exp": 28.96291732788086,
        "RelativeDistance_Exp": 0.4881891906261444,
        "R2Score_Exp": 0.8462830781936646,
        "Forgetting_Exp": 0.017584502696990967,
        "BWT_Exp": -0.017584502696990967
    },
    "6": {
        "Loss_Exp": 32.95558166503906,
        "RelativeDistance_Exp": 0.46006476879119873,
        "R2Score_Exp": 0.8464592695236206,
        "Forgetting_Exp": 0.014891088008880615,
        "BWT_Exp": -0.014891088008880615
    },
    "7": {
        "Loss_Exp": 32.20307922363281,
        "RelativeDistance_Exp": 0.5534512400627136,
        "R2Score_Exp": 0.8435640335083008,
        "Forgetting_Exp": 0.03600585460662842,
        "BWT_Exp": -0.03600585460662842
    },
    "8": {
        "Loss_Exp": 34.42041015625,
        "RelativeDistance_Exp": 0.41045835614204407,
        "R2Score_Exp": 0.8565100431442261,
        "Forgetting_Exp": 0.008256196975708008,
        "BWT_Exp": -0.008256196975708008
    },
    "9": {
        "Loss_Exp": 42.76058578491211,
        "RelativeDistance_Exp": 0.611666738986969,
        "R2Score_Exp": 0.8552178144454956
    },
    "stream": {
        "Loss_Stream/eval_phase/test_stream": 36.57023458200182,
        "RelativeDistance_Stream/eval_phase/test_stream": 0.5457914978265762,
        "R2Score_Stream/eval_phase/test_stream": 0.8455426037311554,
        "Forgetting_Stream/eval_phase/test_stream": {
            "0": 0.04894989728927612,
            "1": 0.040711939334869385,
            "2": 0.024270594120025635,
            "3": -0.012826681137084961,
            "4": 0.02137964963912964,
            "5": 0.017584502696990967,
            "6": 0.014891088008880615,
            "7": 0.03600585460662842,
            "8": 0.008256196975708008
        },
        "BWT_Stream/eval_phase/test_stream": {
            "0": 0.04894989728927612,
            "1": 0.040711939334869385,
            "2": 0.024270594120025635,
            "3": -0.012826681137084961,
            "4": 0.02137964963912964,
            "5": 0.017584502696990967,
            "6": 0.014891088008880615,
            "7": 0.03600585460662842,
            "8": 0.008256196975708008
        }
    }
}