{
    "0": {
        "Loss_Exp": 46.477298736572266,
        "RelativeDistance_Exp": 0.8857806921005249,
        "R2Score_Exp": 0.8051405549049377,
        "Forgetting_Exp": 0.08169162273406982,
        "BWT_Exp": -0.08169162273406982
    },
    "1": {
        "Loss_Exp": 48.62852478027344,
        "RelativeDistance_Exp": 0.7487546801567078,
        "R2Score_Exp": 0.8024197220802307,
        "Forgetting_Exp": 0.07120048999786377,
        "BWT_Exp": -0.07120048999786377
    },
    "2": {
        "Loss_Exp": 38.8516731262207,
        "RelativeDistance_Exp": 0.7369685173034668,
        "R2Score_Exp": 0.8356958627700806,
        "Forgetting_Exp": 0.05606532096862793,
        "BWT_Exp": -0.05606532096862793
    },
    "3": {
        "Loss_Exp": 29.513919830322266,
        "RelativeDistance_Exp": 0.7293234467506409,
        "R2Score_Exp": 0.8811874389648438,
        "Forgetting_Exp": 0.043551087379455566,
        "BWT_Exp": -0.043551087379455566
    },
    "4": {
        "Loss_Exp": 33.04755783081055,
        "RelativeDistance_Exp": 0.7287654280662537,
        "R2Score_Exp": 0.8701549768447876,
        "Forgetting_Exp": 0.02835404872894287,
        "BWT_Exp": -0.02835404872894287
    },
    "5": {
        "Loss_Exp": 32.910987854003906,
        "RelativeDistance_Exp": 0.6428960561752319,
        "R2Score_Exp": 0.872357964515686,
        "Forgetting_Exp": 0.012858867645263672,
        "BWT_Exp": -0.012858867645263672
    },
    "6": {
        "Loss_Exp": 30.508939743041992,
        "RelativeDistance_Exp": 0.7920551896095276,
        "R2Score_Exp": 0.8840045928955078,
        "Forgetting_Exp": 0.011229157447814941,
        "BWT_Exp": -0.011229157447814941
    },
    "7": {
        "Loss_Exp": 41.39920425415039,
        "RelativeDistance_Exp": 0.5657760500907898,
        "R2Score_Exp": 0.852106511592865,
        "Forgetting_Exp": 0.03517037630081177,
        "BWT_Exp": -0.03517037630081177
    },
    "8": {
        "Loss_Exp": 27.243391036987305,
        "RelativeDistance_Exp": 0.5326275825500488,
        "R2Score_Exp": 0.9090474247932434,
        "Forgetting_Exp": 0.0018129944801330566,
        "BWT_Exp": -0.0018129944801330566
    },
    "9": {
        "Loss_Exp": 21.495412826538086,
        "RelativeDistance_Exp": 0.5089680552482605,
        "R2Score_Exp": 0.9271097183227539
    },
    "stream": {
        "Loss_Stream/eval_phase/test_stream": 38.46472941140269,
        "RelativeDistance_Stream/eval_phase/test_stream": 0.6871915698051453,
        "R2Score_Stream/eval_phase/test_stream": 0.8639224767684937,
        "Forgetting_Stream/eval_phase/test_stream": {
            "0": 0.08169162273406982,
            "1": 0.07120048999786377,
            "2": 0.05606532096862793,
            "3": 0.043551087379455566,
            "4": 0.02835404872894287,
            "5": 0.012858867645263672,
            "6": 0.011229157447814941,
            "7": 0.03517037630081177,
            "8": 0.0018129944801330566
        },
        "BWT_Stream/eval_phase/test_stream": {
            "0": 0.08169162273406982,
            "1": 0.07120048999786377,
            "2": 0.05606532096862793,
            "3": 0.043551087379455566,
            "4": 0.02835404872894287,
            "5": 0.012858867645263672,
            "6": 0.011229157447814941,
            "7": 0.03517037630081177,
            "8": 0.0018129944801330566
        }
    }
}