{
    "0": {
        "Loss_Exp": 61.06093215942383,
        "RelativeDistance_Exp": 0.6563118696212769,
        "R2Score_Exp": 0.7878166437149048,
        "Forgetting_Exp": 0.05772817134857178,
        "BWT_Exp": -0.05772817134857178
    },
    "1": {
        "Loss_Exp": 31.48326873779297,
        "RelativeDistance_Exp": 0.6709591150283813,
        "R2Score_Exp": 0.8766226172447205,
        "Forgetting_Exp": 0.017206013202667236,
        "BWT_Exp": -0.017206013202667236
    },
    "2": {
        "Loss_Exp": 40.03656768798828,
        "RelativeDistance_Exp": 0.5176095366477966,
        "R2Score_Exp": 0.8358362913131714,
        "Forgetting_Exp": -0.003130197525024414,
        "BWT_Exp": 0.003130197525024414
    },
    "3": {
        "Loss_Exp": 29.843584060668945,
        "RelativeDistance_Exp": 0.44962337613105774,
        "R2Score_Exp": 0.8812074661254883,
        "Forgetting_Exp": -0.014694631099700928,
        "BWT_Exp": 0.014694631099700928
    },
    "4": {
        "Loss_Exp": 26.64946174621582,
        "RelativeDistance_Exp": 0.5081016421318054,
        "R2Score_Exp": 0.8725073933601379,
        "Forgetting_Exp": 0.01859349012374878,
        "BWT_Exp": -0.01859349012374878
    },
    "5": {
        "Loss_Exp": 30.890180587768555,
        "RelativeDistance_Exp": 0.4911724925041199,
        "R2Score_Exp": 0.8378556966781616,
        "Forgetting_Exp": 0.03582310676574707,
        "BWT_Exp": -0.03582310676574707
    },
    "6": {
        "Loss_Exp": 31.72120475769043,
        "RelativeDistance_Exp": 0.4066002368927002,
        "R2Score_Exp": 0.8581591844558716,
        "Forgetting_Exp": 0.008576750755310059,
        "BWT_Exp": -0.008576750755310059
    },
    "7": {
        "Loss_Exp": 30.06354331970215,
        "RelativeDistance_Exp": 0.41275960206985474,
        "R2Score_Exp": 0.853670060634613,
        "Forgetting_Exp": 0.04485476016998291,
        "BWT_Exp": -0.04485476016998291
    },
    "8": {
        "Loss_Exp": 32.69442367553711,
        "RelativeDistance_Exp": 0.40328893065452576,
        "R2Score_Exp": 0.8650606870651245,
        "Forgetting_Exp": 0.019224584102630615,
        "BWT_Exp": -0.019224584102630615
    },
    "9": {
        "Loss_Exp": 39.84762954711914,
        "RelativeDistance_Exp": 0.5698179006576538,
        "R2Score_Exp": 0.8672858476638794
    },
    "stream": {
        "Loss_Stream/eval_phase/test_stream": 34.745103436128694,
        "RelativeDistance_Stream/eval_phase/test_stream": 0.5086244702339172,
        "R2Score_Stream/eval_phase/test_stream": 0.8536021888256073,
        "Forgetting_Stream/eval_phase/test_stream": {
            "0": 0.05772817134857178,
            "1": 0.017206013202667236,
            "2": -0.003130197525024414,
            "3": -0.014694631099700928,
            "4": 0.01859349012374878,
            "5": 0.03582310676574707,
            "6": 0.008576750755310059,
            "7": 0.04485476016998291,
            "8": 0.019224584102630615
        },
        "BWT_Stream/eval_phase/test_stream": {
            "0": 0.05772817134857178,
            "1": 0.017206013202667236,
            "2": -0.003130197525024414,
            "3": -0.014694631099700928,
            "4": 0.01859349012374878,
            "5": 0.03582310676574707,
            "6": 0.008576750755310059,
            "7": 0.04485476016998291,
            "8": 0.019224584102630615
        }
    }
}