{
    "0": {
        "Loss_Exp": 48.2466427913002,
        "RelativeDistance_Exp": 1.0734779477119445,
        "R2Score_Exp": 0.7831617176532746,
        "Forgetting_Exp": 0.0671391487121582,
        "BWT_Exp": -0.0671391487121582
    },
    "1": {
        "Loss_Exp": 53.60996948655888,
        "RelativeDistance_Exp": 1.0144876837730408,
        "R2Score_Exp": 0.7776536464691162,
        "Forgetting_Exp": 0.02099696397781381,
        "BWT_Exp": -0.02099696397781381
    },
    "2": {
        "Loss_Exp": 41.564767447513184,
        "RelativeDistance_Exp": 0.9227412572273841,
        "R2Score_Exp": 0.8237699774595407,
        "Forgetting_Exp": 0.00275759055064273,
        "BWT_Exp": -0.00275759055064273
    },
    "3": {
        "Loss_Exp": 36.90150242566144,
        "RelativeDistance_Exp": 0.9353398680686951,
        "R2Score_Exp": 0.8548453516430325,
        "Forgetting_Exp": 0.0037406285603840406,
        "BWT_Exp": -0.0037406285603840406
    },
    "4": {
        "Loss_Exp": 42.0414640886271,
        "RelativeDistance_Exp": 0.8837374704224723,
        "R2Score_Exp": 0.8410124182701111,
        "Forgetting_Exp": -0.0194457599094936,
        "BWT_Exp": 0.0194457599094936
    },
    "5": {
        "Loss_Exp": 40.52066877974815,
        "RelativeDistance_Exp": 0.7567656934261322,
        "R2Score_Exp": 0.8469569981098175,
        "Forgetting_Exp": -0.010181715091069576,
        "BWT_Exp": 0.010181715091069576
    },
    "6": {
        "Loss_Exp": 39.492857284583465,
        "RelativeDistance_Exp": 0.9107944145798683,
        "R2Score_Exp": 0.8533029556274414,
        "Forgetting_Exp": 0.0009315088391304016,
        "BWT_Exp": -0.0009315088391304016
    },
    "7": {
        "Loss_Exp": 51.98051427115492,
        "RelativeDistance_Exp": 0.718567930161953,
        "R2Score_Exp": 0.8223374560475349,
        "Forgetting_Exp": 0.004184149205684662,
        "BWT_Exp": -0.004184149205684662
    },
    "8": {
        "Loss_Exp": 39.666797597674176,
        "RelativeDistance_Exp": 0.7349165479342142,
        "R2Score_Exp": 0.8587429324785868,
        "Forgetting_Exp": 0.03797590732574463,
        "BWT_Exp": -0.03797590732574463
    },
    "9": {
        "Loss_Exp": 29.618829687877238,
        "RelativeDistance_Exp": 0.6302274167537689,
        "R2Score_Exp": 0.8999458253383636
    },
    "stream": {
        "Loss_Stream/eval_phase/test_stream": 44.701943048442594,
        "RelativeDistance_Stream/eval_phase/test_stream": 0.9085512293709649,
        "R2Score_Stream/eval_phase/test_stream": 0.8228285481900345,
        "Forgetting_Stream/eval_phase/test_stream": {
            "0": 0.0671391487121582,
            "1": 0.02099696397781381,
            "2": 0.00275759055064273,
            "3": 0.0037406285603840406,
            "4": -0.0194457599094936,
            "5": -0.010181715091069576,
            "6": 0.0009315088391304016,
            "7": 0.004184149205684662,
            "8": 0.03797590732574463
        },
        "BWT_Stream/eval_phase/test_stream": {
            "0": 0.0671391487121582,
            "1": 0.02099696397781381,
            "2": 0.00275759055064273,
            "3": 0.0037406285603840406,
            "4": -0.0194457599094936,
            "5": -0.010181715091069576,
            "6": 0.0009315088391304016,
            "7": 0.004184149205684662,
            "8": 0.03797590732574463
        }
    }
}