{
    "0": {
        "Loss_Exp": 38.68154525756836,
        "RelativeDistance_Exp": 0.6728975176811218,
        "R2Score_Exp": 0.8395039439201355,
        "Forgetting_Exp": 0.058953821659088135,
        "BWT_Exp": -0.058953821659088135
    },
    "1": {
        "Loss_Exp": 39.12511444091797,
        "RelativeDistance_Exp": 0.6784709095954895,
        "R2Score_Exp": 0.8364471793174744,
        "Forgetting_Exp": 0.0551188588142395,
        "BWT_Exp": -0.0551188588142395
    },
    "2": {
        "Loss_Exp": 41.185447692871094,
        "RelativeDistance_Exp": 0.7164471745491028,
        "R2Score_Exp": 0.832526445388794,
        "Forgetting_Exp": 0.06378185749053955,
        "BWT_Exp": -0.06378185749053955
    },
    "3": {
        "Loss_Exp": 38.432308197021484,
        "RelativeDistance_Exp": 0.6820177435874939,
        "R2Score_Exp": 0.8304811716079712,
        "Forgetting_Exp": 0.06592488288879395,
        "BWT_Exp": -0.06592488288879395
    },
    "4": {
        "Loss_Exp": 43.025577545166016,
        "RelativeDistance_Exp": 0.758846640586853,
        "R2Score_Exp": 0.8384383916854858,
        "Forgetting_Exp": 0.05843693017959595,
        "BWT_Exp": -0.05843693017959595
    },
    "5": {
        "Loss_Exp": 37.747318267822266,
        "RelativeDistance_Exp": 0.7267535328865051,
        "R2Score_Exp": 0.859217643737793,
        "Forgetting_Exp": 0.0356789231300354,
        "BWT_Exp": -0.0356789231300354
    },
    "6": {
        "Loss_Exp": 32.83207702636719,
        "RelativeDistance_Exp": 0.5458038449287415,
        "R2Score_Exp": 0.8727865219116211,
        "Forgetting_Exp": 0.014790534973144531,
        "BWT_Exp": -0.014790534973144531
    },
    "7": {
        "Loss_Exp": 31.677209854125977,
        "RelativeDistance_Exp": 0.6870075464248657,
        "R2Score_Exp": 0.8764865398406982,
        "Forgetting_Exp": -0.017705202102661133,
        "BWT_Exp": 0.017705202102661133
    },
    "8": {
        "Loss_Exp": 33.95574188232422,
        "RelativeDistance_Exp": 0.43882039189338684,
        "R2Score_Exp": 0.8725377917289734,
        "Forgetting_Exp": 0.031949520111083984,
        "BWT_Exp": -0.031949520111083984
    },
    "9": {
        "Loss_Exp": 17.79033851623535,
        "RelativeDistance_Exp": 0.7470120787620544,
        "R2Score_Exp": 0.9320365190505981
    },
    "stream": {
        "Loss_Stream/eval_phase/test_stream": 38.53619030840243,
        "RelativeDistance_Stream/eval_phase/test_stream": 0.6654077380895614,
        "R2Score_Stream/eval_phase/test_stream": 0.8590462148189545,
        "Forgetting_Stream/eval_phase/test_stream": {
            "0": 0.058953821659088135,
            "1": 0.0551188588142395,
            "2": 0.06378185749053955,
            "3": 0.06592488288879395,
            "4": 0.05843693017959595,
            "5": 0.0356789231300354,
            "6": 0.014790534973144531,
            "7": -0.017705202102661133,
            "8": 0.031949520111083984
        },
        "BWT_Stream/eval_phase/test_stream": {
            "0": 0.058953821659088135,
            "1": 0.0551188588142395,
            "2": 0.06378185749053955,
            "3": 0.06592488288879395,
            "4": 0.05843693017959595,
            "5": 0.0356789231300354,
            "6": 0.014790534973144531,
            "7": -0.017705202102661133,
            "8": 0.031949520111083984
        }
    }
}