{
    "0": {
        "Loss_Exp": 101.95702396897966,
        "RelativeDistance_Exp": 0.844937801361084,
        "R2Score_Exp": 0.6666769087314606,
        "Forgetting_Exp": 0.1810808777809143,
        "BWT_Exp": -0.1810808777809143
    },
    "1": {
        "Loss_Exp": 47.366463288324894,
        "RelativeDistance_Exp": 0.8557130992412567,
        "R2Score_Exp": 0.8296741545200348,
        "Forgetting_Exp": 0.06519368290901184,
        "BWT_Exp": -0.06519368290901184
    },
    "2": {
        "Loss_Exp": 56.27391387752194,
        "RelativeDistance_Exp": 0.6738900740941366,
        "R2Score_Exp": 0.7886358896891276,
        "Forgetting_Exp": 0.05486230055491137,
        "BWT_Exp": -0.05486230055491137
    },
    "3": {
        "Loss_Exp": 38.786944913192535,
        "RelativeDistance_Exp": 0.5705684125423431,
        "R2Score_Exp": 0.8543649911880493,
        "Forgetting_Exp": 0.028366029262542725,
        "BWT_Exp": -0.028366029262542725
    },
    "4": {
        "Loss_Exp": 32.0293776053051,
        "RelativeDistance_Exp": 0.6050708442926407,
        "R2Score_Exp": 0.8439838141202927,
        "Forgetting_Exp": 0.06743636727333069,
        "BWT_Exp": -0.06743636727333069
    },
    "5": {
        "Loss_Exp": 36.18093371807329,
        "RelativeDistance_Exp": 0.5875673890113831,
        "R2Score_Exp": 0.8258789777755737,
        "Forgetting_Exp": 0.07156004508336389,
        "BWT_Exp": -0.07156004508336389
    },
    "6": {
        "Loss_Exp": 39.2515661847963,
        "RelativeDistance_Exp": 0.6148397127787272,
        "R2Score_Exp": 0.8561263084411621,
        "Forgetting_Exp": 0.007315715154012081,
        "BWT_Exp": -0.007315715154012081
    },
    "7": {
        "Loss_Exp": 29.977442475126,
        "RelativeDistance_Exp": 0.43223972618579865,
        "R2Score_Exp": 0.8872348070144653,
        "Forgetting_Exp": 0.03654545545578003,
        "BWT_Exp": -0.03654545545578003
    },
    "8": {
        "Loss_Exp": 31.52956848383697,
        "RelativeDistance_Exp": 0.47743719816207886,
        "R2Score_Exp": 0.8804925680160522,
        "Forgetting_Exp": 0.008477061986923218,
        "BWT_Exp": -0.008477061986923218
    },
    "9": {
        "Loss_Exp": 36.85805087667605,
        "RelativeDistance_Exp": 0.5680086761713028,
        "R2Score_Exp": 0.8779018521308899
    },
    "stream": {
        "Loss_Stream/eval_phase/test_stream": 44.60183508651743,
        "RelativeDistance_Stream/eval_phase/test_stream": 0.6218793892860413,
        "R2Score_Stream/eval_phase/test_stream": 0.8312219738960266,
        "Forgetting_Stream/eval_phase/test_stream": {
            "0": 0.1810808777809143,
            "1": 0.06519368290901184,
            "2": 0.05486230055491137,
            "3": 0.028366029262542725,
            "4": 0.06743636727333069,
            "5": 0.07156004508336389,
            "6": 0.007315715154012081,
            "7": 0.03654545545578003,
            "8": 0.008477061986923218
        },
        "BWT_Stream/eval_phase/test_stream": {
            "0": 0.1810808777809143,
            "1": 0.06519368290901184,
            "2": 0.05486230055491137,
            "3": 0.028366029262542725,
            "4": 0.06743636727333069,
            "5": 0.07156004508336389,
            "6": 0.007315715154012081,
            "7": 0.03654545545578003,
            "8": 0.008477061986923218
        }
    }
}