{
    "0": {
        "Loss_Exp": 44.848243713378906,
        "RelativeDistance_Exp": 0.5444024801254272,
        "R2Score_Exp": 0.8466132283210754
    },
    "1": {
        "Loss_Exp": 22.365455627441406,
        "RelativeDistance_Exp": 0.5317510366439819,
        "R2Score_Exp": 0.909315824508667
    },
    "2": {
        "Loss_Exp": 28.252382278442383,
        "RelativeDistance_Exp": 0.4356958270072937,
        "R2Score_Exp": 0.8729199171066284
    },
    "3": {
        "Loss_Exp": 21.16018295288086,
        "RelativeDistance_Exp": 0.3904740810394287,
        "R2Score_Exp": 0.9130276441574097
    },
    "4": {
        "Loss_Exp": 18.55586051940918,
        "RelativeDistance_Exp": 0.39212265610694885,
        "R2Score_Exp": 0.905693531036377
    },
    "5": {
        "Loss_Exp": 23.32478904724121,
        "RelativeDistance_Exp": 0.4105738401412964,
        "R2Score_Exp": 0.8753460645675659
    },
    "6": {
        "Loss_Exp": 23.86847496032715,
        "RelativeDistance_Exp": 0.36341673135757446,
        "R2Score_Exp": 0.880287230014801
    },
    "7": {
        "Loss_Exp": 24.31805992126465,
        "RelativeDistance_Exp": 0.4400818347930908,
        "R2Score_Exp": 0.8855973482131958
    },
    "8": {
        "Loss_Exp": 27.49559783935547,
        "RelativeDistance_Exp": 0.3440646529197693,
        "R2Score_Exp": 0.8753184080123901
    },
    "9": {
        "Loss_Exp": 39.56171798706055,
        "RelativeDistance_Exp": 0.5642025470733643,
        "R2Score_Exp": 0.8646338582038879
    },
    "stream": {
        "Loss_Stream/eval_phase/test_stream": 26.39872706945599,
        "RelativeDistance_Stream/eval_phase/test_stream": 0.44167856872081757,
        "R2Score_Stream/eval_phase/test_stream": 0.8828753054141998,
        "Forgetting_Stream/eval_phase/test_stream": {},
        "BWT_Stream/eval_phase/test_stream": {}
    }
}