{
    "0": {
        "Loss_Exp": 81.56627608628301,
        "RelativeDistance_Exp": 0.8612162470817566,
        "R2Score_Exp": 0.8150679767131805,
        "Forgetting_Exp": 0.06325381994247437,
        "BWT_Exp": -0.06325381994247437
    },
    "1": {
        "Loss_Exp": 79.21400712401444,
        "RelativeDistance_Exp": 1.4902007579803467,
        "R2Score_Exp": 0.7673460245132446,
        "Forgetting_Exp": 0.12411966919898987,
        "BWT_Exp": -0.12411966919898987
    },
    "2": {
        "Loss_Exp": 65.16834396110471,
        "RelativeDistance_Exp": 0.8127880891164144,
        "R2Score_Exp": 0.7885936498641968,
        "Forgetting_Exp": 0.03618091344833374,
        "BWT_Exp": -0.03618091344833374
    },
    "3": {
        "Loss_Exp": 49.879034175160676,
        "RelativeDistance_Exp": 0.6799609363079071,
        "R2Score_Exp": 0.8344160616397858,
        "Forgetting_Exp": 0.020037591457366943,
        "BWT_Exp": -0.020037591457366943
    },
    "4": {
        "Loss_Exp": 47.32472992373427,
        "RelativeDistance_Exp": 0.8963095545768738,
        "R2Score_Exp": 0.8464628159999847,
        "Forgetting_Exp": 0.006816670298576355,
        "BWT_Exp": -0.006816670298576355
    },
    "5": {
        "Loss_Exp": 43.08335859879203,
        "RelativeDistance_Exp": 0.7587615847587585,
        "R2Score_Exp": 0.8318750659624735,
        "Forgetting_Exp": 0.005623618761698479,
        "BWT_Exp": -0.005623618761698479
    },
    "6": {
        "Loss_Exp": 61.096489122178816,
        "RelativeDistance_Exp": 0.745660146077474,
        "R2Score_Exp": 0.8179703156153361,
        "Forgetting_Exp": -0.020787080128987556,
        "BWT_Exp": 0.020787080128987556
    },
    "7": {
        "Loss_Exp": 41.17747497558594,
        "RelativeDistance_Exp": 0.756558895111084,
        "R2Score_Exp": 0.8376322984695435,
        "Forgetting_Exp": 0.0424419641494751,
        "BWT_Exp": -0.0424419641494751
    },
    "8": {
        "Loss_Exp": 53.58717495086694,
        "RelativeDistance_Exp": 0.8496276140213013,
        "R2Score_Exp": 0.8169759213924408,
        "Forgetting_Exp": -0.0004298388957977295,
        "BWT_Exp": 0.0004298388957977295
    },
    "9": {
        "Loss_Exp": 58.02836293126806,
        "RelativeDistance_Exp": 0.8450787365436554,
        "R2Score_Exp": 0.8421738147735596
    },
    "stream": {
        "Loss_Stream/eval_phase/test_stream": 57.31676401626032,
        "RelativeDistance_Stream/eval_phase/test_stream": 0.8643997982144356,
        "R2Score_Stream/eval_phase/test_stream": 0.8204483439524969,
        "Forgetting_Stream/eval_phase/test_stream": {
            "0": 0.06325381994247437,
            "1": 0.12411966919898987,
            "2": 0.03618091344833374,
            "3": 0.020037591457366943,
            "4": 0.006816670298576355,
            "5": 0.005623618761698479,
            "6": -0.020787080128987556,
            "7": 0.0424419641494751,
            "8": -0.0004298388957977295
        },
        "BWT_Stream/eval_phase/test_stream": {
            "0": 0.06325381994247437,
            "1": 0.12411966919898987,
            "2": 0.03618091344833374,
            "3": 0.020037591457366943,
            "4": 0.006816670298576355,
            "5": 0.005623618761698479,
            "6": -0.020787080128987556,
            "7": 0.0424419641494751,
            "8": -0.0004298388957977295
        }
    }
}