{
    "0": {
        "Loss_Exp": 49.96878727207144,
        "RelativeDistance_Exp": 0.8378921091556549,
        "R2Score_Exp": 0.788393521308899,
        "Forgetting_Exp": 0.09641829133033752,
        "BWT_Exp": -0.09641829133033752
    },
    "1": {
        "Loss_Exp": 47.57034099643626,
        "RelativeDistance_Exp": 0.7091891805330912,
        "R2Score_Exp": 0.8012654264767964,
        "Forgetting_Exp": 0.08668157656987507,
        "BWT_Exp": -0.08668157656987507
    },
    "2": {
        "Loss_Exp": 35.23664729588511,
        "RelativeDistance_Exp": 0.6647086235193106,
        "R2Score_Exp": 0.850065657725701,
        "Forgetting_Exp": 0.04721582394379831,
        "BWT_Exp": -0.04721582394379831
    },
    "3": {
        "Loss_Exp": 26.57797350987519,
        "RelativeDistance_Exp": 0.7148232857386271,
        "R2Score_Exp": 0.8945742315716214,
        "Forgetting_Exp": 0.02881711721420288,
        "BWT_Exp": -0.02881711721420288
    },
    "4": {
        "Loss_Exp": 28.313298502927104,
        "RelativeDistance_Exp": 0.6539616159030369,
        "R2Score_Exp": 0.8880306056567601,
        "Forgetting_Exp": 0.016355250562940293,
        "BWT_Exp": -0.016355250562940293
    },
    "5": {
        "Loss_Exp": 30.02658453555391,
        "RelativeDistance_Exp": 0.6200803319613138,
        "R2Score_Exp": 0.8797059655189514,
        "Forgetting_Exp": 0.008129249016443851,
        "BWT_Exp": -0.008129249016443851
    },
    "6": {
        "Loss_Exp": 28.52813406568158,
        "RelativeDistance_Exp": 0.755669966340065,
        "R2Score_Exp": 0.8883115127682686,
        "Forgetting_Exp": 0.00784338265657425,
        "BWT_Exp": -0.00784338265657425
    },
    "7": {
        "Loss_Exp": 36.70031281804014,
        "RelativeDistance_Exp": 0.5434190481901169,
        "R2Score_Exp": 0.8727841228246689,
        "Forgetting_Exp": 0.014801502227783203,
        "BWT_Exp": -0.014801502227783203
    },
    "8": {
        "Loss_Exp": 26.45358057534164,
        "RelativeDistance_Exp": 0.5208145181337992,
        "R2Score_Exp": 0.894508421421051,
        "Forgetting_Exp": 0.017645657062530518,
        "BWT_Exp": -0.017645657062530518
    },
    "9": {
        "Loss_Exp": 21.831215346105125,
        "RelativeDistance_Exp": 0.4833219349384308,
        "R2Score_Exp": 0.9157638847827911
    },
    "stream": {
        "Loss_Stream/eval_phase/test_stream": 36.48743243547715,
        "RelativeDistance_Stream/eval_phase/test_stream": 0.6828567076612402,
        "R2Score_Stream/eval_phase/test_stream": 0.8531260048901593,
        "Forgetting_Stream/eval_phase/test_stream": {
            "0": 0.09641829133033752,
            "1": 0.08668157656987507,
            "2": 0.04721582394379831,
            "3": 0.02881711721420288,
            "4": 0.016355250562940293,
            "5": 0.008129249016443851,
            "6": 0.00784338265657425,
            "7": 0.014801502227783203,
            "8": 0.017645657062530518
        },
        "BWT_Stream/eval_phase/test_stream": {
            "0": 0.09641829133033752,
            "1": 0.08668157656987507,
            "2": 0.04721582394379831,
            "3": 0.02881711721420288,
            "4": 0.016355250562940293,
            "5": 0.008129249016443851,
            "6": 0.00784338265657425,
            "7": 0.014801502227783203,
            "8": 0.017645657062530518
        }
    }
}