{
    "0": {
        "Loss_Exp": 87.76773153383132,
        "RelativeDistance_Exp": 1.082147240638733,
        "R2Score_Exp": 0.7996973991394043,
        "Forgetting_Exp": 0.0746198296546936,
        "BWT_Exp": -0.0746198296546936
    },
    "1": {
        "Loss_Exp": 78.66254705878042,
        "RelativeDistance_Exp": 0.9920661151409149,
        "R2Score_Exp": 0.77251797914505,
        "Forgetting_Exp": 0.10098886489868164,
        "BWT_Exp": -0.10098886489868164
    },
    "2": {
        "Loss_Exp": 64.1040846129959,
        "RelativeDistance_Exp": 0.8388492465019226,
        "R2Score_Exp": 0.7917091250419617,
        "Forgetting_Exp": -0.003294527530670166,
        "BWT_Exp": 0.003294527530670166
    },
    "3": {
        "Loss_Exp": 52.24134659598742,
        "RelativeDistance_Exp": 0.7082094848155975,
        "R2Score_Exp": 0.8267751932144165,
        "Forgetting_Exp": -0.021407395601272583,
        "BWT_Exp": 0.021407395601272583
    },
    "4": {
        "Loss_Exp": 51.02615748666722,
        "RelativeDistance_Exp": 0.8718227744102478,
        "R2Score_Exp": 0.8323316425085068,
        "Forgetting_Exp": -0.026582717895507812,
        "BWT_Exp": 0.026582717895507812
    },
    "5": {
        "Loss_Exp": 50.416706251061484,
        "RelativeDistance_Exp": 0.7730741103490194,
        "R2Score_Exp": 0.8039258718490601,
        "Forgetting_Exp": 0.011870940526326534,
        "BWT_Exp": -0.011870940526326534
    },
    "6": {
        "Loss_Exp": 60.13131902708229,
        "RelativeDistance_Exp": 0.7455904483795166,
        "R2Score_Exp": 0.8108824888865153,
        "Forgetting_Exp": 0.003171066443125481,
        "BWT_Exp": -0.003171066443125481
    },
    "7": {
        "Loss_Exp": 48.6568489074707,
        "RelativeDistance_Exp": 0.7868085503578186,
        "R2Score_Exp": 0.808140218257904,
        "Forgetting_Exp": 0.019158869981765747,
        "BWT_Exp": -0.019158869981765747
    },
    "8": {
        "Loss_Exp": 61.68172579310445,
        "RelativeDistance_Exp": 0.8324665427207947,
        "R2Score_Exp": 0.8130605518817902,
        "Forgetting_Exp": -0.061729878187179565,
        "BWT_Exp": 0.061729878187179565
    },
    "9": {
        "Loss_Exp": 74.72255644164333,
        "RelativeDistance_Exp": 1.0314834415912628,
        "R2Score_Exp": 0.7966099977493286
    },
    "stream": {
        "Loss_Stream/eval_phase/test_stream": 61.66884715404027,
        "RelativeDistance_Stream/eval_phase/test_stream": 0.8599744463960329,
        "R2Score_Stream/eval_phase/test_stream": 0.8072642286618551,
        "Forgetting_Stream/eval_phase/test_stream": {
            "0": 0.0746198296546936,
            "1": 0.10098886489868164,
            "2": -0.003294527530670166,
            "3": -0.021407395601272583,
            "4": -0.026582717895507812,
            "5": 0.011870940526326534,
            "6": 0.003171066443125481,
            "7": 0.019158869981765747,
            "8": -0.061729878187179565
        },
        "BWT_Stream/eval_phase/test_stream": {
            "0": 0.0746198296546936,
            "1": 0.10098886489868164,
            "2": -0.003294527530670166,
            "3": -0.021407395601272583,
            "4": -0.026582717895507812,
            "5": 0.011870940526326534,
            "6": 0.003171066443125481,
            "7": 0.019158869981765747,
            "8": -0.061729878187179565
        }
    }
}