{
    "0": {
        "Loss_Exp": 99.72482936926055,
        "RelativeDistance_Exp": 0.9869832098484039,
        "R2Score_Exp": 0.7713106274604797,
        "Forgetting_Exp": 0.10157012939453125,
        "BWT_Exp": -0.10157012939453125
    },
    "1": {
        "Loss_Exp": 68.51456138446119,
        "RelativeDistance_Exp": 1.3684620261192322,
        "R2Score_Exp": 0.8010207712650299,
        "Forgetting_Exp": 0.09315863251686096,
        "BWT_Exp": -0.09315863251686096
    },
    "2": {
        "Loss_Exp": 60.38136862993061,
        "RelativeDistance_Exp": 0.7814974983533224,
        "R2Score_Exp": 0.8065570394198099,
        "Forgetting_Exp": 0.022933999697367424,
        "BWT_Exp": -0.022933999697367424
    },
    "3": {
        "Loss_Exp": 47.649520096456484,
        "RelativeDistance_Exp": 0.626039445400238,
        "R2Score_Exp": 0.842038482427597,
        "Forgetting_Exp": 0.01732805371284485,
        "BWT_Exp": -0.01732805371284485
    },
    "4": {
        "Loss_Exp": 44.08925263319908,
        "RelativeDistance_Exp": 0.7192559987306595,
        "R2Score_Exp": 0.858120009303093,
        "Forgetting_Exp": -0.0025983452796936035,
        "BWT_Exp": 0.0025983452796936035
    },
    "5": {
        "Loss_Exp": 43.709115567414656,
        "RelativeDistance_Exp": 0.6692825754483541,
        "R2Score_Exp": 0.8296021421750387,
        "Forgetting_Exp": 0.00890737771987915,
        "BWT_Exp": -0.00890737771987915
    },
    "6": {
        "Loss_Exp": 57.736086547346545,
        "RelativeDistance_Exp": 0.6697784860928854,
        "R2Score_Exp": 0.8328632712364197,
        "Forgetting_Exp": -0.006865024566650391,
        "BWT_Exp": 0.006865024566650391
    },
    "7": {
        "Loss_Exp": 35.92700958251953,
        "RelativeDistance_Exp": 0.6383718252182007,
        "R2Score_Exp": 0.8583354949951172,
        "Forgetting_Exp": 0.022727012634277344,
        "BWT_Exp": -0.022727012634277344
    },
    "8": {
        "Loss_Exp": 52.43853888411154,
        "RelativeDistance_Exp": 1.2755102217197418,
        "R2Score_Exp": 0.8368218243122101,
        "Forgetting_Exp": -0.015474110841751099,
        "BWT_Exp": 0.015474110841751099
    },
    "9": {
        "Loss_Exp": 57.554995736359174,
        "RelativeDistance_Exp": 0.7395206689834595,
        "R2Score_Exp": 0.8438491225242615
    },
    "stream": {
        "Loss_Stream/eval_phase/test_stream": 55.84233543073463,
        "RelativeDistance_Stream/eval_phase/test_stream": 0.8279209434986115,
        "R2Score_Stream/eval_phase/test_stream": 0.8286651894450188,
        "Forgetting_Stream/eval_phase/test_stream": {
            "0": 0.10157012939453125,
            "1": 0.09315863251686096,
            "2": 0.022933999697367424,
            "3": 0.01732805371284485,
            "4": -0.0025983452796936035,
            "5": 0.00890737771987915,
            "6": -0.006865024566650391,
            "7": 0.022727012634277344,
            "8": -0.015474110841751099
        },
        "BWT_Stream/eval_phase/test_stream": {
            "0": 0.10157012939453125,
            "1": 0.09315863251686096,
            "2": 0.022933999697367424,
            "3": 0.01732805371284485,
            "4": -0.0025983452796936035,
            "5": 0.00890737771987915,
            "6": -0.006865024566650391,
            "7": 0.022727012634277344,
            "8": -0.015474110841751099
        }
    }
}