{
    "0": {
        "Loss_Exp": 40.45066833496094,
        "RelativeDistance_Exp": 0.861748456954956,
        "R2Score_Exp": 0.8300856947898865,
        "Forgetting_Exp": 0.056539833545684814,
        "BWT_Exp": -0.056539833545684814
    },
    "1": {
        "Loss_Exp": 44.544395446777344,
        "RelativeDistance_Exp": 0.7701267600059509,
        "R2Score_Exp": 0.8159919381141663,
        "Forgetting_Exp": 0.06359535455703735,
        "BWT_Exp": -0.06359535455703735
    },
    "2": {
        "Loss_Exp": 35.96235656738281,
        "RelativeDistance_Exp": 0.7359996438026428,
        "R2Score_Exp": 0.847374439239502,
        "Forgetting_Exp": 0.04257482290267944,
        "BWT_Exp": -0.04257482290267944
    },
    "3": {
        "Loss_Exp": 26.618213653564453,
        "RelativeDistance_Exp": 0.7376935482025146,
        "R2Score_Exp": 0.8931193351745605,
        "Forgetting_Exp": 0.03135967254638672,
        "BWT_Exp": -0.03135967254638672
    },
    "4": {
        "Loss_Exp": 31.189319610595703,
        "RelativeDistance_Exp": 0.7140939235687256,
        "R2Score_Exp": 0.8770660161972046,
        "Forgetting_Exp": 0.023639380931854248,
        "BWT_Exp": -0.023639380931854248
    },
    "5": {
        "Loss_Exp": 32.2250862121582,
        "RelativeDistance_Exp": 0.6617175936698914,
        "R2Score_Exp": 0.8731268644332886,
        "Forgetting_Exp": 0.012324929237365723,
        "BWT_Exp": -0.012324929237365723
    },
    "6": {
        "Loss_Exp": 29.93085479736328,
        "RelativeDistance_Exp": 0.8100327849388123,
        "R2Score_Exp": 0.8844367265701294,
        "Forgetting_Exp": 0.013180255889892578,
        "BWT_Exp": -0.013180255889892578
    },
    "7": {
        "Loss_Exp": 40.1401252746582,
        "RelativeDistance_Exp": 0.5539384484291077,
        "R2Score_Exp": 0.8579317331314087,
        "Forgetting_Exp": 0.030256271362304688,
        "BWT_Exp": -0.030256271362304688
    },
    "8": {
        "Loss_Exp": 28.169296264648438,
        "RelativeDistance_Exp": 0.5326072573661804,
        "R2Score_Exp": 0.9067915081977844,
        "Forgetting_Exp": 0.006491243839263916,
        "BWT_Exp": -0.006491243839263916
    },
    "9": {
        "Loss_Exp": 21.157390594482422,
        "RelativeDistance_Exp": 0.49055442214012146,
        "R2Score_Exp": 0.9275623559951782
    },
    "stream": {
        "Loss_Stream/eval_phase/test_stream": 35.76002723526672,
        "RelativeDistance_Stream/eval_phase/test_stream": 0.6868512839078903,
        "R2Score_Stream/eval_phase/test_stream": 0.8713486611843109,
        "Forgetting_Stream/eval_phase/test_stream": {
            "0": 0.056539833545684814,
            "1": 0.06359535455703735,
            "2": 0.04257482290267944,
            "3": 0.03135967254638672,
            "4": 0.023639380931854248,
            "5": 0.012324929237365723,
            "6": 0.013180255889892578,
            "7": 0.030256271362304688,
            "8": 0.006491243839263916
        },
        "BWT_Stream/eval_phase/test_stream": {
            "0": 0.056539833545684814,
            "1": 0.06359535455703735,
            "2": 0.04257482290267944,
            "3": 0.03135967254638672,
            "4": 0.023639380931854248,
            "5": 0.012324929237365723,
            "6": 0.013180255889892578,
            "7": 0.030256271362304688,
            "8": 0.006491243839263916
        }
    }
}