{
    "0": {
        "Loss_Exp": 63.045963287353516,
        "RelativeDistance_Exp": 1.1880683898925781,
        "R2Score_Exp": 0.7450157403945923,
        "Forgetting_Exp": 0.13422846794128418,
        "BWT_Exp": -0.13422846794128418
    },
    "1": {
        "Loss_Exp": 66.05180358886719,
        "RelativeDistance_Exp": 1.09595787525177,
        "R2Score_Exp": 0.7447336912155151,
        "Forgetting_Exp": 0.13783717155456543,
        "BWT_Exp": -0.13783717155456543
    },
    "2": {
        "Loss_Exp": 44.22999954223633,
        "RelativeDistance_Exp": 0.9264897108078003,
        "R2Score_Exp": 0.8185664415359497,
        "Forgetting_Exp": 0.07626241445541382,
        "BWT_Exp": -0.07626241445541382
    },
    "3": {
        "Loss_Exp": 32.6675910949707,
        "RelativeDistance_Exp": 0.9359805583953857,
        "R2Score_Exp": 0.873624861240387,
        "Forgetting_Exp": 0.054715752601623535,
        "BWT_Exp": -0.054715752601623535
    },
    "4": {
        "Loss_Exp": 40.57366943359375,
        "RelativeDistance_Exp": 0.8596424460411072,
        "R2Score_Exp": 0.8392802476882935,
        "Forgetting_Exp": 0.0661550760269165,
        "BWT_Exp": -0.0661550760269165
    },
    "5": {
        "Loss_Exp": 36.38709259033203,
        "RelativeDistance_Exp": 0.7317484021186829,
        "R2Score_Exp": 0.8610121607780457,
        "Forgetting_Exp": 0.027447998523712158,
        "BWT_Exp": -0.027447998523712158
    },
    "6": {
        "Loss_Exp": 32.46816635131836,
        "RelativeDistance_Exp": 0.9194383025169373,
        "R2Score_Exp": 0.8763174414634705,
        "Forgetting_Exp": 0.020001351833343506,
        "BWT_Exp": -0.020001351833343506
    },
    "7": {
        "Loss_Exp": 42.86992645263672,
        "RelativeDistance_Exp": 0.6179894804954529,
        "R2Score_Exp": 0.849074125289917,
        "Forgetting_Exp": 0.04371047019958496,
        "BWT_Exp": -0.04371047019958496
    },
    "8": {
        "Loss_Exp": 28.330419540405273,
        "RelativeDistance_Exp": 0.5554277300834656,
        "R2Score_Exp": 0.9065616726875305,
        "Forgetting_Exp": 0.004981696605682373,
        "BWT_Exp": -0.004981696605682373
    },
    "9": {
        "Loss_Exp": 21.003009796142578,
        "RelativeDistance_Exp": 0.5309089422225952,
        "R2Score_Exp": 0.9277770519256592
    },
    "stream": {
        "Loss_Stream/eval_phase/test_stream": 46.39797128242263,
        "RelativeDistance_Stream/eval_phase/test_stream": 0.8361651837825775,
        "R2Score_Stream/eval_phase/test_stream": 0.8441963434219361,
        "Forgetting_Stream/eval_phase/test_stream": {
            "0": 0.13422846794128418,
            "1": 0.13783717155456543,
            "2": 0.07626241445541382,
            "3": 0.054715752601623535,
            "4": 0.0661550760269165,
            "5": 0.027447998523712158,
            "6": 0.020001351833343506,
            "7": 0.04371047019958496,
            "8": 0.004981696605682373
        },
        "BWT_Stream/eval_phase/test_stream": {
            "0": 0.13422846794128418,
            "1": 0.13783717155456543,
            "2": 0.07626241445541382,
            "3": 0.054715752601623535,
            "4": 0.0661550760269165,
            "5": 0.027447998523712158,
            "6": 0.020001351833343506,
            "7": 0.04371047019958496,
            "8": 0.004981696605682373
        }
    }
}