{
    "0": {
        "Loss_Exp": 247.04553710169762,
        "RelativeDistance_Exp": 2.852368378639221,
        "R2Score_Exp": -0.14203969091176988,
        "Forgetting_Exp": 0.9916485473513603,
        "BWT_Exp": -0.9916485473513603
    },
    "1": {
        "Loss_Exp": 190.25929273770853,
        "RelativeDistance_Exp": 2.236491147677104,
        "R2Score_Exp": 0.23569330275058747,
        "Forgetting_Exp": 0.5851197530825933,
        "BWT_Exp": -0.5851197530825933
    },
    "2": {
        "Loss_Exp": 148.00753142834662,
        "RelativeDistance_Exp": 2.778262743583092,
        "R2Score_Exp": 0.3562161292021091,
        "Forgetting_Exp": 0.5043833015056757,
        "BWT_Exp": -0.5043833015056757
    },
    "3": {
        "Loss_Exp": 165.36267429165324,
        "RelativeDistance_Exp": 3.4896661970350475,
        "R2Score_Exp": 0.31974829733371735,
        "Forgetting_Exp": 0.5448532617754407,
        "BWT_Exp": -0.5448532617754407
    },
    "4": {
        "Loss_Exp": 177.1737166896011,
        "RelativeDistance_Exp": 3.003620454243251,
        "R2Score_Exp": 0.2614009848662785,
        "Forgetting_Exp": 0.5561199826853616,
        "BWT_Exp": -0.5561199826853616
    },
    "5": {
        "Loss_Exp": 139.81935073575198,
        "RelativeDistance_Exp": 2.6431771914164224,
        "R2Score_Exp": 0.4861208846171697,
        "Forgetting_Exp": 0.36226824422677356,
        "BWT_Exp": -0.36226824422677356
    },
    "6": {
        "Loss_Exp": 135.04414412753445,
        "RelativeDistance_Exp": 3.393781065940857,
        "R2Score_Exp": 0.51826973259449,
        "Forgetting_Exp": 0.33957862854003906,
        "BWT_Exp": -0.33957862854003906
    },
    "7": {
        "Loss_Exp": 153.31780711639047,
        "RelativeDistance_Exp": 2.203620344400406,
        "R2Score_Exp": 0.48387598246335983,
        "Forgetting_Exp": 0.34727489948272705,
        "BWT_Exp": -0.34727489948272705
    },
    "8": {
        "Loss_Exp": 121.9551468910893,
        "RelativeDistance_Exp": 2.3461317221323648,
        "R2Score_Exp": 0.5973883668581644,
        "Forgetting_Exp": 0.23539855082829797,
        "BWT_Exp": -0.23539855082829797
    },
    "9": {
        "Loss_Exp": 93.43489444690347,
        "RelativeDistance_Exp": 1.9419965147972107,
        "R2Score_Exp": 0.7050584852695465
    },
    "stream": {
        "Loss_Stream/eval_phase/test_stream": 169.71185348309734,
        "RelativeDistance_Stream/eval_phase/test_stream": 2.7429810894860163,
        "R2Score_Stream/eval_phase/test_stream": 0.31592008618660916,
        "Forgetting_Stream/eval_phase/test_stream": {
            "0": 0.9916485473513603,
            "1": 0.5851197530825933,
            "2": 0.5043833015056757,
            "3": 0.5448532617754407,
            "4": 0.5561199826853616,
            "5": 0.36226824422677356,
            "6": 0.33957862854003906,
            "7": 0.34727489948272705,
            "8": 0.23539855082829797
        },
        "BWT_Stream/eval_phase/test_stream": {
            "0": 0.9916485473513603,
            "1": 0.5851197530825933,
            "2": 0.5043833015056757,
            "3": 0.5448532617754407,
            "4": 0.5561199826853616,
            "5": 0.36226824422677356,
            "6": 0.33957862854003906,
            "7": 0.34727489948272705,
            "8": 0.23539855082829797
        }
    }
}