{
    "0": {
        "Loss_Exp": 68.61543887064337,
        "RelativeDistance_Exp": 0.7435019910335541,
        "R2Score_Exp": 0.7771821022033691,
        "Forgetting_Exp": 0.06687277555465698,
        "BWT_Exp": -0.06687277555465698
    },
    "1": {
        "Loss_Exp": 35.73288838717919,
        "RelativeDistance_Exp": 0.7310279607772827,
        "R2Score_Exp": 0.858122318983078,
        "Forgetting_Exp": 0.035348981618881226,
        "BWT_Exp": -0.035348981618881226
    },
    "2": {
        "Loss_Exp": 45.731539183276524,
        "RelativeDistance_Exp": 0.5368325710296631,
        "R2Score_Exp": 0.8141636649767557,
        "Forgetting_Exp": 0.02284493048985803,
        "BWT_Exp": -0.02284493048985803
    },
    "3": {
        "Loss_Exp": 34.1428758632729,
        "RelativeDistance_Exp": 0.4625149965286255,
        "R2Score_Exp": 0.8586432635784149,
        "Forgetting_Exp": 0.0022315382957458496,
        "BWT_Exp": -0.0022315382957458496
    },
    "4": {
        "Loss_Exp": 27.343875278751273,
        "RelativeDistance_Exp": 0.49902141094207764,
        "R2Score_Exp": 0.8578796833753586,
        "Forgetting_Exp": 0.02266848087310791,
        "BWT_Exp": -0.02266848087310791
    },
    "5": {
        "Loss_Exp": 32.93230370131115,
        "RelativeDistance_Exp": 0.49072782198588055,
        "R2Score_Exp": 0.8231867551803589,
        "Forgetting_Exp": 0.05199907223383582,
        "BWT_Exp": -0.05199907223383582
    },
    "6": {
        "Loss_Exp": 35.2249281428129,
        "RelativeDistance_Exp": 0.5556045373280843,
        "R2Score_Exp": 0.8441171646118164,
        "Forgetting_Exp": 0.005562126636505127,
        "BWT_Exp": -0.005562126636505127
    },
    "7": {
        "Loss_Exp": 33.36160036324323,
        "RelativeDistance_Exp": 0.3779737949371338,
        "R2Score_Exp": 0.8624057173728943,
        "Forgetting_Exp": 0.06081518530845642,
        "BWT_Exp": -0.06081518530845642
    },
    "8": {
        "Loss_Exp": 36.628539692271836,
        "RelativeDistance_Exp": 0.46565908193588257,
        "R2Score_Exp": 0.8457009494304657,
        "Forgetting_Exp": 0.022122442722320557,
        "BWT_Exp": -0.022122442722320557
    },
    "9": {
        "Loss_Exp": 42.03135025684441,
        "RelativeDistance_Exp": 0.5311151593923569,
        "R2Score_Exp": 0.8601734340190887
    },
    "stream": {
        "Loss_Stream/eval_phase/test_stream": 38.24379942773884,
        "RelativeDistance_Stream/eval_phase/test_stream": 0.5347666561603546,
        "R2Score_Stream/eval_phase/test_stream": 0.840015082359314,
        "Forgetting_Stream/eval_phase/test_stream": {
            "0": 0.06687277555465698,
            "1": 0.035348981618881226,
            "2": 0.02284493048985803,
            "3": 0.0022315382957458496,
            "4": 0.02266848087310791,
            "5": 0.05199907223383582,
            "6": 0.005562126636505127,
            "7": 0.06081518530845642,
            "8": 0.022122442722320557
        },
        "BWT_Stream/eval_phase/test_stream": {
            "0": 0.06687277555465698,
            "1": 0.035348981618881226,
            "2": 0.02284493048985803,
            "3": 0.0022315382957458496,
            "4": 0.02266848087310791,
            "5": 0.05199907223383582,
            "6": 0.005562126636505127,
            "7": 0.06081518530845642,
            "8": 0.022122442722320557
        }
    }
}