{
    "0": {
        "Loss_Exp": 38.677844818882974,
        "RelativeDistance_Exp": 0.9404472470283508,
        "R2Score_Exp": 0.8255125164985657,
        "Forgetting_Exp": 0.02539467215538016,
        "BWT_Exp": -0.02539467215538016
    },
    "1": {
        "Loss_Exp": 49.063549523801264,
        "RelativeDistance_Exp": 0.935276734828949,
        "R2Score_Exp": 0.7960526466369628,
        "Forgetting_Exp": 0.0036416689554851223,
        "BWT_Exp": -0.0036416689554851223
    },
    "2": {
        "Loss_Exp": 40.33027983523998,
        "RelativeDistance_Exp": 0.9115667755787189,
        "R2Score_Exp": 0.8309375139383169,
        "Forgetting_Exp": -0.0009543804021981961,
        "BWT_Exp": 0.0009543804021981961
    },
    "3": {
        "Loss_Exp": 40.39851325006944,
        "RelativeDistance_Exp": 1.0202794207466974,
        "R2Score_Exp": 0.840799503856235,
        "Forgetting_Exp": -0.0008060534795124585,
        "BWT_Exp": 0.0008060534795124585
    },
    "4": {
        "Loss_Exp": 47.84565571162187,
        "RelativeDistance_Exp": 1.0081437485558646,
        "R2Score_Exp": 0.8166607192584446,
        "Forgetting_Exp": -0.024822890758514404,
        "BWT_Exp": 0.024822890758514404
    },
    "5": {
        "Loss_Exp": 44.2226685846331,
        "RelativeDistance_Exp": 0.8926665385564169,
        "R2Score_Exp": 0.8352610766887665,
        "Forgetting_Exp": -0.020520836114883423,
        "BWT_Exp": 0.020520836114883423
    },
    "6": {
        "Loss_Exp": 41.753678964664644,
        "RelativeDistance_Exp": 1.067336067557335,
        "R2Score_Exp": 0.8476988449692726,
        "Forgetting_Exp": 0.003988407552242279,
        "BWT_Exp": -0.003988407552242279
    },
    "7": {
        "Loss_Exp": 57.02521084351549,
        "RelativeDistance_Exp": 0.8427618220448494,
        "R2Score_Exp": 0.8059001937508583,
        "Forgetting_Exp": 0.004775568842887878,
        "BWT_Exp": -0.004775568842887878
    },
    "8": {
        "Loss_Exp": 46.279778332160994,
        "RelativeDistance_Exp": 0.9061570763587952,
        "R2Score_Exp": 0.8418354392051697,
        "Forgetting_Exp": 0.030632535616556766,
        "BWT_Exp": -0.030632535616556766
    },
    "9": {
        "Loss_Exp": 37.30005515774154,
        "RelativeDistance_Exp": 0.8839069604873657,
        "R2Score_Exp": 0.8749918937683105
    },
    "stream": {
        "Loss_Stream/eval_phase/test_stream": 44.61682132065677,
        "RelativeDistance_Stream/eval_phase/test_stream": 0.9462540753093767,
        "R2Score_Stream/eval_phase/test_stream": 0.8246638517320892,
        "Forgetting_Stream/eval_phase/test_stream": {
            "0": 0.02539467215538016,
            "1": 0.0036416689554851223,
            "2": -0.0009543804021981961,
            "3": -0.0008060534795124585,
            "4": -0.024822890758514404,
            "5": -0.020520836114883423,
            "6": 0.003988407552242279,
            "7": 0.004775568842887878,
            "8": 0.030632535616556766
        },
        "BWT_Stream/eval_phase/test_stream": {
            "0": 0.02539467215538016,
            "1": 0.0036416689554851223,
            "2": -0.0009543804021981961,
            "3": -0.0008060534795124585,
            "4": -0.024822890758514404,
            "5": -0.020520836114883423,
            "6": 0.003988407552242279,
            "7": 0.004775568842887878,
            "8": 0.030632535616556766
        }
    }
}