{
    "0": {
        "Loss_Exp": 108.29217498065435,
        "RelativeDistance_Exp": 1.0620105564594269,
        "R2Score_Exp": 0.7561357021331787,
        "Forgetting_Exp": 0.1218259334564209,
        "BWT_Exp": -0.1218259334564209
    },
    "1": {
        "Loss_Exp": 71.82711126278299,
        "RelativeDistance_Exp": 1.019761860370636,
        "R2Score_Exp": 0.7924277186393738,
        "Forgetting_Exp": 0.08542785048484802,
        "BWT_Exp": -0.08542785048484802
    },
    "2": {
        "Loss_Exp": 53.293819175657255,
        "RelativeDistance_Exp": 0.7667014996210734,
        "R2Score_Exp": 0.8278380433718363,
        "Forgetting_Exp": -0.024186929066975837,
        "BWT_Exp": 0.024186929066975837
    },
    "3": {
        "Loss_Exp": 46.73806256891861,
        "RelativeDistance_Exp": 0.6620812714099884,
        "R2Score_Exp": 0.8463033139705658,
        "Forgetting_Exp": -0.016348928213119507,
        "BWT_Exp": 0.016348928213119507
    },
    "4": {
        "Loss_Exp": 45.44689999895407,
        "RelativeDistance_Exp": 0.7415189146995544,
        "R2Score_Exp": 0.8512719422578812,
        "Forgetting_Exp": -0.02396334707736969,
        "BWT_Exp": 0.02396334707736969
    },
    "5": {
        "Loss_Exp": 42.97678756713867,
        "RelativeDistance_Exp": 0.7031834522883097,
        "R2Score_Exp": 0.8322567542394003,
        "Forgetting_Exp": 0.000855863094329834,
        "BWT_Exp": -0.000855863094329834
    },
    "6": {
        "Loss_Exp": 52.35756521923886,
        "RelativeDistance_Exp": 0.7330378095308939,
        "R2Score_Exp": 0.841018557548523,
        "Forgetting_Exp": -0.0002905130386352539,
        "BWT_Exp": 0.0002905130386352539
    },
    "7": {
        "Loss_Exp": 37.33077621459961,
        "RelativeDistance_Exp": 0.7031944990158081,
        "R2Score_Exp": 0.8528003096580505,
        "Forgetting_Exp": 0.019793450832366943,
        "BWT_Exp": -0.019793450832366943
    },
    "8": {
        "Loss_Exp": 48.63363916663617,
        "RelativeDistance_Exp": 0.8122885823249817,
        "R2Score_Exp": 0.8558230400085449,
        "Forgetting_Exp": -0.004676550626754761,
        "BWT_Exp": 0.004676550626754761
    },
    "9": {
        "Loss_Exp": 55.1217950104289,
        "RelativeDistance_Exp": 0.8056598901748657,
        "R2Score_Exp": 0.850658118724823
    },
    "stream": {
        "Loss_Stream/eval_phase/test_stream": 55.069666411698954,
        "RelativeDistance_Stream/eval_phase/test_stream": 0.7917351151506106,
        "R2Score_Stream/eval_phase/test_stream": 0.8318301637967428,
        "Forgetting_Stream/eval_phase/test_stream": {
            "0": 0.1218259334564209,
            "1": 0.08542785048484802,
            "2": -0.024186929066975837,
            "3": -0.016348928213119507,
            "4": -0.02396334707736969,
            "5": 0.000855863094329834,
            "6": -0.0002905130386352539,
            "7": 0.019793450832366943,
            "8": -0.004676550626754761
        },
        "BWT_Stream/eval_phase/test_stream": {
            "0": 0.1218259334564209,
            "1": 0.08542785048484802,
            "2": -0.024186929066975837,
            "3": -0.016348928213119507,
            "4": -0.02396334707736969,
            "5": 0.000855863094329834,
            "6": -0.0002905130386352539,
            "7": 0.019793450832366943,
            "8": -0.004676550626754761
        }
    }
}