{
    "0": {
        "Loss_Exp": 37.935873691390896,
        "Time_Exp": 0.18342289999782224,
        "RelativeDistance_Exp": 0.9862177610397339,
        "R2Score_Exp": 0.8343125879764557,
        "Forgetting_Exp": 0.05780943036079411,
        "BWT_Exp": -0.05780943036079411
    },
    "1": {
        "Loss_Exp": 48.62523802292682,
        "Time_Exp": 0.30491470000197296,
        "RelativeDistance_Exp": 1.1766671895980836,
        "R2Score_Exp": 0.8024362842241923,
        "Forgetting_Exp": 0.013756597042083762,
        "BWT_Exp": -0.013756597042083762
    },
    "2": {
        "Loss_Exp": 38.52102725133091,
        "Time_Exp": 0.3559303000001819,
        "RelativeDistance_Exp": 1.0347678936444795,
        "R2Score_Exp": 0.8398519250062796,
        "Forgetting_Exp": 0.003993676258967516,
        "BWT_Exp": -0.003993676258967516
    },
    "3": {
        "Loss_Exp": 36.92592038030094,
        "Time_Exp": 0.17181640000126208,
        "RelativeDistance_Exp": 1.2651950120925903,
        "R2Score_Exp": 0.8565574619505141,
        "Forgetting_Exp": -0.009657098187340618,
        "BWT_Exp": 0.009657098187340618
    },
    "4": {
        "Loss_Exp": 40.701583917350824,
        "Time_Exp": 0.1372994999983348,
        "RelativeDistance_Exp": 1.1316224506923132,
        "R2Score_Exp": 0.8423891322953361,
        "Forgetting_Exp": -0.025071348462786025,
        "BWT_Exp": 0.025071348462786025
    },
    "5": {
        "Loss_Exp": 38.63358233097058,
        "Time_Exp": 0.09932109999863314,
        "RelativeDistance_Exp": 0.9481515089670817,
        "R2Score_Exp": 0.8524995446205139,
        "Forgetting_Exp": -0.01337786515553796,
        "BWT_Exp": 0.01337786515553796
    },
    "6": {
        "Loss_Exp": 35.59549082610949,
        "Time_Exp": 0.15145019999908982,
        "RelativeDistance_Exp": 1.1555798575282097,
        "R2Score_Exp": 0.8690306395292282,
        "Forgetting_Exp": -0.008859477937221527,
        "BWT_Exp": 0.008859477937221527
    },
    "7": {
        "Loss_Exp": 51.7943658680899,
        "Time_Exp": 0.10290480000185198,
        "RelativeDistance_Exp": 0.909940093755722,
        "R2Score_Exp": 0.8221417367458344,
        "Forgetting_Exp": 0.004560284316539764,
        "BWT_Exp": -0.004560284316539764
    },
    "8": {
        "Loss_Exp": 37.580823331975566,
        "Time_Exp": 0.03242840000166325,
        "RelativeDistance_Exp": 0.9677129586537679,
        "R2Score_Exp": 0.8718109130859375,
        "Forgetting_Exp": 0.023362457752227783,
        "BWT_Exp": -0.023362457752227783
    },
    "9": {
        "Loss_Exp": 34.07089778700646,
        "Time_Exp": 0.018479200000001583,
        "RelativeDistance_Exp": 0.9869576692581177,
        "R2Score_Exp": 0.889064610004425
    },
    "stream": {
        "Loss_Stream/eval_phase/test_stream": 41.283049555199234,
        "Time_Stream/eval_phase/test_stream": 1.5855215999981738,
        "RelativeDistance_Stream/eval_phase/test_stream": 1.0785481878268866,
        "R2Score_Stream/eval_phase/test_stream": 0.838783018382979,
        "Forgetting_Stream/eval_phase/test_stream": {
            "0": 0.05780943036079411,
            "1": 0.013756597042083762,
            "2": 0.003993676258967516,
            "3": -0.009657098187340618,
            "4": -0.025071348462786025,
            "5": -0.01337786515553796,
            "6": -0.008859477937221527,
            "7": 0.004560284316539764,
            "8": 0.023362457752227783
        },
        "BWT_Stream/eval_phase/test_stream": {
            "0": 0.05780943036079411,
            "1": 0.013756597042083762,
            "2": 0.003993676258967516,
            "3": -0.009657098187340618,
            "4": -0.025071348462786025,
            "5": -0.01337786515553796,
            "6": -0.008859477937221527,
            "7": 0.004560284316539764,
            "8": 0.023362457752227783
        }
    }
}