{
    "0": {
        "Loss_Exp": 38.40121038824757,
        "RelativeDistance_Exp": 1.0158791840076447,
        "R2Score_Exp": 0.825967800617218,
        "Forgetting_Exp": 0.025846940279007025,
        "BWT_Exp": -0.025846940279007025
    },
    "1": {
        "Loss_Exp": 44.03321472013343,
        "RelativeDistance_Exp": 0.9785181045532226,
        "R2Score_Exp": 0.8134922583897909,
        "Forgetting_Exp": 0.031398117542266846,
        "BWT_Exp": -0.031398117542266846
    },
    "2": {
        "Loss_Exp": 34.95497963610576,
        "RelativeDistance_Exp": 0.9575315347084632,
        "R2Score_Exp": 0.8496076739751376,
        "Forgetting_Exp": 0.013432186383467437,
        "BWT_Exp": -0.013432186383467437
    },
    "3": {
        "Loss_Exp": 29.444296433063027,
        "RelativeDistance_Exp": 1.0467480089929369,
        "R2Score_Exp": 0.8813463979297214,
        "Forgetting_Exp": 0.019058843453725216,
        "BWT_Exp": -0.019058843453725216
    },
    "4": {
        "Loss_Exp": 32.307196610857325,
        "RelativeDistance_Exp": 0.9937552383967808,
        "R2Score_Exp": 0.8712224960327148,
        "Forgetting_Exp": 0.002017378807067871,
        "BWT_Exp": -0.002017378807067871
    },
    "5": {
        "Loss_Exp": 32.30779713313739,
        "RelativeDistance_Exp": 0.9176428616046906,
        "R2Score_Exp": 0.8740130166212717,
        "Forgetting_Exp": -0.008158892393112183,
        "BWT_Exp": 0.008158892393112183
    },
    "6": {
        "Loss_Exp": 31.593979522314406,
        "RelativeDistance_Exp": 1.234180562198162,
        "R2Score_Exp": 0.8782069087028503,
        "Forgetting_Exp": 0.007312208414077759,
        "BWT_Exp": -0.007312208414077759
    },
    "7": {
        "Loss_Exp": 41.75624159583911,
        "RelativeDistance_Exp": 0.8520752191543579,
        "R2Score_Exp": 0.8510478660464287,
        "Forgetting_Exp": 0.017676904797554016,
        "BWT_Exp": -0.017676904797554016
    },
    "8": {
        "Loss_Exp": 29.494524603428342,
        "RelativeDistance_Exp": 0.7912594676017761,
        "R2Score_Exp": 0.8930385311444601,
        "Forgetting_Exp": 0.018474876880645752,
        "BWT_Exp": -0.018474876880645752
    },
    "9": {
        "Loss_Exp": 22.83234022234208,
        "RelativeDistance_Exp": 0.7603079378604889,
        "R2Score_Exp": 0.9194546043872833
    },
    "stream": {
        "Loss_Stream/eval_phase/test_stream": 36.05117102128299,
        "RelativeDistance_Stream/eval_phase/test_stream": 0.9845899976330039,
        "R2Score_Stream/eval_phase/test_stream": 0.853503429595335,
        "Forgetting_Stream/eval_phase/test_stream": {
            "0": 0.025846940279007025,
            "1": 0.031398117542266846,
            "2": 0.013432186383467437,
            "3": 0.019058843453725216,
            "4": 0.002017378807067871,
            "5": -0.008158892393112183,
            "6": 0.007312208414077759,
            "7": 0.017676904797554016,
            "8": 0.018474876880645752
        },
        "BWT_Stream/eval_phase/test_stream": {
            "0": 0.025846940279007025,
            "1": 0.031398117542266846,
            "2": 0.013432186383467437,
            "3": 0.019058843453725216,
            "4": 0.002017378807067871,
            "5": -0.008158892393112183,
            "6": 0.007312208414077759,
            "7": 0.017676904797554016,
            "8": 0.018474876880645752
        }
    }
}