{
    "0": {
        "Loss_Exp": 36.12276077270508,
        "RelativeDistance_Exp": 0.7538809776306152,
        "R2Score_Exp": 0.8435057997703552,
        "Forgetting_Exp": 0.04599660634994507,
        "BWT_Exp": -0.04599660634994507
    },
    "1": {
        "Loss_Exp": 38.7669792175293,
        "RelativeDistance_Exp": 0.7054535150527954,
        "R2Score_Exp": 0.8338454365730286,
        "Forgetting_Exp": 0.041611552238464355,
        "BWT_Exp": -0.041611552238464355
    },
    "2": {
        "Loss_Exp": 33.0800895690918,
        "RelativeDistance_Exp": 0.696731686592102,
        "R2Score_Exp": 0.8559374809265137,
        "Forgetting_Exp": 0.03432571887969971,
        "BWT_Exp": -0.03432571887969971
    },
    "3": {
        "Loss_Exp": 24.254348754882812,
        "RelativeDistance_Exp": 0.6943106055259705,
        "R2Score_Exp": 0.9035754203796387,
        "Forgetting_Exp": 0.018852710723876953,
        "BWT_Exp": -0.018852710723876953
    },
    "4": {
        "Loss_Exp": 25.557931900024414,
        "RelativeDistance_Exp": 0.7033282518386841,
        "R2Score_Exp": 0.893761157989502,
        "Forgetting_Exp": 0.002025604248046875,
        "BWT_Exp": -0.002025604248046875
    },
    "5": {
        "Loss_Exp": 28.575511932373047,
        "RelativeDistance_Exp": 0.6329315304756165,
        "R2Score_Exp": 0.8870482444763184,
        "Forgetting_Exp": -0.008674561977386475,
        "BWT_Exp": 0.008674561977386475
    },
    "6": {
        "Loss_Exp": 28.516494750976562,
        "RelativeDistance_Exp": 0.7795665264129639,
        "R2Score_Exp": 0.8893263339996338,
        "Forgetting_Exp": 0.00952768325805664,
        "BWT_Exp": -0.00952768325805664
    },
    "7": {
        "Loss_Exp": 36.90294647216797,
        "RelativeDistance_Exp": 0.5554301738739014,
        "R2Score_Exp": 0.8688808679580688,
        "Forgetting_Exp": 0.0182836651802063,
        "BWT_Exp": -0.0182836651802063
    },
    "8": {
        "Loss_Exp": 26.46942138671875,
        "RelativeDistance_Exp": 0.5474989414215088,
        "R2Score_Exp": 0.9111486673355103,
        "Forgetting_Exp": -0.0029562711715698242,
        "BWT_Exp": 0.0029562711715698242
    },
    "9": {
        "Loss_Exp": 21.270524978637695,
        "RelativeDistance_Exp": 0.5175603628158569,
        "R2Score_Exp": 0.9273183345794678
    },
    "stream": {
        "Loss_Stream/eval_phase/test_stream": 32.113905674820074,
        "RelativeDistance_Stream/eval_phase/test_stream": 0.6586692571640015,
        "R2Score_Stream/eval_phase/test_stream": 0.8814347743988037,
        "Forgetting_Stream/eval_phase/test_stream": {
            "0": 0.04599660634994507,
            "1": 0.041611552238464355,
            "2": 0.03432571887969971,
            "3": 0.018852710723876953,
            "4": 0.002025604248046875,
            "5": -0.008674561977386475,
            "6": 0.00952768325805664,
            "7": 0.0182836651802063,
            "8": -0.0029562711715698242
        },
        "BWT_Stream/eval_phase/test_stream": {
            "0": 0.04599660634994507,
            "1": 0.041611552238464355,
            "2": 0.03432571887969971,
            "3": 0.018852710723876953,
            "4": 0.002025604248046875,
            "5": -0.008674561977386475,
            "6": 0.00952768325805664,
            "7": 0.0182836651802063,
            "8": -0.0029562711715698242
        }
    }
}