{
    "0": {
        "Loss_Exp": 51.194906800148125,
        "RelativeDistance_Exp": 0.8598538339138031,
        "R2Score_Exp": 0.7755461275577545,
        "Forgetting_Exp": 0.11180616021156309,
        "BWT_Exp": -0.11180616021156309
    },
    "1": {
        "Loss_Exp": 48.036869354995574,
        "RelativeDistance_Exp": 0.7468280156453451,
        "R2Score_Exp": 0.7991280913352966,
        "Forgetting_Exp": 0.088994312286377,
        "BWT_Exp": -0.088994312286377
    },
    "2": {
        "Loss_Exp": 33.79628987928144,
        "RelativeDistance_Exp": 0.7125573846010061,
        "R2Score_Exp": 0.8553455426142766,
        "Forgetting_Exp": 0.041005891103010894,
        "BWT_Exp": -0.041005891103010894
    },
    "3": {
        "Loss_Exp": 27.568055084018443,
        "RelativeDistance_Exp": 0.7233736846182082,
        "R2Score_Exp": 0.8902121716075473,
        "Forgetting_Exp": 0.03660869598388672,
        "BWT_Exp": -0.03660869598388672
    },
    "4": {
        "Loss_Exp": 27.72798776802429,
        "RelativeDistance_Exp": 0.6852055702890668,
        "R2Score_Exp": 0.89378650699343,
        "Forgetting_Exp": 0.009104762758527452,
        "BWT_Exp": -0.009104762758527452
    },
    "5": {
        "Loss_Exp": 28.444400743462552,
        "RelativeDistance_Exp": 0.6430115103721619,
        "R2Score_Exp": 0.8862438102563223,
        "Forgetting_Exp": 0.00022354722023010254,
        "BWT_Exp": -0.00022354722023010254
    },
    "6": {
        "Loss_Exp": 29.12037933101682,
        "RelativeDistance_Exp": 0.7996101453900337,
        "R2Score_Exp": 0.885046474635601,
        "Forgetting_Exp": 0.010588698089122772,
        "BWT_Exp": -0.010588698089122772
    },
    "7": {
        "Loss_Exp": 37.350547047714386,
        "RelativeDistance_Exp": 0.557856060564518,
        "R2Score_Exp": 0.8707174584269524,
        "Forgetting_Exp": 0.015755295753479004,
        "BWT_Exp": -0.015755295753479004
    },
    "8": {
        "Loss_Exp": 26.016922065346215,
        "RelativeDistance_Exp": 0.5207011997699738,
        "R2Score_Exp": 0.9030478398005167,
        "Forgetting_Exp": 0.013222257296244377,
        "BWT_Exp": -0.013222257296244377
    },
    "9": {
        "Loss_Exp": 20.36088996077113,
        "RelativeDistance_Exp": 0.4896456003189087,
        "R2Score_Exp": 0.9236854314804077
    },
    "stream": {
        "Loss_Stream/eval_phase/test_stream": 36.523567733799474,
        "RelativeDistance_Stream/eval_phase/test_stream": 0.7114839535436512,
        "R2Score_Stream/eval_phase/test_stream": 0.8524738086594476,
        "Forgetting_Stream/eval_phase/test_stream": {
            "0": 0.11180616021156309,
            "1": 0.088994312286377,
            "2": 0.041005891103010894,
            "3": 0.03660869598388672,
            "4": 0.009104762758527452,
            "5": 0.00022354722023010254,
            "6": 0.010588698089122772,
            "7": 0.015755295753479004,
            "8": 0.013222257296244377
        },
        "BWT_Stream/eval_phase/test_stream": {
            "0": 0.11180616021156309,
            "1": 0.088994312286377,
            "2": 0.041005891103010894,
            "3": 0.03660869598388672,
            "4": 0.009104762758527452,
            "5": 0.00022354722023010254,
            "6": 0.010588698089122772,
            "7": 0.015755295753479004,
            "8": 0.013222257296244377
        }
    }
}