{
    "0": {
        "Loss_Exp": 76.8150863647461,
        "RelativeDistance_Exp": 0.8058270812034607,
        "R2Score_Exp": 0.7377446293830872,
        "Forgetting_Exp": 0.11052823066711426,
        "BWT_Exp": -0.11052823066711426
    },
    "1": {
        "Loss_Exp": 42.75605392456055,
        "RelativeDistance_Exp": 0.7350769639015198,
        "R2Score_Exp": 0.8362734317779541,
        "Forgetting_Exp": 0.060305655002593994,
        "BWT_Exp": -0.060305655002593994
    },
    "2": {
        "Loss_Exp": 51.83708953857422,
        "RelativeDistance_Exp": 0.5831603407859802,
        "R2Score_Exp": 0.7989423274993896,
        "Forgetting_Exp": 0.036324501037597656,
        "BWT_Exp": -0.036324501037597656
    },
    "3": {
        "Loss_Exp": 38.30108642578125,
        "RelativeDistance_Exp": 0.5134062767028809,
        "R2Score_Exp": 0.8421406745910645,
        "Forgetting_Exp": 0.026007533073425293,
        "BWT_Exp": -0.026007533073425293
    },
    "4": {
        "Loss_Exp": 32.312347412109375,
        "RelativeDistance_Exp": 0.5641276240348816,
        "R2Score_Exp": 0.8331027626991272,
        "Forgetting_Exp": 0.06302660703659058,
        "BWT_Exp": -0.06302660703659058
    },
    "5": {
        "Loss_Exp": 37.333290100097656,
        "RelativeDistance_Exp": 0.5489628911018372,
        "R2Score_Exp": 0.8059147596359253,
        "Forgetting_Exp": 0.07333946228027344,
        "BWT_Exp": -0.07333946228027344
    },
    "6": {
        "Loss_Exp": 37.011905670166016,
        "RelativeDistance_Exp": 0.4798397719860077,
        "R2Score_Exp": 0.8295913338661194,
        "Forgetting_Exp": 0.04041004180908203,
        "BWT_Exp": -0.04041004180908203
    },
    "7": {
        "Loss_Exp": 31.210596084594727,
        "RelativeDistance_Exp": 0.4347093999385834,
        "R2Score_Exp": 0.8456605672836304,
        "Forgetting_Exp": 0.05692780017852783,
        "BWT_Exp": -0.05692780017852783
    },
    "8": {
        "Loss_Exp": 34.37294006347656,
        "RelativeDistance_Exp": 0.3956923186779022,
        "R2Score_Exp": 0.8634990453720093,
        "Forgetting_Exp": 0.016622185707092285,
        "BWT_Exp": -0.016622185707092285
    },
    "9": {
        "Loss_Exp": 38.501033782958984,
        "RelativeDistance_Exp": 0.5546573996543884,
        "R2Score_Exp": 0.8700441122055054
    },
    "stream": {
        "Loss_Stream/eval_phase/test_stream": 41.82727729770756,
        "RelativeDistance_Stream/eval_phase/test_stream": 0.5615460067987442,
        "R2Score_Stream/eval_phase/test_stream": 0.8262913644313812,
        "Forgetting_Stream/eval_phase/test_stream": {
            "0": 0.11052823066711426,
            "1": 0.060305655002593994,
            "2": 0.036324501037597656,
            "3": 0.026007533073425293,
            "4": 0.06302660703659058,
            "5": 0.07333946228027344,
            "6": 0.04041004180908203,
            "7": 0.05692780017852783,
            "8": 0.016622185707092285
        },
        "BWT_Stream/eval_phase/test_stream": {
            "0": 0.11052823066711426,
            "1": 0.060305655002593994,
            "2": 0.036324501037597656,
            "3": 0.026007533073425293,
            "4": 0.06302660703659058,
            "5": 0.07333946228027344,
            "6": 0.04041004180908203,
            "7": 0.05692780017852783,
            "8": 0.016622185707092285
        }
    }
}