{
    "0": {
        "Loss_Exp": 62.029749347678774,
        "RelativeDistance_Exp": 1.4519652247428894,
        "R2Score_Exp": 0.7408559262752533,
        "Forgetting_Exp": 0.11101453900337221,
        "BWT_Exp": -0.11101453900337221
    },
    "1": {
        "Loss_Exp": 67.24932646849005,
        "RelativeDistance_Exp": 1.4736906925837199,
        "R2Score_Exp": 0.7367520689964294,
        "Forgetting_Exp": 0.11648770570755007,
        "BWT_Exp": -0.11648770570755007
    },
    "2": {
        "Loss_Exp": 48.303770241476165,
        "RelativeDistance_Exp": 1.2063614588517408,
        "R2Score_Exp": 0.7994766877247736,
        "Forgetting_Exp": 0.07589464004223168,
        "BWT_Exp": -0.07589464004223168
    },
    "3": {
        "Loss_Exp": 36.62891688762447,
        "RelativeDistance_Exp": 1.2408694956037734,
        "R2Score_Exp": 0.8577844103177389,
        "Forgetting_Exp": 0.05269668499628699,
        "BWT_Exp": -0.05269668499628699
    },
    "4": {
        "Loss_Exp": 42.68379370692603,
        "RelativeDistance_Exp": 1.1322329810687475,
        "R2Score_Exp": 0.8418635896274022,
        "Forgetting_Exp": 0.042114104543413466,
        "BWT_Exp": -0.042114104543413466
    },
    "5": {
        "Loss_Exp": 41.5671138633027,
        "RelativeDistance_Exp": 1.0176287392775218,
        "R2Score_Exp": 0.8410545388857523,
        "Forgetting_Exp": 0.032729585965474484,
        "BWT_Exp": -0.032729585965474484
    },
    "6": {
        "Loss_Exp": 37.067157645814824,
        "RelativeDistance_Exp": 1.3359180241823196,
        "R2Score_Exp": 0.8603048250079155,
        "Forgetting_Exp": 0.02748814970254898,
        "BWT_Exp": -0.02748814970254898
    },
    "7": {
        "Loss_Exp": 43.25144143269248,
        "RelativeDistance_Exp": 0.908012680709362,
        "R2Score_Exp": 0.8519840687513351,
        "Forgetting_Exp": 0.026365697383880615,
        "BWT_Exp": -0.026365697383880615
    },
    "8": {
        "Loss_Exp": 33.32904385710704,
        "RelativeDistance_Exp": 0.8151418765385946,
        "R2Score_Exp": 0.8832433025042216,
        "Forgetting_Exp": 0.030960142612457275,
        "BWT_Exp": -0.030960142612457275
    },
    "9": {
        "Loss_Exp": 21.444360252416644,
        "RelativeDistance_Exp": 0.7738524675369263,
        "R2Score_Exp": 0.9200737774372101
    },
    "stream": {
        "Loss_Stream/eval_phase/test_stream": 48.86160659188006,
        "RelativeDistance_Stream/eval_phase/test_stream": 1.2277965008476635,
        "R2Score_Stream/eval_phase/test_stream": 0.8111192333845445,
        "Forgetting_Stream/eval_phase/test_stream": {
            "0": 0.11101453900337221,
            "1": 0.11648770570755007,
            "2": 0.07589464004223168,
            "3": 0.05269668499628699,
            "4": 0.042114104543413466,
            "5": 0.032729585965474484,
            "6": 0.02748814970254898,
            "7": 0.026365697383880615,
            "8": 0.030960142612457275
        },
        "BWT_Stream/eval_phase/test_stream": {
            "0": 0.11101453900337221,
            "1": 0.11648770570755007,
            "2": 0.07589464004223168,
            "3": 0.05269668499628699,
            "4": 0.042114104543413466,
            "5": 0.032729585965474484,
            "6": 0.02748814970254898,
            "7": 0.026365697383880615,
            "8": 0.030960142612457275
        }
    }
}