{
    "0": {
        "Loss_Exp": 24.975194931030273,
        "RelativeDistance_Exp": 0.6339775919914246,
        "R2Score_Exp": 0.8876909017562866,
        "Forgetting_Exp": 0.0018445849418640137,
        "BWT_Exp": -0.0018445849418640137
    },
    "1": {
        "Loss_Exp": 25.532682418823242,
        "RelativeDistance_Exp": 0.5791366100311279,
        "R2Score_Exp": 0.8894423246383667,
        "Forgetting_Exp": -0.010621070861816406,
        "BWT_Exp": 0.010621070861816406
    },
    "2": {
        "Loss_Exp": 24.10171127319336,
        "RelativeDistance_Exp": 0.5959914326667786,
        "R2Score_Exp": 0.8923550844192505,
        "Forgetting_Exp": -0.006315886974334717,
        "BWT_Exp": 0.006315886974334717
    },
    "3": {
        "Loss_Exp": 17.87195587158203,
        "RelativeDistance_Exp": 0.6418986320495605,
        "R2Score_Exp": 0.9279457926750183,
        "Forgetting_Exp": -0.00695192813873291,
        "BWT_Exp": 0.00695192813873291
    },
    "4": {
        "Loss_Exp": 20.49558448791504,
        "RelativeDistance_Exp": 0.6334860324859619,
        "R2Score_Exp": 0.9144635200500488,
        "Forgetting_Exp": -0.020739436149597168,
        "BWT_Exp": 0.020739436149597168
    },
    "5": {
        "Loss_Exp": 24.223451614379883,
        "RelativeDistance_Exp": 0.594809353351593,
        "R2Score_Exp": 0.9030556678771973,
        "Forgetting_Exp": -0.026571273803710938,
        "BWT_Exp": 0.026571273803710938
    },
    "6": {
        "Loss_Exp": 24.725669860839844,
        "RelativeDistance_Exp": 0.7284137010574341,
        "R2Score_Exp": 0.9023087024688721,
        "Forgetting_Exp": -0.006174743175506592,
        "BWT_Exp": 0.006174743175506592
    },
    "7": {
        "Loss_Exp": 34.0769157409668,
        "RelativeDistance_Exp": 0.5237712860107422,
        "R2Score_Exp": 0.877785325050354,
        "Forgetting_Exp": 0.006926536560058594,
        "BWT_Exp": -0.006926536560058594
    },
    "8": {
        "Loss_Exp": 28.560096740722656,
        "RelativeDistance_Exp": 0.5467737913131714,
        "R2Score_Exp": 0.9030964374542236,
        "Forgetting_Exp": -0.0069427490234375,
        "BWT_Exp": 0.0069427490234375
    },
    "9": {
        "Loss_Exp": 21.28607749938965,
        "RelativeDistance_Exp": 0.5261638164520264,
        "R2Score_Exp": 0.9290981292724609
    },
    "stream": {
        "Loss_Stream/eval_phase/test_stream": 24.6115267289016,
        "RelativeDistance_Stream/eval_phase/test_stream": 0.6004422247409821,
        "R2Score_Stream/eval_phase/test_stream": 0.9027241885662078,
        "Forgetting_Stream/eval_phase/test_stream": {
            "0": 0.0018445849418640137,
            "1": -0.010621070861816406,
            "2": -0.006315886974334717,
            "3": -0.00695192813873291,
            "4": -0.020739436149597168,
            "5": -0.026571273803710938,
            "6": -0.006174743175506592,
            "7": 0.006926536560058594,
            "8": -0.0069427490234375
        },
        "BWT_Stream/eval_phase/test_stream": {
            "0": 0.0018445849418640137,
            "1": -0.010621070861816406,
            "2": -0.006315886974334717,
            "3": -0.00695192813873291,
            "4": -0.020739436149597168,
            "5": -0.026571273803710938,
            "6": -0.006174743175506592,
            "7": 0.006926536560058594,
            "8": -0.0069427490234375
        }
    }
}