{
    "0": {
        "Loss_Exp": 49.820867542450785,
        "Time_Exp": 0.42499949999910314,
        "RelativeDistance_Exp": 1.166693639755249,
        "R2Score_Exp": 0.7955072104930878,
        "Forgetting_Exp": 0.09350177049636832,
        "BWT_Exp": -0.09350177049636832
    },
    "1": {
        "Loss_Exp": 54.89366006796796,
        "Time_Exp": 0.8039340999966953,
        "RelativeDistance_Exp": 1.199482806523641,
        "R2Score_Exp": 0.7861302177111308,
        "Forgetting_Exp": 0.02151809930801396,
        "BWT_Exp": -0.02151809930801396
    },
    "2": {
        "Loss_Exp": 43.50096735597753,
        "Time_Exp": 0.6354210999998031,
        "RelativeDistance_Exp": 1.2599512797135572,
        "R2Score_Exp": 0.8259423008331885,
        "Forgetting_Exp": 0.01653972955850458,
        "BWT_Exp": -0.01653972955850458
    },
    "3": {
        "Loss_Exp": 35.23318721649736,
        "Time_Exp": 0.37252980000630487,
        "RelativeDistance_Exp": 1.4571710957421198,
        "R2Score_Exp": 0.8645991219414605,
        "Forgetting_Exp": 0.02262945969899499,
        "BWT_Exp": -0.02262945969899499
    },
    "4": {
        "Loss_Exp": 39.96949482162889,
        "Time_Exp": 0.3029984000022523,
        "RelativeDistance_Exp": 1.3585006168910436,
        "R2Score_Exp": 0.8508818064417157,
        "Forgetting_Exp": 0.010927208832332114,
        "BWT_Exp": -0.010927208832332114
    },
    "5": {
        "Loss_Exp": 39.170898691304274,
        "Time_Exp": 0.26561700000456767,
        "RelativeDistance_Exp": 1.2552806735038757,
        "R2Score_Exp": 0.8561755021413168,
        "Forgetting_Exp": -0.009260863065719604,
        "BWT_Exp": 0.009260863065719604
    },
    "6": {
        "Loss_Exp": 36.36282387512297,
        "Time_Exp": 0.6650345000016387,
        "RelativeDistance_Exp": 1.4794307351112366,
        "R2Score_Exp": 0.8661099895834923,
        "Forgetting_Exp": -0.003732144832611084,
        "BWT_Exp": 0.003732144832611084
    },
    "7": {
        "Loss_Exp": 49.286070759607,
        "Time_Exp": 0.29550880000169855,
        "RelativeDistance_Exp": 1.1073609441518784,
        "R2Score_Exp": 0.8331765830516815,
        "Forgetting_Exp": 0.00942617654800415,
        "BWT_Exp": -0.00942617654800415
    },
    "8": {
        "Loss_Exp": 34.726938616195476,
        "Time_Exp": 0.1019945000007283,
        "RelativeDistance_Exp": 1.0611840883890789,
        "R2Score_Exp": 0.8712171912193298,
        "Forgetting_Exp": 0.034446537494659424,
        "BWT_Exp": -0.034446537494659424
    },
    "9": {
        "Loss_Exp": 21.280642006174322,
        "Time_Exp": 0.046542199997929856,
        "RelativeDistance_Exp": 0.9020344316959381,
        "R2Score_Exp": 0.9216640293598175
    },
    "stream": {
        "Loss_Stream/eval_phase/test_stream": 44.13473174755772,
        "Time_Stream/eval_phase/test_stream": 3.9808841999983997,
        "RelativeDistance_Stream/eval_phase/test_stream": 1.257731208830704,
        "R2Score_Stream/eval_phase/test_stream": 0.8322242623493995,
        "Forgetting_Stream/eval_phase/test_stream": {
            "0": 0.09350177049636832,
            "1": 0.02151809930801396,
            "2": 0.01653972955850458,
            "3": 0.02262945969899499,
            "4": 0.010927208832332114,
            "5": -0.009260863065719604,
            "6": -0.003732144832611084,
            "7": 0.00942617654800415,
            "8": 0.034446537494659424
        },
        "BWT_Stream/eval_phase/test_stream": {
            "0": 0.09350177049636832,
            "1": 0.02151809930801396,
            "2": 0.01653972955850458,
            "3": 0.02262945969899499,
            "4": 0.010927208832332114,
            "5": -0.009260863065719604,
            "6": -0.003732144832611084,
            "7": 0.00942617654800415,
            "8": 0.034446537494659424
        }
    }
}