{
    "0": {
        "Loss_Exp": 57.63457107543945,
        "RelativeDistance_Exp": 0.6071949601173401,
        "R2Score_Exp": 0.8074842095375061,
        "Forgetting_Exp": 0.03825956583023071,
        "BWT_Exp": -0.03825956583023071
    },
    "1": {
        "Loss_Exp": 30.720062255859375,
        "RelativeDistance_Exp": 0.5935273766517639,
        "R2Score_Exp": 0.8760379552841187,
        "Forgetting_Exp": 0.0193326473236084,
        "BWT_Exp": -0.0193326473236084
    },
    "2": {
        "Loss_Exp": 34.960811614990234,
        "RelativeDistance_Exp": 0.5032329559326172,
        "R2Score_Exp": 0.8479011058807373,
        "Forgetting_Exp": -0.008412837982177734,
        "BWT_Exp": 0.008412837982177734
    },
    "3": {
        "Loss_Exp": 27.44406509399414,
        "RelativeDistance_Exp": 0.4586944282054901,
        "R2Score_Exp": 0.8854450583457947,
        "Forgetting_Exp": -0.01448434591293335,
        "BWT_Exp": 0.01448434591293335
    },
    "4": {
        "Loss_Exp": 21.848384857177734,
        "RelativeDistance_Exp": 0.4495570957660675,
        "R2Score_Exp": 0.8919722437858582,
        "Forgetting_Exp": 0.010624110698699951,
        "BWT_Exp": -0.010624110698699951
    },
    "5": {
        "Loss_Exp": 29.33319664001465,
        "RelativeDistance_Exp": 0.46613672375679016,
        "R2Score_Exp": 0.8515858054161072,
        "Forgetting_Exp": 0.03355807065963745,
        "BWT_Exp": -0.03355807065963745
    },
    "6": {
        "Loss_Exp": 28.195215225219727,
        "RelativeDistance_Exp": 0.41568851470947266,
        "R2Score_Exp": 0.8653213381767273,
        "Forgetting_Exp": 0.016011416912078857,
        "BWT_Exp": -0.016011416912078857
    },
    "7": {
        "Loss_Exp": 26.444124221801758,
        "RelativeDistance_Exp": 0.5054561495780945,
        "R2Score_Exp": 0.8709290623664856,
        "Forgetting_Exp": 0.03436177968978882,
        "BWT_Exp": -0.03436177968978882
    },
    "8": {
        "Loss_Exp": 30.800792694091797,
        "RelativeDistance_Exp": 0.38041701912879944,
        "R2Score_Exp": 0.8683038353919983,
        "Forgetting_Exp": 0.021579384803771973,
        "BWT_Exp": -0.021579384803771973
    },
    "9": {
        "Loss_Exp": 37.22621154785156,
        "RelativeDistance_Exp": 0.5562689900398254,
        "R2Score_Exp": 0.8722357749938965
    },
    "stream": {
        "Loss_Stream/eval_phase/test_stream": 31.62400810818314,
        "RelativeDistance_Stream/eval_phase/test_stream": 0.4936174213886261,
        "R2Score_Stream/eval_phase/test_stream": 0.863721638917923,
        "Forgetting_Stream/eval_phase/test_stream": {
            "0": 0.03825956583023071,
            "1": 0.0193326473236084,
            "2": -0.008412837982177734,
            "3": -0.01448434591293335,
            "4": 0.010624110698699951,
            "5": 0.03355807065963745,
            "6": 0.016011416912078857,
            "7": 0.03436177968978882,
            "8": 0.021579384803771973
        },
        "BWT_Stream/eval_phase/test_stream": {
            "0": 0.03825956583023071,
            "1": 0.0193326473236084,
            "2": -0.008412837982177734,
            "3": -0.01448434591293335,
            "4": 0.010624110698699951,
            "5": 0.03355807065963745,
            "6": 0.016011416912078857,
            "7": 0.03436177968978882,
            "8": 0.021579384803771973
        }
    }
}