{
    "0": {
        "Loss_Exp": 82.51172280116388,
        "RelativeDistance_Exp": 0.9548186361789703,
        "R2Score_Exp": 0.8149749040603638,
        "Forgetting_Exp": 0.058945536613464355,
        "BWT_Exp": -0.058945536613464355
    },
    "1": {
        "Loss_Exp": 63.000747809226795,
        "RelativeDistance_Exp": 1.548463225364685,
        "R2Score_Exp": 0.8160116374492645,
        "Forgetting_Exp": 0.07918161153793335,
        "BWT_Exp": -0.07918161153793335
    },
    "2": {
        "Loss_Exp": 68.10168161986023,
        "RelativeDistance_Exp": 0.7563831607500712,
        "R2Score_Exp": 0.7819409370422363,
        "Forgetting_Exp": 0.03526630004247033,
        "BWT_Exp": -0.03526630004247033
    },
    "3": {
        "Loss_Exp": 46.35963912640523,
        "RelativeDistance_Exp": 0.6484510004520416,
        "R2Score_Exp": 0.8467222452163696,
        "Forgetting_Exp": 0.013013988733291626,
        "BWT_Exp": -0.013013988733291626
    },
    "4": {
        "Loss_Exp": 47.99594426719554,
        "RelativeDistance_Exp": 0.8583101183176041,
        "R2Score_Exp": 0.8410331308841705,
        "Forgetting_Exp": 0.0011716634035110474,
        "BWT_Exp": -0.0011716634035110474
    },
    "5": {
        "Loss_Exp": 45.672743424125336,
        "RelativeDistance_Exp": 0.7416802644729614,
        "R2Score_Exp": 0.821762482325236,
        "Forgetting_Exp": 0.021820803483327267,
        "BWT_Exp": -0.021820803483327267
    },
    "6": {
        "Loss_Exp": 56.86335264345715,
        "RelativeDistance_Exp": 0.7470731536547343,
        "R2Score_Exp": 0.8312951525052389,
        "Forgetting_Exp": 0.004497408866882324,
        "BWT_Exp": -0.004497408866882324
    },
    "7": {
        "Loss_Exp": 39.33928298950195,
        "RelativeDistance_Exp": 0.729225754737854,
        "R2Score_Exp": 0.8448805212974548,
        "Forgetting_Exp": 0.03824645280838013,
        "BWT_Exp": -0.03824645280838013
    },
    "8": {
        "Loss_Exp": 51.71642406502336,
        "RelativeDistance_Exp": 1.0338629186153412,
        "R2Score_Exp": 0.8304436802864075,
        "Forgetting_Exp": 0.006837695837020874,
        "BWT_Exp": -0.006837695837020874
    },
    "9": {
        "Loss_Exp": 57.605880234558455,
        "RelativeDistance_Exp": 0.8633562326431274,
        "R2Score_Exp": 0.8433747589588165
    },
    "stream": {
        "Loss_Stream/eval_phase/test_stream": 55.77209643255605,
        "RelativeDistance_Stream/eval_phase/test_stream": 0.8748241662979126,
        "R2Score_Stream/eval_phase/test_stream": 0.8257109671831131,
        "Forgetting_Stream/eval_phase/test_stream": {
            "0": 0.058945536613464355,
            "1": 0.07918161153793335,
            "2": 0.03526630004247033,
            "3": 0.013013988733291626,
            "4": 0.0011716634035110474,
            "5": 0.021820803483327267,
            "6": 0.004497408866882324,
            "7": 0.03824645280838013,
            "8": 0.006837695837020874
        },
        "BWT_Stream/eval_phase/test_stream": {
            "0": 0.058945536613464355,
            "1": 0.07918161153793335,
            "2": 0.03526630004247033,
            "3": 0.013013988733291626,
            "4": 0.0011716634035110474,
            "5": 0.021820803483327267,
            "6": 0.004497408866882324,
            "7": 0.03824645280838013,
            "8": 0.006837695837020874
        }
    }
}