{
    "0": {
        "Loss_Exp": 105.1056294201716,
        "RelativeDistance_Exp": 0.8522714972496033,
        "R2Score_Exp": 0.64490807056427,
        "Forgetting_Exp": 0.19166556000709534,
        "BWT_Exp": -0.19166556000709534
    },
    "1": {
        "Loss_Exp": 49.001061833632086,
        "RelativeDistance_Exp": 0.9132364988327026,
        "R2Score_Exp": 0.8182542324066162,
        "Forgetting_Exp": 0.07282698154449463,
        "BWT_Exp": -0.07282698154449463
    },
    "2": {
        "Loss_Exp": 56.000922370817015,
        "RelativeDistance_Exp": 0.6731142004330953,
        "R2Score_Exp": 0.787602424621582,
        "Forgetting_Exp": 0.05570526917775476,
        "BWT_Exp": -0.05570526917775476
    },
    "3": {
        "Loss_Exp": 39.92347848535304,
        "RelativeDistance_Exp": 0.568587064743042,
        "R2Score_Exp": 0.8481296896934509,
        "Forgetting_Exp": 0.03353238105773926,
        "BWT_Exp": -0.03353238105773926
    },
    "4": {
        "Loss_Exp": 32.588329383403384,
        "RelativeDistance_Exp": 0.5899875611066818,
        "R2Score_Exp": 0.8443559557199478,
        "Forgetting_Exp": 0.06541015207767487,
        "BWT_Exp": -0.06541015207767487
    },
    "5": {
        "Loss_Exp": 37.347834803434026,
        "RelativeDistance_Exp": 0.5769226352373759,
        "R2Score_Exp": 0.8246353268623352,
        "Forgetting_Exp": 0.0751081109046936,
        "BWT_Exp": -0.0751081109046936
    },
    "6": {
        "Loss_Exp": 40.54419647966929,
        "RelativeDistance_Exp": 0.5941735704739889,
        "R2Score_Exp": 0.8592090805371603,
        "Forgetting_Exp": 0.0001487135887145996,
        "BWT_Exp": -0.0001487135887145996
    },
    "7": {
        "Loss_Exp": 31.90571304060455,
        "RelativeDistance_Exp": 0.41358599066734314,
        "R2Score_Exp": 0.8586293756961823,
        "Forgetting_Exp": 0.0642988383769989,
        "BWT_Exp": -0.0642988383769989
    },
    "8": {
        "Loss_Exp": 32.91489077959689,
        "RelativeDistance_Exp": 0.49698302149772644,
        "R2Score_Exp": 0.8735534250736237,
        "Forgetting_Exp": 0.01692846417427063,
        "BWT_Exp": -0.01692846417427063
    },
    "9": {
        "Loss_Exp": 37.12247879340965,
        "RelativeDistance_Exp": 0.5538782179355621,
        "R2Score_Exp": 0.8765620589256287
    },
    "stream": {
        "Loss_Stream/eval_phase/test_stream": 45.67655583975216,
        "RelativeDistance_Stream/eval_phase/test_stream": 0.6195866417884827,
        "R2Score_Stream/eval_phase/test_stream": 0.8252735209465026,
        "Forgetting_Stream/eval_phase/test_stream": {
            "0": 0.19166556000709534,
            "1": 0.07282698154449463,
            "2": 0.05570526917775476,
            "3": 0.03353238105773926,
            "4": 0.06541015207767487,
            "5": 0.0751081109046936,
            "6": 0.0001487135887145996,
            "7": 0.0642988383769989,
            "8": 0.01692846417427063
        },
        "BWT_Stream/eval_phase/test_stream": {
            "0": 0.19166556000709534,
            "1": 0.07282698154449463,
            "2": 0.05570526917775476,
            "3": 0.03353238105773926,
            "4": 0.06541015207767487,
            "5": 0.0751081109046936,
            "6": 0.0001487135887145996,
            "7": 0.0642988383769989,
            "8": 0.01692846417427063
        }
    }
}