{
    "0": {
        "Loss_Exp": 30.25744712717628,
        "RelativeDistance_Exp": 0.910678917169571,
        "R2Score_Exp": 0.8622006952762604,
        "Forgetting_Exp": -0.010112392902374312,
        "BWT_Exp": 0.010112392902374312
    },
    "1": {
        "Loss_Exp": 31.669142219078044,
        "RelativeDistance_Exp": 0.8601201415061951,
        "R2Score_Exp": 0.8632541338602702,
        "Forgetting_Exp": -0.007674574851989746,
        "BWT_Exp": 0.007674574851989746
    },
    "2": {
        "Loss_Exp": 28.731033709868104,
        "RelativeDistance_Exp": 0.8759401394770696,
        "R2Score_Exp": 0.8736293315887451,
        "Forgetting_Exp": -0.008058969791118864,
        "BWT_Exp": 0.008058969791118864
    },
    "3": {
        "Loss_Exp": 23.449026932948364,
        "RelativeDistance_Exp": 0.98554085360633,
        "R2Score_Exp": 0.9044409129354689,
        "Forgetting_Exp": -0.006159047285715813,
        "BWT_Exp": 0.006159047285715813
    },
    "4": {
        "Loss_Exp": 25.823033584202065,
        "RelativeDistance_Exp": 0.9572489261627197,
        "R2Score_Exp": 0.8969979371343341,
        "Forgetting_Exp": -0.035106088433946914,
        "BWT_Exp": 0.035106088433946914
    },
    "5": {
        "Loss_Exp": 28.715616847030795,
        "RelativeDistance_Exp": 0.8837523957093557,
        "R2Score_Exp": 0.8860187033812205,
        "Forgetting_Exp": -0.026380300521850586,
        "BWT_Exp": 0.026380300521850586
    },
    "6": {
        "Loss_Exp": 27.92951257049245,
        "RelativeDistance_Exp": 1.1801427453756332,
        "R2Score_Exp": 0.8921267837285995,
        "Forgetting_Exp": -0.010266371071338654,
        "BWT_Exp": 0.010266371071338654
    },
    "7": {
        "Loss_Exp": 39.0139459781683,
        "RelativeDistance_Exp": 0.8220764622092247,
        "R2Score_Exp": 0.8624866902828217,
        "Forgetting_Exp": -0.0023179426789283752,
        "BWT_Exp": 0.0023179426789283752
    },
    "8": {
        "Loss_Exp": 30.83821096678511,
        "RelativeDistance_Exp": 0.7794904311498007,
        "R2Score_Exp": 0.8880829215049744,
        "Forgetting_Exp": 0.01264311869939172,
        "BWT_Exp": -0.01264311869939172
    },
    "9": {
        "Loss_Exp": 25.076212821029447,
        "RelativeDistance_Exp": 0.7862974107265472,
        "R2Score_Exp": 0.9102878570556641
    },
    "stream": {
        "Loss_Stream/eval_phase/test_stream": 29.56485582370094,
        "RelativeDistance_Stream/eval_phase/test_stream": 0.9160216965793092,
        "R2Score_Stream/eval_phase/test_stream": 0.8788246733170969,
        "Forgetting_Stream/eval_phase/test_stream": {
            "0": -0.010112392902374312,
            "1": -0.007674574851989746,
            "2": -0.008058969791118864,
            "3": -0.006159047285715813,
            "4": -0.035106088433946914,
            "5": -0.026380300521850586,
            "6": -0.010266371071338654,
            "7": -0.0023179426789283752,
            "8": 0.01264311869939172
        },
        "BWT_Stream/eval_phase/test_stream": {
            "0": -0.010112392902374312,
            "1": -0.007674574851989746,
            "2": -0.008058969791118864,
            "3": -0.006159047285715813,
            "4": -0.035106088433946914,
            "5": -0.026380300521850586,
            "6": -0.010266371071338654,
            "7": -0.0023179426789283752,
            "8": 0.01264311869939172
        }
    }
}