{
    "0": {
        "Loss_Exp": 46.5131073062025,
        "RelativeDistance_Exp": 1.131189912557602,
        "R2Score_Exp": 0.789276796579361,
        "Forgetting_Exp": 0.05904586315155025,
        "BWT_Exp": -0.05904586315155025
    },
    "1": {
        "Loss_Exp": 51.451044729688604,
        "RelativeDistance_Exp": 0.9837014516194661,
        "R2Score_Exp": 0.7911199529965719,
        "Forgetting_Exp": 0.0590388933817545,
        "BWT_Exp": -0.0590388933817545
    },
    "2": {
        "Loss_Exp": 43.220298596564795,
        "RelativeDistance_Exp": 0.969769129386315,
        "R2Score_Exp": 0.8162103157777053,
        "Forgetting_Exp": 0.050009878782125594,
        "BWT_Exp": -0.050009878782125594
    },
    "3": {
        "Loss_Exp": 34.01719485763463,
        "RelativeDistance_Exp": 1.0618200037214491,
        "R2Score_Exp": 0.8676966494984097,
        "Forgetting_Exp": 0.030276205804612877,
        "BWT_Exp": -0.030276205804612877
    },
    "4": {
        "Loss_Exp": 37.66544585039127,
        "RelativeDistance_Exp": 1.0051524894578117,
        "R2Score_Exp": 0.8552025471414838,
        "Forgetting_Exp": 0.00344582114900871,
        "BWT_Exp": -0.00344582114900871
    },
    "5": {
        "Loss_Exp": 38.95181176072859,
        "RelativeDistance_Exp": 0.9205573598543803,
        "R2Score_Exp": 0.8448668718338013,
        "Forgetting_Exp": 0.008872807025909424,
        "BWT_Exp": -0.008872807025909424
    },
    "6": {
        "Loss_Exp": 35.36214318174496,
        "RelativeDistance_Exp": 1.2380098775029182,
        "R2Score_Exp": 0.8636732995510101,
        "Forgetting_Exp": 0.0076186805963516235,
        "BWT_Exp": -0.0076186805963516235
    },
    "7": {
        "Loss_Exp": 46.610865619152115,
        "RelativeDistance_Exp": 0.850442424416542,
        "R2Score_Exp": 0.836447462439537,
        "Forgetting_Exp": 0.013509869575500488,
        "BWT_Exp": -0.013509869575500488
    },
    "8": {
        "Loss_Exp": 33.65275932266494,
        "RelativeDistance_Exp": 0.7944106260935465,
        "R2Score_Exp": 0.8763091365496317,
        "Forgetting_Exp": 0.026156465212504143,
        "BWT_Exp": -0.026156465212504143
    },
    "9": {
        "Loss_Exp": 27.613747332251016,
        "RelativeDistance_Exp": 0.7753308713436127,
        "R2Score_Exp": 0.9021447598934174
    },
    "stream": {
        "Loss_Stream/eval_phase/test_stream": 42.37886972557975,
        "RelativeDistance_Stream/eval_phase/test_stream": 1.0053299165066378,
        "R2Score_Stream/eval_phase/test_stream": 0.8304860900949549,
        "Forgetting_Stream/eval_phase/test_stream": {
            "0": 0.05904586315155025,
            "1": 0.0590388933817545,
            "2": 0.050009878782125594,
            "3": 0.030276205804612877,
            "4": 0.00344582114900871,
            "5": 0.008872807025909424,
            "6": 0.0076186805963516235,
            "7": 0.013509869575500488,
            "8": 0.026156465212504143
        },
        "BWT_Stream/eval_phase/test_stream": {
            "0": 0.05904586315155025,
            "1": 0.0590388933817545,
            "2": 0.050009878782125594,
            "3": 0.030276205804612877,
            "4": 0.00344582114900871,
            "5": 0.008872807025909424,
            "6": 0.0076186805963516235,
            "7": 0.013509869575500488,
            "8": 0.026156465212504143
        }
    }
}