{
    "0": {
        "Loss_Exp": 61.94487891527092,
        "RelativeDistance_Exp": 1.1369630634784698,
        "R2Score_Exp": 0.7398147583007812,
        "Forgetting_Exp": 0.11294652819633488,
        "BWT_Exp": -0.11294652819633488
    },
    "1": {
        "Loss_Exp": 66.6245641419731,
        "RelativeDistance_Exp": 1.1756060123443604,
        "R2Score_Exp": 0.734728193283081,
        "Forgetting_Exp": 0.1172574917475383,
        "BWT_Exp": -0.1172574917475383
    },
    "2": {
        "Loss_Exp": 49.53862729932441,
        "RelativeDistance_Exp": 1.0440555489980257,
        "R2Score_Exp": 0.7943992981543908,
        "Forgetting_Exp": 0.07640843208019543,
        "BWT_Exp": -0.07640843208019543
    },
    "3": {
        "Loss_Exp": 38.188248037165344,
        "RelativeDistance_Exp": 1.1264470683203802,
        "R2Score_Exp": 0.853014866511027,
        "Forgetting_Exp": 0.05119389957851839,
        "BWT_Exp": -0.05119389957851839
    },
    "4": {
        "Loss_Exp": 45.732366368310736,
        "RelativeDistance_Exp": 1.0320047906466894,
        "R2Score_Exp": 0.8159436668668475,
        "Forgetting_Exp": 0.05788597038813992,
        "BWT_Exp": -0.05788597038813992
    },
    "5": {
        "Loss_Exp": 45.49041616946474,
        "RelativeDistance_Exp": 0.9574008683363596,
        "R2Score_Exp": 0.8268588682015737,
        "Forgetting_Exp": 0.033935705820719364,
        "BWT_Exp": -0.033935705820719364
    },
    "6": {
        "Loss_Exp": 39.427264417820176,
        "RelativeDistance_Exp": 1.2746051847934723,
        "R2Score_Exp": 0.8530867174267769,
        "Forgetting_Exp": 0.02363303303718567,
        "BWT_Exp": -0.02363303303718567
    },
    "7": {
        "Loss_Exp": 48.57969477749208,
        "RelativeDistance_Exp": 0.8715523779392242,
        "R2Score_Exp": 0.8349332436919212,
        "Forgetting_Exp": 0.026045389473438263,
        "BWT_Exp": -0.026045389473438263
    },
    "8": {
        "Loss_Exp": 36.6492050261933,
        "RelativeDistance_Exp": 0.8534106810887655,
        "R2Score_Exp": 0.8642489115397135,
        "Forgetting_Exp": 0.03022511800130212,
        "BWT_Exp": -0.03022511800130212
    },
    "9": {
        "Loss_Exp": 27.194991817565047,
        "RelativeDistance_Exp": 0.8174960613250732,
        "R2Score_Exp": 0.8994005918502808
    },
    "stream": {
        "Loss_Stream/eval_phase/test_stream": 50.61038798999799,
        "RelativeDistance_Stream/eval_phase/test_stream": 1.0746591356065538,
        "R2Score_Stream/eval_phase/test_stream": 0.8023686622395928,
        "Forgetting_Stream/eval_phase/test_stream": {
            "0": 0.11294652819633488,
            "1": 0.1172574917475383,
            "2": 0.07640843208019543,
            "3": 0.05119389957851839,
            "4": 0.05788597038813992,
            "5": 0.033935705820719364,
            "6": 0.02363303303718567,
            "7": 0.026045389473438263,
            "8": 0.03022511800130212
        },
        "BWT_Stream/eval_phase/test_stream": {
            "0": 0.11294652819633488,
            "1": 0.1172574917475383,
            "2": 0.07640843208019543,
            "3": 0.05119389957851839,
            "4": 0.05788597038813992,
            "5": 0.033935705820719364,
            "6": 0.02363303303718567,
            "7": 0.026045389473438263,
            "8": 0.03022511800130212
        }
    }
}