{
    "0": {
        "Loss_Exp": 0.1337048306567914,
        "BinaryAccuracy_Exp": 0.9633788913488388
    },
    "1": {
        "Loss_Exp": 0.2175940006576128,
        "BinaryAccuracy_Exp": 0.9370913952589035
    },
    "2": {
        "Loss_Exp": 0.17629023352227774,
        "BinaryAccuracy_Exp": 0.9477975249290467
    },
    "3": {
        "Loss_Exp": 0.10527874988505066,
        "BinaryAccuracy_Exp": 0.9600381016731262
    },
    "4": {
        "Loss_Exp": 0.08879682947533245,
        "BinaryAccuracy_Exp": 0.9666336349078587
    },
    "5": {
        "Loss_Exp": 0.10653894698901989,
        "BinaryAccuracy_Exp": 0.9611641267935435
    },
    "6": {
        "Loss_Exp": 0.08670047407542819,
        "BinaryAccuracy_Exp": 0.9653120756149292
    },
    "7": {
        "Loss_Exp": 0.09849053868000081,
        "BinaryAccuracy_Exp": 0.965947687625885
    },
    "8": {
        "Loss_Exp": 0.0865208926290086,
        "BinaryAccuracy_Exp": 0.9676239291826884
    },
    "9": {
        "Loss_Exp": 0.07187705684431533,
        "BinaryAccuracy_Exp": 0.9701925814151764
    },
    "stream": {
        "Loss_Stream/eval_phase/test_stream": 0.11490520997868647,
        "BinaryAccuracy_Stream/eval_phase/test_stream": 0.9604896747547648
    }
}