{
    "0": {
        "Loss_Exp": 60.05466080511641,
        "RelativeDistance_Exp": 1.3643730401992797,
        "R2Score_Exp": 0.7492181777954101,
        "Forgetting_Exp": 0.10373788475990298,
        "BWT_Exp": -0.10373788475990298
    },
    "1": {
        "Loss_Exp": 65.71780350400124,
        "RelativeDistance_Exp": 1.392015314102173,
        "R2Score_Exp": 0.7447448134422302,
        "Forgetting_Exp": 0.10953969558080034,
        "BWT_Exp": -0.10953969558080034
    },
    "2": {
        "Loss_Exp": 47.23424664313962,
        "RelativeDistance_Exp": 1.1657151442307692,
        "R2Score_Exp": 0.8022641356174762,
        "Forgetting_Exp": 0.07153591742882359,
        "BWT_Exp": -0.07153591742882359
    },
    "3": {
        "Loss_Exp": 35.58147136673545,
        "RelativeDistance_Exp": 1.1875774198108249,
        "R2Score_Exp": 0.8620154923862882,
        "Forgetting_Exp": 0.04768921931584669,
        "BWT_Exp": -0.04768921931584669
    },
    "4": {
        "Loss_Exp": 42.45009039364623,
        "RelativeDistance_Exp": 1.102142368044172,
        "R2Score_Exp": 0.8378709214074271,
        "Forgetting_Exp": 0.04621833562850952,
        "BWT_Exp": -0.04621833562850952
    },
    "5": {
        "Loss_Exp": 41.89237859158868,
        "RelativeDistance_Exp": 0.9801140328248342,
        "R2Score_Exp": 0.8420298993587494,
        "Forgetting_Exp": 0.029706945021947262,
        "BWT_Exp": -0.029706945021947262
    },
    "6": {
        "Loss_Exp": 37.29040713664759,
        "RelativeDistance_Exp": 1.3108568787574768,
        "R2Score_Exp": 0.8588660955429077,
        "Forgetting_Exp": 0.030581951141357422,
        "BWT_Exp": -0.030581951141357422
    },
    "7": {
        "Loss_Exp": 45.75994830926476,
        "RelativeDistance_Exp": 0.9076137915253639,
        "R2Score_Exp": 0.8437956124544144,
        "Forgetting_Exp": 0.03620769828557968,
        "BWT_Exp": -0.03620769828557968
    },
    "8": {
        "Loss_Exp": 34.66743644829899,
        "RelativeDistance_Exp": 0.8102944493293762,
        "R2Score_Exp": 0.8770441810290018,
        "Forgetting_Exp": 0.038523415724436516,
        "BWT_Exp": -0.038523415724436516
    },
    "9": {
        "Loss_Exp": 21.372374303367362,
        "RelativeDistance_Exp": 0.7411733865737915,
        "R2Score_Exp": 0.9202116429805756
    },
    "stream": {
        "Loss_Stream/eval_phase/test_stream": 48.334205236543156,
        "RelativeDistance_Stream/eval_phase/test_stream": 1.1805324694256725,
        "R2Score_Stream/eval_phase/test_stream": 0.8130994137422538,
        "Forgetting_Stream/eval_phase/test_stream": {
            "0": 0.10373788475990298,
            "1": 0.10953969558080034,
            "2": 0.07153591742882359,
            "3": 0.04768921931584669,
            "4": 0.04621833562850952,
            "5": 0.029706945021947262,
            "6": 0.030581951141357422,
            "7": 0.03620769828557968,
            "8": 0.038523415724436516
        },
        "BWT_Stream/eval_phase/test_stream": {
            "0": 0.10373788475990298,
            "1": 0.10953969558080034,
            "2": 0.07153591742882359,
            "3": 0.04768921931584669,
            "4": 0.04621833562850952,
            "5": 0.029706945021947262,
            "6": 0.030581951141357422,
            "7": 0.03620769828557968,
            "8": 0.038523415724436516
        }
    }
}