{
    "0": {
        "Loss_Exp": 33.526241302490234,
        "RelativeDistance_Exp": 0.61012202501297,
        "R2Score_Exp": 0.8628849983215332,
        "Forgetting_Exp": 0.03657364845275879,
        "BWT_Exp": -0.03657364845275879
    },
    "1": {
        "Loss_Exp": 34.37162399291992,
        "RelativeDistance_Exp": 0.6661492586135864,
        "R2Score_Exp": 0.8582522869110107,
        "Forgetting_Exp": 0.027548909187316895,
        "BWT_Exp": -0.027548909187316895
    },
    "2": {
        "Loss_Exp": 38.834842681884766,
        "RelativeDistance_Exp": 0.7141669392585754,
        "R2Score_Exp": 0.8411421179771423,
        "Forgetting_Exp": 0.04901224374771118,
        "BWT_Exp": -0.04901224374771118
    },
    "3": {
        "Loss_Exp": 37.715553283691406,
        "RelativeDistance_Exp": 0.6690359115600586,
        "R2Score_Exp": 0.8347102999687195,
        "Forgetting_Exp": 0.051266372203826904,
        "BWT_Exp": -0.051266372203826904
    },
    "4": {
        "Loss_Exp": 48.46308517456055,
        "RelativeDistance_Exp": 0.7652173638343811,
        "R2Score_Exp": 0.8246608972549438,
        "Forgetting_Exp": 0.06265377998352051,
        "BWT_Exp": -0.06265377998352051
    },
    "5": {
        "Loss_Exp": 39.56050491333008,
        "RelativeDistance_Exp": 0.6973053812980652,
        "R2Score_Exp": 0.854916512966156,
        "Forgetting_Exp": 0.03066939115524292,
        "BWT_Exp": -0.03066939115524292
    },
    "6": {
        "Loss_Exp": 36.474571228027344,
        "RelativeDistance_Exp": 0.5618640184402466,
        "R2Score_Exp": 0.863051176071167,
        "Forgetting_Exp": 0.02255624532699585,
        "BWT_Exp": -0.02255624532699585
    },
    "7": {
        "Loss_Exp": 35.04637145996094,
        "RelativeDistance_Exp": 0.6287268400192261,
        "R2Score_Exp": 0.8685566186904907,
        "Forgetting_Exp": -0.0007932186126708984,
        "BWT_Exp": 0.0007932186126708984
    },
    "8": {
        "Loss_Exp": 32.16006088256836,
        "RelativeDistance_Exp": 0.4420101046562195,
        "R2Score_Exp": 0.8819918036460876,
        "Forgetting_Exp": 0.030394375324249268,
        "BWT_Exp": -0.030394375324249268
    },
    "9": {
        "Loss_Exp": 20.036605834960938,
        "RelativeDistance_Exp": 0.5400728583335876,
        "R2Score_Exp": 0.9254564642906189
    },
    "stream": {
        "Loss_Stream/eval_phase/test_stream": 38.07224466213474,
        "RelativeDistance_Stream/eval_phase/test_stream": 0.6294670701026917,
        "R2Score_Stream/eval_phase/test_stream": 0.861562317609787,
        "Forgetting_Stream/eval_phase/test_stream": {
            "0": 0.03657364845275879,
            "1": 0.027548909187316895,
            "2": 0.04901224374771118,
            "3": 0.051266372203826904,
            "4": 0.06265377998352051,
            "5": 0.03066939115524292,
            "6": 0.02255624532699585,
            "7": -0.0007932186126708984,
            "8": 0.030394375324249268
        },
        "BWT_Stream/eval_phase/test_stream": {
            "0": 0.03657364845275879,
            "1": 0.027548909187316895,
            "2": 0.04901224374771118,
            "3": 0.051266372203826904,
            "4": 0.06265377998352051,
            "5": 0.03066939115524292,
            "6": 0.02255624532699585,
            "7": -0.0007932186126708984,
            "8": 0.030394375324249268
        }
    }
}