{
    "0": {
        "Loss_Exp": 32.0332867556398,
        "RelativeDistance_Exp": 0.9319691479206085,
        "R2Score_Exp": 0.8557143270969391
    },
    "1": {
        "Loss_Exp": 33.16172058410624,
        "RelativeDistance_Exp": 0.8812221248944601,
        "R2Score_Exp": 0.8574515422185262
    },
    "2": {
        "Loss_Exp": 29.875472387491538,
        "RelativeDistance_Exp": 0.8862015834221473,
        "R2Score_Exp": 0.8695482611656189
    },
    "3": {
        "Loss_Exp": 24.136348715241294,
        "RelativeDistance_Exp": 0.9791532622443305,
        "R2Score_Exp": 0.9019769827524821
    },
    "4": {
        "Loss_Exp": 26.301236456167207,
        "RelativeDistance_Exp": 0.9377021023205349,
        "R2Score_Exp": 0.8960021308490208
    },
    "5": {
        "Loss_Exp": 29.470162052461777,
        "RelativeDistance_Exp": 0.8782646954059601,
        "R2Score_Exp": 0.8835515280564626
    },
    "6": {
        "Loss_Exp": 28.21213992413249,
        "RelativeDistance_Exp": 1.1896239668130875,
        "R2Score_Exp": 0.8912457153201103
    },
    "7": {
        "Loss_Exp": 38.259525122187334,
        "RelativeDistance_Exp": 0.8242630213499069,
        "R2Score_Exp": 0.865339532494545
    },
    "8": {
        "Loss_Exp": 30.23865461240071,
        "RelativeDistance_Exp": 0.7905784447987875,
        "R2Score_Exp": 0.8890602986017863
    },
    "9": {
        "Loss_Exp": 24.218515042457643,
        "RelativeDistance_Exp": 0.792033463716507,
        "R2Score_Exp": 0.9130958020687103
    },
    "stream": {
        "Loss_Stream/eval_phase/test_stream": 30.363752727252308,
        "RelativeDistance_Stream/eval_phase/test_stream": 0.9231040043595397,
        "R2Score_Stream/eval_phase/test_stream": 0.8760520396409212,
        "Forgetting_Stream/eval_phase/test_stream": {},
        "BWT_Stream/eval_phase/test_stream": {}
    }
}