{
    "0": {
        "Loss_Exp": 51.07564863928709,
        "RelativeDistance_Exp": 1.1564025402069091,
        "R2Score_Exp": 0.7599812924861908,
        "Forgetting_Exp": 0.08933892846107483,
        "BWT_Exp": -0.08933892846107483
    },
    "1": {
        "Loss_Exp": 47.240113938753176,
        "RelativeDistance_Exp": 1.0744500597318014,
        "R2Score_Exp": 0.8038710316022237,
        "Forgetting_Exp": 0.051410138607025146,
        "BWT_Exp": -0.051410138607025146
    },
    "2": {
        "Loss_Exp": 35.386097198083654,
        "RelativeDistance_Exp": 0.9844925586993878,
        "R2Score_Exp": 0.8493548494118911,
        "Forgetting_Exp": 0.022425830364227295,
        "BWT_Exp": -0.022425830364227295
    },
    "3": {
        "Loss_Exp": 29.72689180660103,
        "RelativeDistance_Exp": 1.0404747790760465,
        "R2Score_Exp": 0.8814166320694817,
        "Forgetting_Exp": 0.020858367284139034,
        "BWT_Exp": -0.020858367284139034
    },
    "4": {
        "Loss_Exp": 30.762844048995934,
        "RelativeDistance_Exp": 0.9589872275079999,
        "R2Score_Exp": 0.8784124340329852,
        "Forgetting_Exp": -0.009499847888946533,
        "BWT_Exp": 0.009499847888946533
    },
    "5": {
        "Loss_Exp": 31.768726385452755,
        "RelativeDistance_Exp": 0.8905066251754761,
        "R2Score_Exp": 0.8736297090848287,
        "Forgetting_Exp": -0.004072705904642815,
        "BWT_Exp": 0.004072705904642815
    },
    "6": {
        "Loss_Exp": 30.942475667791022,
        "RelativeDistance_Exp": 1.156343661248684,
        "R2Score_Exp": 0.8813144043087959,
        "Forgetting_Exp": 0.001986175775527954,
        "BWT_Exp": -0.001986175775527954
    },
    "7": {
        "Loss_Exp": 41.045370715060635,
        "RelativeDistance_Exp": 0.8021624758839607,
        "R2Score_Exp": 0.8557052761316299,
        "Forgetting_Exp": 0.012950986623764038,
        "BWT_Exp": -0.012950986623764038
    },
    "8": {
        "Loss_Exp": 31.605781234804233,
        "RelativeDistance_Exp": 0.7508280674616495,
        "R2Score_Exp": 0.8834507862726847,
        "Forgetting_Exp": 0.02589339017868042,
        "BWT_Exp": -0.02589339017868042
    },
    "9": {
        "Loss_Exp": 24.23834831249884,
        "RelativeDistance_Exp": 0.7424662113189697,
        "R2Score_Exp": 0.9130465388298035
    },
    "stream": {
        "Loss_Stream/eval_phase/test_stream": 38.13155070912252,
        "RelativeDistance_Stream/eval_phase/test_stream": 1.0037638103520428,
        "R2Score_Stream/eval_phase/test_stream": 0.8443890037360015,
        "Forgetting_Stream/eval_phase/test_stream": {
            "0": 0.08933892846107483,
            "1": 0.051410138607025146,
            "2": 0.022425830364227295,
            "3": 0.020858367284139034,
            "4": -0.009499847888946533,
            "5": -0.004072705904642815,
            "6": 0.001986175775527954,
            "7": 0.012950986623764038,
            "8": 0.02589339017868042
        },
        "BWT_Stream/eval_phase/test_stream": {
            "0": 0.08933892846107483,
            "1": 0.051410138607025146,
            "2": 0.022425830364227295,
            "3": 0.020858367284139034,
            "4": -0.009499847888946533,
            "5": -0.004072705904642815,
            "6": 0.001986175775527954,
            "7": 0.012950986623764038,
            "8": 0.02589339017868042
        }
    }
}