{
    "0": {
        "Loss_Exp": 46.06533966384344,
        "Time_Exp": 0.3755540000001929,
        "RelativeDistance_Exp": 1.200320166349411,
        "R2Score_Exp": 0.8025784611701965,
        "Forgetting_Exp": 0.08861576914787295,
        "BWT_Exp": -0.08861576914787295
    },
    "1": {
        "Loss_Exp": 47.826921745511754,
        "Time_Exp": 0.2853938999996899,
        "RelativeDistance_Exp": 1.135524316628774,
        "R2Score_Exp": 0.8093500415484111,
        "Forgetting_Exp": 0.037362416585286495,
        "BWT_Exp": -0.037362416585286495
    },
    "2": {
        "Loss_Exp": 37.79603821435293,
        "Time_Exp": 0.2519372000006115,
        "RelativeDistance_Exp": 1.121971960251148,
        "R2Score_Exp": 0.842088139974154,
        "Forgetting_Exp": 0.023970108765822173,
        "BWT_Exp": -0.023970108765822173
    },
    "3": {
        "Loss_Exp": 31.051303349246695,
        "Time_Exp": 0.4165732999999818,
        "RelativeDistance_Exp": 1.2082714902030096,
        "R2Score_Exp": 0.8833800951639811,
        "Forgetting_Exp": 0.02616683642069506,
        "BWT_Exp": -0.02616683642069506
    },
    "4": {
        "Loss_Exp": 37.71022129074129,
        "Time_Exp": 0.12937499999952706,
        "RelativeDistance_Exp": 1.1507134778159005,
        "R2Score_Exp": 0.858652481010982,
        "Forgetting_Exp": 0.018368652888706705,
        "BWT_Exp": -0.018368652888706705
    },
    "5": {
        "Loss_Exp": 34.90632503033082,
        "Time_Exp": 0.1035769000000073,
        "RelativeDistance_Exp": 1.0282720029354095,
        "R2Score_Exp": 0.8678947786490122,
        "Forgetting_Exp": 0.0034504234790802,
        "BWT_Exp": -0.0034504234790802
    },
    "6": {
        "Loss_Exp": 34.324774420478555,
        "Time_Exp": 0.2058734000002005,
        "RelativeDistance_Exp": 1.3002890944480896,
        "R2Score_Exp": 0.8727725967764854,
        "Forgetting_Exp": 0.007535338401794434,
        "BWT_Exp": -0.007535338401794434
    },
    "7": {
        "Loss_Exp": 45.73791690439448,
        "Time_Exp": 0.14434040000014647,
        "RelativeDistance_Exp": 0.9621522203087807,
        "R2Score_Exp": 0.8394231647253036,
        "Forgetting_Exp": 0.032849639654159546,
        "BWT_Exp": -0.032849639654159546
    },
    "8": {
        "Loss_Exp": 30.624039934008643,
        "Time_Exp": 0.05925489999935962,
        "RelativeDistance_Exp": 0.7671855290730795,
        "R2Score_Exp": 0.8924566507339478,
        "Forgetting_Exp": 0.018369615077972412,
        "BWT_Exp": -0.018369615077972412
    },
    "9": {
        "Loss_Exp": 21.2871284847592,
        "Time_Exp": 0.038984000000709784,
        "RelativeDistance_Exp": 0.7097297608852386,
        "R2Score_Exp": 0.9224019348621368
    },
    "stream": {
        "Loss_Stream/eval_phase/test_stream": 39.70587725404874,
        "Time_Stream/eval_phase/test_stream": 2.050496099999691,
        "RelativeDistance_Stream/eval_phase/test_stream": 1.1177940530541501,
        "R2Score_Stream/eval_phase/test_stream": 0.8456947884441893,
        "Forgetting_Stream/eval_phase/test_stream": {
            "0": 0.08861576914787295,
            "1": 0.037362416585286495,
            "2": 0.023970108765822173,
            "3": 0.02616683642069506,
            "4": 0.018368652888706705,
            "5": 0.0034504234790802,
            "6": 0.007535338401794434,
            "7": 0.032849639654159546,
            "8": 0.018369615077972412
        },
        "BWT_Stream/eval_phase/test_stream": {
            "0": 0.08861576914787295,
            "1": 0.037362416585286495,
            "2": 0.023970108765822173,
            "3": 0.02616683642069506,
            "4": 0.018368652888706705,
            "5": 0.0034504234790802,
            "6": 0.007535338401794434,
            "7": 0.032849639654159546,
            "8": 0.018369615077972412
        }
    }
}