{
    "0": {
        "Loss_Exp": 38.98686607248878,
        "RelativeDistance_Exp": 1.0152744399873834,
        "R2Score_Exp": 0.8232471848789015,
        "Forgetting_Exp": 0.026677282232987265,
        "BWT_Exp": -0.026677282232987265
    },
    "1": {
        "Loss_Exp": 42.53335116986548,
        "RelativeDistance_Exp": 0.9407192594924215,
        "R2Score_Exp": 0.8226289587505793,
        "Forgetting_Exp": 0.031001917386459077,
        "BWT_Exp": -0.031001917386459077
    },
    "2": {
        "Loss_Exp": 34.861768689588374,
        "RelativeDistance_Exp": 0.948434806599909,
        "R2Score_Exp": 0.8488887463297162,
        "Forgetting_Exp": 0.017365304791197578,
        "BWT_Exp": -0.017365304791197578
    },
    "3": {
        "Loss_Exp": 29.486153986361938,
        "RelativeDistance_Exp": 1.001909901114071,
        "R2Score_Exp": 0.8795595835236942,
        "Forgetting_Exp": 0.01802366796661825,
        "BWT_Exp": -0.01802366796661825
    },
    "4": {
        "Loss_Exp": 29.55349819672037,
        "RelativeDistance_Exp": 1.0125849676132201,
        "R2Score_Exp": 0.8773501992225647,
        "Forgetting_Exp": -0.008574988842010578,
        "BWT_Exp": 0.008574988842010578
    },
    "5": {
        "Loss_Exp": 31.535206077694,
        "RelativeDistance_Exp": 0.9211236561338106,
        "R2Score_Exp": 0.8787296041846275,
        "Forgetting_Exp": -0.016453055044015286,
        "BWT_Exp": 0.016453055044015286
    },
    "6": {
        "Loss_Exp": 33.25299840464139,
        "RelativeDistance_Exp": 1.2163895461708307,
        "R2Score_Exp": 0.8731639552861452,
        "Forgetting_Exp": 0.001096438616514206,
        "BWT_Exp": -0.001096438616514206
    },
    "7": {
        "Loss_Exp": 42.197060288052405,
        "RelativeDistance_Exp": 0.8213803644838005,
        "R2Score_Exp": 0.8486626785376976,
        "Forgetting_Exp": 0.015348504329549817,
        "BWT_Exp": -0.015348504329549817
    },
    "8": {
        "Loss_Exp": 32.26949628573484,
        "RelativeDistance_Exp": 0.8397735986444685,
        "R2Score_Exp": 0.8908339672618442,
        "Forgetting_Exp": 0.0071946448749966585,
        "BWT_Exp": -0.0071946448749966585
    },
    "9": {
        "Loss_Exp": 24.099772415523862,
        "RelativeDistance_Exp": 0.8187119841575623,
        "R2Score_Exp": 0.916410768032074
    },
    "stream": {
        "Loss_Stream/eval_phase/test_stream": 35.85537884554123,
        "RelativeDistance_Stream/eval_phase/test_stream": 0.9751273601462966,
        "R2Score_Stream/eval_phase/test_stream": 0.8535998857727176,
        "Forgetting_Stream/eval_phase/test_stream": {
            "0": 0.026677282232987265,
            "1": 0.031001917386459077,
            "2": 0.017365304791197578,
            "3": 0.01802366796661825,
            "4": -0.008574988842010578,
            "5": -0.016453055044015286,
            "6": 0.001096438616514206,
            "7": 0.015348504329549817,
            "8": 0.0071946448749966585
        },
        "BWT_Stream/eval_phase/test_stream": {
            "0": 0.026677282232987265,
            "1": 0.031001917386459077,
            "2": 0.017365304791197578,
            "3": 0.01802366796661825,
            "4": -0.008574988842010578,
            "5": -0.016453055044015286,
            "6": 0.001096438616514206,
            "7": 0.015348504329549817,
            "8": 0.0071946448749966585
        }
    }
}