{
    "0": {
        "Loss_Exp": 31.90858891005286,
        "RelativeDistance_Exp": 0.9508139312267303,
        "R2Score_Exp": 0.8555108189582825
    },
    "1": {
        "Loss_Exp": 33.097453671168594,
        "RelativeDistance_Exp": 0.8929101824760437,
        "R2Score_Exp": 0.8576311985651652
    },
    "2": {
        "Loss_Exp": 29.49554233497641,
        "RelativeDistance_Exp": 0.9178613470150874,
        "R2Score_Exp": 0.8715770519696749
    },
    "3": {
        "Loss_Exp": 24.243254024330703,
        "RelativeDistance_Exp": 1.0125408503744338,
        "R2Score_Exp": 0.901043156782786
    },
    "4": {
        "Loss_Exp": 26.170305384491733,
        "RelativeDistance_Exp": 0.9774283511298043,
        "R2Score_Exp": 0.8960307581084115
    },
    "5": {
        "Loss_Exp": 29.150724316867805,
        "RelativeDistance_Exp": 0.9238500396410624,
        "R2Score_Exp": 0.8848056097825369
    },
    "6": {
        "Loss_Exp": 27.914208064227196,
        "RelativeDistance_Exp": 1.2421938627958298,
        "R2Score_Exp": 0.8925861865282059
    },
    "7": {
        "Loss_Exp": 37.94754792452831,
        "RelativeDistance_Exp": 0.8561972752213478,
        "R2Score_Exp": 0.8664994463324547
    },
    "8": {
        "Loss_Exp": 29.63752188820421,
        "RelativeDistance_Exp": 0.8140823245048523,
        "R2Score_Exp": 0.8933212359746298
    },
    "9": {
        "Loss_Exp": 24.24857521359403,
        "RelativeDistance_Exp": 0.8181334137916565,
        "R2Score_Exp": 0.9131665825843811
    },
    "stream": {
        "Loss_Stream/eval_phase/test_stream": 30.17201026181626,
        "RelativeDistance_Stream/eval_phase/test_stream": 0.9530567754933863,
        "R2Score_Stream/eval_phase/test_stream": 0.8767839155079405,
        "Forgetting_Stream/eval_phase/test_stream": {},
        "BWT_Stream/eval_phase/test_stream": {}
    }
}