{
    "0": {
        "Loss_Exp": 104.0198987637347,
        "RelativeDistance_Exp": 0.9267459511756897,
        "R2Score_Exp": 0.7633388936519623,
        "Forgetting_Exp": 0.10879069566726685,
        "BWT_Exp": -0.10879069566726685
    },
    "1": {
        "Loss_Exp": 85.8323542919832,
        "RelativeDistance_Exp": 1.502381443977356,
        "R2Score_Exp": 0.7497724890708923,
        "Forgetting_Exp": 0.145187646150589,
        "BWT_Exp": -0.145187646150589
    },
    "2": {
        "Loss_Exp": 66.9935946224868,
        "RelativeDistance_Exp": 0.7909334500630697,
        "R2Score_Exp": 0.7847928404808044,
        "Forgetting_Exp": 0.04518683751424157,
        "BWT_Exp": -0.04518683751424157
    },
    "3": {
        "Loss_Exp": 58.64126628102015,
        "RelativeDistance_Exp": 0.6629032790660858,
        "R2Score_Exp": 0.8063572347164154,
        "Forgetting_Exp": 0.03787434101104736,
        "BWT_Exp": -0.03787434101104736
    },
    "4": {
        "Loss_Exp": 53.268411973955395,
        "RelativeDistance_Exp": 0.8010060340166092,
        "R2Score_Exp": 0.8222977817058563,
        "Forgetting_Exp": 0.03254331648349762,
        "BWT_Exp": -0.03254331648349762
    },
    "5": {
        "Loss_Exp": 49.343481810196586,
        "RelativeDistance_Exp": 0.695927639802297,
        "R2Score_Exp": 0.8074743946393331,
        "Forgetting_Exp": 0.02015012502670288,
        "BWT_Exp": -0.02015012502670288
    },
    "6": {
        "Loss_Exp": 68.66134537681056,
        "RelativeDistance_Exp": 0.7212186753749847,
        "R2Score_Exp": 0.7992436687151591,
        "Forgetting_Exp": 0.03731149435043335,
        "BWT_Exp": -0.03731149435043335
    },
    "7": {
        "Loss_Exp": 45.00056076049805,
        "RelativeDistance_Exp": 0.7026118040084839,
        "R2Score_Exp": 0.8225574493408203,
        "Forgetting_Exp": 0.04282939434051514,
        "BWT_Exp": -0.04282939434051514
    },
    "8": {
        "Loss_Exp": 58.82344982495632,
        "RelativeDistance_Exp": 0.7966200113296509,
        "R2Score_Exp": 0.811372697353363,
        "Forgetting_Exp": 0.029743343591690063,
        "BWT_Exp": -0.029743343591690063
    },
    "9": {
        "Loss_Exp": 60.16073035973345,
        "RelativeDistance_Exp": 0.8160516023635864,
        "R2Score_Exp": 0.8357631862163544
    },
    "stream": {
        "Loss_Stream/eval_phase/test_stream": 64.16217420220677,
        "RelativeDistance_Stream/eval_phase/test_stream": 0.830844992150863,
        "R2Score_Stream/eval_phase/test_stream": 0.8008120954036713,
        "Forgetting_Stream/eval_phase/test_stream": {
            "0": 0.10879069566726685,
            "1": 0.145187646150589,
            "2": 0.04518683751424157,
            "3": 0.03787434101104736,
            "4": 0.03254331648349762,
            "5": 0.02015012502670288,
            "6": 0.03731149435043335,
            "7": 0.04282939434051514,
            "8": 0.029743343591690063
        },
        "BWT_Stream/eval_phase/test_stream": {
            "0": 0.10879069566726685,
            "1": 0.145187646150589,
            "2": 0.04518683751424157,
            "3": 0.03787434101104736,
            "4": 0.03254331648349762,
            "5": 0.02015012502670288,
            "6": 0.03731149435043335,
            "7": 0.04282939434051514,
            "8": 0.029743343591690063
        }
    }
}