{
    "0": {
        "Loss_Exp": 30.30742579366176,
        "RelativeDistance_Exp": 0.8811148166656494,
        "R2Score_Exp": 0.8620055437088012,
        "Forgetting_Exp": -0.017607134580612138,
        "BWT_Exp": 0.017607134580612138
    },
    "1": {
        "Loss_Exp": 31.625723097486134,
        "RelativeDistance_Exp": 0.8550902922948201,
        "R2Score_Exp": 0.8632578452428182,
        "Forgetting_Exp": -0.006893368562062574,
        "BWT_Exp": 0.006893368562062574
    },
    "2": {
        "Loss_Exp": 28.403423561453103,
        "RelativeDistance_Exp": 0.8575390669015738,
        "R2Score_Exp": 0.875730771284837,
        "Forgetting_Exp": -0.009701050244844911,
        "BWT_Exp": 0.009701050244844911
    },
    "3": {
        "Loss_Exp": 23.45476110055808,
        "RelativeDistance_Exp": 0.9644783006774055,
        "R2Score_Exp": 0.9042913648817275,
        "Forgetting_Exp": -0.006219274467892166,
        "BWT_Exp": 0.006219274467892166
    },
    "4": {
        "Loss_Exp": 25.70674743945923,
        "RelativeDistance_Exp": 0.9229813473565238,
        "R2Score_Exp": 0.897919739995684,
        "Forgetting_Exp": -0.0323462230818613,
        "BWT_Exp": 0.0323462230818613
    },
    "5": {
        "Loss_Exp": 28.446861391129524,
        "RelativeDistance_Exp": 0.859800398349762,
        "R2Score_Exp": 0.8875113129615784,
        "Forgetting_Exp": -0.024740109841028812,
        "BWT_Exp": 0.024740109841028812
    },
    "6": {
        "Loss_Exp": 28.44053049618126,
        "RelativeDistance_Exp": 1.14355056732893,
        "R2Score_Exp": 0.8901718556880951,
        "Forgetting_Exp": -0.00782264769077301,
        "BWT_Exp": 0.00782264769077301
    },
    "7": {
        "Loss_Exp": 38.47901504585073,
        "RelativeDistance_Exp": 0.8043177574872971,
        "R2Score_Exp": 0.8648389428853989,
        "Forgetting_Exp": -0.004202857613563538,
        "BWT_Exp": 0.004202857613563538
    },
    "8": {
        "Loss_Exp": 31.369251419284467,
        "RelativeDistance_Exp": 0.770490825176239,
        "R2Score_Exp": 0.8874101042747498,
        "Forgetting_Exp": 0.015378018220265743,
        "BWT_Exp": -0.015378018220265743
    },
    "9": {
        "Loss_Exp": 25.521236897270576,
        "RelativeDistance_Exp": 0.7810519635677338,
        "R2Score_Exp": 0.9093431532382965
    },
    "stream": {
        "Loss_Stream/eval_phase/test_stream": 29.50461808691377,
        "RelativeDistance_Stream/eval_phase/test_stream": 0.895580369749187,
        "R2Score_Stream/eval_phase/test_stream": 0.8793031418765033,
        "Forgetting_Stream/eval_phase/test_stream": {
            "0": -0.017607134580612138,
            "1": -0.006893368562062574,
            "2": -0.009701050244844911,
            "3": -0.006219274467892166,
            "4": -0.0323462230818613,
            "5": -0.024740109841028812,
            "6": -0.00782264769077301,
            "7": -0.004202857613563538,
            "8": 0.015378018220265743
        },
        "BWT_Stream/eval_phase/test_stream": {
            "0": -0.017607134580612138,
            "1": -0.006893368562062574,
            "2": -0.009701050244844911,
            "3": -0.006219274467892166,
            "4": -0.0323462230818613,
            "5": -0.024740109841028812,
            "6": -0.00782264769077301,
            "7": -0.004202857613563538,
            "8": 0.015378018220265743
        }
    }
}