{
    "0": {
        "Loss_Exp": 93.77302686010884,
        "RelativeDistance_Exp": 1.1362379789352417,
        "R2Score_Exp": 0.7874326705932617,
        "Forgetting_Exp": 0.08753570914268494,
        "BWT_Exp": -0.08753570914268494
    },
    "1": {
        "Loss_Exp": 74.06428860086338,
        "RelativeDistance_Exp": 0.9506643116474152,
        "R2Score_Exp": 0.7854214608669281,
        "Forgetting_Exp": 0.07901462912559509,
        "BWT_Exp": -0.07901462912559509
    },
    "2": {
        "Loss_Exp": 56.90451860821346,
        "RelativeDistance_Exp": 0.7857583363850912,
        "R2Score_Exp": 0.8174510995546976,
        "Forgetting_Exp": -0.053257524967193604,
        "BWT_Exp": 0.053257524967193604
    },
    "3": {
        "Loss_Exp": 54.46199506803911,
        "RelativeDistance_Exp": 0.7622188031673431,
        "R2Score_Exp": 0.8199069201946259,
        "Forgetting_Exp": -0.030237972736358643,
        "BWT_Exp": 0.030237972736358643
    },
    "4": {
        "Loss_Exp": 52.37407797433881,
        "RelativeDistance_Exp": 0.831151694059372,
        "R2Score_Exp": 0.8270105570554733,
        "Forgetting_Exp": -0.023395299911499023,
        "BWT_Exp": 0.023395299911499023
    },
    "5": {
        "Loss_Exp": 47.233517356540844,
        "RelativeDistance_Exp": 0.7198862433433533,
        "R2Score_Exp": 0.815279463926951,
        "Forgetting_Exp": 0.004235068957010979,
        "BWT_Exp": -0.004235068957010979
    },
    "6": {
        "Loss_Exp": 60.91781861505892,
        "RelativeDistance_Exp": 0.7708102067311605,
        "R2Score_Exp": 0.804202119509379,
        "Forgetting_Exp": 0.03313513596852624,
        "BWT_Exp": -0.03313513596852624
    },
    "7": {
        "Loss_Exp": 47.062198638916016,
        "RelativeDistance_Exp": 0.7265279293060303,
        "R2Score_Exp": 0.8144281506538391,
        "Forgetting_Exp": 0.028582900762557983,
        "BWT_Exp": -0.028582900762557983
    },
    "8": {
        "Loss_Exp": 59.54542867882376,
        "RelativeDistance_Exp": 0.7195491194725037,
        "R2Score_Exp": 0.8160465061664581,
        "Forgetting_Exp": -0.00931122899055481,
        "BWT_Exp": 0.00931122899055481
    },
    "9": {
        "Loss_Exp": 69.64641921203261,
        "RelativeDistance_Exp": 0.8705446422100067,
        "R2Score_Exp": 0.8104269504547119
    },
    "stream": {
        "Loss_Stream/eval_phase/test_stream": 60.265424203409246,
        "RelativeDistance_Stream/eval_phase/test_stream": 0.8232886989911398,
        "R2Score_Stream/eval_phase/test_stream": 0.8113223935166994,
        "Forgetting_Stream/eval_phase/test_stream": {
            "0": 0.08753570914268494,
            "1": 0.07901462912559509,
            "2": -0.053257524967193604,
            "3": -0.030237972736358643,
            "4": -0.023395299911499023,
            "5": 0.004235068957010979,
            "6": 0.03313513596852624,
            "7": 0.028582900762557983,
            "8": -0.00931122899055481
        },
        "BWT_Stream/eval_phase/test_stream": {
            "0": 0.08753570914268494,
            "1": 0.07901462912559509,
            "2": -0.053257524967193604,
            "3": -0.030237972736358643,
            "4": -0.023395299911499023,
            "5": 0.004235068957010979,
            "6": 0.03313513596852624,
            "7": 0.028582900762557983,
            "8": -0.00931122899055481
        }
    }
}