{
    "0": {
        "Loss_Exp": 100.48022784852145,
        "RelativeDistance_Exp": 0.7847273051738739,
        "R2Score_Exp": 0.7720292210578918,
        "Forgetting_Exp": 0.09994181990623474,
        "BWT_Exp": -0.09994181990623474
    },
    "1": {
        "Loss_Exp": 79.42175204180114,
        "RelativeDistance_Exp": 1.1604652404785156,
        "R2Score_Exp": 0.7679327428340912,
        "Forgetting_Exp": 0.12207099795341492,
        "BWT_Exp": -0.12207099795341492
    },
    "2": {
        "Loss_Exp": 66.31958628523556,
        "RelativeDistance_Exp": 0.6994710167249044,
        "R2Score_Exp": 0.7908222476641337,
        "Forgetting_Exp": 0.032413144906361935,
        "BWT_Exp": -0.032413144906361935
    },
    "3": {
        "Loss_Exp": 62.842883467072795,
        "RelativeDistance_Exp": 0.55708447098732,
        "R2Score_Exp": 0.7923804521560669,
        "Forgetting_Exp": 0.06540587544441223,
        "BWT_Exp": -0.06540587544441223
    },
    "4": {
        "Loss_Exp": 58.068142664069654,
        "RelativeDistance_Exp": 0.6748353391885757,
        "R2Score_Exp": 0.8098781108856201,
        "Forgetting_Exp": 0.031036093831062317,
        "BWT_Exp": -0.031036093831062317
    },
    "5": {
        "Loss_Exp": 60.71980119788128,
        "RelativeDistance_Exp": 0.5389622549215952,
        "R2Score_Exp": 0.7633083860079447,
        "Forgetting_Exp": 0.07177197933197021,
        "BWT_Exp": -0.07177197933197021
    },
    "6": {
        "Loss_Exp": 64.78797441126325,
        "RelativeDistance_Exp": 0.6667958299318949,
        "R2Score_Exp": 0.8045394619305929,
        "Forgetting_Exp": -0.07633181413014734,
        "BWT_Exp": 0.07633181413014734
    },
    "7": {
        "Loss_Exp": 44.426483154296875,
        "RelativeDistance_Exp": 0.5024442076683044,
        "R2Score_Exp": 0.8248211145401001,
        "Forgetting_Exp": 0.00406569242477417,
        "BWT_Exp": -0.00406569242477417
    },
    "8": {
        "Loss_Exp": 65.10703609922172,
        "RelativeDistance_Exp": 0.8096004277467728,
        "R2Score_Exp": 0.7890518307685852,
        "Forgetting_Exp": 0.006830394268035889,
        "BWT_Exp": -0.006830394268035889
    },
    "9": {
        "Loss_Exp": 66.31374948314159,
        "RelativeDistance_Exp": 0.7043613493442535,
        "R2Score_Exp": 0.8174273669719696
    },
    "stream": {
        "Loss_Stream/eval_phase/test_stream": 66.49598508144388,
        "RelativeDistance_Stream/eval_phase/test_stream": 0.7062479356924692,
        "R2Score_Stream/eval_phase/test_stream": 0.7924161280194918,
        "Forgetting_Stream/eval_phase/test_stream": {
            "0": 0.09994181990623474,
            "1": 0.12207099795341492,
            "2": 0.032413144906361935,
            "3": 0.06540587544441223,
            "4": 0.031036093831062317,
            "5": 0.07177197933197021,
            "6": -0.07633181413014734,
            "7": 0.00406569242477417,
            "8": 0.006830394268035889
        },
        "BWT_Stream/eval_phase/test_stream": {
            "0": 0.09994181990623474,
            "1": 0.12207099795341492,
            "2": 0.032413144906361935,
            "3": 0.06540587544441223,
            "4": 0.031036093831062317,
            "5": 0.07177197933197021,
            "6": -0.07633181413014734,
            "7": 0.00406569242477417,
            "8": 0.006830394268035889
        }
    }
}