{
    "0": {
        "Loss_Exp": 112.90277900869988,
        "RelativeDistance_Exp": 0.9400205612182617,
        "R2Score_Exp": 0.6561681628227234,
        "Forgetting_Exp": 0.1876486837863922,
        "BWT_Exp": -0.1876486837863922
    },
    "1": {
        "Loss_Exp": 66.31390292423157,
        "RelativeDistance_Exp": 0.9248186945915222,
        "R2Score_Exp": 0.7775212228298187,
        "Forgetting_Exp": 0.1135232150554657,
        "BWT_Exp": -0.1135232150554657
    },
    "2": {
        "Loss_Exp": 82.4492993679309,
        "RelativeDistance_Exp": 0.7454995314280192,
        "R2Score_Exp": 0.7299354672431946,
        "Forgetting_Exp": 0.10839219888051355,
        "BWT_Exp": -0.10839219888051355
    },
    "3": {
        "Loss_Exp": 50.12791305480589,
        "RelativeDistance_Exp": 0.6211463212966919,
        "R2Score_Exp": 0.8113107681274414,
        "Forgetting_Exp": 0.05694538354873657,
        "BWT_Exp": -0.05694538354873657
    },
    "4": {
        "Loss_Exp": 40.43161323333908,
        "RelativeDistance_Exp": 0.6857178956270218,
        "R2Score_Exp": 0.8151157945394516,
        "Forgetting_Exp": 0.088311567902565,
        "BWT_Exp": -0.088311567902565
    },
    "5": {
        "Loss_Exp": 45.12261693557637,
        "RelativeDistance_Exp": 0.6422140995661417,
        "R2Score_Exp": 0.7855334083239237,
        "Forgetting_Exp": 0.09576739867528283,
        "BWT_Exp": -0.09576739867528283
    },
    "6": {
        "Loss_Exp": 54.36163281228045,
        "RelativeDistance_Exp": 0.6815844972928365,
        "R2Score_Exp": 0.8008720874786377,
        "Forgetting_Exp": 0.04895983139673865,
        "BWT_Exp": -0.04895983139673865
    },
    "7": {
        "Loss_Exp": 42.774653949176034,
        "RelativeDistance_Exp": 0.4511938691139221,
        "R2Score_Exp": 0.8549529612064362,
        "Forgetting_Exp": 0.0312553346157074,
        "BWT_Exp": -0.0312553346157074
    },
    "8": {
        "Loss_Exp": 46.308011356939716,
        "RelativeDistance_Exp": 0.6009502559900284,
        "R2Score_Exp": 0.824701726436615,
        "Forgetting_Exp": 0.04197937250137329,
        "BWT_Exp": -0.04197937250137329
    },
    "9": {
        "Loss_Exp": 40.86384160232327,
        "RelativeDistance_Exp": 0.5700628459453583,
        "R2Score_Exp": 0.8650315701961517
    },
    "stream": {
        "Loss_Stream/eval_phase/test_stream": 57.71460642774543,
        "RelativeDistance_Stream/eval_phase/test_stream": 0.686686042547226,
        "R2Score_Stream/eval_phase/test_stream": 0.7915543556213379,
        "Forgetting_Stream/eval_phase/test_stream": {
            "0": 0.1876486837863922,
            "1": 0.1135232150554657,
            "2": 0.10839219888051355,
            "3": 0.05694538354873657,
            "4": 0.088311567902565,
            "5": 0.09576739867528283,
            "6": 0.04895983139673865,
            "7": 0.0312553346157074,
            "8": 0.04197937250137329
        },
        "BWT_Stream/eval_phase/test_stream": {
            "0": 0.1876486837863922,
            "1": 0.1135232150554657,
            "2": 0.10839219888051355,
            "3": 0.05694538354873657,
            "4": 0.088311567902565,
            "5": 0.09576739867528283,
            "6": 0.04895983139673865,
            "7": 0.0312553346157074,
            "8": 0.04197937250137329
        }
    }
}