{
    "0": {
        "Loss_Exp": 78.60262659740648,
        "RelativeDistance_Exp": 0.9857027113437653,
        "R2Score_Exp": 0.6516590476036072,
        "Forgetting_Exp": 0.23421548604965214,
        "BWT_Exp": -0.23421548604965214
    },
    "1": {
        "Loss_Exp": 82.24746358856228,
        "RelativeDistance_Exp": 0.8443942308425904,
        "R2Score_Exp": 0.6635095675786337,
        "Forgetting_Exp": 0.23725629250208535,
        "BWT_Exp": -0.23725629250208535
    },
    "2": {
        "Loss_Exp": 57.811356269259875,
        "RelativeDistance_Exp": 0.7105147563494169,
        "R2Score_Exp": 0.7571363128148593,
        "Forgetting_Exp": 0.15707066884407628,
        "BWT_Exp": -0.15707066884407628
    },
    "3": {
        "Loss_Exp": 41.797203568674526,
        "RelativeDistance_Exp": 0.6891230874591403,
        "R2Score_Exp": 0.8331580625640022,
        "Forgetting_Exp": 0.10974857542249894,
        "BWT_Exp": -0.10974857542249894
    },
    "4": {
        "Loss_Exp": 44.758341466461175,
        "RelativeDistance_Exp": 0.6000015948499952,
        "R2Score_Exp": 0.8057096345084054,
        "Forgetting_Exp": 0.11615077938352314,
        "BWT_Exp": -0.11615077938352314
    },
    "5": {
        "Loss_Exp": 42.50989091557345,
        "RelativeDistance_Exp": 0.5426580756902695,
        "R2Score_Exp": 0.828744242588679,
        "Forgetting_Exp": 0.07504759232203173,
        "BWT_Exp": -0.07504759232203173
    },
    "6": {
        "Loss_Exp": 40.644786265611295,
        "RelativeDistance_Exp": 0.6174692809581757,
        "R2Score_Exp": 0.8399016037583351,
        "Forgetting_Exp": 0.064479760825634,
        "BWT_Exp": -0.064479760825634
    },
    "7": {
        "Loss_Exp": 47.20111359115654,
        "RelativeDistance_Exp": 0.4713851064443588,
        "R2Score_Exp": 0.8336163088679314,
        "Forgetting_Exp": 0.06645167618989944,
        "BWT_Exp": -0.06645167618989944
    },
    "8": {
        "Loss_Exp": 26.88610155509119,
        "RelativeDistance_Exp": 0.4125657379627228,
        "R2Score_Exp": 0.9010736544926962,
        "Forgetting_Exp": 0.026510794957478767,
        "BWT_Exp": -0.026510794957478767
    },
    "9": {
        "Loss_Exp": 19.101119511478867,
        "RelativeDistance_Exp": 0.38134145736694336,
        "R2Score_Exp": 0.9211704730987549
    },
    "stream": {
        "Loss_Stream/eval_phase/test_stream": 56.74590592457105,
        "RelativeDistance_Stream/eval_phase/test_stream": 0.6929495684158655,
        "R2Score_Stream/eval_phase/test_stream": 0.7698341571254494,
        "Forgetting_Stream/eval_phase/test_stream": {
            "0": 0.23421548604965214,
            "1": 0.23725629250208535,
            "2": 0.15707066884407628,
            "3": 0.10974857542249894,
            "4": 0.11615077938352314,
            "5": 0.07504759232203173,
            "6": 0.064479760825634,
            "7": 0.06645167618989944,
            "8": 0.026510794957478767
        },
        "BWT_Stream/eval_phase/test_stream": {
            "0": 0.23421548604965214,
            "1": 0.23725629250208535,
            "2": 0.15707066884407628,
            "3": 0.10974857542249894,
            "4": 0.11615077938352314,
            "5": 0.07504759232203173,
            "6": 0.064479760825634,
            "7": 0.06645167618989944,
            "8": 0.026510794957478767
        }
    }
}