{
    "0": {
        "Loss_Exp": 42.768062591552734,
        "RelativeDistance_Exp": 0.914688766002655,
        "R2Score_Exp": 0.8057424426078796,
        "Forgetting_Exp": 0.07552146911621094,
        "BWT_Exp": -0.07552146911621094
    },
    "1": {
        "Loss_Exp": 54.82504653930664,
        "RelativeDistance_Exp": 0.896173357963562,
        "R2Score_Exp": 0.7760970592498779,
        "Forgetting_Exp": 0.05499458312988281,
        "BWT_Exp": -0.05499458312988281
    },
    "2": {
        "Loss_Exp": 39.063995361328125,
        "RelativeDistance_Exp": 0.8196449279785156,
        "R2Score_Exp": 0.8309779763221741,
        "Forgetting_Exp": 0.019033372402191162,
        "BWT_Exp": -0.019033372402191162
    },
    "3": {
        "Loss_Exp": 34.256324768066406,
        "RelativeDistance_Exp": 1.0437384843826294,
        "R2Score_Exp": 0.8638198375701904,
        "Forgetting_Exp": 0.03148716688156128,
        "BWT_Exp": -0.03148716688156128
    },
    "4": {
        "Loss_Exp": 39.275142669677734,
        "RelativeDistance_Exp": 0.8382941484451294,
        "R2Score_Exp": 0.8452779054641724,
        "Forgetting_Exp": 0.017181396484375,
        "BWT_Exp": -0.017181396484375
    },
    "5": {
        "Loss_Exp": 38.68082046508789,
        "RelativeDistance_Exp": 0.6692529916763306,
        "R2Score_Exp": 0.8543562889099121,
        "Forgetting_Exp": 0.0006926059722900391,
        "BWT_Exp": -0.0006926059722900391
    },
    "6": {
        "Loss_Exp": 36.83048629760742,
        "RelativeDistance_Exp": 0.7974467277526855,
        "R2Score_Exp": 0.864239513874054,
        "Forgetting_Exp": 0.013405084609985352,
        "BWT_Exp": -0.013405084609985352
    },
    "7": {
        "Loss_Exp": 51.75162887573242,
        "RelativeDistance_Exp": 0.6155318021774292,
        "R2Score_Exp": 0.8204630017280579,
        "Forgetting_Exp": 0.02180182933807373,
        "BWT_Exp": -0.02180182933807373
    },
    "8": {
        "Loss_Exp": 37.25310516357422,
        "RelativeDistance_Exp": 0.7038095593452454,
        "R2Score_Exp": 0.8770831823348999,
        "Forgetting_Exp": 0.008451402187347412,
        "BWT_Exp": -0.008451402187347412
    },
    "9": {
        "Loss_Exp": 31.023977279663086,
        "RelativeDistance_Exp": 0.629446804523468,
        "R2Score_Exp": 0.9031293988227844
    },
    "stream": {
        "Loss_Stream/eval_phase/test_stream": 42.83433712349421,
        "RelativeDistance_Stream/eval_phase/test_stream": 0.792802757024765,
        "R2Score_Stream/eval_phase/test_stream": 0.8441186606884002,
        "Forgetting_Stream/eval_phase/test_stream": {
            "0": 0.07552146911621094,
            "1": 0.05499458312988281,
            "2": 0.019033372402191162,
            "3": 0.03148716688156128,
            "4": 0.017181396484375,
            "5": 0.0006926059722900391,
            "6": 0.013405084609985352,
            "7": 0.02180182933807373,
            "8": 0.008451402187347412
        },
        "BWT_Stream/eval_phase/test_stream": {
            "0": 0.07552146911621094,
            "1": 0.05499458312988281,
            "2": 0.019033372402191162,
            "3": 0.03148716688156128,
            "4": 0.017181396484375,
            "5": 0.0006926059722900391,
            "6": 0.013405084609985352,
            "7": 0.02180182933807373,
            "8": 0.008451402187347412
        }
    }
}