{
    "0": {
        "Loss_Exp": 76.00088164131597,
        "RelativeDistance_Exp": 1.0770822942256928,
        "R2Score_Exp": 0.6769331216812133,
        "Forgetting_Exp": 0.17727645039558415,
        "BWT_Exp": -0.17727645039558415
    },
    "1": {
        "Loss_Exp": 83.17912852409725,
        "RelativeDistance_Exp": 0.9920749028523763,
        "R2Score_Exp": 0.6634634971618653,
        "Forgetting_Exp": 0.19420018990834553,
        "BWT_Exp": -0.19420018990834553
    },
    "2": {
        "Loss_Exp": 61.68941134453201,
        "RelativeDistance_Exp": 1.0156675898111784,
        "R2Score_Exp": 0.7276533887936518,
        "Forgetting_Exp": 0.14155515799155605,
        "BWT_Exp": -0.14155515799155605
    },
    "3": {
        "Loss_Exp": 42.14747016781229,
        "RelativeDistance_Exp": 1.1144554548793368,
        "R2Score_Exp": 0.8278064197964139,
        "Forgetting_Exp": 0.07312016354666806,
        "BWT_Exp": -0.07312016354666806
    },
    "4": {
        "Loss_Exp": 48.63564266958966,
        "RelativeDistance_Exp": 1.0695582798549108,
        "R2Score_Exp": 0.7959034698350089,
        "Forgetting_Exp": 0.07226205723626267,
        "BWT_Exp": -0.07226205723626267
    },
    "5": {
        "Loss_Exp": 47.61281089534636,
        "RelativeDistance_Exp": 0.9945513606071472,
        "R2Score_Exp": 0.8090907037258148,
        "Forgetting_Exp": 0.05252653360366821,
        "BWT_Exp": -0.05252653360366821
    },
    "6": {
        "Loss_Exp": 40.95858947776445,
        "RelativeDistance_Exp": 1.3019811809062958,
        "R2Score_Exp": 0.8421719819307327,
        "Forgetting_Exp": 0.023089013993740082,
        "BWT_Exp": -0.023089013993740082
    },
    "7": {
        "Loss_Exp": 51.273842908845246,
        "RelativeDistance_Exp": 0.926116518676281,
        "R2Score_Exp": 0.8160173669457436,
        "Forgetting_Exp": 0.037616267800331116,
        "BWT_Exp": -0.037616267800331116
    },
    "8": {
        "Loss_Exp": 38.30316010851989,
        "RelativeDistance_Exp": 0.8313677509625753,
        "R2Score_Exp": 0.8591465950012207,
        "Forgetting_Exp": 0.030962049961090088,
        "BWT_Exp": -0.030962049961090088
    },
    "9": {
        "Loss_Exp": 28.31736308610194,
        "RelativeDistance_Exp": 0.810938686132431,
        "R2Score_Exp": 0.899534285068512
    },
    "stream": {
        "Loss_Stream/eval_phase/test_stream": 58.88954885479554,
        "RelativeDistance_Stream/eval_phase/test_stream": 1.0405025011227456,
        "R2Score_Stream/eval_phase/test_stream": 0.7617151501737995,
        "Forgetting_Stream/eval_phase/test_stream": {
            "0": 0.17727645039558415,
            "1": 0.19420018990834553,
            "2": 0.14155515799155605,
            "3": 0.07312016354666806,
            "4": 0.07226205723626267,
            "5": 0.05252653360366821,
            "6": 0.023089013993740082,
            "7": 0.037616267800331116,
            "8": 0.030962049961090088
        },
        "BWT_Stream/eval_phase/test_stream": {
            "0": 0.17727645039558415,
            "1": 0.19420018990834553,
            "2": 0.14155515799155605,
            "3": 0.07312016354666806,
            "4": 0.07226205723626267,
            "5": 0.05252653360366821,
            "6": 0.023089013993740082,
            "7": 0.037616267800331116,
            "8": 0.030962049961090088
        }
    }
}