{
    "0": {
        "Loss_Exp": 136.4532112523129,
        "RelativeDistance_Exp": 1.1262352168560028,
        "R2Score_Exp": 0.6888983845710754,
        "Forgetting_Exp": 0.1768205165863037,
        "BWT_Exp": -0.1768205165863037
    },
    "1": {
        "Loss_Exp": 81.07652028401692,
        "RelativeDistance_Exp": 1.8714483380317688,
        "R2Score_Exp": 0.7664462625980377,
        "Forgetting_Exp": 0.13086190819740295,
        "BWT_Exp": -0.13086190819740295
    },
    "2": {
        "Loss_Exp": 65.61790625135075,
        "RelativeDistance_Exp": 0.9272670944531759,
        "R2Score_Exp": 0.7894325653711954,
        "Forgetting_Exp": 0.043756842613220215,
        "BWT_Exp": -0.043756842613220215
    },
    "3": {
        "Loss_Exp": 52.76749547964148,
        "RelativeDistance_Exp": 0.8309940695762634,
        "R2Score_Exp": 0.825875848531723,
        "Forgetting_Exp": 0.0376640260219574,
        "BWT_Exp": -0.0376640260219574
    },
    "4": {
        "Loss_Exp": 46.3422020973455,
        "RelativeDistance_Exp": 1.0583723038434982,
        "R2Score_Exp": 0.8478693962097168,
        "Forgetting_Exp": 0.006585121154785156,
        "BWT_Exp": -0.006585121154785156
    },
    "5": {
        "Loss_Exp": 52.57111292300017,
        "RelativeDistance_Exp": 0.8757686217625936,
        "R2Score_Exp": 0.7947702407836914,
        "Forgetting_Exp": 0.05682879686355591,
        "BWT_Exp": -0.05682879686355591
    },
    "6": {
        "Loss_Exp": 64.75838512664146,
        "RelativeDistance_Exp": 0.9038761059443156,
        "R2Score_Exp": 0.801543394724528,
        "Forgetting_Exp": 0.053338050842285156,
        "BWT_Exp": -0.053338050842285156
    },
    "7": {
        "Loss_Exp": 40.50418472290039,
        "RelativeDistance_Exp": 0.8558589816093445,
        "R2Score_Exp": 0.8402871489524841,
        "Forgetting_Exp": 0.044018685817718506,
        "BWT_Exp": -0.044018685817718506
    },
    "8": {
        "Loss_Exp": 51.16180701036178,
        "RelativeDistance_Exp": 1.3856059908866882,
        "R2Score_Exp": 0.8318941295146942,
        "Forgetting_Exp": -0.029597312211990356,
        "BWT_Exp": 0.029597312211990356
    },
    "9": {
        "Loss_Exp": 55.485808916036795,
        "RelativeDistance_Exp": 0.9016003310680389,
        "R2Score_Exp": 0.8489211201667786
    },
    "stream": {
        "Loss_Stream/eval_phase/test_stream": 63.460346174256095,
        "RelativeDistance_Stream/eval_phase/test_stream": 1.0600771481792133,
        "R2Score_Stream/eval_phase/test_stream": 0.8047114511330923,
        "Forgetting_Stream/eval_phase/test_stream": {
            "0": 0.1768205165863037,
            "1": 0.13086190819740295,
            "2": 0.043756842613220215,
            "3": 0.0376640260219574,
            "4": 0.006585121154785156,
            "5": 0.05682879686355591,
            "6": 0.053338050842285156,
            "7": 0.044018685817718506,
            "8": -0.029597312211990356
        },
        "BWT_Stream/eval_phase/test_stream": {
            "0": 0.1768205165863037,
            "1": 0.13086190819740295,
            "2": 0.043756842613220215,
            "3": 0.0376640260219574,
            "4": 0.006585121154785156,
            "5": 0.05682879686355591,
            "6": 0.053338050842285156,
            "7": 0.044018685817718506,
            "8": -0.029597312211990356
        }
    }
}