{
    "0": {
        "Loss_Exp": 44.198123931884766,
        "RelativeDistance_Exp": 0.9316813945770264,
        "R2Score_Exp": 0.8084405660629272,
        "Forgetting_Exp": 0.08115947246551514,
        "BWT_Exp": -0.08115947246551514
    },
    "1": {
        "Loss_Exp": 50.8344612121582,
        "RelativeDistance_Exp": 0.8293840885162354,
        "R2Score_Exp": 0.7966905832290649,
        "Forgetting_Exp": 0.077858567237854,
        "BWT_Exp": -0.077858567237854
    },
    "2": {
        "Loss_Exp": 38.4891357421875,
        "RelativeDistance_Exp": 0.7737261056900024,
        "R2Score_Exp": 0.8377139568328857,
        "Forgetting_Exp": 0.054823994636535645,
        "BWT_Exp": -0.054823994636535645
    },
    "3": {
        "Loss_Exp": 31.49439239501953,
        "RelativeDistance_Exp": 0.7944484949111938,
        "R2Score_Exp": 0.8774808645248413,
        "Forgetting_Exp": 0.04136514663696289,
        "BWT_Exp": -0.04136514663696289
    },
    "4": {
        "Loss_Exp": 37.97555923461914,
        "RelativeDistance_Exp": 0.7353237867355347,
        "R2Score_Exp": 0.8485137820243835,
        "Forgetting_Exp": 0.04810875654220581,
        "BWT_Exp": -0.04810875654220581
    },
    "5": {
        "Loss_Exp": 37.80232620239258,
        "RelativeDistance_Exp": 0.611969530582428,
        "R2Score_Exp": 0.8539576530456543,
        "Forgetting_Exp": 0.028441429138183594,
        "BWT_Exp": -0.028441429138183594
    },
    "6": {
        "Loss_Exp": 34.0797004699707,
        "RelativeDistance_Exp": 0.7162524461746216,
        "R2Score_Exp": 0.8701647520065308,
        "Forgetting_Exp": 0.03128570318222046,
        "BWT_Exp": -0.03128570318222046
    },
    "7": {
        "Loss_Exp": 48.71395492553711,
        "RelativeDistance_Exp": 0.556999146938324,
        "R2Score_Exp": 0.8282169103622437,
        "Forgetting_Exp": 0.055071234703063965,
        "BWT_Exp": -0.055071234703063965
    },
    "8": {
        "Loss_Exp": 29.03017807006836,
        "RelativeDistance_Exp": 0.5169662833213806,
        "R2Score_Exp": 0.9022815823554993,
        "Forgetting_Exp": 0.008920490741729736,
        "BWT_Exp": -0.008920490741729736
    },
    "9": {
        "Loss_Exp": 21.606552124023438,
        "RelativeDistance_Exp": 0.47541067004203796,
        "R2Score_Exp": 0.9267089366912842
    },
    "stream": {
        "Loss_Stream/eval_phase/test_stream": 40.68819276932338,
        "RelativeDistance_Stream/eval_phase/test_stream": 0.6942161947488785,
        "R2Score_Stream/eval_phase/test_stream": 0.8550169587135314,
        "Forgetting_Stream/eval_phase/test_stream": {
            "0": 0.08115947246551514,
            "1": 0.077858567237854,
            "2": 0.054823994636535645,
            "3": 0.04136514663696289,
            "4": 0.04810875654220581,
            "5": 0.028441429138183594,
            "6": 0.03128570318222046,
            "7": 0.055071234703063965,
            "8": 0.008920490741729736
        },
        "BWT_Stream/eval_phase/test_stream": {
            "0": 0.08115947246551514,
            "1": 0.077858567237854,
            "2": 0.054823994636535645,
            "3": 0.04136514663696289,
            "4": 0.04810875654220581,
            "5": 0.028441429138183594,
            "6": 0.03128570318222046,
            "7": 0.055071234703063965,
            "8": 0.008920490741729736
        }
    }
}