{
    "0": {
        "Loss_Exp": 70.91774815653355,
        "RelativeDistance_Exp": 1.212476086616516,
        "R2Score_Exp": 0.7079275488853455,
        "Forgetting_Exp": 0.17802321910858154,
        "BWT_Exp": -0.17802321910858154
    },
    "1": {
        "Loss_Exp": 73.28985700357057,
        "RelativeDistance_Exp": 1.1061737577120463,
        "R2Score_Exp": 0.7215431571006775,
        "Forgetting_Exp": 0.16573874155680335,
        "BWT_Exp": -0.16573874155680335
    },
    "2": {
        "Loss_Exp": 49.971710321303604,
        "RelativeDistance_Exp": 0.9287120149685786,
        "R2Score_Exp": 0.7983008393874536,
        "Forgetting_Exp": 0.09906922853910005,
        "BWT_Exp": -0.09906922853910005
    },
    "3": {
        "Loss_Exp": 40.77151923735408,
        "RelativeDistance_Exp": 0.9290096759796143,
        "R2Score_Exp": 0.8434798187679715,
        "Forgetting_Exp": 0.0875361495547824,
        "BWT_Exp": -0.0875361495547824
    },
    "4": {
        "Loss_Exp": 47.60371980304727,
        "RelativeDistance_Exp": 0.823067341532026,
        "R2Score_Exp": 0.8225991470473153,
        "Forgetting_Exp": 0.08547461884362362,
        "BWT_Exp": -0.08547461884362362
    },
    "5": {
        "Loss_Exp": 40.95571617875792,
        "RelativeDistance_Exp": 0.733147919178009,
        "R2Score_Exp": 0.8469050725301107,
        "Forgetting_Exp": 0.04180346926053358,
        "BWT_Exp": -0.04180346926053358
    },
    "6": {
        "Loss_Exp": 36.097302157441014,
        "RelativeDistance_Exp": 0.9010589942336082,
        "R2Score_Exp": 0.8630380406975746,
        "Forgetting_Exp": 0.03240592032670975,
        "BWT_Exp": -0.03240592032670975
    },
    "7": {
        "Loss_Exp": 45.221864911438104,
        "RelativeDistance_Exp": 0.6229626908898354,
        "R2Score_Exp": 0.8507917299866676,
        "Forgetting_Exp": 0.041468240320682526,
        "BWT_Exp": -0.041468240320682526
    },
    "8": {
        "Loss_Exp": 30.171185635710703,
        "RelativeDistance_Exp": 0.5610936482747396,
        "R2Score_Exp": 0.897121250629425,
        "Forgetting_Exp": 0.018801788489023807,
        "BWT_Exp": -0.018801788489023807
    },
    "9": {
        "Loss_Exp": 22.160528065096557,
        "RelativeDistance_Exp": 0.47798973321914673,
        "R2Score_Exp": 0.9131537675857544
    },
    "stream": {
        "Loss_Stream/eval_phase/test_stream": 52.237353764373914,
        "RelativeDistance_Stream/eval_phase/test_stream": 0.9153518926950148,
        "R2Score_Stream/eval_phase/test_stream": 0.8017232844858994,
        "Forgetting_Stream/eval_phase/test_stream": {
            "0": 0.17802321910858154,
            "1": 0.16573874155680335,
            "2": 0.09906922853910005,
            "3": 0.0875361495547824,
            "4": 0.08547461884362362,
            "5": 0.04180346926053358,
            "6": 0.03240592032670975,
            "7": 0.041468240320682526,
            "8": 0.018801788489023807
        },
        "BWT_Stream/eval_phase/test_stream": {
            "0": 0.17802321910858154,
            "1": 0.16573874155680335,
            "2": 0.09906922853910005,
            "3": 0.0875361495547824,
            "4": 0.08547461884362362,
            "5": 0.04180346926053358,
            "6": 0.03240592032670975,
            "7": 0.041468240320682526,
            "8": 0.018801788489023807
        }
    }
}