{
    "0": {
        "Loss_Exp": 44.10972792107604,
        "RelativeDistance_Exp": 0.7981941938400269,
        "R2Score_Exp": 0.8168231070041656,
        "Forgetting_Exp": 0.06912143230438239,
        "BWT_Exp": -0.06912143230438239
    },
    "1": {
        "Loss_Exp": 42.29037196056514,
        "RelativeDistance_Exp": 0.6853850364685059,
        "R2Score_Exp": 0.8191912571589152,
        "Forgetting_Exp": 0.06951585213343303,
        "BWT_Exp": -0.06951585213343303
    },
    "2": {
        "Loss_Exp": 33.11956350363907,
        "RelativeDistance_Exp": 0.648129389836238,
        "R2Score_Exp": 0.8550509535349332,
        "Forgetting_Exp": 0.03949682529156029,
        "BWT_Exp": -0.03949682529156029
    },
    "3": {
        "Loss_Exp": 24.686385875626687,
        "RelativeDistance_Exp": 0.6898274156782362,
        "R2Score_Exp": 0.8998837139871385,
        "Forgetting_Exp": 0.02299557791815865,
        "BWT_Exp": -0.02299557791815865
    },
    "4": {
        "Loss_Exp": 24.26841722781677,
        "RelativeDistance_Exp": 0.6594417265483311,
        "R2Score_Exp": 0.8952759674617222,
        "Forgetting_Exp": 0.007626099245888862,
        "BWT_Exp": -0.007626099245888862
    },
    "5": {
        "Loss_Exp": 26.795011806949212,
        "RelativeDistance_Exp": 0.595398540298144,
        "R2Score_Exp": 0.8926172455151876,
        "Forgetting_Exp": -0.00702069203058886,
        "BWT_Exp": 0.00702069203058886
    },
    "6": {
        "Loss_Exp": 27.725392574045472,
        "RelativeDistance_Exp": 0.7345303222537041,
        "R2Score_Exp": 0.8906735777854919,
        "Forgetting_Exp": 0.004112310707569122,
        "BWT_Exp": -0.004112310707569122
    },
    "7": {
        "Loss_Exp": 35.988506911596524,
        "RelativeDistance_Exp": 0.5401995442807674,
        "R2Score_Exp": 0.8770000413060188,
        "Forgetting_Exp": 0.014562644064426422,
        "BWT_Exp": -0.014562644064426422
    },
    "8": {
        "Loss_Exp": 26.053024442549308,
        "RelativeDistance_Exp": 0.4999031623204549,
        "R2Score_Exp": 0.9005183180173238,
        "Forgetting_Exp": 0.011730611324310303,
        "BWT_Exp": -0.011730611324310303
    },
    "9": {
        "Loss_Exp": 19.6875119337756,
        "RelativeDistance_Exp": 0.45559220016002655,
        "R2Score_Exp": 0.9258179068565369
    },
    "stream": {
        "Loss_Stream/eval_phase/test_stream": 33.39363956411612,
        "RelativeDistance_Stream/eval_phase/test_stream": 0.6628896597726845,
        "R2Score_Stream/eval_phase/test_stream": 0.864048527346717,
        "Forgetting_Stream/eval_phase/test_stream": {
            "0": 0.06912143230438239,
            "1": 0.06951585213343303,
            "2": 0.03949682529156029,
            "3": 0.02299557791815865,
            "4": 0.007626099245888862,
            "5": -0.00702069203058886,
            "6": 0.004112310707569122,
            "7": 0.014562644064426422,
            "8": 0.011730611324310303
        },
        "BWT_Stream/eval_phase/test_stream": {
            "0": 0.06912143230438239,
            "1": 0.06951585213343303,
            "2": 0.03949682529156029,
            "3": 0.02299557791815865,
            "4": 0.007626099245888862,
            "5": -0.00702069203058886,
            "6": 0.004112310707569122,
            "7": 0.014562644064426422,
            "8": 0.011730611324310303
        }
    }
}