{
    "0": {
        "Loss_Exp": 51.26449244117337,
        "RelativeDistance_Exp": 1.0784185409545899,
        "R2Score_Exp": 0.7742536664009094,
        "Forgetting_Exp": 0.07676367759704594,
        "BWT_Exp": -0.07676367759704594
    },
    "1": {
        "Loss_Exp": 52.377511406367226,
        "RelativeDistance_Exp": 1.0015411575635274,
        "R2Score_Exp": 0.7834199945131938,
        "Forgetting_Exp": 0.0686432838439941,
        "BWT_Exp": -0.0686432838439941
    },
    "2": {
        "Loss_Exp": 39.70794890387351,
        "RelativeDistance_Exp": 0.9775071602601272,
        "R2Score_Exp": 0.8261690598267776,
        "Forgetting_Exp": 0.04229846367469192,
        "BWT_Exp": -0.04229846367469192
    },
    "3": {
        "Loss_Exp": 30.55631974491435,
        "RelativeDistance_Exp": 1.0574109554290771,
        "R2Score_Exp": 0.8764112194379171,
        "Forgetting_Exp": 0.024577875932057625,
        "BWT_Exp": -0.024577875932057625
    },
    "4": {
        "Loss_Exp": 31.559989998618512,
        "RelativeDistance_Exp": 0.9991152031081063,
        "R2Score_Exp": 0.8759260943957737,
        "Forgetting_Exp": -0.0033686501639229594,
        "BWT_Exp": 0.0033686501639229594
    },
    "5": {
        "Loss_Exp": 32.820952558429994,
        "RelativeDistance_Exp": 0.9139597515265147,
        "R2Score_Exp": 0.8728427588939667,
        "Forgetting_Exp": -0.001702586809794071,
        "BWT_Exp": 0.001702586809794071
    },
    "6": {
        "Loss_Exp": 31.945273637419437,
        "RelativeDistance_Exp": 1.2416154891252518,
        "R2Score_Exp": 0.8759067803621292,
        "Forgetting_Exp": 0.006218455731868744,
        "BWT_Exp": -0.006218455731868744
    },
    "7": {
        "Loss_Exp": 41.301983158712254,
        "RelativeDistance_Exp": 0.8510232418775558,
        "R2Score_Exp": 0.8549323529005051,
        "Forgetting_Exp": 0.01625560224056244,
        "BWT_Exp": -0.01625560224056244
    },
    "8": {
        "Loss_Exp": 30.02893010735129,
        "RelativeDistance_Exp": 0.7728720108668009,
        "R2Score_Exp": 0.8903540174166361,
        "Forgetting_Exp": 0.02238873640696215,
        "BWT_Exp": -0.02238873640696215
    },
    "9": {
        "Loss_Exp": 23.19350412190433,
        "RelativeDistance_Exp": 0.7385566234588623,
        "R2Score_Exp": 0.9148384928703308
    },
    "stream": {
        "Loss_Stream/eval_phase/test_stream": 40.16714505192757,
        "RelativeDistance_Stream/eval_phase/test_stream": 1.0005678828851676,
        "R2Score_Stream/eval_phase/test_stream": 0.8375027981805213,
        "Forgetting_Stream/eval_phase/test_stream": {
            "0": 0.07676367759704594,
            "1": 0.0686432838439941,
            "2": 0.04229846367469192,
            "3": 0.024577875932057625,
            "4": -0.0033686501639229594,
            "5": -0.001702586809794071,
            "6": 0.006218455731868744,
            "7": 0.01625560224056244,
            "8": 0.02238873640696215
        },
        "BWT_Stream/eval_phase/test_stream": {
            "0": 0.07676367759704594,
            "1": 0.0686432838439941,
            "2": 0.04229846367469192,
            "3": 0.024577875932057625,
            "4": -0.0033686501639229594,
            "5": -0.001702586809794071,
            "6": 0.006218455731868744,
            "7": 0.01625560224056244,
            "8": 0.02238873640696215
        }
    }
}