{
    "0": {
        "Loss_Exp": 113.91602503110285,
        "RelativeDistance_Exp": 0.9653860032558441,
        "R2Score_Exp": 0.6322421431541443,
        "Forgetting_Exp": 0.21668577194213867,
        "BWT_Exp": -0.21668577194213867
    },
    "1": {
        "Loss_Exp": 55.78771876529926,
        "RelativeDistance_Exp": 0.9854856729507446,
        "R2Score_Exp": 0.7907777428627014,
        "Forgetting_Exp": 0.10511240363121033,
        "BWT_Exp": -0.10511240363121033
    },
    "2": {
        "Loss_Exp": 59.18181747147123,
        "RelativeDistance_Exp": 0.7232426404953003,
        "R2Score_Exp": 0.7724936008453369,
        "Forgetting_Exp": 0.06799654165903724,
        "BWT_Exp": -0.06799654165903724
    },
    "3": {
        "Loss_Exp": 42.450180859632894,
        "RelativeDistance_Exp": 0.6536023020744324,
        "R2Score_Exp": 0.8435710370540619,
        "Forgetting_Exp": 0.03432336449623108,
        "BWT_Exp": -0.03432336449623108
    },
    "4": {
        "Loss_Exp": 34.36897783414204,
        "RelativeDistance_Exp": 0.6326206177473068,
        "R2Score_Exp": 0.8364675343036652,
        "Forgetting_Exp": 0.06724870204925537,
        "BWT_Exp": -0.06724870204925537
    },
    "5": {
        "Loss_Exp": 36.13674646671986,
        "RelativeDistance_Exp": 0.6085923115412394,
        "R2Score_Exp": 0.8192898432413737,
        "Forgetting_Exp": 0.06865715980529785,
        "BWT_Exp": -0.06865715980529785
    },
    "6": {
        "Loss_Exp": 47.57318848717413,
        "RelativeDistance_Exp": 0.6618504921595255,
        "R2Score_Exp": 0.8242753545443217,
        "Forgetting_Exp": 0.021636803944905636,
        "BWT_Exp": -0.021636803944905636
    },
    "7": {
        "Loss_Exp": 35.36893805117123,
        "RelativeDistance_Exp": 0.5374639183282852,
        "R2Score_Exp": 0.8558593094348907,
        "Forgetting_Exp": 0.05737122893333435,
        "BWT_Exp": -0.05737122893333435
    },
    "8": {
        "Loss_Exp": 37.53119714432002,
        "RelativeDistance_Exp": 0.5555265545845032,
        "R2Score_Exp": 0.8587602376937866,
        "Forgetting_Exp": 0.021299123764038086,
        "BWT_Exp": -0.021299123764038086
    },
    "9": {
        "Loss_Exp": 41.80003505439736,
        "RelativeDistance_Exp": 0.6252449452877045,
        "R2Score_Exp": 0.861255407333374
    },
    "stream": {
        "Loss_Stream/eval_phase/test_stream": 49.34465899049222,
        "RelativeDistance_Stream/eval_phase/test_stream": 0.686278303861618,
        "R2Score_Stream/eval_phase/test_stream": 0.8111591315269471,
        "Forgetting_Stream/eval_phase/test_stream": {
            "0": 0.21668577194213867,
            "1": 0.10511240363121033,
            "2": 0.06799654165903724,
            "3": 0.03432336449623108,
            "4": 0.06724870204925537,
            "5": 0.06865715980529785,
            "6": 0.021636803944905636,
            "7": 0.05737122893333435,
            "8": 0.021299123764038086
        },
        "BWT_Stream/eval_phase/test_stream": {
            "0": 0.21668577194213867,
            "1": 0.10511240363121033,
            "2": 0.06799654165903724,
            "3": 0.03432336449623108,
            "4": 0.06724870204925537,
            "5": 0.06865715980529785,
            "6": 0.021636803944905636,
            "7": 0.05737122893333435,
            "8": 0.021299123764038086
        }
    }
}