{
    "0": {
        "Loss_Exp": 127.20582623398094,
        "RelativeDistance_Exp": 1.3390624523162842,
        "R2Score_Exp": 0.7110512256622314,
        "Forgetting_Exp": 0.17080527544021606,
        "BWT_Exp": -0.17080527544021606
    },
    "1": {
        "Loss_Exp": 74.6191701381818,
        "RelativeDistance_Exp": 1.7969204783439636,
        "R2Score_Exp": 0.7845745086669922,
        "Forgetting_Exp": 0.11141735315322876,
        "BWT_Exp": -0.11141735315322876
    },
    "2": {
        "Loss_Exp": 63.2306452906409,
        "RelativeDistance_Exp": 1.0796862443288167,
        "R2Score_Exp": 0.7964191635449728,
        "Forgetting_Exp": 0.021272222201029423,
        "BWT_Exp": -0.021272222201029423
    },
    "3": {
        "Loss_Exp": 47.7210119653542,
        "RelativeDistance_Exp": 0.8564090430736542,
        "R2Score_Exp": 0.8416813313961029,
        "Forgetting_Exp": 0.013761520385742188,
        "BWT_Exp": -0.013761520385742188
    },
    "4": {
        "Loss_Exp": 45.3874716215768,
        "RelativeDistance_Exp": 1.083022803068161,
        "R2Score_Exp": 0.852041482925415,
        "Forgetting_Exp": -0.0048423707485198975,
        "BWT_Exp": 0.0048423707485198975
    },
    "5": {
        "Loss_Exp": 45.793773153553836,
        "RelativeDistance_Exp": 0.9393155574798584,
        "R2Score_Exp": 0.8214402198791504,
        "Forgetting_Exp": 0.018386761347452762,
        "BWT_Exp": -0.018386761347452762
    },
    "6": {
        "Loss_Exp": 56.13562274328642,
        "RelativeDistance_Exp": 0.8294817407925924,
        "R2Score_Exp": 0.8315171400705973,
        "Forgetting_Exp": 0.010746737321217892,
        "BWT_Exp": -0.010746737321217892
    },
    "7": {
        "Loss_Exp": 36.39762878417969,
        "RelativeDistance_Exp": 0.9628002047538757,
        "R2Score_Exp": 0.856479823589325,
        "Forgetting_Exp": 0.026746690273284912,
        "BWT_Exp": -0.026746690273284912
    },
    "8": {
        "Loss_Exp": 52.22149685004277,
        "RelativeDistance_Exp": 1.0331532657146454,
        "R2Score_Exp": 0.8293806910514832,
        "Forgetting_Exp": -0.01897868514060974,
        "BWT_Exp": 0.01897868514060974
    },
    "9": {
        "Loss_Exp": 56.67745106426967,
        "RelativeDistance_Exp": 1.1122991442680359,
        "R2Score_Exp": 0.8458463251590729
    },
    "stream": {
        "Loss_Stream/eval_phase/test_stream": 59.30676022060824,
        "RelativeDistance_Stream/eval_phase/test_stream": 1.0881679505109787,
        "R2Score_Stream/eval_phase/test_stream": 0.818243478735288,
        "Forgetting_Stream/eval_phase/test_stream": {
            "0": 0.17080527544021606,
            "1": 0.11141735315322876,
            "2": 0.021272222201029423,
            "3": 0.013761520385742188,
            "4": -0.0048423707485198975,
            "5": 0.018386761347452762,
            "6": 0.010746737321217892,
            "7": 0.026746690273284912,
            "8": -0.01897868514060974
        },
        "BWT_Stream/eval_phase/test_stream": {
            "0": 0.17080527544021606,
            "1": 0.11141735315322876,
            "2": 0.021272222201029423,
            "3": 0.013761520385742188,
            "4": -0.0048423707485198975,
            "5": 0.018386761347452762,
            "6": 0.010746737321217892,
            "7": 0.026746690273284912,
            "8": -0.01897868514060974
        }
    }
}