{
    "0": {
        "Loss_Exp": 60.8522171948191,
        "RelativeDistance_Exp": 1.327298879623413,
        "R2Score_Exp": 0.7436991989612579,
        "Forgetting_Exp": 0.10054891109466557,
        "BWT_Exp": -0.10054891109466557
    },
    "1": {
        "Loss_Exp": 66.76753069127088,
        "RelativeDistance_Exp": 1.2942519585291545,
        "R2Score_Exp": 0.7427547812461853,
        "Forgetting_Exp": 0.11030110518137615,
        "BWT_Exp": -0.11030110518137615
    },
    "2": {
        "Loss_Exp": 47.70741326577279,
        "RelativeDistance_Exp": 1.1389519113760729,
        "R2Score_Exp": 0.8011854841158941,
        "Forgetting_Exp": 0.07362805421535779,
        "BWT_Exp": -0.07362805421535779
    },
    "3": {
        "Loss_Exp": 33.10677438410393,
        "RelativeDistance_Exp": 1.1687957445780437,
        "R2Score_Exp": 0.8715207179387411,
        "Forgetting_Exp": 0.037414875295427086,
        "BWT_Exp": -0.037414875295427086
    },
    "4": {
        "Loss_Exp": 41.439329901165124,
        "RelativeDistance_Exp": 1.1032418523515974,
        "R2Score_Exp": 0.8422459874834333,
        "Forgetting_Exp": 0.04281336069107056,
        "BWT_Exp": -0.04281336069107056
    },
    "5": {
        "Loss_Exp": 42.47838958541771,
        "RelativeDistance_Exp": 0.9807984034220377,
        "R2Score_Exp": 0.8391944964726766,
        "Forgetting_Exp": 0.0350092351436615,
        "BWT_Exp": -0.0350092351436615
    },
    "6": {
        "Loss_Exp": 36.682815117885305,
        "RelativeDistance_Exp": 1.2756225317716599,
        "R2Score_Exp": 0.8624672889709473,
        "Forgetting_Exp": 0.028722316026687622,
        "BWT_Exp": -0.028722316026687622
    },
    "7": {
        "Loss_Exp": 45.527819075596085,
        "RelativeDistance_Exp": 0.9188338220119476,
        "R2Score_Exp": 0.8441729694604874,
        "Forgetting_Exp": 0.03382515162229538,
        "BWT_Exp": -0.03382515162229538
    },
    "8": {
        "Loss_Exp": 33.95626903182052,
        "RelativeDistance_Exp": 0.813127319018046,
        "R2Score_Exp": 0.8773419459660848,
        "Forgetting_Exp": 0.036300480365753174,
        "BWT_Exp": -0.036300480365753174
    },
    "9": {
        "Loss_Exp": 21.633274973100036,
        "RelativeDistance_Exp": 0.7632380127906799,
        "R2Score_Exp": 0.919411301612854
    },
    "stream": {
        "Loss_Stream/eval_phase/test_stream": 48.29903705070021,
        "RelativeDistance_Stream/eval_phase/test_stream": 1.1498925546069203,
        "R2Score_Stream/eval_phase/test_stream": 0.8134848254698294,
        "Forgetting_Stream/eval_phase/test_stream": {
            "0": 0.10054891109466557,
            "1": 0.11030110518137615,
            "2": 0.07362805421535779,
            "3": 0.037414875295427086,
            "4": 0.04281336069107056,
            "5": 0.0350092351436615,
            "6": 0.028722316026687622,
            "7": 0.03382515162229538,
            "8": 0.036300480365753174
        },
        "BWT_Stream/eval_phase/test_stream": {
            "0": 0.10054891109466557,
            "1": 0.11030110518137615,
            "2": 0.07362805421535779,
            "3": 0.037414875295427086,
            "4": 0.04281336069107056,
            "5": 0.0350092351436615,
            "6": 0.028722316026687622,
            "7": 0.03382515162229538,
            "8": 0.036300480365753174
        }
    }
}