{
    "0": {
        "Loss_Exp": 48.05538558959961,
        "RelativeDistance_Exp": 0.727478563785553,
        "R2Score_Exp": 0.8128966093063354,
        "Forgetting_Exp": 0.08687323331832886,
        "BWT_Exp": -0.08687323331832886
    },
    "1": {
        "Loss_Exp": 52.733436584472656,
        "RelativeDistance_Exp": 0.7223649024963379,
        "R2Score_Exp": 0.7848965525627136,
        "Forgetting_Exp": 0.10589832067489624,
        "BWT_Exp": -0.10589832067489624
    },
    "2": {
        "Loss_Exp": 50.75505065917969,
        "RelativeDistance_Exp": 0.7922788262367249,
        "R2Score_Exp": 0.7991248369216919,
        "Forgetting_Exp": 0.09526139497756958,
        "BWT_Exp": -0.09526139497756958
    },
    "3": {
        "Loss_Exp": 46.42023468017578,
        "RelativeDistance_Exp": 0.7392247319221497,
        "R2Score_Exp": 0.8053102493286133,
        "Forgetting_Exp": 0.08581030368804932,
        "BWT_Exp": -0.08581030368804932
    },
    "4": {
        "Loss_Exp": 54.53205871582031,
        "RelativeDistance_Exp": 0.8883868455886841,
        "R2Score_Exp": 0.8060638904571533,
        "Forgetting_Exp": 0.08679729700088501,
        "BWT_Exp": -0.08679729700088501
    },
    "5": {
        "Loss_Exp": 47.82561492919922,
        "RelativeDistance_Exp": 0.7810276746749878,
        "R2Score_Exp": 0.823279857635498,
        "Forgetting_Exp": 0.06556373834609985,
        "BWT_Exp": -0.06556373834609985
    },
    "6": {
        "Loss_Exp": 44.647613525390625,
        "RelativeDistance_Exp": 0.6258974671363831,
        "R2Score_Exp": 0.8325794339179993,
        "Forgetting_Exp": 0.04984825849533081,
        "BWT_Exp": -0.04984825849533081
    },
    "7": {
        "Loss_Exp": 37.9897575378418,
        "RelativeDistance_Exp": 0.7080157399177551,
        "R2Score_Exp": 0.8569260835647583,
        "Forgetting_Exp": 0.0016220808029174805,
        "BWT_Exp": -0.0016220808029174805
    },
    "8": {
        "Loss_Exp": 36.49015808105469,
        "RelativeDistance_Exp": 0.49936968088150024,
        "R2Score_Exp": 0.8676828145980835,
        "Forgetting_Exp": 0.0355297327041626,
        "BWT_Exp": -0.0355297327041626
    },
    "9": {
        "Loss_Exp": 19.22553825378418,
        "RelativeDistance_Exp": 0.7302947044372559,
        "R2Score_Exp": 0.9277810454368591
    },
    "stream": {
        "Loss_Stream/eval_phase/test_stream": 48.67791064397489,
        "RelativeDistance_Stream/eval_phase/test_stream": 0.7214339137077331,
        "R2Score_Stream/eval_phase/test_stream": 0.8316541373729706,
        "Forgetting_Stream/eval_phase/test_stream": {
            "0": 0.08687323331832886,
            "1": 0.10589832067489624,
            "2": 0.09526139497756958,
            "3": 0.08581030368804932,
            "4": 0.08679729700088501,
            "5": 0.06556373834609985,
            "6": 0.04984825849533081,
            "7": 0.0016220808029174805,
            "8": 0.0355297327041626
        },
        "BWT_Stream/eval_phase/test_stream": {
            "0": 0.08687323331832886,
            "1": 0.10589832067489624,
            "2": 0.09526139497756958,
            "3": 0.08581030368804932,
            "4": 0.08679729700088501,
            "5": 0.06556373834609985,
            "6": 0.04984825849533081,
            "7": 0.0016220808029174805,
            "8": 0.0355297327041626
        }
    }
}