{
    "0": {
        "Loss_Exp": 22.09061050415039,
        "RelativeDistance_Exp": 0.5664659142494202,
        "R2Score_Exp": 0.9071727991104126,
        "Forgetting_Exp": -0.007357239723205566,
        "BWT_Exp": 0.007357239723205566
    },
    "1": {
        "Loss_Exp": 23.672636032104492,
        "RelativeDistance_Exp": 0.5785725712776184,
        "R2Score_Exp": 0.8972012996673584,
        "Forgetting_Exp": -0.005341053009033203,
        "BWT_Exp": 0.005341053009033203
    },
    "2": {
        "Loss_Exp": 23.597902297973633,
        "RelativeDistance_Exp": 0.6186979413032532,
        "R2Score_Exp": 0.9011258482933044,
        "Forgetting_Exp": -0.004151642322540283,
        "BWT_Exp": 0.004151642322540283
    },
    "3": {
        "Loss_Exp": 21.91474151611328,
        "RelativeDistance_Exp": 0.5711568593978882,
        "R2Score_Exp": 0.903692364692688,
        "Forgetting_Exp": -0.004133760929107666,
        "BWT_Exp": 0.004133760929107666
    },
    "4": {
        "Loss_Exp": 28.684925079345703,
        "RelativeDistance_Exp": 0.7007103562355042,
        "R2Score_Exp": 0.8909381628036499,
        "Forgetting_Exp": 0.0012340545654296875,
        "BWT_Exp": -0.0012340545654296875
    },
    "5": {
        "Loss_Exp": 28.15060043334961,
        "RelativeDistance_Exp": 0.6621438264846802,
        "R2Score_Exp": 0.8930339813232422,
        "Forgetting_Exp": 0.0011920928955078125,
        "BWT_Exp": -0.0011920928955078125
    },
    "6": {
        "Loss_Exp": 27.049354553222656,
        "RelativeDistance_Exp": 0.5144376754760742,
        "R2Score_Exp": 0.8926172852516174,
        "Forgetting_Exp": -0.006119132041931152,
        "BWT_Exp": 0.006119132041931152
    },
    "7": {
        "Loss_Exp": 27.108257293701172,
        "RelativeDistance_Exp": 0.6276625990867615,
        "R2Score_Exp": 0.8925706148147583,
        "Forgetting_Exp": -0.02891552448272705,
        "BWT_Exp": 0.02891552448272705
    },
    "8": {
        "Loss_Exp": 29.145660400390625,
        "RelativeDistance_Exp": 0.4477137625217438,
        "R2Score_Exp": 0.8889553546905518,
        "Forgetting_Exp": 0.02141427993774414,
        "BWT_Exp": -0.02141427993774414
    },
    "9": {
        "Loss_Exp": 21.780080795288086,
        "RelativeDistance_Exp": 0.7934228777885437,
        "R2Score_Exp": 0.9211311340332031
    },
    "stream": {
        "Loss_Stream/eval_phase/test_stream": 24.858349108878567,
        "RelativeDistance_Stream/eval_phase/test_stream": 0.6080984383821487,
        "R2Score_Stream/eval_phase/test_stream": 0.8988438844680786,
        "Forgetting_Stream/eval_phase/test_stream": {
            "0": -0.007357239723205566,
            "1": -0.005341053009033203,
            "2": -0.004151642322540283,
            "3": -0.004133760929107666,
            "4": 0.0012340545654296875,
            "5": 0.0011920928955078125,
            "6": -0.006119132041931152,
            "7": -0.02891552448272705,
            "8": 0.02141427993774414
        },
        "BWT_Stream/eval_phase/test_stream": {
            "0": -0.007357239723205566,
            "1": -0.005341053009033203,
            "2": -0.004151642322540283,
            "3": -0.004133760929107666,
            "4": 0.0012340545654296875,
            "5": 0.0011920928955078125,
            "6": -0.006119132041931152,
            "7": -0.02891552448272705,
            "8": 0.02141427993774414
        }
    }
}