{
    "0": {
        "Loss_Exp": 98.62806175187318,
        "RelativeDistance_Exp": 1.0236923098564148,
        "R2Score_Exp": 0.7733138203620911,
        "Forgetting_Exp": 0.10211154818534851,
        "BWT_Exp": -0.10211154818534851
    },
    "1": {
        "Loss_Exp": 61.02804639755016,
        "RelativeDistance_Exp": 1.7902463674545288,
        "R2Score_Exp": 0.8210046887397766,
        "Forgetting_Exp": 0.07405847311019897,
        "BWT_Exp": -0.07405847311019897
    },
    "2": {
        "Loss_Exp": 60.18867337569561,
        "RelativeDistance_Exp": 0.7659621834754944,
        "R2Score_Exp": 0.8078683217366537,
        "Forgetting_Exp": 0.00853552420934034,
        "BWT_Exp": -0.00853552420934034
    },
    "3": {
        "Loss_Exp": 50.76841517967124,
        "RelativeDistance_Exp": 0.639834076166153,
        "R2Score_Exp": 0.8326927125453949,
        "Forgetting_Exp": 0.026898205280303955,
        "BWT_Exp": -0.026898205280303955
    },
    "4": {
        "Loss_Exp": 48.50670680118118,
        "RelativeDistance_Exp": 0.8547290712594986,
        "R2Score_Exp": 0.8422792702913284,
        "Forgetting_Exp": 0.008922293782234192,
        "BWT_Exp": -0.008922293782234192
    },
    "5": {
        "Loss_Exp": 45.80472133470618,
        "RelativeDistance_Exp": 0.7080063025156657,
        "R2Score_Exp": 0.8211743036905924,
        "Forgetting_Exp": 0.013082702954610226,
        "BWT_Exp": -0.013082702954610226
    },
    "6": {
        "Loss_Exp": 58.85580271547286,
        "RelativeDistance_Exp": 0.7678361535072327,
        "R2Score_Exp": 0.8144832650820414,
        "Forgetting_Exp": 0.03175995747248339,
        "BWT_Exp": -0.03175995747248339
    },
    "7": {
        "Loss_Exp": 38.48075485229492,
        "RelativeDistance_Exp": 0.6694556474685669,
        "R2Score_Exp": 0.8482657670974731,
        "Forgetting_Exp": 0.041397929191589355,
        "BWT_Exp": -0.041397929191589355
    },
    "8": {
        "Loss_Exp": 50.48797665193246,
        "RelativeDistance_Exp": 0.9690176844596863,
        "R2Score_Exp": 0.8448199331760406,
        "Forgetting_Exp": -0.028339624404907227,
        "BWT_Exp": 0.028339624404907227
    },
    "9": {
        "Loss_Exp": 56.80347640197401,
        "RelativeDistance_Exp": 0.8061386346817017,
        "R2Score_Exp": 0.8446284830570221
    },
    "stream": {
        "Loss_Stream/eval_phase/test_stream": 56.44423814193602,
        "RelativeDistance_Stream/eval_phase/test_stream": 0.8863184998432795,
        "R2Score_Stream/eval_phase/test_stream": 0.8242033248146375,
        "Forgetting_Stream/eval_phase/test_stream": {
            "0": 0.10211154818534851,
            "1": 0.07405847311019897,
            "2": 0.00853552420934034,
            "3": 0.026898205280303955,
            "4": 0.008922293782234192,
            "5": 0.013082702954610226,
            "6": 0.03175995747248339,
            "7": 0.041397929191589355,
            "8": -0.028339624404907227
        },
        "BWT_Stream/eval_phase/test_stream": {
            "0": 0.10211154818534851,
            "1": 0.07405847311019897,
            "2": 0.00853552420934034,
            "3": 0.026898205280303955,
            "4": 0.008922293782234192,
            "5": 0.013082702954610226,
            "6": 0.03175995747248339,
            "7": 0.041397929191589355,
            "8": -0.028339624404907227
        }
    }
}