{
    "0": {
        "Loss_Exp": 94.27117272092585,
        "RelativeDistance_Exp": 1.0059347450733185,
        "R2Score_Exp": 0.7876987159252167,
        "Forgetting_Exp": 0.0862337052822113,
        "BWT_Exp": -0.0862337052822113
    },
    "1": {
        "Loss_Exp": 74.95480318556591,
        "RelativeDistance_Exp": 1.1511507630348206,
        "R2Score_Exp": 0.7837136387825012,
        "Forgetting_Exp": 0.10741281509399414,
        "BWT_Exp": -0.10741281509399414
    },
    "2": {
        "Loss_Exp": 55.97065928889144,
        "RelativeDistance_Exp": 0.7853731314341227,
        "R2Score_Exp": 0.8212887843449911,
        "Forgetting_Exp": 0.004911561806996589,
        "BWT_Exp": -0.004911561806996589
    },
    "3": {
        "Loss_Exp": 49.85287044459708,
        "RelativeDistance_Exp": 0.631758064031601,
        "R2Score_Exp": 0.8360141217708588,
        "Forgetting_Exp": 0.018321752548217773,
        "BWT_Exp": -0.018321752548217773
    },
    "4": {
        "Loss_Exp": 47.505027155999805,
        "RelativeDistance_Exp": 0.7503135353326797,
        "R2Score_Exp": 0.8418382555246353,
        "Forgetting_Exp": 0.002561405301094055,
        "BWT_Exp": -0.002561405301094055
    },
    "5": {
        "Loss_Exp": 45.17816278208857,
        "RelativeDistance_Exp": 0.6411420305569967,
        "R2Score_Exp": 0.8236511747042338,
        "Forgetting_Exp": 0.020798782507578606,
        "BWT_Exp": -0.020798782507578606
    },
    "6": {
        "Loss_Exp": 54.72384250180941,
        "RelativeDistance_Exp": 0.6737596193949381,
        "R2Score_Exp": 0.8366308410962423,
        "Forgetting_Exp": 0.039611001809437996,
        "BWT_Exp": -0.039611001809437996
    },
    "7": {
        "Loss_Exp": 37.42472457885742,
        "RelativeDistance_Exp": 0.6301214098930359,
        "R2Score_Exp": 0.8524298667907715,
        "Forgetting_Exp": 0.017068028450012207,
        "BWT_Exp": -0.017068028450012207
    },
    "8": {
        "Loss_Exp": 53.36787979161711,
        "RelativeDistance_Exp": 0.9024750888347626,
        "R2Score_Exp": 0.838802307844162,
        "Forgetting_Exp": 0.00297468900680542,
        "BWT_Exp": -0.00297468900680542
    },
    "9": {
        "Loss_Exp": 57.195714820464914,
        "RelativeDistance_Exp": 0.7215312123298645,
        "R2Score_Exp": 0.8445661067962646
    },
    "stream": {
        "Loss_Stream/eval_phase/test_stream": 56.20955522023753,
        "RelativeDistance_Stream/eval_phase/test_stream": 0.7815791517496109,
        "R2Score_Stream/eval_phase/test_stream": 0.826920211315155,
        "Forgetting_Stream/eval_phase/test_stream": {
            "0": 0.0862337052822113,
            "1": 0.10741281509399414,
            "2": 0.004911561806996589,
            "3": 0.018321752548217773,
            "4": 0.002561405301094055,
            "5": 0.020798782507578606,
            "6": 0.039611001809437996,
            "7": 0.017068028450012207,
            "8": 0.00297468900680542
        },
        "BWT_Stream/eval_phase/test_stream": {
            "0": 0.0862337052822113,
            "1": 0.10741281509399414,
            "2": 0.004911561806996589,
            "3": 0.018321752548217773,
            "4": 0.002561405301094055,
            "5": 0.020798782507578606,
            "6": 0.039611001809437996,
            "7": 0.017068028450012207,
            "8": 0.00297468900680542
        }
    }
}