{
    "0": {
        "Loss_Exp": 49.051716890475035,
        "RelativeDistance_Exp": 1.1135347545146943,
        "R2Score_Exp": 0.775500911474228,
        "Forgetting_Exp": 0.07805954813957205,
        "BWT_Exp": -0.07805954813957205
    },
    "1": {
        "Loss_Exp": 54.974710368604505,
        "RelativeDistance_Exp": 1.1163224458694458,
        "R2Score_Exp": 0.7736161430676778,
        "Forgetting_Exp": 0.02426877021789553,
        "BWT_Exp": -0.02426877021789553
    },
    "2": {
        "Loss_Exp": 41.45243356301278,
        "RelativeDistance_Exp": 0.962393907400278,
        "R2Score_Exp": 0.8253576342876141,
        "Forgetting_Exp": 0.002918656055743818,
        "BWT_Exp": -0.002918656055743818
    },
    "3": {
        "Loss_Exp": 36.86058143105672,
        "RelativeDistance_Exp": 0.9513542784584893,
        "R2Score_Exp": 0.8543791042433845,
        "Forgetting_Exp": 0.0024255447917513884,
        "BWT_Exp": -0.0024255447917513884
    },
    "4": {
        "Loss_Exp": 40.56922683116429,
        "RelativeDistance_Exp": 0.8761131337710789,
        "R2Score_Exp": 0.8463741881506783,
        "Forgetting_Exp": -0.0249192799840654,
        "BWT_Exp": 0.0249192799840654
    },
    "5": {
        "Loss_Exp": 39.89274977429103,
        "RelativeDistance_Exp": 0.7630955179532369,
        "R2Score_Exp": 0.8499788343906403,
        "Forgetting_Exp": -0.008685588836669922,
        "BWT_Exp": 0.008685588836669922
    },
    "6": {
        "Loss_Exp": 38.39181844616453,
        "RelativeDistance_Exp": 0.9090694636106491,
        "R2Score_Exp": 0.857188954949379,
        "Forgetting_Exp": 6.886571645736694e-05,
        "BWT_Exp": -6.886571645736694e-05
    },
    "7": {
        "Loss_Exp": 52.265613302770824,
        "RelativeDistance_Exp": 0.7097115814685822,
        "R2Score_Exp": 0.8200832903385162,
        "Forgetting_Exp": 0.011700347065925598,
        "BWT_Exp": -0.011700347065925598
    },
    "8": {
        "Loss_Exp": 40.37708981510914,
        "RelativeDistance_Exp": 0.7338762283325195,
        "R2Score_Exp": 0.859553853670756,
        "Forgetting_Exp": 0.03573218981424975,
        "BWT_Exp": -0.03573218981424975
    },
    "9": {
        "Loss_Exp": 29.620606617391015,
        "RelativeDistance_Exp": 0.6460776031017303,
        "R2Score_Exp": 0.8972424268722534
    },
    "stream": {
        "Loss_Stream/eval_phase/test_stream": 44.80647827278795,
        "RelativeDistance_Stream/eval_phase/test_stream": 0.9396159361909937,
        "R2Score_Stream/eval_phase/test_stream": 0.8221497425326595,
        "Forgetting_Stream/eval_phase/test_stream": {
            "0": 0.07805954813957205,
            "1": 0.02426877021789553,
            "2": 0.002918656055743818,
            "3": 0.0024255447917513884,
            "4": -0.0249192799840654,
            "5": -0.008685588836669922,
            "6": 6.886571645736694e-05,
            "7": 0.011700347065925598,
            "8": 0.03573218981424975
        },
        "BWT_Stream/eval_phase/test_stream": {
            "0": 0.07805954813957205,
            "1": 0.02426877021789553,
            "2": 0.002918656055743818,
            "3": 0.0024255447917513884,
            "4": -0.0249192799840654,
            "5": -0.008685588836669922,
            "6": 6.886571645736694e-05,
            "7": 0.011700347065925598,
            "8": 0.03573218981424975
        }
    }
}