{
    "0": {
        "Loss_Exp": 87.02138487163343,
        "RelativeDistance_Exp": 1.2392151951789856,
        "R2Score_Exp": 0.8023980855941772,
        "Forgetting_Exp": 0.0759764313697815,
        "BWT_Exp": -0.0759764313697815
    },
    "1": {
        "Loss_Exp": 75.95746829096677,
        "RelativeDistance_Exp": 1.053827702999115,
        "R2Score_Exp": 0.7803539335727692,
        "Forgetting_Exp": 0.09303057193756104,
        "BWT_Exp": -0.09303057193756104
    },
    "2": {
        "Loss_Exp": 56.54275846660182,
        "RelativeDistance_Exp": 0.7799422939618429,
        "R2Score_Exp": 0.817741851011912,
        "Forgetting_Exp": -0.05885958671569824,
        "BWT_Exp": 0.05885958671569824
    },
    "3": {
        "Loss_Exp": 56.76162829047856,
        "RelativeDistance_Exp": 0.7068141996860504,
        "R2Score_Exp": 0.8127031922340393,
        "Forgetting_Exp": -0.02032703161239624,
        "BWT_Exp": 0.02032703161239624
    },
    "4": {
        "Loss_Exp": 54.80316576264219,
        "RelativeDistance_Exp": 0.8828602284193039,
        "R2Score_Exp": 0.8195573538541794,
        "Forgetting_Exp": -0.00868140161037445,
        "BWT_Exp": 0.00868140161037445
    },
    "5": {
        "Loss_Exp": 50.482059976328976,
        "RelativeDistance_Exp": 0.7539956569671631,
        "R2Score_Exp": 0.8025454680124918,
        "Forgetting_Exp": 0.008553306261698479,
        "BWT_Exp": -0.008553306261698479
    },
    "6": {
        "Loss_Exp": 60.186455514245,
        "RelativeDistance_Exp": 0.8693975806236267,
        "R2Score_Exp": 0.8028077284495035,
        "Forgetting_Exp": 0.03863400220870972,
        "BWT_Exp": -0.03863400220870972
    },
    "7": {
        "Loss_Exp": 46.737857818603516,
        "RelativeDistance_Exp": 0.7708960175514221,
        "R2Score_Exp": 0.8157070279121399,
        "Forgetting_Exp": 0.026141196489334106,
        "BWT_Exp": -0.026141196489334106
    },
    "8": {
        "Loss_Exp": 61.53877341682142,
        "RelativeDistance_Exp": 0.9432558417320251,
        "R2Score_Exp": 0.8188827037811279,
        "Forgetting_Exp": -0.006509244441986084,
        "BWT_Exp": 0.006509244441986084
    },
    "9": {
        "Loss_Exp": 66.24906688535833,
        "RelativeDistance_Exp": 0.840118795633316,
        "R2Score_Exp": 0.8197694718837738
    },
    "stream": {
        "Loss_Stream/eval_phase/test_stream": 60.678425740344146,
        "RelativeDistance_Stream/eval_phase/test_stream": 0.87828362484773,
        "R2Score_Stream/eval_phase/test_stream": 0.8096431816617647,
        "Forgetting_Stream/eval_phase/test_stream": {
            "0": 0.0759764313697815,
            "1": 0.09303057193756104,
            "2": -0.05885958671569824,
            "3": -0.02032703161239624,
            "4": -0.00868140161037445,
            "5": 0.008553306261698479,
            "6": 0.03863400220870972,
            "7": 0.026141196489334106,
            "8": -0.006509244441986084
        },
        "BWT_Stream/eval_phase/test_stream": {
            "0": 0.0759764313697815,
            "1": 0.09303057193756104,
            "2": -0.05885958671569824,
            "3": -0.02032703161239624,
            "4": -0.00868140161037445,
            "5": 0.008553306261698479,
            "6": 0.03863400220870972,
            "7": 0.026141196489334106,
            "8": -0.006509244441986084
        }
    }
}