{
    "0": {
        "Loss_Exp": 36.52019119262695,
        "RelativeDistance_Exp": 0.6777808666229248,
        "R2Score_Exp": 0.8527394533157349,
        "Forgetting_Exp": 0.048731327056884766,
        "BWT_Exp": -0.048731327056884766
    },
    "1": {
        "Loss_Exp": 40.80423355102539,
        "RelativeDistance_Exp": 0.6774966716766357,
        "R2Score_Exp": 0.8342612981796265,
        "Forgetting_Exp": 0.052932798862457275,
        "BWT_Exp": -0.052932798862457275
    },
    "2": {
        "Loss_Exp": 40.73665237426758,
        "RelativeDistance_Exp": 0.7420099973678589,
        "R2Score_Exp": 0.8374635577201843,
        "Forgetting_Exp": 0.057996153831481934,
        "BWT_Exp": -0.057996153831481934
    },
    "3": {
        "Loss_Exp": 40.0498161315918,
        "RelativeDistance_Exp": 0.6880277991294861,
        "R2Score_Exp": 0.8311560750007629,
        "Forgetting_Exp": 0.06465750932693481,
        "BWT_Exp": -0.06465750932693481
    },
    "4": {
        "Loss_Exp": 45.39369583129883,
        "RelativeDistance_Exp": 0.7571641206741333,
        "R2Score_Exp": 0.8349654674530029,
        "Forgetting_Exp": 0.06270074844360352,
        "BWT_Exp": -0.06270074844360352
    },
    "5": {
        "Loss_Exp": 42.0319938659668,
        "RelativeDistance_Exp": 0.7450463771820068,
        "R2Score_Exp": 0.8420163989067078,
        "Forgetting_Exp": 0.05370229482650757,
        "BWT_Exp": -0.05370229482650757
    },
    "6": {
        "Loss_Exp": 33.97554397583008,
        "RelativeDistance_Exp": 0.5720324516296387,
        "R2Score_Exp": 0.8728198409080505,
        "Forgetting_Exp": 0.019095003604888916,
        "BWT_Exp": -0.019095003604888916
    },
    "7": {
        "Loss_Exp": 33.66427993774414,
        "RelativeDistance_Exp": 0.6775611042976379,
        "R2Score_Exp": 0.8713170289993286,
        "Forgetting_Exp": -0.005549192428588867,
        "BWT_Exp": 0.005549192428588867
    },
    "8": {
        "Loss_Exp": 30.424293518066406,
        "RelativeDistance_Exp": 0.4580807685852051,
        "R2Score_Exp": 0.8902477622032166,
        "Forgetting_Exp": 0.013441324234008789,
        "BWT_Exp": -0.013441324234008789
    },
    "9": {
        "Loss_Exp": 17.747661590576172,
        "RelativeDistance_Exp": 0.7268165946006775,
        "R2Score_Exp": 0.9343284368515015
    },
    "stream": {
        "Loss_Stream/eval_phase/test_stream": 39.936636112768994,
        "RelativeDistance_Stream/eval_phase/test_stream": 0.6722016751766204,
        "R2Score_Stream/eval_phase/test_stream": 0.8601315319538116,
        "Forgetting_Stream/eval_phase/test_stream": {
            "0": 0.048731327056884766,
            "1": 0.052932798862457275,
            "2": 0.057996153831481934,
            "3": 0.06465750932693481,
            "4": 0.06270074844360352,
            "5": 0.05370229482650757,
            "6": 0.019095003604888916,
            "7": -0.005549192428588867,
            "8": 0.013441324234008789
        },
        "BWT_Stream/eval_phase/test_stream": {
            "0": 0.048731327056884766,
            "1": 0.052932798862457275,
            "2": 0.057996153831481934,
            "3": 0.06465750932693481,
            "4": 0.06270074844360352,
            "5": 0.05370229482650757,
            "6": 0.019095003604888916,
            "7": -0.005549192428588867,
            "8": 0.013441324234008789
        }
    }
}