{
    "0": {
        "Loss_Exp": 43.89434814453125,
        "RelativeDistance_Exp": 0.8443452715873718,
        "R2Score_Exp": 0.8216909766197205,
        "Forgetting_Exp": 0.06683927774429321,
        "BWT_Exp": -0.06683927774429321
    },
    "1": {
        "Loss_Exp": 47.273834228515625,
        "RelativeDistance_Exp": 0.7665588855743408,
        "R2Score_Exp": 0.8071447014808655,
        "Forgetting_Exp": 0.07106822729110718,
        "BWT_Exp": -0.07106822729110718
    },
    "2": {
        "Loss_Exp": 39.11665725708008,
        "RelativeDistance_Exp": 0.7424091100692749,
        "R2Score_Exp": 0.8341507911682129,
        "Forgetting_Exp": 0.05943715572357178,
        "BWT_Exp": -0.05943715572357178
    },
    "3": {
        "Loss_Exp": 27.76827049255371,
        "RelativeDistance_Exp": 0.7663909792900085,
        "R2Score_Exp": 0.8900559544563293,
        "Forgetting_Exp": 0.03314274549484253,
        "BWT_Exp": -0.03314274549484253
    },
    "4": {
        "Loss_Exp": 29.270050048828125,
        "RelativeDistance_Exp": 0.7657908797264099,
        "R2Score_Exp": 0.883398175239563,
        "Forgetting_Exp": 0.015523552894592285,
        "BWT_Exp": -0.015523552894592285
    },
    "5": {
        "Loss_Exp": 31.00865364074707,
        "RelativeDistance_Exp": 0.667020320892334,
        "R2Score_Exp": 0.8791557550430298,
        "Forgetting_Exp": 0.0046585798263549805,
        "BWT_Exp": -0.0046585798263549805
    },
    "6": {
        "Loss_Exp": 31.497665405273438,
        "RelativeDistance_Exp": 0.8260419368743896,
        "R2Score_Exp": 0.8780370950698853,
        "Forgetting_Exp": 0.02246880531311035,
        "BWT_Exp": -0.02246880531311035
    },
    "7": {
        "Loss_Exp": 39.64189529418945,
        "RelativeDistance_Exp": 0.5813003778457642,
        "R2Score_Exp": 0.8596199154853821,
        "Forgetting_Exp": 0.028997600078582764,
        "BWT_Exp": -0.028997600078582764
    },
    "8": {
        "Loss_Exp": 26.348257064819336,
        "RelativeDistance_Exp": 0.5550121665000916,
        "R2Score_Exp": 0.9115142822265625,
        "Forgetting_Exp": -0.0022462010383605957,
        "BWT_Exp": 0.0022462010383605957
    },
    "9": {
        "Loss_Exp": 21.52842140197754,
        "RelativeDistance_Exp": 0.5434933304786682,
        "R2Score_Exp": 0.9282903671264648
    },
    "stream": {
        "Loss_Stream/eval_phase/test_stream": 37.18333872788512,
        "RelativeDistance_Stream/eval_phase/test_stream": 0.7058363258838654,
        "R2Score_Stream/eval_phase/test_stream": 0.8693058013916015,
        "Forgetting_Stream/eval_phase/test_stream": {
            "0": 0.06683927774429321,
            "1": 0.07106822729110718,
            "2": 0.05943715572357178,
            "3": 0.03314274549484253,
            "4": 0.015523552894592285,
            "5": 0.0046585798263549805,
            "6": 0.02246880531311035,
            "7": 0.028997600078582764,
            "8": -0.0022462010383605957
        },
        "BWT_Stream/eval_phase/test_stream": {
            "0": 0.06683927774429321,
            "1": 0.07106822729110718,
            "2": 0.05943715572357178,
            "3": 0.03314274549484253,
            "4": 0.015523552894592285,
            "5": 0.0046585798263549805,
            "6": 0.02246880531311035,
            "7": 0.028997600078582764,
            "8": -0.0022462010383605957
        }
    }
}