{
    "0": {
        "Loss_Exp": 103.9724695930704,
        "RelativeDistance_Exp": 0.8425418734550476,
        "R2Score_Exp": 0.762582391500473,
        "Forgetting_Exp": 0.10304555296897888,
        "BWT_Exp": -0.10304555296897888
    },
    "1": {
        "Loss_Exp": 91.729869322252,
        "RelativeDistance_Exp": 0.9913969039916992,
        "R2Score_Exp": 0.7310193777084351,
        "Forgetting_Exp": 0.16014519333839417,
        "BWT_Exp": -0.16014519333839417
    },
    "2": {
        "Loss_Exp": 76.38199541073318,
        "RelativeDistance_Exp": 0.7301554083824158,
        "R2Score_Exp": 0.7556376059850057,
        "Forgetting_Exp": 0.07501518726348877,
        "BWT_Exp": -0.07501518726348877
    },
    "3": {
        "Loss_Exp": 61.64764167947317,
        "RelativeDistance_Exp": 0.6123849153518677,
        "R2Score_Exp": 0.7964831292629242,
        "Forgetting_Exp": 0.05605977773666382,
        "BWT_Exp": -0.05605977773666382
    },
    "4": {
        "Loss_Exp": 59.78074175932496,
        "RelativeDistance_Exp": 0.7253447026014328,
        "R2Score_Exp": 0.7994345128536224,
        "Forgetting_Exp": 0.05143146216869354,
        "BWT_Exp": -0.05143146216869354
    },
    "5": {
        "Loss_Exp": 55.22698311183763,
        "RelativeDistance_Exp": 0.5985595186551412,
        "R2Score_Exp": 0.7838097016016642,
        "Forgetting_Exp": 0.02790158987045288,
        "BWT_Exp": -0.02790158987045288
    },
    "6": {
        "Loss_Exp": 65.20134128723866,
        "RelativeDistance_Exp": 0.752685139576594,
        "R2Score_Exp": 0.81417844692866,
        "Forgetting_Exp": 0.011629323164622063,
        "BWT_Exp": -0.011629323164622063
    },
    "7": {
        "Loss_Exp": 46.46236038208008,
        "RelativeDistance_Exp": 0.5745612382888794,
        "R2Score_Exp": 0.8167933821678162,
        "Forgetting_Exp": 0.033398330211639404,
        "BWT_Exp": -0.033398330211639404
    },
    "8": {
        "Loss_Exp": 61.178814652001456,
        "RelativeDistance_Exp": 1.1640898883342743,
        "R2Score_Exp": 0.795798122882843,
        "Forgetting_Exp": 0.01259562373161316,
        "BWT_Exp": -0.01259562373161316
    },
    "9": {
        "Loss_Exp": 68.7058929972566,
        "RelativeDistance_Exp": 0.7018120288848877,
        "R2Score_Exp": 0.8125628232955933
    },
    "stream": {
        "Loss_Stream/eval_phase/test_stream": 68.68627770612414,
        "RelativeDistance_Stream/eval_phase/test_stream": 0.7643579778571924,
        "R2Score_Stream/eval_phase/test_stream": 0.7863458494345347,
        "Forgetting_Stream/eval_phase/test_stream": {
            "0": 0.10304555296897888,
            "1": 0.16014519333839417,
            "2": 0.07501518726348877,
            "3": 0.05605977773666382,
            "4": 0.05143146216869354,
            "5": 0.02790158987045288,
            "6": 0.011629323164622063,
            "7": 0.033398330211639404,
            "8": 0.01259562373161316
        },
        "BWT_Stream/eval_phase/test_stream": {
            "0": 0.10304555296897888,
            "1": 0.16014519333839417,
            "2": 0.07501518726348877,
            "3": 0.05605977773666382,
            "4": 0.05143146216869354,
            "5": 0.02790158987045288,
            "6": 0.011629323164622063,
            "7": 0.033398330211639404,
            "8": 0.01259562373161316
        }
    }
}