{
    "0": {
        "Loss_Exp": 48.44280580404669,
        "RelativeDistance_Exp": 1.04924818277359,
        "R2Score_Exp": 0.7823617815971374,
        "Forgetting_Exp": 0.0701128721237183,
        "BWT_Exp": -0.0701128721237183
    },
    "1": {
        "Loss_Exp": 54.59538395482736,
        "RelativeDistance_Exp": 1.0940958619117738,
        "R2Score_Exp": 0.7749142448107401,
        "Forgetting_Exp": 0.025659604867299457,
        "BWT_Exp": -0.025659604867299457
    },
    "2": {
        "Loss_Exp": 42.51052818496625,
        "RelativeDistance_Exp": 0.9622776370782119,
        "R2Score_Exp": 0.8211319263164814,
        "Forgetting_Exp": 0.00512220767828131,
        "BWT_Exp": -0.00512220767828131
    },
    "3": {
        "Loss_Exp": 38.66403371463536,
        "RelativeDistance_Exp": 0.9357456432448493,
        "R2Score_Exp": 0.8488882051573859,
        "Forgetting_Exp": 0.004505150847964767,
        "BWT_Exp": -0.004505150847964767
    },
    "4": {
        "Loss_Exp": 41.95852137368823,
        "RelativeDistance_Exp": 0.9144903676850455,
        "R2Score_Exp": 0.841211097581046,
        "Forgetting_Exp": -0.02353271416255409,
        "BWT_Exp": 0.02353271416255409
    },
    "5": {
        "Loss_Exp": 40.77567268232912,
        "RelativeDistance_Exp": 0.7880738774935404,
        "R2Score_Exp": 0.8454317649205526,
        "Forgetting_Exp": -0.006361573934555054,
        "BWT_Exp": 0.006361573934555054
    },
    "6": {
        "Loss_Exp": 38.99418711885333,
        "RelativeDistance_Exp": 0.9561843350529671,
        "R2Score_Exp": 0.8545169457793236,
        "Forgetting_Exp": 0.0015139728784561157,
        "BWT_Exp": -0.0015139728784561157
    },
    "7": {
        "Loss_Exp": 53.11346049823611,
        "RelativeDistance_Exp": 0.7693416029214859,
        "R2Score_Exp": 0.818458080291748,
        "Forgetting_Exp": 0.009831823408603668,
        "BWT_Exp": -0.009831823408603668
    },
    "8": {
        "Loss_Exp": 40.63182395245297,
        "RelativeDistance_Exp": 0.7686647971471151,
        "R2Score_Exp": 0.8557481567064921,
        "Forgetting_Exp": 0.042010605335235596,
        "BWT_Exp": -0.042010605335235596
    },
    "9": {
        "Loss_Exp": 30.818774511999262,
        "RelativeDistance_Exp": 0.6481078565120697,
        "R2Score_Exp": 0.8938187062740326
    },
    "stream": {
        "Loss_Stream/eval_phase/test_stream": 45.385365605456926,
        "RelativeDistance_Stream/eval_phase/test_stream": 0.9428584354895132,
        "R2Score_Stream/eval_phase/test_stream": 0.8205159350677773,
        "Forgetting_Stream/eval_phase/test_stream": {
            "0": 0.0701128721237183,
            "1": 0.025659604867299457,
            "2": 0.00512220767828131,
            "3": 0.004505150847964767,
            "4": -0.02353271416255409,
            "5": -0.006361573934555054,
            "6": 0.0015139728784561157,
            "7": 0.009831823408603668,
            "8": 0.042010605335235596
        },
        "BWT_Stream/eval_phase/test_stream": {
            "0": 0.0701128721237183,
            "1": 0.025659604867299457,
            "2": 0.00512220767828131,
            "3": 0.004505150847964767,
            "4": -0.02353271416255409,
            "5": -0.006361573934555054,
            "6": 0.0015139728784561157,
            "7": 0.009831823408603668,
            "8": 0.042010605335235596
        }
    }
}