{
    "0": {
        "Loss_Exp": 71.35834903996945,
        "RelativeDistance_Exp": 1.1154752552509308,
        "R2Score_Exp": 0.7106505751609802,
        "Forgetting_Exp": 0.17800806164741523,
        "BWT_Exp": -0.17800806164741523
    },
    "1": {
        "Loss_Exp": 73.20250130710917,
        "RelativeDistance_Exp": 1.074612299601237,
        "R2Score_Exp": 0.7185836394627889,
        "Forgetting_Exp": 0.16471316417058313,
        "BWT_Exp": -0.16471316417058313
    },
    "2": {
        "Loss_Exp": 51.38759244898232,
        "RelativeDistance_Exp": 0.9232308406096238,
        "R2Score_Exp": 0.7906154760947595,
        "Forgetting_Exp": 0.10842961989916289,
        "BWT_Exp": -0.10842961989916289
    },
    "3": {
        "Loss_Exp": 40.71095177073307,
        "RelativeDistance_Exp": 0.8863494197527567,
        "R2Score_Exp": 0.8441731929779053,
        "Forgetting_Exp": 0.0862558285395304,
        "BWT_Exp": -0.0862558285395304
    },
    "4": {
        "Loss_Exp": 48.78259819548195,
        "RelativeDistance_Exp": 0.8247096368244716,
        "R2Score_Exp": 0.810903787612915,
        "Forgetting_Exp": 0.09540414810180664,
        "BWT_Exp": -0.09540414810180664
    },
    "5": {
        "Loss_Exp": 44.45123546473758,
        "RelativeDistance_Exp": 0.7473497986793518,
        "R2Score_Exp": 0.8297710418701172,
        "Forgetting_Exp": 0.06336522102355957,
        "BWT_Exp": -0.06336522102355957
    },
    "6": {
        "Loss_Exp": 35.520247731286275,
        "RelativeDistance_Exp": 0.9135714843869209,
        "R2Score_Exp": 0.8643264696002007,
        "Forgetting_Exp": 0.03066006302833557,
        "BWT_Exp": -0.03066006302833557
    },
    "7": {
        "Loss_Exp": 47.37366324583733,
        "RelativeDistance_Exp": 0.642364151775837,
        "R2Score_Exp": 0.8420909345149994,
        "Forgetting_Exp": 0.047237128019332886,
        "BWT_Exp": -0.047237128019332886
    },
    "8": {
        "Loss_Exp": 32.848829303547134,
        "RelativeDistance_Exp": 0.5912524064381918,
        "R2Score_Exp": 0.8859250346819559,
        "Forgetting_Exp": 0.031170427799224854,
        "BWT_Exp": -0.031170427799224854
    },
    "9": {
        "Loss_Exp": 21.608386787861917,
        "RelativeDistance_Exp": 0.5175184607505798,
        "R2Score_Exp": 0.9134143888950348
    },
    "stream": {
        "Loss_Stream/eval_phase/test_stream": 53.08093716322995,
        "RelativeDistance_Stream/eval_phase/test_stream": 0.8983509658295431,
        "R2Score_Stream/eval_phase/test_stream": 0.7969347672697938,
        "Forgetting_Stream/eval_phase/test_stream": {
            "0": 0.17800806164741523,
            "1": 0.16471316417058313,
            "2": 0.10842961989916289,
            "3": 0.0862558285395304,
            "4": 0.09540414810180664,
            "5": 0.06336522102355957,
            "6": 0.03066006302833557,
            "7": 0.047237128019332886,
            "8": 0.031170427799224854
        },
        "BWT_Stream/eval_phase/test_stream": {
            "0": 0.17800806164741523,
            "1": 0.16471316417058313,
            "2": 0.10842961989916289,
            "3": 0.0862558285395304,
            "4": 0.09540414810180664,
            "5": 0.06336522102355957,
            "6": 0.03066006302833557,
            "7": 0.047237128019332886,
            "8": 0.031170427799224854
        }
    }
}