{
    "0": {
        "Loss_Exp": 23.50881576538086,
        "RelativeDistance_Exp": 0.5766652226448059,
        "R2Score_Exp": 0.902373194694519
    },
    "1": {
        "Loss_Exp": 24.123498916625977,
        "RelativeDistance_Exp": 0.5614973902702332,
        "R2Score_Exp": 0.8967417478561401
    },
    "2": {
        "Loss_Exp": 24.31797981262207,
        "RelativeDistance_Exp": 0.6126713752746582,
        "R2Score_Exp": 0.8993951082229614
    },
    "3": {
        "Loss_Exp": 22.853857040405273,
        "RelativeDistance_Exp": 0.5593264102935791,
        "R2Score_Exp": 0.9003503322601318
    },
    "4": {
        "Loss_Exp": 29.072187423706055,
        "RelativeDistance_Exp": 0.6719216704368591,
        "R2Score_Exp": 0.8912783265113831
    },
    "5": {
        "Loss_Exp": 28.705123901367188,
        "RelativeDistance_Exp": 0.636186420917511,
        "R2Score_Exp": 0.891654372215271
    },
    "6": {
        "Loss_Exp": 27.52422523498535,
        "RelativeDistance_Exp": 0.4936515986919403,
        "R2Score_Exp": 0.89084792137146
    },
    "7": {
        "Loss_Exp": 26.825735092163086,
        "RelativeDistance_Exp": 0.5969176292419434,
        "R2Score_Exp": 0.8953083157539368
    },
    "8": {
        "Loss_Exp": 27.761402130126953,
        "RelativeDistance_Exp": 0.4383369982242584,
        "R2Score_Exp": 0.8923622369766235
    },
    "9": {
        "Loss_Exp": 20.681453704833984,
        "RelativeDistance_Exp": 0.7492344379425049,
        "R2Score_Exp": 0.9244191646575928
    },
    "stream": {
        "Loss_Stream/eval_phase/test_stream": 25.48119151072426,
        "RelativeDistance_Stream/eval_phase/test_stream": 0.5896409153938293,
        "R2Score_Stream/eval_phase/test_stream": 0.898473072052002,
        "Forgetting_Stream/eval_phase/test_stream": {},
        "BWT_Stream/eval_phase/test_stream": {}
    }
}