{
    "0": {
        "Loss_Exp": 30.198684692382812,
        "RelativeDistance_Exp": 0.6453484892845154,
        "R2Score_Exp": 0.8778320550918579,
        "Forgetting_Exp": 0.022757649421691895,
        "BWT_Exp": -0.022757649421691895
    },
    "1": {
        "Loss_Exp": 39.88214111328125,
        "RelativeDistance_Exp": 0.7980096340179443,
        "R2Score_Exp": 0.8390713334083557,
        "Forgetting_Exp": 0.001421213150024414,
        "BWT_Exp": -0.001421213150024414
    },
    "2": {
        "Loss_Exp": 43.175601959228516,
        "RelativeDistance_Exp": 0.8723797798156738,
        "R2Score_Exp": 0.8253416419029236,
        "Forgetting_Exp": 0.027754783630371094,
        "BWT_Exp": -0.027754783630371094
    },
    "3": {
        "Loss_Exp": 45.793251037597656,
        "RelativeDistance_Exp": 0.9196067452430725,
        "R2Score_Exp": 0.8035485744476318,
        "Forgetting_Exp": 0.042594075202941895,
        "BWT_Exp": -0.042594075202941895
    },
    "4": {
        "Loss_Exp": 50.22871017456055,
        "RelativeDistance_Exp": 0.9711694121360779,
        "R2Score_Exp": 0.8232070207595825,
        "Forgetting_Exp": 0.024832963943481445,
        "BWT_Exp": -0.024832963943481445
    },
    "5": {
        "Loss_Exp": 46.24457931518555,
        "RelativeDistance_Exp": 0.9167219400405884,
        "R2Score_Exp": 0.830267071723938,
        "Forgetting_Exp": 0.02172839641571045,
        "BWT_Exp": -0.02172839641571045
    },
    "6": {
        "Loss_Exp": 40.517486572265625,
        "RelativeDistance_Exp": 0.7504464983940125,
        "R2Score_Exp": 0.8457510471343994,
        "Forgetting_Exp": 0.003332674503326416,
        "BWT_Exp": -0.003332674503326416
    },
    "7": {
        "Loss_Exp": 38.20028305053711,
        "RelativeDistance_Exp": 0.7765414714813232,
        "R2Score_Exp": 0.8579483032226562,
        "Forgetting_Exp": -0.021686315536499023,
        "BWT_Exp": 0.021686315536499023
    },
    "8": {
        "Loss_Exp": 51.53599548339844,
        "RelativeDistance_Exp": 0.6808944344520569,
        "R2Score_Exp": 0.8279427289962769,
        "Forgetting_Exp": 0.034180641174316406,
        "BWT_Exp": -0.034180641174316406
    },
    "9": {
        "Loss_Exp": 34.43954849243164,
        "RelativeDistance_Exp": 1.0217968225479126,
        "R2Score_Exp": 0.8776258826255798
    },
    "stream": {
        "Loss_Stream/eval_phase/test_stream": 42.92665062316101,
        "RelativeDistance_Stream/eval_phase/test_stream": 0.8352915227413178,
        "R2Score_Stream/eval_phase/test_stream": 0.8408535659313202,
        "Forgetting_Stream/eval_phase/test_stream": {
            "0": 0.022757649421691895,
            "1": 0.001421213150024414,
            "2": 0.027754783630371094,
            "3": 0.042594075202941895,
            "4": 0.024832963943481445,
            "5": 0.02172839641571045,
            "6": 0.003332674503326416,
            "7": -0.021686315536499023,
            "8": 0.034180641174316406
        },
        "BWT_Stream/eval_phase/test_stream": {
            "0": 0.022757649421691895,
            "1": 0.001421213150024414,
            "2": 0.027754783630371094,
            "3": 0.042594075202941895,
            "4": 0.024832963943481445,
            "5": 0.02172839641571045,
            "6": 0.003332674503326416,
            "7": -0.021686315536499023,
            "8": 0.034180641174316406
        }
    }
}