{
    "0": {
        "Loss_Exp": 54.33500289916992,
        "RelativeDistance_Exp": 0.8840617537498474,
        "R2Score_Exp": 0.777003288269043,
        "Forgetting_Exp": 0.10893863439559937,
        "BWT_Exp": -0.10893863439559937
    },
    "1": {
        "Loss_Exp": 59.020835876464844,
        "RelativeDistance_Exp": 0.8314573168754578,
        "R2Score_Exp": 0.7738314867019653,
        "Forgetting_Exp": 0.10320252180099487,
        "BWT_Exp": -0.10320252180099487
    },
    "2": {
        "Loss_Exp": 39.22309112548828,
        "RelativeDistance_Exp": 0.7748928666114807,
        "R2Score_Exp": 0.8370621204376221,
        "Forgetting_Exp": 0.05634474754333496,
        "BWT_Exp": -0.05634474754333496
    },
    "3": {
        "Loss_Exp": 32.69025421142578,
        "RelativeDistance_Exp": 0.7879915833473206,
        "R2Score_Exp": 0.8706109523773193,
        "Forgetting_Exp": 0.05185633897781372,
        "BWT_Exp": -0.05185633897781372
    },
    "4": {
        "Loss_Exp": 37.05854034423828,
        "RelativeDistance_Exp": 0.7958766222000122,
        "R2Score_Exp": 0.8557307720184326,
        "Forgetting_Exp": 0.03804588317871094,
        "BWT_Exp": -0.03804588317871094
    },
    "5": {
        "Loss_Exp": 34.50286865234375,
        "RelativeDistance_Exp": 0.6931033134460449,
        "R2Score_Exp": 0.8667147159576416,
        "Forgetting_Exp": 0.013163924217224121,
        "BWT_Exp": -0.013163924217224121
    },
    "6": {
        "Loss_Exp": 33.55995559692383,
        "RelativeDistance_Exp": 0.8631908893585205,
        "R2Score_Exp": 0.8710087537765503,
        "Forgetting_Exp": 0.019892334938049316,
        "BWT_Exp": -0.019892334938049316
    },
    "7": {
        "Loss_Exp": 40.01980972290039,
        "RelativeDistance_Exp": 0.6186710596084595,
        "R2Score_Exp": 0.8591197729110718,
        "Forgetting_Exp": 0.022168219089508057,
        "BWT_Exp": -0.022168219089508057
    },
    "8": {
        "Loss_Exp": 33.87491989135742,
        "RelativeDistance_Exp": 0.6653203964233398,
        "R2Score_Exp": 0.8870988488197327,
        "Forgetting_Exp": 0.021076619625091553,
        "BWT_Exp": -0.021076619625091553
    },
    "9": {
        "Loss_Exp": 21.13928985595703,
        "RelativeDistance_Exp": 0.5814611315727234,
        "R2Score_Exp": 0.9295105934143066
    },
    "stream": {
        "Loss_Stream/eval_phase/test_stream": 42.70228433640106,
        "RelativeDistance_Stream/eval_phase/test_stream": 0.7496026933193207,
        "R2Score_Stream/eval_phase/test_stream": 0.8527691304683686,
        "Forgetting_Stream/eval_phase/test_stream": {
            "0": 0.10893863439559937,
            "1": 0.10320252180099487,
            "2": 0.05634474754333496,
            "3": 0.05185633897781372,
            "4": 0.03804588317871094,
            "5": 0.013163924217224121,
            "6": 0.019892334938049316,
            "7": 0.022168219089508057,
            "8": 0.021076619625091553
        },
        "BWT_Stream/eval_phase/test_stream": {
            "0": 0.10893863439559937,
            "1": 0.10320252180099487,
            "2": 0.05634474754333496,
            "3": 0.05185633897781372,
            "4": 0.03804588317871094,
            "5": 0.013163924217224121,
            "6": 0.019892334938049316,
            "7": 0.022168219089508057,
            "8": 0.021076619625091553
        }
    }
}