{
    "0": {
        "Loss_Exp": 59.746612548828125,
        "RelativeDistance_Exp": 0.6760916709899902,
        "R2Score_Exp": 0.8013859987258911,
        "Forgetting_Exp": 0.05268895626068115,
        "BWT_Exp": -0.05268895626068115
    },
    "1": {
        "Loss_Exp": 32.88522720336914,
        "RelativeDistance_Exp": 0.6808262467384338,
        "R2Score_Exp": 0.8744471073150635,
        "Forgetting_Exp": 0.020991206169128418,
        "BWT_Exp": -0.020991206169128418
    },
    "2": {
        "Loss_Exp": 37.655181884765625,
        "RelativeDistance_Exp": 0.5235169529914856,
        "R2Score_Exp": 0.8433364033699036,
        "Forgetting_Exp": -0.00606924295425415,
        "BWT_Exp": 0.00606924295425415
    },
    "3": {
        "Loss_Exp": 29.900869369506836,
        "RelativeDistance_Exp": 0.44549402594566345,
        "R2Score_Exp": 0.8801619410514832,
        "Forgetting_Exp": -0.011711657047271729,
        "BWT_Exp": 0.011711657047271729
    },
    "4": {
        "Loss_Exp": 25.48642921447754,
        "RelativeDistance_Exp": 0.49301478266716003,
        "R2Score_Exp": 0.8762871026992798,
        "Forgetting_Exp": 0.017189741134643555,
        "BWT_Exp": -0.017189741134643555
    },
    "5": {
        "Loss_Exp": 31.794885635375977,
        "RelativeDistance_Exp": 0.48819467425346375,
        "R2Score_Exp": 0.8353570699691772,
        "Forgetting_Exp": 0.03849118947982788,
        "BWT_Exp": -0.03849118947982788
    },
    "6": {
        "Loss_Exp": 33.931461334228516,
        "RelativeDistance_Exp": 0.40871843695640564,
        "R2Score_Exp": 0.8464678525924683,
        "Forgetting_Exp": 0.016339480876922607,
        "BWT_Exp": -0.016339480876922607
    },
    "7": {
        "Loss_Exp": 28.46365737915039,
        "RelativeDistance_Exp": 0.4198291599750519,
        "R2Score_Exp": 0.8573633432388306,
        "Forgetting_Exp": 0.048344969749450684,
        "BWT_Exp": -0.048344969749450684
    },
    "8": {
        "Loss_Exp": 32.28867721557617,
        "RelativeDistance_Exp": 0.3906711935997009,
        "R2Score_Exp": 0.8676436543464661,
        "Forgetting_Exp": 0.018672645092010498,
        "BWT_Exp": -0.018672645092010498
    },
    "9": {
        "Loss_Exp": 41.821556091308594,
        "RelativeDistance_Exp": 0.5725352764129639,
        "R2Score_Exp": 0.8594540357589722
    },
    "stream": {
        "Loss_Stream/eval_phase/test_stream": 34.67766073094985,
        "RelativeDistance_Stream/eval_phase/test_stream": 0.5098892420530319,
        "R2Score_Stream/eval_phase/test_stream": 0.8541904509067535,
        "Forgetting_Stream/eval_phase/test_stream": {
            "0": 0.05268895626068115,
            "1": 0.020991206169128418,
            "2": -0.00606924295425415,
            "3": -0.011711657047271729,
            "4": 0.017189741134643555,
            "5": 0.03849118947982788,
            "6": 0.016339480876922607,
            "7": 0.048344969749450684,
            "8": 0.018672645092010498
        },
        "BWT_Stream/eval_phase/test_stream": {
            "0": 0.05268895626068115,
            "1": 0.020991206169128418,
            "2": -0.00606924295425415,
            "3": -0.011711657047271729,
            "4": 0.017189741134643555,
            "5": 0.03849118947982788,
            "6": 0.016339480876922607,
            "7": 0.048344969749450684,
            "8": 0.018672645092010498
        }
    }
}