{
    "0": {
        "Loss_Exp": 80.124656503059,
        "RelativeDistance_Exp": 0.7555808126926422,
        "R2Score_Exp": 0.7398594915866852,
        "Forgetting_Exp": 0.11243101954460144,
        "BWT_Exp": -0.11243101954460144
    },
    "1": {
        "Loss_Exp": 43.770833998460034,
        "RelativeDistance_Exp": 0.7370912432670593,
        "R2Score_Exp": 0.8441149890422821,
        "Forgetting_Exp": 0.0481586754322052,
        "BWT_Exp": -0.0481586754322052
    },
    "2": {
        "Loss_Exp": 54.93471057249206,
        "RelativeDistance_Exp": 0.5873781045277914,
        "R2Score_Exp": 0.7975175778071085,
        "Forgetting_Exp": 0.041924794514973995,
        "BWT_Exp": -0.041924794514973995
    },
    "3": {
        "Loss_Exp": 37.78646997954524,
        "RelativeDistance_Exp": 0.5210605263710022,
        "R2Score_Exp": 0.8412538170814514,
        "Forgetting_Exp": 0.023413360118865967,
        "BWT_Exp": -0.023413360118865967
    },
    "4": {
        "Loss_Exp": 30.297066041843536,
        "RelativeDistance_Exp": 0.5602241605520248,
        "R2Score_Exp": 0.840468019247055,
        "Forgetting_Exp": 0.053711652755737305,
        "BWT_Exp": -0.053711652755737305
    },
    "5": {
        "Loss_Exp": 36.376097414157535,
        "RelativeDistance_Exp": 0.5365114013353983,
        "R2Score_Exp": 0.8048634727795919,
        "Forgetting_Exp": 0.07818071047465003,
        "BWT_Exp": -0.07818071047465003
    },
    "6": {
        "Loss_Exp": 37.10683527152887,
        "RelativeDistance_Exp": 0.4976089596748352,
        "R2Score_Exp": 0.8512435754140218,
        "Forgetting_Exp": 0.011199255784352546,
        "BWT_Exp": -0.011199255784352546
    },
    "7": {
        "Loss_Exp": 33.11341629227569,
        "RelativeDistance_Exp": 0.39694440364837646,
        "R2Score_Exp": 0.8857090175151825,
        "Forgetting_Exp": 0.037743061780929565,
        "BWT_Exp": -0.037743061780929565
    },
    "8": {
        "Loss_Exp": 33.52815203532156,
        "RelativeDistance_Exp": 0.4442993998527527,
        "R2Score_Exp": 0.860390692949295,
        "Forgetting_Exp": 0.01926565170288086,
        "BWT_Exp": -0.01926565170288086
    },
    "9": {
        "Loss_Exp": 39.23598725563705,
        "RelativeDistance_Exp": 0.5518188774585724,
        "R2Score_Exp": 0.8720857501029968
    },
    "stream": {
        "Loss_Stream/eval_phase/test_stream": 42.19003382823492,
        "RelativeDistance_Stream/eval_phase/test_stream": 0.5567593026161194,
        "R2Score_Stream/eval_phase/test_stream": 0.8323829388618469,
        "Forgetting_Stream/eval_phase/test_stream": {
            "0": 0.11243101954460144,
            "1": 0.0481586754322052,
            "2": 0.041924794514973995,
            "3": 0.023413360118865967,
            "4": 0.053711652755737305,
            "5": 0.07818071047465003,
            "6": 0.011199255784352546,
            "7": 0.037743061780929565,
            "8": 0.01926565170288086
        },
        "BWT_Stream/eval_phase/test_stream": {
            "0": 0.11243101954460144,
            "1": 0.0481586754322052,
            "2": 0.041924794514973995,
            "3": 0.023413360118865967,
            "4": 0.053711652755737305,
            "5": 0.07818071047465003,
            "6": 0.011199255784352546,
            "7": 0.037743061780929565,
            "8": 0.01926565170288086
        }
    }
}