{
    "0": {
        "Loss_Exp": 223.6687774658203,
        "RelativeDistance_Exp": 1.1625691652297974,
        "R2Score_Exp": 0.17845197021961212,
        "Forgetting_Exp": 0.7218986600637436,
        "BWT_Exp": -0.7218986600637436
    },
    "1": {
        "Loss_Exp": 255.3284912109375,
        "RelativeDistance_Exp": 1.1058772802352905,
        "R2Score_Exp": 0.06994819641113281,
        "Forgetting_Exp": 0.8239420652389526,
        "BWT_Exp": -0.8239420652389526
    },
    "2": {
        "Loss_Exp": 276.4543151855469,
        "RelativeDistance_Exp": 1.5869746208190918,
        "R2Score_Exp": -0.023723706603050232,
        "Forgetting_Exp": 0.9138238281011581,
        "BWT_Exp": -0.9138238281011581
    },
    "3": {
        "Loss_Exp": 244.13340759277344,
        "RelativeDistance_Exp": 1.505285620689392,
        "R2Score_Exp": 0.0090131014585495,
        "Forgetting_Exp": 0.8881647139787674,
        "BWT_Exp": -0.8881647139787674
    },
    "4": {
        "Loss_Exp": 378.884033203125,
        "RelativeDistance_Exp": 1.5875436067581177,
        "R2Score_Exp": -0.20667043328285217,
        "Forgetting_Exp": 1.0916506350040436,
        "BWT_Exp": -1.0916506350040436
    },
    "5": {
        "Loss_Exp": 249.7666015625,
        "RelativeDistance_Exp": 1.311508059501648,
        "R2Score_Exp": 0.15943896770477295,
        "Forgetting_Exp": 0.7248458862304688,
        "BWT_Exp": -0.7248458862304688
    },
    "6": {
        "Loss_Exp": 286.04339599609375,
        "RelativeDistance_Exp": 1.736857533454895,
        "R2Score_Exp": 0.09927821159362793,
        "Forgetting_Exp": 0.7878302335739136,
        "BWT_Exp": -0.7878302335739136
    },
    "7": {
        "Loss_Exp": 250.80471801757812,
        "RelativeDistance_Exp": 1.0035244226455688,
        "R2Score_Exp": 0.13876783847808838,
        "Forgetting_Exp": 0.7040813565254211,
        "BWT_Exp": -0.7040813565254211
    },
    "8": {
        "Loss_Exp": 289.0912780761719,
        "RelativeDistance_Exp": 1.3620094060897827,
        "R2Score_Exp": 0.10672938823699951,
        "Forgetting_Exp": 0.7197494506835938,
        "BWT_Exp": -0.7197494506835938
    },
    "9": {
        "Loss_Exp": 34.14615249633789,
        "RelativeDistance_Exp": 0.7932897210121155,
        "R2Score_Exp": 0.8695225119590759
    },
    "stream": {
        "Loss_Stream/eval_phase/test_stream": 267.65861678142926,
        "RelativeDistance_Stream/eval_phase/test_stream": 1.3155439436435699,
        "R2Score_Stream/eval_phase/test_stream": 0.14007560461759566,
        "Forgetting_Stream/eval_phase/test_stream": {
            "0": 0.7218986600637436,
            "1": 0.8239420652389526,
            "2": 0.9138238281011581,
            "3": 0.8881647139787674,
            "4": 1.0916506350040436,
            "5": 0.7248458862304688,
            "6": 0.7878302335739136,
            "7": 0.7040813565254211,
            "8": 0.7197494506835938
        },
        "BWT_Stream/eval_phase/test_stream": {
            "0": 0.7218986600637436,
            "1": 0.8239420652389526,
            "2": 0.9138238281011581,
            "3": 0.8881647139787674,
            "4": 1.0916506350040436,
            "5": 0.7248458862304688,
            "6": 0.7878302335739136,
            "7": 0.7040813565254211,
            "8": 0.7197494506835938
        }
    }
}