{
    "0": {
        "Loss_Exp": 31.307504653930664,
        "RelativeDistance_Exp": 0.6407833695411682,
        "R2Score_Exp": 0.8693787455558777,
        "Forgetting_Exp": 0.02872377634048462,
        "BWT_Exp": -0.02872377634048462
    },
    "1": {
        "Loss_Exp": 34.68570327758789,
        "RelativeDistance_Exp": 0.6425380110740662,
        "R2Score_Exp": 0.8550385236740112,
        "Forgetting_Exp": 0.03095245361328125,
        "BWT_Exp": -0.03095245361328125
    },
    "2": {
        "Loss_Exp": 34.87948989868164,
        "RelativeDistance_Exp": 0.6982383728027344,
        "R2Score_Exp": 0.8569060564041138,
        "Forgetting_Exp": 0.03597384691238403,
        "BWT_Exp": -0.03597384691238403
    },
    "3": {
        "Loss_Exp": 32.542945861816406,
        "RelativeDistance_Exp": 0.6403908729553223,
        "R2Score_Exp": 0.8566520810127258,
        "Forgetting_Exp": 0.037886619567871094,
        "BWT_Exp": -0.037886619567871094
    },
    "4": {
        "Loss_Exp": 38.2669563293457,
        "RelativeDistance_Exp": 0.7465906143188477,
        "R2Score_Exp": 0.8578142523765564,
        "Forgetting_Exp": 0.03847670555114746,
        "BWT_Exp": -0.03847670555114746
    },
    "5": {
        "Loss_Exp": 36.383628845214844,
        "RelativeDistance_Exp": 0.7019819021224976,
        "R2Score_Exp": 0.8638765215873718,
        "Forgetting_Exp": 0.031026899814605713,
        "BWT_Exp": -0.031026899814605713
    },
    "6": {
        "Loss_Exp": 31.09564208984375,
        "RelativeDistance_Exp": 0.5335350036621094,
        "R2Score_Exp": 0.8813637495040894,
        "Forgetting_Exp": 0.007490396499633789,
        "BWT_Exp": -0.007490396499633789
    },
    "7": {
        "Loss_Exp": 31.65097999572754,
        "RelativeDistance_Exp": 0.6466895937919617,
        "R2Score_Exp": 0.8759071826934814,
        "Forgetting_Exp": -0.010538458824157715,
        "BWT_Exp": 0.010538458824157715
    },
    "8": {
        "Loss_Exp": 29.309043884277344,
        "RelativeDistance_Exp": 0.4358919560909271,
        "R2Score_Exp": 0.8871555328369141,
        "Forgetting_Exp": 0.017953932285308838,
        "BWT_Exp": -0.017953932285308838
    },
    "9": {
        "Loss_Exp": 19.20860481262207,
        "RelativeDistance_Exp": 0.7898243069648743,
        "R2Score_Exp": 0.9280446767807007
    },
    "stream": {
        "Loss_Stream/eval_phase/test_stream": 34.14401374820308,
        "RelativeDistance_Stream/eval_phase/test_stream": 0.6476464003324509,
        "R2Score_Stream/eval_phase/test_stream": 0.8732137322425843,
        "Forgetting_Stream/eval_phase/test_stream": {
            "0": 0.02872377634048462,
            "1": 0.03095245361328125,
            "2": 0.03597384691238403,
            "3": 0.037886619567871094,
            "4": 0.03847670555114746,
            "5": 0.031026899814605713,
            "6": 0.007490396499633789,
            "7": -0.010538458824157715,
            "8": 0.017953932285308838
        },
        "BWT_Stream/eval_phase/test_stream": {
            "0": 0.02872377634048462,
            "1": 0.03095245361328125,
            "2": 0.03597384691238403,
            "3": 0.037886619567871094,
            "4": 0.03847670555114746,
            "5": 0.031026899814605713,
            "6": 0.007490396499633789,
            "7": -0.010538458824157715,
            "8": 0.017953932285308838
        }
    }
}