{
    "0": {
        "Loss_Exp": 62.429100036621094,
        "RelativeDistance_Exp": 1.1136395931243896,
        "R2Score_Exp": 0.749977707862854,
        "Forgetting_Exp": 0.1373128890991211,
        "BWT_Exp": -0.1373128890991211
    },
    "1": {
        "Loss_Exp": 66.60417175292969,
        "RelativeDistance_Exp": 1.0710099935531616,
        "R2Score_Exp": 0.7424691915512085,
        "Forgetting_Exp": 0.1387597918510437,
        "BWT_Exp": -0.1387597918510437
    },
    "2": {
        "Loss_Exp": 46.04999923706055,
        "RelativeDistance_Exp": 0.8849045634269714,
        "R2Score_Exp": 0.810544490814209,
        "Forgetting_Exp": 0.0869942307472229,
        "BWT_Exp": -0.0869942307472229
    },
    "3": {
        "Loss_Exp": 33.15158462524414,
        "RelativeDistance_Exp": 0.8544011116027832,
        "R2Score_Exp": 0.8728439211845398,
        "Forgetting_Exp": 0.05358952283859253,
        "BWT_Exp": -0.05358952283859253
    },
    "4": {
        "Loss_Exp": 40.398075103759766,
        "RelativeDistance_Exp": 0.8052195310592651,
        "R2Score_Exp": 0.8404251337051392,
        "Forgetting_Exp": 0.06162524223327637,
        "BWT_Exp": -0.06162524223327637
    },
    "5": {
        "Loss_Exp": 36.75941848754883,
        "RelativeDistance_Exp": 0.6895051002502441,
        "R2Score_Exp": 0.8601449728012085,
        "Forgetting_Exp": 0.029330730438232422,
        "BWT_Exp": -0.029330730438232422
    },
    "6": {
        "Loss_Exp": 32.37430953979492,
        "RelativeDistance_Exp": 0.8446928262710571,
        "R2Score_Exp": 0.877288818359375,
        "Forgetting_Exp": 0.02053654193878174,
        "BWT_Exp": -0.02053654193878174
    },
    "7": {
        "Loss_Exp": 43.913753509521484,
        "RelativeDistance_Exp": 0.586711049079895,
        "R2Score_Exp": 0.8468942642211914,
        "Forgetting_Exp": 0.04627418518066406,
        "BWT_Exp": -0.04627418518066406
    },
    "8": {
        "Loss_Exp": 29.27491569519043,
        "RelativeDistance_Exp": 0.5502814054489136,
        "R2Score_Exp": 0.9034085869789124,
        "Forgetting_Exp": 0.006996214389801025,
        "BWT_Exp": -0.006996214389801025
    },
    "9": {
        "Loss_Exp": 20.397565841674805,
        "RelativeDistance_Exp": 0.5327873826026917,
        "R2Score_Exp": 0.930022120475769
    },
    "stream": {
        "Loss_Stream/eval_phase/test_stream": 46.901412291854555,
        "RelativeDistance_Stream/eval_phase/test_stream": 0.7933152556419373,
        "R2Score_Stream/eval_phase/test_stream": 0.8434019207954406,
        "Forgetting_Stream/eval_phase/test_stream": {
            "0": 0.1373128890991211,
            "1": 0.1387597918510437,
            "2": 0.0869942307472229,
            "3": 0.05358952283859253,
            "4": 0.06162524223327637,
            "5": 0.029330730438232422,
            "6": 0.02053654193878174,
            "7": 0.04627418518066406,
            "8": 0.006996214389801025
        },
        "BWT_Stream/eval_phase/test_stream": {
            "0": 0.1373128890991211,
            "1": 0.1387597918510437,
            "2": 0.0869942307472229,
            "3": 0.05358952283859253,
            "4": 0.06162524223327637,
            "5": 0.029330730438232422,
            "6": 0.02053654193878174,
            "7": 0.04627418518066406,
            "8": 0.006996214389801025
        }
    }
}