{
    "0": {
        "Loss_Exp": 43.68236149402035,
        "RelativeDistance_Exp": 1.0658464550971984,
        "R2Score_Exp": 0.8211778104305267,
        "Forgetting_Exp": 0.03104908466339107,
        "BWT_Exp": -0.03104908466339107
    },
    "1": {
        "Loss_Exp": 44.07620222028826,
        "RelativeDistance_Exp": 0.9906267603238423,
        "R2Score_Exp": 0.8169999559720357,
        "Forgetting_Exp": 0.04015249808629362,
        "BWT_Exp": -0.04015249808629362
    },
    "2": {
        "Loss_Exp": 35.75961320138082,
        "RelativeDistance_Exp": 0.9608955979347229,
        "R2Score_Exp": 0.8464697828659644,
        "Forgetting_Exp": 0.025183939016782397,
        "BWT_Exp": -0.025183939016782397
    },
    "3": {
        "Loss_Exp": 28.606853563217253,
        "RelativeDistance_Exp": 1.0570127301745944,
        "R2Score_Exp": 0.8853532936837938,
        "Forgetting_Exp": 0.018915673096974728,
        "BWT_Exp": -0.018915673096974728
    },
    "4": {
        "Loss_Exp": 30.18160694869107,
        "RelativeDistance_Exp": 1.0011196391923087,
        "R2Score_Exp": 0.8777589968272618,
        "Forgetting_Exp": -0.004196797098432237,
        "BWT_Exp": 0.004196797098432237
    },
    "5": {
        "Loss_Exp": 32.54865037422886,
        "RelativeDistance_Exp": 0.9307862222194672,
        "R2Score_Exp": 0.8728977839152018,
        "Forgetting_Exp": -0.00742291410764051,
        "BWT_Exp": 0.00742291410764051
    },
    "6": {
        "Loss_Exp": 31.247328571824827,
        "RelativeDistance_Exp": 1.244749754667282,
        "R2Score_Exp": 0.8795426562428474,
        "Forgetting_Exp": 0.0034033283591270447,
        "BWT_Exp": -0.0034033283591270447
    },
    "7": {
        "Loss_Exp": 40.1968243111078,
        "RelativeDistance_Exp": 0.8620460405945778,
        "R2Score_Exp": 0.8574795722961426,
        "Forgetting_Exp": 0.01567971706390381,
        "BWT_Exp": -0.01567971706390381
    },
    "8": {
        "Loss_Exp": 29.57592409824548,
        "RelativeDistance_Exp": 0.7904287179311117,
        "R2Score_Exp": 0.8910872141520182,
        "Forgetting_Exp": 0.020377854506174797,
        "BWT_Exp": -0.020377854506174797
    },
    "9": {
        "Loss_Exp": 22.11034940426399,
        "RelativeDistance_Exp": 0.7822535336017609,
        "R2Score_Exp": 0.9182673990726471
    },
    "stream": {
        "Loss_Stream/eval_phase/test_stream": 36.404322480813335,
        "RelativeDistance_Stream/eval_phase/test_stream": 0.9988313295223095,
        "R2Score_Stream/eval_phase/test_stream": 0.8546510890678123,
        "Forgetting_Stream/eval_phase/test_stream": {
            "0": 0.03104908466339107,
            "1": 0.04015249808629362,
            "2": 0.025183939016782397,
            "3": 0.018915673096974728,
            "4": -0.004196797098432237,
            "5": -0.00742291410764051,
            "6": 0.0034033283591270447,
            "7": 0.01567971706390381,
            "8": 0.020377854506174797
        },
        "BWT_Stream/eval_phase/test_stream": {
            "0": 0.03104908466339107,
            "1": 0.04015249808629362,
            "2": 0.025183939016782397,
            "3": 0.018915673096974728,
            "4": -0.004196797098432237,
            "5": -0.00742291410764051,
            "6": 0.0034033283591270447,
            "7": 0.01567971706390381,
            "8": 0.020377854506174797
        }
    }
}