{
    "0": {
        "Loss_Exp": 53.25165557861328,
        "RelativeDistance_Exp": 0.7505007386207581,
        "R2Score_Exp": 0.791565477848053,
        "Forgetting_Exp": 0.10541319847106934,
        "BWT_Exp": -0.10541319847106934
    },
    "1": {
        "Loss_Exp": 56.225242614746094,
        "RelativeDistance_Exp": 0.7593375444412231,
        "R2Score_Exp": 0.7764031291007996,
        "Forgetting_Exp": 0.12095493078231812,
        "BWT_Exp": -0.12095493078231812
    },
    "2": {
        "Loss_Exp": 63.568687438964844,
        "RelativeDistance_Exp": 0.8413314819335938,
        "R2Score_Exp": 0.752772331237793,
        "Forgetting_Exp": 0.1466817855834961,
        "BWT_Exp": -0.1466817855834961
    },
    "3": {
        "Loss_Exp": 58.968482971191406,
        "RelativeDistance_Exp": 0.7721583247184753,
        "R2Score_Exp": 0.757421612739563,
        "Forgetting_Exp": 0.14068830013275146,
        "BWT_Exp": -0.14068830013275146
    },
    "4": {
        "Loss_Exp": 62.330223083496094,
        "RelativeDistance_Exp": 0.8203983902931213,
        "R2Score_Exp": 0.7849563956260681,
        "Forgetting_Exp": 0.11533921957015991,
        "BWT_Exp": -0.11533921957015991
    },
    "5": {
        "Loss_Exp": 53.49994659423828,
        "RelativeDistance_Exp": 0.8145434856414795,
        "R2Score_Exp": 0.8047966957092285,
        "Forgetting_Exp": 0.09335172176361084,
        "BWT_Exp": -0.09335172176361084
    },
    "6": {
        "Loss_Exp": 44.347434997558594,
        "RelativeDistance_Exp": 0.6195905208587646,
        "R2Score_Exp": 0.8403271436691284,
        "Forgetting_Exp": 0.05224984884262085,
        "BWT_Exp": -0.05224984884262085
    },
    "7": {
        "Loss_Exp": 45.709293365478516,
        "RelativeDistance_Exp": 0.7107099890708923,
        "R2Score_Exp": 0.8295325040817261,
        "Forgetting_Exp": 0.0351109504699707,
        "BWT_Exp": -0.0351109504699707
    },
    "8": {
        "Loss_Exp": 51.72566223144531,
        "RelativeDistance_Exp": 0.5429477095603943,
        "R2Score_Exp": 0.8199014067649841,
        "Forgetting_Exp": 0.08215028047561646,
        "BWT_Exp": -0.08215028047561646
    },
    "9": {
        "Loss_Exp": 17.72272491455078,
        "RelativeDistance_Exp": 0.5743374228477478,
        "R2Score_Exp": 0.9320095777511597
    },
    "stream": {
        "Loss_Stream/eval_phase/test_stream": 56.37261578670228,
        "RelativeDistance_Stream/eval_phase/test_stream": 0.720585560798645,
        "R2Score_Stream/eval_phase/test_stream": 0.8089686274528504,
        "Forgetting_Stream/eval_phase/test_stream": {
            "0": 0.10541319847106934,
            "1": 0.12095493078231812,
            "2": 0.1466817855834961,
            "3": 0.14068830013275146,
            "4": 0.11533921957015991,
            "5": 0.09335172176361084,
            "6": 0.05224984884262085,
            "7": 0.0351109504699707,
            "8": 0.08215028047561646
        },
        "BWT_Stream/eval_phase/test_stream": {
            "0": 0.10541319847106934,
            "1": 0.12095493078231812,
            "2": 0.1466817855834961,
            "3": 0.14068830013275146,
            "4": 0.11533921957015991,
            "5": 0.09335172176361084,
            "6": 0.05224984884262085,
            "7": 0.0351109504699707,
            "8": 0.08215028047561646
        }
    }
}