{
    "0": {
        "Loss_Exp": 56.28004455566406,
        "RelativeDistance_Exp": 0.6508838534355164,
        "R2Score_Exp": 0.8097463846206665,
        "Forgetting_Exp": 0.039376139640808105,
        "BWT_Exp": -0.039376139640808105
    },
    "1": {
        "Loss_Exp": 35.15251922607422,
        "RelativeDistance_Exp": 0.6755645275115967,
        "R2Score_Exp": 0.8615654706954956,
        "Forgetting_Exp": 0.030079364776611328,
        "BWT_Exp": -0.030079364776611328
    },
    "2": {
        "Loss_Exp": 39.79884338378906,
        "RelativeDistance_Exp": 0.5362778902053833,
        "R2Score_Exp": 0.8318408131599426,
        "Forgetting_Exp": -8.32676887512207e-05,
        "BWT_Exp": 8.32676887512207e-05
    },
    "3": {
        "Loss_Exp": 30.43898582458496,
        "RelativeDistance_Exp": 0.4273536503314972,
        "R2Score_Exp": 0.8753116726875305,
        "Forgetting_Exp": -0.01985490322113037,
        "BWT_Exp": 0.01985490322113037
    },
    "4": {
        "Loss_Exp": 25.654277801513672,
        "RelativeDistance_Exp": 0.4821450114250183,
        "R2Score_Exp": 0.8707684278488159,
        "Forgetting_Exp": 0.018512845039367676,
        "BWT_Exp": -0.018512845039367676
    },
    "5": {
        "Loss_Exp": 31.822040557861328,
        "RelativeDistance_Exp": 0.48473405838012695,
        "R2Score_Exp": 0.831737756729126,
        "Forgetting_Exp": 0.032962024211883545,
        "BWT_Exp": -0.032962024211883545
    },
    "6": {
        "Loss_Exp": 33.1265983581543,
        "RelativeDistance_Exp": 0.41727063059806824,
        "R2Score_Exp": 0.8381257057189941,
        "Forgetting_Exp": 0.027137041091918945,
        "BWT_Exp": -0.027137041091918945
    },
    "7": {
        "Loss_Exp": 27.67160987854004,
        "RelativeDistance_Exp": 0.4002748727798462,
        "R2Score_Exp": 0.8554048538208008,
        "Forgetting_Exp": 0.033580660820007324,
        "BWT_Exp": -0.033580660820007324
    },
    "8": {
        "Loss_Exp": 32.327598571777344,
        "RelativeDistance_Exp": 0.4077145457267761,
        "R2Score_Exp": 0.8670217990875244,
        "Forgetting_Exp": 0.018191635608673096,
        "BWT_Exp": -0.018191635608673096
    },
    "9": {
        "Loss_Exp": 40.68912887573242,
        "RelativeDistance_Exp": 0.5659251809120178,
        "R2Score_Exp": 0.8639569282531738
    },
    "stream": {
        "Loss_Stream/eval_phase/test_stream": 34.737147452337844,
        "RelativeDistance_Stream/eval_phase/test_stream": 0.5048144221305847,
        "R2Score_Stream/eval_phase/test_stream": 0.850547981262207,
        "Forgetting_Stream/eval_phase/test_stream": {
            "0": 0.039376139640808105,
            "1": 0.030079364776611328,
            "2": -8.32676887512207e-05,
            "3": -0.01985490322113037,
            "4": 0.018512845039367676,
            "5": 0.032962024211883545,
            "6": 0.027137041091918945,
            "7": 0.033580660820007324,
            "8": 0.018191635608673096
        },
        "BWT_Stream/eval_phase/test_stream": {
            "0": 0.039376139640808105,
            "1": 0.030079364776611328,
            "2": -8.32676887512207e-05,
            "3": -0.01985490322113037,
            "4": 0.018512845039367676,
            "5": 0.032962024211883545,
            "6": 0.027137041091918945,
            "7": 0.033580660820007324,
            "8": 0.018191635608673096
        }
    }
}