{
    "0": {
        "Loss_Exp": 99.02099609375,
        "RelativeDistance_Exp": 0.9251997470855713,
        "R2Score_Exp": 0.683069109916687,
        "Forgetting_Exp": 0.1691526174545288,
        "BWT_Exp": -0.1691526174545288
    },
    "1": {
        "Loss_Exp": 62.09605026245117,
        "RelativeDistance_Exp": 0.9331235885620117,
        "R2Score_Exp": 0.7813736200332642,
        "Forgetting_Exp": 0.10995274782180786,
        "BWT_Exp": -0.10995274782180786
    },
    "2": {
        "Loss_Exp": 81.20576477050781,
        "RelativeDistance_Exp": 0.7586842179298401,
        "R2Score_Exp": 0.7312909364700317,
        "Forgetting_Exp": 0.07363331317901611,
        "BWT_Exp": -0.07363331317901611
    },
    "3": {
        "Loss_Exp": 49.72814178466797,
        "RelativeDistance_Exp": 0.6804072260856628,
        "R2Score_Exp": 0.809703528881073,
        "Forgetting_Exp": 0.05037736892700195,
        "BWT_Exp": -0.05037736892700195
    },
    "4": {
        "Loss_Exp": 41.73898696899414,
        "RelativeDistance_Exp": 0.7510651350021362,
        "R2Score_Exp": 0.8108638525009155,
        "Forgetting_Exp": 0.06487023830413818,
        "BWT_Exp": -0.06487023830413818
    },
    "5": {
        "Loss_Exp": 48.92960739135742,
        "RelativeDistance_Exp": 0.6917062997817993,
        "R2Score_Exp": 0.7564709186553955,
        "Forgetting_Exp": 0.08909481763839722,
        "BWT_Exp": -0.08909481763839722
    },
    "6": {
        "Loss_Exp": 52.860992431640625,
        "RelativeDistance_Exp": 0.6217145919799805,
        "R2Score_Exp": 0.7841125130653381,
        "Forgetting_Exp": 0.03331172466278076,
        "BWT_Exp": -0.03331172466278076
    },
    "7": {
        "Loss_Exp": 42.096923828125,
        "RelativeDistance_Exp": 0.6013979911804199,
        "R2Score_Exp": 0.7871471047401428,
        "Forgetting_Exp": 0.007588982582092285,
        "BWT_Exp": -0.007588982582092285
    },
    "8": {
        "Loss_Exp": 48.761985778808594,
        "RelativeDistance_Exp": 0.5586232542991638,
        "R2Score_Exp": 0.8186212778091431,
        "Forgetting_Exp": -0.022661924362182617,
        "BWT_Exp": 0.022661924362182617
    },
    "9": {
        "Loss_Exp": 44.2247200012207,
        "RelativeDistance_Exp": 0.6421095132827759,
        "R2Score_Exp": 0.8518461585044861
    },
    "stream": {
        "Loss_Stream/eval_phase/test_stream": 56.981814541917856,
        "RelativeDistance_Stream/eval_phase/test_stream": 0.7164031565189362,
        "R2Score_Stream/eval_phase/test_stream": 0.7814499020576477,
        "Forgetting_Stream/eval_phase/test_stream": {
            "0": 0.1691526174545288,
            "1": 0.10995274782180786,
            "2": 0.07363331317901611,
            "3": 0.05037736892700195,
            "4": 0.06487023830413818,
            "5": 0.08909481763839722,
            "6": 0.03331172466278076,
            "7": 0.007588982582092285,
            "8": -0.022661924362182617
        },
        "BWT_Stream/eval_phase/test_stream": {
            "0": 0.1691526174545288,
            "1": 0.10995274782180786,
            "2": 0.07363331317901611,
            "3": 0.05037736892700195,
            "4": 0.06487023830413818,
            "5": 0.08909481763839722,
            "6": 0.03331172466278076,
            "7": 0.007588982582092285,
            "8": -0.022661924362182617
        }
    }
}