{
    "0": {
        "Loss_Exp": 67.41106540831879,
        "RelativeDistance_Exp": 1.139787781238556,
        "R2Score_Exp": 0.7219301462173462,
        "Forgetting_Exp": 0.16950258612632751,
        "BWT_Exp": -0.16950258612632751
    },
    "1": {
        "Loss_Exp": 69.8395682515958,
        "RelativeDistance_Exp": 1.0929312149683634,
        "R2Score_Exp": 0.7286500851313273,
        "Forgetting_Exp": 0.1561473568280538,
        "BWT_Exp": -0.1561473568280538
    },
    "2": {
        "Loss_Exp": 50.32726474839752,
        "RelativeDistance_Exp": 0.9044421865389898,
        "R2Score_Exp": 0.790095343039586,
        "Forgetting_Exp": 0.10695021886091971,
        "BWT_Exp": -0.10695021886091971
    },
    "3": {
        "Loss_Exp": 36.481875957595385,
        "RelativeDistance_Exp": 0.8857928382025825,
        "R2Score_Exp": 0.8589297003216214,
        "Forgetting_Exp": 0.07377293374803329,
        "BWT_Exp": -0.07377293374803329
    },
    "4": {
        "Loss_Exp": 46.65747932579649,
        "RelativeDistance_Exp": 0.783223671572549,
        "R2Score_Exp": 0.8169137750353131,
        "Forgetting_Exp": 0.09062305518559055,
        "BWT_Exp": -0.09062305518559055
    },
    "5": {
        "Loss_Exp": 42.71473654409399,
        "RelativeDistance_Exp": 0.6941744983196259,
        "R2Score_Exp": 0.8363430798053741,
        "Forgetting_Exp": 0.05767320593198144,
        "BWT_Exp": -0.05767320593198144
    },
    "6": {
        "Loss_Exp": 36.1951035903863,
        "RelativeDistance_Exp": 0.851575456559658,
        "R2Score_Exp": 0.859578438103199,
        "Forgetting_Exp": 0.03847958892583847,
        "BWT_Exp": -0.03847958892583847
    },
    "7": {
        "Loss_Exp": 47.15326065818739,
        "RelativeDistance_Exp": 0.5952656865119934,
        "R2Score_Exp": 0.8404457122087479,
        "Forgetting_Exp": 0.05133618414402008,
        "BWT_Exp": -0.05133618414402008
    },
    "8": {
        "Loss_Exp": 30.752098974584165,
        "RelativeDistance_Exp": 0.5598270098368326,
        "R2Score_Exp": 0.8937216599782308,
        "Forgetting_Exp": 0.02212526400883985,
        "BWT_Exp": -0.02212526400883985
    },
    "9": {
        "Loss_Exp": 22.9435493844058,
        "RelativeDistance_Exp": 0.49542321264743805,
        "R2Score_Exp": 0.9084713160991669
    },
    "stream": {
        "Loss_Stream/eval_phase/test_stream": 50.99452500418577,
        "RelativeDistance_Stream/eval_phase/test_stream": 0.8816592505684605,
        "R2Score_Stream/eval_phase/test_stream": 0.8022890767933409,
        "Forgetting_Stream/eval_phase/test_stream": {
            "0": 0.16950258612632751,
            "1": 0.1561473568280538,
            "2": 0.10695021886091971,
            "3": 0.07377293374803329,
            "4": 0.09062305518559055,
            "5": 0.05767320593198144,
            "6": 0.03847958892583847,
            "7": 0.05133618414402008,
            "8": 0.02212526400883985
        },
        "BWT_Stream/eval_phase/test_stream": {
            "0": 0.16950258612632751,
            "1": 0.1561473568280538,
            "2": 0.10695021886091971,
            "3": 0.07377293374803329,
            "4": 0.09062305518559055,
            "5": 0.05767320593198144,
            "6": 0.03847958892583847,
            "7": 0.05133618414402008,
            "8": 0.02212526400883985
        }
    }
}