{
    "0": {
        "Loss_Exp": 71.2418932228968,
        "Time_Exp": 0.4882163000002038,
        "RelativeDistance_Exp": 1.276958692073822,
        "R2Score_Exp": 0.7081251204013824,
        "Forgetting_Exp": 0.18201289772987372,
        "BWT_Exp": -0.18201289772987372
    },
    "1": {
        "Loss_Exp": 81.64530049940939,
        "Time_Exp": 0.8913914999975532,
        "RelativeDistance_Exp": 1.1936013301213582,
        "R2Score_Exp": 0.6981988112131755,
        "Forgetting_Exp": 0.13878595431645702,
        "BWT_Exp": -0.13878595431645702
    },
    "2": {
        "Loss_Exp": 51.586190054312745,
        "Time_Exp": 0.4870868999969389,
        "RelativeDistance_Exp": 1.0911564643566425,
        "R2Score_Exp": 0.7930627740346469,
        "Forgetting_Exp": 0.07148477205863368,
        "BWT_Exp": -0.07148477205863368
    },
    "3": {
        "Loss_Exp": 37.596060291664585,
        "Time_Exp": 0.3798362999987148,
        "RelativeDistance_Exp": 1.0829765134387546,
        "R2Score_Exp": 0.8608818451563517,
        "Forgetting_Exp": 0.043700436751047844,
        "BWT_Exp": -0.043700436751047844
    },
    "4": {
        "Loss_Exp": 43.74152245551362,
        "Time_Exp": 0.2779441999991832,
        "RelativeDistance_Exp": 1.0334319727761405,
        "R2Score_Exp": 0.8352614300591605,
        "Forgetting_Exp": 0.04456772123064312,
        "BWT_Exp": -0.04456772123064312
    },
    "5": {
        "Loss_Exp": 43.38650917382723,
        "Time_Exp": 0.44973839999875054,
        "RelativeDistance_Exp": 0.904016355673472,
        "R2Score_Exp": 0.8404705425103506,
        "Forgetting_Exp": 0.022924085458119636,
        "BWT_Exp": -0.022924085458119636
    },
    "6": {
        "Loss_Exp": 37.58049405284376,
        "Time_Exp": 0.308396399999765,
        "RelativeDistance_Exp": 1.112546518445015,
        "R2Score_Exp": 0.8610385879874229,
        "Forgetting_Exp": 0.02422899752855301,
        "BWT_Exp": -0.02422899752855301
    },
    "7": {
        "Loss_Exp": 50.63514021955692,
        "Time_Exp": 0.33965119999993476,
        "RelativeDistance_Exp": 0.8333309218287468,
        "R2Score_Exp": 0.8322267308831215,
        "Forgetting_Exp": 0.02764991670846939,
        "BWT_Exp": -0.02764991670846939
    },
    "8": {
        "Loss_Exp": 30.819383238695696,
        "Time_Exp": 0.09820399999807705,
        "RelativeDistance_Exp": 0.7008097171783447,
        "R2Score_Exp": 0.8928369879722595,
        "Forgetting_Exp": 0.018408536911010742,
        "BWT_Exp": -0.018408536911010742
    },
    "9": {
        "Loss_Exp": 19.99948470150423,
        "Time_Exp": 0.058467899998504436,
        "RelativeDistance_Exp": 0.6913036704063416,
        "R2Score_Exp": 0.9233675003051758
    },
    "stream": {
        "Loss_Stream/eval_phase/test_stream": 54.34511197571402,
        "Time_Stream/eval_phase/test_stream": 3.833410199997161,
        "RelativeDistance_Stream/eval_phase/test_stream": 1.0656247838043873,
        "R2Score_Stream/eval_phase/test_stream": 0.7971976274325524,
        "Forgetting_Stream/eval_phase/test_stream": {
            "0": 0.18201289772987372,
            "1": 0.13878595431645702,
            "2": 0.07148477205863368,
            "3": 0.043700436751047844,
            "4": 0.04456772123064312,
            "5": 0.022924085458119636,
            "6": 0.02422899752855301,
            "7": 0.02764991670846939,
            "8": 0.018408536911010742
        },
        "BWT_Stream/eval_phase/test_stream": {
            "0": 0.18201289772987372,
            "1": 0.13878595431645702,
            "2": 0.07148477205863368,
            "3": 0.043700436751047844,
            "4": 0.04456772123064312,
            "5": 0.022924085458119636,
            "6": 0.02422899752855301,
            "7": 0.02764991670846939,
            "8": 0.018408536911010742
        }
    }
}