{
    "0": {
        "Loss_Exp": 44.05429436545702,
        "RelativeDistance_Exp": 0.9642785012722015,
        "R2Score_Exp": 0.8140967011451721,
        "Forgetting_Exp": 0.031906110048294134,
        "BWT_Exp": -0.031906110048294134
    },
    "1": {
        "Loss_Exp": 46.865858608312664,
        "RelativeDistance_Exp": 0.923335321744283,
        "R2Score_Exp": 0.8020113190015157,
        "Forgetting_Exp": 0.04678185780843103,
        "BWT_Exp": -0.04678185780843103
    },
    "2": {
        "Loss_Exp": 38.71819437096377,
        "RelativeDistance_Exp": 0.91827169748453,
        "R2Score_Exp": 0.8329392717434809,
        "Forgetting_Exp": 0.0317014272396382,
        "BWT_Exp": -0.0317014272396382
    },
    "3": {
        "Loss_Exp": 29.772120513933817,
        "RelativeDistance_Exp": 1.0078974896007113,
        "R2Score_Exp": 0.8803631928231981,
        "Forgetting_Exp": 0.015139725473191978,
        "BWT_Exp": -0.015139725473191978
    },
    "4": {
        "Loss_Exp": 33.02598207004945,
        "RelativeDistance_Exp": 0.9988166349274772,
        "R2Score_Exp": 0.874065739767892,
        "Forgetting_Exp": -0.011148674147469673,
        "BWT_Exp": 0.011148674147469673
    },
    "5": {
        "Loss_Exp": 35.553695519685704,
        "RelativeDistance_Exp": 0.9348873496055603,
        "R2Score_Exp": 0.8588037590185801,
        "Forgetting_Exp": -0.00024178624153137207,
        "BWT_Exp": 0.00024178624153137207
    },
    "6": {
        "Loss_Exp": 33.47410885516439,
        "RelativeDistance_Exp": 1.2045191824436188,
        "R2Score_Exp": 0.8718907609581947,
        "Forgetting_Exp": -0.0041368454694747925,
        "BWT_Exp": 0.0041368454694747925
    },
    "7": {
        "Loss_Exp": 45.84669160259331,
        "RelativeDistance_Exp": 0.839079424738884,
        "R2Score_Exp": 0.8411414250731468,
        "Forgetting_Exp": 0.011913478374481201,
        "BWT_Exp": -0.011913478374481201
    },
    "8": {
        "Loss_Exp": 34.70016238600795,
        "RelativeDistance_Exp": 0.7702835202217102,
        "R2Score_Exp": 0.8563103675842285,
        "Forgetting_Exp": 0.04195050398508704,
        "BWT_Exp": -0.04195050398508704
    },
    "9": {
        "Loss_Exp": 27.31862182133549,
        "RelativeDistance_Exp": 0.759978175163269,
        "R2Score_Exp": 0.9011574685573578
    },
    "stream": {
        "Loss_Stream/eval_phase/test_stream": 39.081264380692225,
        "RelativeDistance_Stream/eval_phase/test_stream": 0.9540995138662832,
        "R2Score_Stream/eval_phase/test_stream": 0.842832127471029,
        "Forgetting_Stream/eval_phase/test_stream": {
            "0": 0.031906110048294134,
            "1": 0.04678185780843103,
            "2": 0.0317014272396382,
            "3": 0.015139725473191978,
            "4": -0.011148674147469673,
            "5": -0.00024178624153137207,
            "6": -0.0041368454694747925,
            "7": 0.011913478374481201,
            "8": 0.04195050398508704
        },
        "BWT_Stream/eval_phase/test_stream": {
            "0": 0.031906110048294134,
            "1": 0.04678185780843103,
            "2": 0.0317014272396382,
            "3": 0.015139725473191978,
            "4": -0.011148674147469673,
            "5": -0.00024178624153137207,
            "6": -0.0041368454694747925,
            "7": 0.011913478374481201,
            "8": 0.04195050398508704
        }
    }
}