{
    "0": {
        "Loss_Exp": 25.126117706298828,
        "RelativeDistance_Exp": 0.6295945644378662,
        "R2Score_Exp": 0.8875839710235596,
        "Forgetting_Exp": -0.0005006790161132812,
        "BWT_Exp": 0.0005006790161132812
    },
    "1": {
        "Loss_Exp": 25.50000762939453,
        "RelativeDistance_Exp": 0.5925320386886597,
        "R2Score_Exp": 0.8897075653076172,
        "Forgetting_Exp": -0.010308027267456055,
        "BWT_Exp": 0.010308027267456055
    },
    "2": {
        "Loss_Exp": 23.9349308013916,
        "RelativeDistance_Exp": 0.6081632971763611,
        "R2Score_Exp": 0.8934769630432129,
        "Forgetting_Exp": -0.0038506388664245605,
        "BWT_Exp": 0.0038506388664245605
    },
    "3": {
        "Loss_Exp": 18.018444061279297,
        "RelativeDistance_Exp": 0.6523453593254089,
        "R2Score_Exp": 0.9273555278778076,
        "Forgetting_Exp": -0.004875123500823975,
        "BWT_Exp": 0.004875123500823975
    },
    "4": {
        "Loss_Exp": 20.478519439697266,
        "RelativeDistance_Exp": 0.6490304470062256,
        "R2Score_Exp": 0.9144366979598999,
        "Forgetting_Exp": -0.022538423538208008,
        "BWT_Exp": 0.022538423538208008
    },
    "5": {
        "Loss_Exp": 24.03829002380371,
        "RelativeDistance_Exp": 0.6123446226119995,
        "R2Score_Exp": 0.9040237665176392,
        "Forgetting_Exp": -0.028479278087615967,
        "BWT_Exp": 0.028479278087615967
    },
    "6": {
        "Loss_Exp": 24.4271183013916,
        "RelativeDistance_Exp": 0.7443402409553528,
        "R2Score_Exp": 0.904022753238678,
        "Forgetting_Exp": -0.008368074893951416,
        "BWT_Exp": 0.008368074893951416
    },
    "7": {
        "Loss_Exp": 33.99012756347656,
        "RelativeDistance_Exp": 0.5366002321243286,
        "R2Score_Exp": 0.877931535243988,
        "Forgetting_Exp": 0.005282461643218994,
        "BWT_Exp": -0.005282461643218994
    },
    "8": {
        "Loss_Exp": 27.69133949279785,
        "RelativeDistance_Exp": 0.5619781017303467,
        "R2Score_Exp": 0.9059807062149048,
        "Forgetting_Exp": -0.005774557590484619,
        "BWT_Exp": 0.005774557590484619
    },
    "9": {
        "Loss_Exp": 20.84198760986328,
        "RelativeDistance_Exp": 0.5291405916213989,
        "R2Score_Exp": 0.9305459260940552
    },
    "stream": {
        "Loss_Stream/eval_phase/test_stream": 24.525298625841064,
        "RelativeDistance_Stream/eval_phase/test_stream": 0.6116069495677948,
        "R2Score_Stream/eval_phase/test_stream": 0.9035065412521363,
        "Forgetting_Stream/eval_phase/test_stream": {
            "0": -0.0005006790161132812,
            "1": -0.010308027267456055,
            "2": -0.0038506388664245605,
            "3": -0.004875123500823975,
            "4": -0.022538423538208008,
            "5": -0.028479278087615967,
            "6": -0.008368074893951416,
            "7": 0.005282461643218994,
            "8": -0.005774557590484619
        },
        "BWT_Stream/eval_phase/test_stream": {
            "0": -0.0005006790161132812,
            "1": -0.010308027267456055,
            "2": -0.0038506388664245605,
            "3": -0.004875123500823975,
            "4": -0.022538423538208008,
            "5": -0.028479278087615967,
            "6": -0.008368074893951416,
            "7": 0.005282461643218994,
            "8": -0.005774557590484619
        }
    }
}