{
    "0": {
        "Loss_Exp": 0.08878793388500011,
        "BinaryAccuracy_Exp": 0.9724120944738388
    },
    "1": {
        "Loss_Exp": 0.09522673423908695,
        "BinaryAccuracy_Exp": 0.9664705097675323
    },
    "2": {
        "Loss_Exp": 0.07808099308948219,
        "BinaryAccuracy_Exp": 0.9670628190040589
    },
    "3": {
        "Loss_Exp": 0.07265126551538637,
        "BinaryAccuracy_Exp": 0.9720148563385009
    },
    "4": {
        "Loss_Exp": 0.06160818355121893,
        "BinaryAccuracy_Exp": 0.9757159863199506
    },
    "5": {
        "Loss_Exp": 0.07525580061183951,
        "BinaryAccuracy_Exp": 0.9686281581719717
    },
    "6": {
        "Loss_Exp": 0.056815844211358026,
        "BinaryAccuracy_Exp": 0.9789116501808166
    },
    "7": {
        "Loss_Exp": 0.06934014470964078,
        "BinaryAccuracy_Exp": 0.9751754999160767
    },
    "8": {
        "Loss_Exp": 0.06774632593809388,
        "BinaryAccuracy_Exp": 0.9746023813883463
    },
    "9": {
        "Loss_Exp": 0.07526454028229772,
        "BinaryAccuracy_Exp": 0.9707726836204529
    },
    "stream": {
        "Loss_Stream/eval_phase/test_stream": 0.07274213210570495,
        "BinaryAccuracy_Stream/eval_phase/test_stream": 0.9721670060054116
    }
}