{
    "0": {
        "Loss_Exp": 0.0878107833194404,
        "BinaryAccuracy_Exp": 0.9724120944738388
    },
    "1": {
        "Loss_Exp": 0.0943503288942103,
        "BinaryAccuracy_Exp": 0.9645173847675323
    },
    "2": {
        "Loss_Exp": 0.07693568838451036,
        "BinaryAccuracy_Exp": 0.9669882297515869
    },
    "3": {
        "Loss_Exp": 0.07231395103355819,
        "BinaryAccuracy_Exp": 0.9720148563385009
    },
    "4": {
        "Loss_Exp": 0.06158205842164489,
        "BinaryAccuracy_Exp": 0.9756050024713788
    },
    "5": {
        "Loss_Exp": 0.07515488904993782,
        "BinaryAccuracy_Exp": 0.9686281581719717
    },
    "6": {
        "Loss_Exp": 0.05584290945554004,
        "BinaryAccuracy_Exp": 0.9781304001808167
    },
    "7": {
        "Loss_Exp": 0.06892549828780407,
        "BinaryAccuracy_Exp": 0.9768031040827433
    },
    "8": {
        "Loss_Exp": 0.06794576127966849,
        "BinaryAccuracy_Exp": 0.9751144051551819
    },
    "9": {
        "Loss_Exp": 0.07508069884069521,
        "BinaryAccuracy_Exp": 0.9716170877218246
    },
    "stream": {
        "Loss_Stream/eval_phase/test_stream": 0.07228611470138721,
        "BinaryAccuracy_Stream/eval_phase/test_stream": 0.972100221592447
    }
}