{
    "0": {
        "Loss_Exp": 61.885093688964844,
        "RelativeDistance_Exp": 0.6193956136703491,
        "R2Score_Exp": 0.7877975106239319,
        "Forgetting_Exp": 0.05880934000015259,
        "BWT_Exp": -0.05880934000015259
    },
    "1": {
        "Loss_Exp": 32.076927185058594,
        "RelativeDistance_Exp": 0.6428541541099548,
        "R2Score_Exp": 0.8687713146209717,
        "Forgetting_Exp": 0.02632218599319458,
        "BWT_Exp": -0.02632218599319458
    },
    "2": {
        "Loss_Exp": 37.083919525146484,
        "RelativeDistance_Exp": 0.5117756724357605,
        "R2Score_Exp": 0.839152991771698,
        "Forgetting_Exp": 0.000680387020111084,
        "BWT_Exp": -0.000680387020111084
    },
    "3": {
        "Loss_Exp": 29.637853622436523,
        "RelativeDistance_Exp": 0.4592609703540802,
        "R2Score_Exp": 0.8832659721374512,
        "Forgetting_Exp": -0.011109232902526855,
        "BWT_Exp": 0.011109232902526855
    },
    "4": {
        "Loss_Exp": 22.034202575683594,
        "RelativeDistance_Exp": 0.440702348947525,
        "R2Score_Exp": 0.8921362161636353,
        "Forgetting_Exp": 0.011862456798553467,
        "BWT_Exp": -0.011862456798553467
    },
    "5": {
        "Loss_Exp": 28.039226531982422,
        "RelativeDistance_Exp": 0.4559563100337982,
        "R2Score_Exp": 0.8581176996231079,
        "Forgetting_Exp": 0.029118061065673828,
        "BWT_Exp": -0.029118061065673828
    },
    "6": {
        "Loss_Exp": 27.51612663269043,
        "RelativeDistance_Exp": 0.41959044337272644,
        "R2Score_Exp": 0.8659671545028687,
        "Forgetting_Exp": 0.022152602672576904,
        "BWT_Exp": -0.022152602672576904
    },
    "7": {
        "Loss_Exp": 26.91958236694336,
        "RelativeDistance_Exp": 0.5099279284477234,
        "R2Score_Exp": 0.8729310035705566,
        "Forgetting_Exp": 0.0368083119392395,
        "BWT_Exp": -0.0368083119392395
    },
    "8": {
        "Loss_Exp": 30.182851791381836,
        "RelativeDistance_Exp": 0.38345739245414734,
        "R2Score_Exp": 0.8743011951446533,
        "Forgetting_Exp": 0.02143681049346924,
        "BWT_Exp": -0.02143681049346924
    },
    "9": {
        "Loss_Exp": 35.55164337158203,
        "RelativeDistance_Exp": 0.5417875647544861,
        "R2Score_Exp": 0.8785908818244934
    },
    "stream": {
        "Loss_Stream/eval_phase/test_stream": 32.20766675128277,
        "RelativeDistance_Stream/eval_phase/test_stream": 0.4984708398580551,
        "R2Score_Stream/eval_phase/test_stream": 0.8621031939983368,
        "Forgetting_Stream/eval_phase/test_stream": {
            "0": 0.05880934000015259,
            "1": 0.02632218599319458,
            "2": 0.000680387020111084,
            "3": -0.011109232902526855,
            "4": 0.011862456798553467,
            "5": 0.029118061065673828,
            "6": 0.022152602672576904,
            "7": 0.0368083119392395,
            "8": 0.02143681049346924
        },
        "BWT_Stream/eval_phase/test_stream": {
            "0": 0.05880934000015259,
            "1": 0.02632218599319458,
            "2": 0.000680387020111084,
            "3": -0.011109232902526855,
            "4": 0.011862456798553467,
            "5": 0.029118061065673828,
            "6": 0.022152602672576904,
            "7": 0.0368083119392395,
            "8": 0.02143681049346924
        }
    }
}