{
    "0": {
        "Loss_Exp": 40.75544738769531,
        "RelativeDistance_Exp": 0.6564502716064453,
        "R2Score_Exp": 0.8364964127540588,
        "Forgetting_Exp": 0.06147879362106323,
        "BWT_Exp": -0.06147879362106323
    },
    "1": {
        "Loss_Exp": 45.77739715576172,
        "RelativeDistance_Exp": 0.66117262840271,
        "R2Score_Exp": 0.809230625629425,
        "Forgetting_Exp": 0.08546262979507446,
        "BWT_Exp": -0.08546262979507446
    },
    "2": {
        "Loss_Exp": 47.573551177978516,
        "RelativeDistance_Exp": 0.7385275363922119,
        "R2Score_Exp": 0.8043293952941895,
        "Forgetting_Exp": 0.09040087461471558,
        "BWT_Exp": -0.09040087461471558
    },
    "3": {
        "Loss_Exp": 43.63957214355469,
        "RelativeDistance_Exp": 0.6784694790840149,
        "R2Score_Exp": 0.8070383071899414,
        "Forgetting_Exp": 0.08631044626235962,
        "BWT_Exp": -0.08631044626235962
    },
    "4": {
        "Loss_Exp": 53.19992446899414,
        "RelativeDistance_Exp": 0.7658587694168091,
        "R2Score_Exp": 0.8064385056495667,
        "Forgetting_Exp": 0.08151751756668091,
        "BWT_Exp": -0.08151751756668091
    },
    "5": {
        "Loss_Exp": 43.96844482421875,
        "RelativeDistance_Exp": 0.7067021727561951,
        "R2Score_Exp": 0.8365142345428467,
        "Forgetting_Exp": 0.054640889167785645,
        "BWT_Exp": -0.054640889167785645
    },
    "6": {
        "Loss_Exp": 36.816402435302734,
        "RelativeDistance_Exp": 0.5576605796813965,
        "R2Score_Exp": 0.8611166477203369,
        "Forgetting_Exp": 0.023488759994506836,
        "BWT_Exp": -0.023488759994506836
    },
    "7": {
        "Loss_Exp": 31.454235076904297,
        "RelativeDistance_Exp": 0.6513414978981018,
        "R2Score_Exp": 0.8758330941200256,
        "Forgetting_Exp": -0.009410858154296875,
        "BWT_Exp": 0.009410858154296875
    },
    "8": {
        "Loss_Exp": 32.34867858886719,
        "RelativeDistance_Exp": 0.4827786684036255,
        "R2Score_Exp": 0.8780195713043213,
        "Forgetting_Exp": 0.022130727767944336,
        "BWT_Exp": -0.022130727767944336
    },
    "9": {
        "Loss_Exp": 19.78978729248047,
        "RelativeDistance_Exp": 0.7830918431282043,
        "R2Score_Exp": 0.924964427947998
    },
    "stream": {
        "Loss_Stream/eval_phase/test_stream": 44.206575260710984,
        "RelativeDistance_Stream/eval_phase/test_stream": 0.6682053446769715,
        "R2Score_Stream/eval_phase/test_stream": 0.843998122215271,
        "Forgetting_Stream/eval_phase/test_stream": {
            "0": 0.06147879362106323,
            "1": 0.08546262979507446,
            "2": 0.09040087461471558,
            "3": 0.08631044626235962,
            "4": 0.08151751756668091,
            "5": 0.054640889167785645,
            "6": 0.023488759994506836,
            "7": -0.009410858154296875,
            "8": 0.022130727767944336
        },
        "BWT_Stream/eval_phase/test_stream": {
            "0": 0.06147879362106323,
            "1": 0.08546262979507446,
            "2": 0.09040087461471558,
            "3": 0.08631044626235962,
            "4": 0.08151751756668091,
            "5": 0.054640889167785645,
            "6": 0.023488759994506836,
            "7": -0.009410858154296875,
            "8": 0.022130727767944336
        }
    }
}