{
    "0": {
        "Loss_Exp": 34.737850189208984,
        "RelativeDistance_Exp": 0.6993594765663147,
        "R2Score_Exp": 0.8558852672576904,
        "Forgetting_Exp": 0.042642951011657715,
        "BWT_Exp": -0.042642951011657715
    },
    "1": {
        "Loss_Exp": 36.429805755615234,
        "RelativeDistance_Exp": 0.7041770219802856,
        "R2Score_Exp": 0.8491717576980591,
        "Forgetting_Exp": 0.04207885265350342,
        "BWT_Exp": -0.04207885265350342
    },
    "2": {
        "Loss_Exp": 38.698116302490234,
        "RelativeDistance_Exp": 0.7868856191635132,
        "R2Score_Exp": 0.8426688313484192,
        "Forgetting_Exp": 0.051443278789520264,
        "BWT_Exp": -0.051443278789520264
    },
    "3": {
        "Loss_Exp": 37.81452941894531,
        "RelativeDistance_Exp": 0.6886616945266724,
        "R2Score_Exp": 0.8383006453514099,
        "Forgetting_Exp": 0.055245041847229004,
        "BWT_Exp": -0.055245041847229004
    },
    "4": {
        "Loss_Exp": 41.21165084838867,
        "RelativeDistance_Exp": 0.7930840253829956,
        "R2Score_Exp": 0.8476485013961792,
        "Forgetting_Exp": 0.050519466400146484,
        "BWT_Exp": -0.050519466400146484
    },
    "5": {
        "Loss_Exp": 39.74166488647461,
        "RelativeDistance_Exp": 0.7568413019180298,
        "R2Score_Exp": 0.850867748260498,
        "Forgetting_Exp": 0.044139862060546875,
        "BWT_Exp": -0.044139862060546875
    },
    "6": {
        "Loss_Exp": 34.46196365356445,
        "RelativeDistance_Exp": 0.5856506824493408,
        "R2Score_Exp": 0.8656034469604492,
        "Forgetting_Exp": 0.022783517837524414,
        "BWT_Exp": -0.022783517837524414
    },
    "7": {
        "Loss_Exp": 31.84479522705078,
        "RelativeDistance_Exp": 0.6761601567268372,
        "R2Score_Exp": 0.8743835687637329,
        "Forgetting_Exp": -0.011168479919433594,
        "BWT_Exp": 0.011168479919433594
    },
    "8": {
        "Loss_Exp": 26.60500144958496,
        "RelativeDistance_Exp": 0.47498929500579834,
        "R2Score_Exp": 0.9055919051170349,
        "Forgetting_Exp": 0.005550801753997803,
        "BWT_Exp": -0.005550801753997803
    },
    "9": {
        "Loss_Exp": 18.904306411743164,
        "RelativeDistance_Exp": 0.7312138080596924,
        "R2Score_Exp": 0.9291852712631226
    },
    "stream": {
        "Loss_Stream/eval_phase/test_stream": 37.437972278500105,
        "RelativeDistance_Stream/eval_phase/test_stream": 0.689702308177948,
        "R2Score_Stream/eval_phase/test_stream": 0.8659306943416596,
        "Forgetting_Stream/eval_phase/test_stream": {
            "0": 0.042642951011657715,
            "1": 0.04207885265350342,
            "2": 0.051443278789520264,
            "3": 0.055245041847229004,
            "4": 0.050519466400146484,
            "5": 0.044139862060546875,
            "6": 0.022783517837524414,
            "7": -0.011168479919433594,
            "8": 0.005550801753997803
        },
        "BWT_Stream/eval_phase/test_stream": {
            "0": 0.042642951011657715,
            "1": 0.04207885265350342,
            "2": 0.051443278789520264,
            "3": 0.055245041847229004,
            "4": 0.050519466400146484,
            "5": 0.044139862060546875,
            "6": 0.022783517837524414,
            "7": -0.011168479919433594,
            "8": 0.005550801753997803
        }
    }
}