{
    "0": {
        "Loss_Exp": 25.543996810913086,
        "RelativeDistance_Exp": 0.6149255037307739,
        "R2Score_Exp": 0.8858575820922852,
        "Forgetting_Exp": 0.004735350608825684,
        "BWT_Exp": -0.004735350608825684
    },
    "1": {
        "Loss_Exp": 25.680240631103516,
        "RelativeDistance_Exp": 0.5861976742744446,
        "R2Score_Exp": 0.8887521028518677,
        "Forgetting_Exp": -0.009917259216308594,
        "BWT_Exp": 0.009917259216308594
    },
    "2": {
        "Loss_Exp": 24.028491973876953,
        "RelativeDistance_Exp": 0.598346471786499,
        "R2Score_Exp": 0.8928155899047852,
        "Forgetting_Exp": -0.005341768264770508,
        "BWT_Exp": 0.005341768264770508
    },
    "3": {
        "Loss_Exp": 17.894311904907227,
        "RelativeDistance_Exp": 0.6283574104309082,
        "R2Score_Exp": 0.927534818649292,
        "Forgetting_Exp": -0.00815361738204956,
        "BWT_Exp": 0.00815361738204956
    },
    "4": {
        "Loss_Exp": 20.508825302124023,
        "RelativeDistance_Exp": 0.6364049315452576,
        "R2Score_Exp": 0.9136776328086853,
        "Forgetting_Exp": -0.02155470848083496,
        "BWT_Exp": 0.02155470848083496
    },
    "5": {
        "Loss_Exp": 24.050317764282227,
        "RelativeDistance_Exp": 0.6066817045211792,
        "R2Score_Exp": 0.9036440849304199,
        "Forgetting_Exp": -0.026575803756713867,
        "BWT_Exp": 0.026575803756713867
    },
    "6": {
        "Loss_Exp": 25.20665168762207,
        "RelativeDistance_Exp": 0.7229821681976318,
        "R2Score_Exp": 0.8998504281044006,
        "Forgetting_Exp": -0.005867898464202881,
        "BWT_Exp": 0.005867898464202881
    },
    "7": {
        "Loss_Exp": 33.90047836303711,
        "RelativeDistance_Exp": 0.5291343331336975,
        "R2Score_Exp": 0.8777666687965393,
        "Forgetting_Exp": 0.007181942462921143,
        "BWT_Exp": -0.007181942462921143
    },
    "8": {
        "Loss_Exp": 27.886512756347656,
        "RelativeDistance_Exp": 0.5627674460411072,
        "R2Score_Exp": 0.9062812328338623,
        "Forgetting_Exp": -0.0067217350006103516,
        "BWT_Exp": 0.0067217350006103516
    },
    "9": {
        "Loss_Exp": 21.985599517822266,
        "RelativeDistance_Exp": 0.530170202255249,
        "R2Score_Exp": 0.9271851181983948
    },
    "stream": {
        "Loss_Stream/eval_phase/test_stream": 24.715484906897267,
        "RelativeDistance_Stream/eval_phase/test_stream": 0.6015967845916748,
        "R2Score_Stream/eval_phase/test_stream": 0.9023365259170533,
        "Forgetting_Stream/eval_phase/test_stream": {
            "0": 0.004735350608825684,
            "1": -0.009917259216308594,
            "2": -0.005341768264770508,
            "3": -0.00815361738204956,
            "4": -0.02155470848083496,
            "5": -0.026575803756713867,
            "6": -0.005867898464202881,
            "7": 0.007181942462921143,
            "8": -0.0067217350006103516
        },
        "BWT_Stream/eval_phase/test_stream": {
            "0": 0.004735350608825684,
            "1": -0.009917259216308594,
            "2": -0.005341768264770508,
            "3": -0.00815361738204956,
            "4": -0.02155470848083496,
            "5": -0.026575803756713867,
            "6": -0.005867898464202881,
            "7": 0.007181942462921143,
            "8": -0.0067217350006103516
        }
    }
}