{
    "0": {
        "Loss_Exp": 185.463134765625,
        "RelativeDistance_Exp": 1.8953120708465576,
        "R2Score_Exp": 0.2597261071205139,
        "Forgetting_Exp": 0.6250619292259216,
        "BWT_Exp": -0.6250619292259216
    },
    "1": {
        "Loss_Exp": 159.33155822753906,
        "RelativeDistance_Exp": 1.2315260171890259,
        "R2Score_Exp": 0.41919833421707153,
        "Forgetting_Exp": 0.459622859954834,
        "BWT_Exp": -0.459622859954834
    },
    "2": {
        "Loss_Exp": 122.18632507324219,
        "RelativeDistance_Exp": 1.6527117490768433,
        "R2Score_Exp": 0.520695686340332,
        "Forgetting_Exp": 0.3640366792678833,
        "BWT_Exp": -0.3640366792678833
    },
    "3": {
        "Loss_Exp": 141.4948272705078,
        "RelativeDistance_Exp": 1.7329192161560059,
        "R2Score_Exp": 0.4624892771244049,
        "Forgetting_Exp": 0.44942477345466614,
        "BWT_Exp": -0.44942477345466614
    },
    "4": {
        "Loss_Exp": 155.72567749023438,
        "RelativeDistance_Exp": 1.650395154953003,
        "R2Score_Exp": 0.39242714643478394,
        "Forgetting_Exp": 0.4828508496284485,
        "BWT_Exp": -0.4828508496284485
    },
    "5": {
        "Loss_Exp": 107.9964828491211,
        "RelativeDistance_Exp": 1.2270228862762451,
        "R2Score_Exp": 0.6147805452346802,
        "Forgetting_Exp": 0.2585388422012329,
        "BWT_Exp": -0.2585388422012329
    },
    "6": {
        "Loss_Exp": 113.31800842285156,
        "RelativeDistance_Exp": 1.5583759546279907,
        "R2Score_Exp": 0.6011562347412109,
        "Forgetting_Exp": 0.2958681583404541,
        "BWT_Exp": -0.2958681583404541
    },
    "7": {
        "Loss_Exp": 132.01724243164062,
        "RelativeDistance_Exp": 1.0769274234771729,
        "R2Score_Exp": 0.5574289560317993,
        "Forgetting_Exp": 0.32635438442230225,
        "BWT_Exp": -0.32635438442230225
    },
    "8": {
        "Loss_Exp": 93.9222640991211,
        "RelativeDistance_Exp": 1.3772435188293457,
        "R2Score_Exp": 0.7126460075378418,
        "Forgetting_Exp": 0.17975056171417236,
        "BWT_Exp": -0.17975056171417236
    },
    "9": {
        "Loss_Exp": 37.813873291015625,
        "RelativeDistance_Exp": 0.974976122379303,
        "R2Score_Exp": 0.8814387321472168
    },
    "stream": {
        "Loss_Stream/eval_phase/test_stream": 138.8672752755522,
        "RelativeDistance_Stream/eval_phase/test_stream": 1.4377410113811493,
        "R2Score_Stream/eval_phase/test_stream": 0.5421987026929855,
        "Forgetting_Stream/eval_phase/test_stream": {
            "0": 0.6250619292259216,
            "1": 0.459622859954834,
            "2": 0.3640366792678833,
            "3": 0.44942477345466614,
            "4": 0.4828508496284485,
            "5": 0.2585388422012329,
            "6": 0.2958681583404541,
            "7": 0.32635438442230225,
            "8": 0.17975056171417236
        },
        "BWT_Stream/eval_phase/test_stream": {
            "0": 0.6250619292259216,
            "1": 0.459622859954834,
            "2": 0.3640366792678833,
            "3": 0.44942477345466614,
            "4": 0.4828508496284485,
            "5": 0.2585388422012329,
            "6": 0.2958681583404541,
            "7": 0.32635438442230225,
            "8": 0.17975056171417236
        }
    }
}