{
    "0": {
        "Loss_Exp": 38.94238465187185,
        "RelativeDistance_Exp": 1.052244108915329,
        "R2Score_Exp": 0.8271091997623443,
        "Forgetting_Exp": 0.020645445585250943,
        "BWT_Exp": -0.020645445585250943
    },
    "1": {
        "Loss_Exp": 42.24491537770091,
        "RelativeDistance_Exp": 0.9623984773953755,
        "R2Score_Exp": 0.8231560866038005,
        "Forgetting_Exp": 0.019542614618937137,
        "BWT_Exp": -0.019542614618937137
    },
    "2": {
        "Loss_Exp": 36.048399894955345,
        "RelativeDistance_Exp": 0.9558393771831806,
        "R2Score_Exp": 0.845572476203625,
        "Forgetting_Exp": 0.014906433912423966,
        "BWT_Exp": -0.014906433912423966
    },
    "3": {
        "Loss_Exp": 28.899783812413734,
        "RelativeDistance_Exp": 1.0250205662515428,
        "R2Score_Exp": 0.8841358754369948,
        "Forgetting_Exp": 0.015962176852756027,
        "BWT_Exp": -0.015962176852756027
    },
    "4": {
        "Loss_Exp": 31.328509836103628,
        "RelativeDistance_Exp": 0.9689014298575265,
        "R2Score_Exp": 0.8727440323148455,
        "Forgetting_Exp": 0.00042561973844246204,
        "BWT_Exp": -0.00042561973844246204
    },
    "5": {
        "Loss_Exp": 33.130757390210405,
        "RelativeDistance_Exp": 0.9086100260416666,
        "R2Score_Exp": 0.8700600266456604,
        "Forgetting_Exp": -0.002294480800628662,
        "BWT_Exp": 0.002294480800628662
    },
    "6": {
        "Loss_Exp": 30.87897064532041,
        "RelativeDistance_Exp": 1.207667052745819,
        "R2Score_Exp": 0.8813201412558556,
        "Forgetting_Exp": 0.004297509789466858,
        "BWT_Exp": -0.004297509789466858
    },
    "7": {
        "Loss_Exp": 40.78113141655111,
        "RelativeDistance_Exp": 0.8377660289406776,
        "R2Score_Exp": 0.8586646765470505,
        "Forgetting_Exp": 0.010546430945396423,
        "BWT_Exp": -0.010546430945396423
    },
    "8": {
        "Loss_Exp": 30.136536399067516,
        "RelativeDistance_Exp": 0.7834568421045939,
        "R2Score_Exp": 0.8894904851913452,
        "Forgetting_Exp": 0.024148881435394287,
        "BWT_Exp": -0.024148881435394287
    },
    "9": {
        "Loss_Exp": 23.345842630474014,
        "RelativeDistance_Exp": 0.7576720714569092,
        "R2Score_Exp": 0.9156445562839508
    },
    "stream": {
        "Loss_Stream/eval_phase/test_stream": 35.73057719387752,
        "RelativeDistance_Stream/eval_phase/test_stream": 0.9762057375024866,
        "R2Score_Stream/eval_phase/test_stream": 0.855769208183995,
        "Forgetting_Stream/eval_phase/test_stream": {
            "0": 0.020645445585250943,
            "1": 0.019542614618937137,
            "2": 0.014906433912423966,
            "3": 0.015962176852756027,
            "4": 0.00042561973844246204,
            "5": -0.002294480800628662,
            "6": 0.004297509789466858,
            "7": 0.010546430945396423,
            "8": 0.024148881435394287
        },
        "BWT_Stream/eval_phase/test_stream": {
            "0": 0.020645445585250943,
            "1": 0.019542614618937137,
            "2": 0.014906433912423966,
            "3": 0.015962176852756027,
            "4": 0.00042561973844246204,
            "5": -0.002294480800628662,
            "6": 0.004297509789466858,
            "7": 0.010546430945396423,
            "8": 0.024148881435394287
        }
    }
}