{
    "0": {
        "Loss_Exp": 62.7873844042764,
        "RelativeDistance_Exp": 1.395579421520233,
        "R2Score_Exp": 0.7292611002922058,
        "Forgetting_Exp": 0.12084327340126033,
        "BWT_Exp": -0.12084327340126033
    },
    "1": {
        "Loss_Exp": 73.52356961611717,
        "RelativeDistance_Exp": 1.433569598197937,
        "R2Score_Exp": 0.7211594263712565,
        "Forgetting_Exp": 0.12382196585337324,
        "BWT_Exp": -0.12382196585337324
    },
    "2": {
        "Loss_Exp": 46.35482292266809,
        "RelativeDistance_Exp": 1.0434830372150128,
        "R2Score_Exp": 0.8097213002351614,
        "Forgetting_Exp": 0.056494799944070695,
        "BWT_Exp": -0.056494799944070695
    },
    "3": {
        "Loss_Exp": 34.68928686766624,
        "RelativeDistance_Exp": 0.9852296710014343,
        "R2Score_Exp": 0.8634030951393975,
        "Forgetting_Exp": 0.034390515751308914,
        "BWT_Exp": -0.034390515751308914
    },
    "4": {
        "Loss_Exp": 40.8089562716231,
        "RelativeDistance_Exp": 0.8997744066374642,
        "R2Score_Exp": 0.843967889036451,
        "Forgetting_Exp": 0.02516838482448036,
        "BWT_Exp": -0.02516838482448036
    },
    "5": {
        "Loss_Exp": 40.91749299230507,
        "RelativeDistance_Exp": 0.7547978361447653,
        "R2Score_Exp": 0.8455823759237925,
        "Forgetting_Exp": 0.023319651683171627,
        "BWT_Exp": -0.023319651683171627
    },
    "6": {
        "Loss_Exp": 37.54053216330351,
        "RelativeDistance_Exp": 0.9623052105307579,
        "R2Score_Exp": 0.8583774417638779,
        "Forgetting_Exp": 0.02718503028154373,
        "BWT_Exp": -0.02718503028154373
    },
    "7": {
        "Loss_Exp": 48.86302876102882,
        "RelativeDistance_Exp": 0.7138364613056183,
        "R2Score_Exp": 0.8335841745138168,
        "Forgetting_Exp": 0.03618580102920532,
        "BWT_Exp": -0.03618580102920532
    },
    "8": {
        "Loss_Exp": 33.734881813781094,
        "RelativeDistance_Exp": 0.639240175485611,
        "R2Score_Exp": 0.8798842628796896,
        "Forgetting_Exp": 0.032342612743377686,
        "BWT_Exp": -0.032342612743377686
    },
    "9": {
        "Loss_Exp": 22.71947912708893,
        "RelativeDistance_Exp": 0.5728092044591904,
        "R2Score_Exp": 0.9164879620075226
    },
    "stream": {
        "Loss_Stream/eval_phase/test_stream": 50.05818767617264,
        "RelativeDistance_Stream/eval_phase/test_stream": 1.05174524548613,
        "R2Score_Stream/eval_phase/test_stream": 0.8073654108577304,
        "Forgetting_Stream/eval_phase/test_stream": {
            "0": 0.12084327340126033,
            "1": 0.12382196585337324,
            "2": 0.056494799944070695,
            "3": 0.034390515751308914,
            "4": 0.02516838482448036,
            "5": 0.023319651683171627,
            "6": 0.02718503028154373,
            "7": 0.03618580102920532,
            "8": 0.032342612743377686
        },
        "BWT_Stream/eval_phase/test_stream": {
            "0": 0.12084327340126033,
            "1": 0.12382196585337324,
            "2": 0.056494799944070695,
            "3": 0.034390515751308914,
            "4": 0.02516838482448036,
            "5": 0.023319651683171627,
            "6": 0.02718503028154373,
            "7": 0.03618580102920532,
            "8": 0.032342612743377686
        }
    }
}