{
    "0": {
        "Loss_Exp": 29.886459043490813,
        "RelativeDistance_Exp": 0.9184584438800811,
        "R2Score_Exp": 0.8648284375667572,
        "Forgetting_Exp": -0.024542069435119607,
        "BWT_Exp": 0.024542069435119607
    },
    "1": {
        "Loss_Exp": 32.11451894210878,
        "RelativeDistance_Exp": 0.8557611187299092,
        "R2Score_Exp": 0.8615035295486451,
        "Forgetting_Exp": -0.009806903203328443,
        "BWT_Exp": 0.009806903203328443
    },
    "2": {
        "Loss_Exp": 28.198105742291705,
        "RelativeDistance_Exp": 0.871383589047652,
        "R2Score_Exp": 0.8763394355773926,
        "Forgetting_Exp": -0.011490615514608504,
        "BWT_Exp": 0.011490615514608504
    },
    "3": {
        "Loss_Exp": 23.494322034528494,
        "RelativeDistance_Exp": 0.970704992612203,
        "R2Score_Exp": 0.9042656090524461,
        "Forgetting_Exp": -0.005455401208665611,
        "BWT_Exp": 0.005455401208665611
    },
    "4": {
        "Loss_Exp": 25.798857913981344,
        "RelativeDistance_Exp": 0.950016473020826,
        "R2Score_Exp": 0.8970673680305481,
        "Forgetting_Exp": -0.03298982552119667,
        "BWT_Exp": 0.03298982552119667
    },
    "5": {
        "Loss_Exp": 28.221488526449097,
        "RelativeDistance_Exp": 0.8786508540312449,
        "R2Score_Exp": 0.8885744313398997,
        "Forgetting_Exp": -0.02648228406906128,
        "BWT_Exp": 0.02648228406906128
    },
    "6": {
        "Loss_Exp": 27.95755173548403,
        "RelativeDistance_Exp": 1.1676485985517502,
        "R2Score_Exp": 0.8917603194713593,
        "Forgetting_Exp": -0.010588675737380981,
        "BWT_Exp": 0.010588675737380981
    },
    "7": {
        "Loss_Exp": 38.43548858441313,
        "RelativeDistance_Exp": 0.8203055188059807,
        "R2Score_Exp": 0.8634748235344887,
        "Forgetting_Exp": -0.0022640451788902283,
        "BWT_Exp": 0.0022640451788902283
    },
    "8": {
        "Loss_Exp": 30.507993053000362,
        "RelativeDistance_Exp": 0.7767524917920431,
        "R2Score_Exp": 0.8879950046539307,
        "Forgetting_Exp": 0.015017787615458134,
        "BWT_Exp": -0.015017787615458134
    },
    "9": {
        "Loss_Exp": 24.054530692365013,
        "RelativeDistance_Exp": 0.7903674244880676,
        "R2Score_Exp": 0.9139659404754639
    },
    "stream": {
        "Loss_Stream/eval_phase/test_stream": 29.404064483426144,
        "RelativeDistance_Stream/eval_phase/test_stream": 0.9113824507336558,
        "R2Score_Stream/eval_phase/test_stream": 0.8795846501986185,
        "Forgetting_Stream/eval_phase/test_stream": {
            "0": -0.024542069435119607,
            "1": -0.009806903203328443,
            "2": -0.011490615514608504,
            "3": -0.005455401208665611,
            "4": -0.03298982552119667,
            "5": -0.02648228406906128,
            "6": -0.010588675737380981,
            "7": -0.0022640451788902283,
            "8": 0.015017787615458134
        },
        "BWT_Stream/eval_phase/test_stream": {
            "0": -0.024542069435119607,
            "1": -0.009806903203328443,
            "2": -0.011490615514608504,
            "3": -0.005455401208665611,
            "4": -0.03298982552119667,
            "5": -0.02648228406906128,
            "6": -0.010588675737380981,
            "7": -0.0022640451788902283,
            "8": 0.015017787615458134
        }
    }
}