{
    "0": {
        "Loss_Exp": 62.57384612525284,
        "RelativeDistance_Exp": 1.3961662292480468,
        "R2Score_Exp": 0.7288617670536042,
        "Forgetting_Exp": 0.1203957200050354,
        "BWT_Exp": -0.1203957200050354
    },
    "1": {
        "Loss_Exp": 72.40653313803885,
        "RelativeDistance_Exp": 1.343692684173584,
        "R2Score_Exp": 0.7179989178975423,
        "Forgetting_Exp": 0.13838228782018025,
        "BWT_Exp": -0.13838228782018025
    },
    "2": {
        "Loss_Exp": 48.7041363175799,
        "RelativeDistance_Exp": 1.1269352573614855,
        "R2Score_Exp": 0.7942773745610163,
        "Forgetting_Exp": 0.07876174725019025,
        "BWT_Exp": -0.07876174725019025
    },
    "3": {
        "Loss_Exp": 35.72988607646732,
        "RelativeDistance_Exp": 1.12391683128145,
        "R2Score_Exp": 0.861446738243103,
        "Forgetting_Exp": 0.04903719160291886,
        "BWT_Exp": -0.04903719160291886
    },
    "4": {
        "Loss_Exp": 42.06626706523201,
        "RelativeDistance_Exp": 1.0757050514221191,
        "R2Score_Exp": 0.8386750136102948,
        "Forgetting_Exp": 0.0465582098279681,
        "BWT_Exp": -0.0465582098279681
    },
    "5": {
        "Loss_Exp": 41.17360018904614,
        "RelativeDistance_Exp": 0.9172446330388387,
        "R2Score_Exp": 0.8434909284114838,
        "Forgetting_Exp": 0.032231877247492435,
        "BWT_Exp": -0.032231877247492435
    },
    "6": {
        "Loss_Exp": 37.3651952288058,
        "RelativeDistance_Exp": 1.140365332365036,
        "R2Score_Exp": 0.8588395938277245,
        "Forgetting_Exp": 0.028021425008773804,
        "BWT_Exp": -0.028021425008773804
    },
    "7": {
        "Loss_Exp": 46.21931214445403,
        "RelativeDistance_Exp": 0.8311536684632301,
        "R2Score_Exp": 0.841725617647171,
        "Forgetting_Exp": 0.038098037242889404,
        "BWT_Exp": -0.038098037242889404
    },
    "8": {
        "Loss_Exp": 33.93475401844657,
        "RelativeDistance_Exp": 0.75624152024587,
        "R2Score_Exp": 0.8795732061068217,
        "Forgetting_Exp": 0.035182853539784786,
        "BWT_Exp": -0.035182853539784786
    },
    "9": {
        "Loss_Exp": 21.044588225012536,
        "RelativeDistance_Exp": 0.6587745845317841,
        "R2Score_Exp": 0.9191233217716217
    },
    "stream": {
        "Loss_Stream/eval_phase/test_stream": 50.14229131932207,
        "RelativeDistance_Stream/eval_phase/test_stream": 1.1268431021843428,
        "R2Score_Stream/eval_phase/test_stream": 0.804325760146718,
        "Forgetting_Stream/eval_phase/test_stream": {
            "0": 0.1203957200050354,
            "1": 0.13838228782018025,
            "2": 0.07876174725019025,
            "3": 0.04903719160291886,
            "4": 0.0465582098279681,
            "5": 0.032231877247492435,
            "6": 0.028021425008773804,
            "7": 0.038098037242889404,
            "8": 0.035182853539784786
        },
        "BWT_Stream/eval_phase/test_stream": {
            "0": 0.1203957200050354,
            "1": 0.13838228782018025,
            "2": 0.07876174725019025,
            "3": 0.04903719160291886,
            "4": 0.0465582098279681,
            "5": 0.032231877247492435,
            "6": 0.028021425008773804,
            "7": 0.038098037242889404,
            "8": 0.035182853539784786
        }
    }
}