{
    "0": {
        "Loss_Exp": 0.15807941403214884,
        "BinaryAccuracy_Exp": 0.9514679461717606
    },
    "1": {
        "Loss_Exp": 0.19283513762915513,
        "BinaryAccuracy_Exp": 0.9414319545030594
    },
    "2": {
        "Loss_Exp": 0.1731078812568696,
        "BinaryAccuracy_Exp": 0.9467287063598633
    },
    "3": {
        "Loss_Exp": 0.1279911750209281,
        "BinaryAccuracy_Exp": 0.9560064673423767
    },
    "4": {
        "Loss_Exp": 0.09236670790876675,
        "BinaryAccuracy_Exp": 0.9650673525674003
    },
    "5": {
        "Loss_Exp": 0.11470912560837783,
        "BinaryAccuracy_Exp": 0.9593877494335175
    },
    "6": {
        "Loss_Exp": 0.08010069627486949,
        "BinaryAccuracy_Exp": 0.9689226627349854
    },
    "7": {
        "Loss_Exp": 0.10478967591034656,
        "BinaryAccuracy_Exp": 0.9660609165827433
    },
    "8": {
        "Loss_Exp": 0.10366795239359328,
        "BinaryAccuracy_Exp": 0.9685529867808024
    },
    "9": {
        "Loss_Exp": 0.07881502938621185,
        "BinaryAccuracy_Exp": 0.9690838605165482
    },
    "stream": {
        "Loss_Stream/eval_phase/test_stream": 0.11996864745665335,
        "BinaryAccuracy_Stream/eval_phase/test_stream": 0.9591709543829379
    }
}