{
    "0": {
        "Loss_Exp": 17.994601997962366,
        "RelativeDistance_Exp": 1.184787929058075,
        "R2Score_Exp": 0.7544363737106323,
        "Forgetting_Exp": 0.11051377654075623,
        "BWT_Exp": -0.11051377654075623
    },
    "1": {
        "Loss_Exp": 11.861649290423527,
        "RelativeDistance_Exp": 1.3953741192817688,
        "R2Score_Exp": 0.809666633605957,
        "Forgetting_Exp": 0.08055204153060913,
        "BWT_Exp": -0.08055204153060913
    },
    "2": {
        "Loss_Exp": 10.15604923924836,
        "RelativeDistance_Exp": 0.9929681619008383,
        "R2Score_Exp": 0.7564538518587748,
        "Forgetting_Exp": 0.1055193146069845,
        "BWT_Exp": -0.1055193146069845
    },
    "3": {
        "Loss_Exp": 5.629182830461548,
        "RelativeDistance_Exp": 0.8902421295642853,
        "R2Score_Exp": 0.7875167429447174,
        "Forgetting_Exp": 0.09727990627288818,
        "BWT_Exp": -0.09727990627288818
    },
    "4": {
        "Loss_Exp": 2.9964222681852197,
        "RelativeDistance_Exp": 0.8510347604751587,
        "R2Score_Exp": 0.8597351908683777,
        "Forgetting_Exp": 0.06656863292058313,
        "BWT_Exp": -0.06656863292058313
    },
    "5": {
        "Loss_Exp": 2.8732246612214483,
        "RelativeDistance_Exp": 0.8087969223658243,
        "R2Score_Exp": 0.8326801856358846,
        "Forgetting_Exp": 0.06584292650222778,
        "BWT_Exp": -0.06584292650222778
    },
    "6": {
        "Loss_Exp": 4.551986021425804,
        "RelativeDistance_Exp": 0.7165298163890839,
        "R2Score_Exp": 0.8558917045593262,
        "Forgetting_Exp": 0.06603726744651794,
        "BWT_Exp": -0.06603726744651794
    },
    "7": {
        "Loss_Exp": 2.3183844089508057,
        "RelativeDistance_Exp": 1.4245785474777222,
        "R2Score_Exp": 0.8633599281311035,
        "Forgetting_Exp": 0.0516585111618042,
        "BWT_Exp": -0.0516585111618042
    },
    "8": {
        "Loss_Exp": 1.7282154383724684,
        "RelativeDistance_Exp": 0.6481979191303253,
        "R2Score_Exp": 0.9223045706748962,
        "Forgetting_Exp": -0.02116730809211731,
        "BWT_Exp": 0.02116730809211731
    },
    "9": {
        "Loss_Exp": 4.455469090992231,
        "RelativeDistance_Exp": 0.7043565809726715,
        "R2Score_Exp": 0.9153892695903778
    },
    "stream": {
        "Loss_Stream/eval_phase/test_stream": 6.358420285764262,
        "RelativeDistance_Stream/eval_phase/test_stream": 0.9300888668407093,
        "R2Score_Stream/eval_phase/test_stream": 0.8318353728814558,
        "Forgetting_Stream/eval_phase/test_stream": {
            "0": 0.11051377654075623,
            "1": 0.08055204153060913,
            "2": 0.1055193146069845,
            "3": 0.09727990627288818,
            "4": 0.06656863292058313,
            "5": 0.06584292650222778,
            "6": 0.06603726744651794,
            "7": 0.0516585111618042,
            "8": -0.02116730809211731
        },
        "BWT_Stream/eval_phase/test_stream": {
            "0": 0.11051377654075623,
            "1": 0.08055204153060913,
            "2": 0.1055193146069845,
            "3": 0.09727990627288818,
            "4": 0.06656863292058313,
            "5": 0.06584292650222778,
            "6": 0.06603726744651794,
            "7": 0.0516585111618042,
            "8": -0.02116730809211731
        }
    }
}