{
    "0": {
        "Loss_Exp": 79.02927815179405,
        "RelativeDistance_Exp": 0.9554264068603515,
        "R2Score_Exp": 0.6507981538772583,
        "Forgetting_Exp": 0.23651815652847297,
        "BWT_Exp": -0.23651815652847297
    },
    "1": {
        "Loss_Exp": 84.21954000662592,
        "RelativeDistance_Exp": 0.9082331379254659,
        "R2Score_Exp": 0.6608911593755086,
        "Forgetting_Exp": 0.23884841203689577,
        "BWT_Exp": -0.23884841203689577
    },
    "2": {
        "Loss_Exp": 58.38941672934098,
        "RelativeDistance_Exp": 0.7090921860474807,
        "R2Score_Exp": 0.7498443722724915,
        "Forgetting_Exp": 0.1643988123306861,
        "BWT_Exp": -0.1643988123306861
    },
    "3": {
        "Loss_Exp": 41.34089325729155,
        "RelativeDistance_Exp": 0.68317049741745,
        "R2Score_Exp": 0.8327707250912985,
        "Forgetting_Exp": 0.11246050066418112,
        "BWT_Exp": -0.11246050066418112
    },
    "4": {
        "Loss_Exp": 55.184096531014,
        "RelativeDistance_Exp": 0.6015713172299522,
        "R2Score_Exp": 0.7624255333627973,
        "Forgetting_Exp": 0.15924379655293064,
        "BWT_Exp": -0.15924379655293064
    },
    "5": {
        "Loss_Exp": 46.08802734217247,
        "RelativeDistance_Exp": 0.5580025961001714,
        "R2Score_Exp": 0.8221546510855356,
        "Forgetting_Exp": 0.08237862586975098,
        "BWT_Exp": -0.08237862586975098
    },
    "6": {
        "Loss_Exp": 45.560711633859746,
        "RelativeDistance_Exp": 0.6356656402349472,
        "R2Score_Exp": 0.8228002712130547,
        "Forgetting_Exp": 0.08049487322568893,
        "BWT_Exp": -0.08049487322568893
    },
    "7": {
        "Loss_Exp": 45.73897228391397,
        "RelativeDistance_Exp": 0.4646668806672096,
        "R2Score_Exp": 0.8438075929880142,
        "Forgetting_Exp": 0.0522768497467041,
        "BWT_Exp": -0.0522768497467041
    },
    "8": {
        "Loss_Exp": 28.22028757859502,
        "RelativeDistance_Exp": 0.4212486843268077,
        "R2Score_Exp": 0.9023097554842631,
        "Forgetting_Exp": 0.02656608819961548,
        "BWT_Exp": -0.02656608819961548
    },
    "9": {
        "Loss_Exp": 18.36318406287917,
        "RelativeDistance_Exp": 0.388419508934021,
        "R2Score_Exp": 0.9219366908073425
    },
    "stream": {
        "Loss_Stream/eval_phase/test_stream": 58.75996100118609,
        "RelativeDistance_Stream/eval_phase/test_stream": 0.7030463465202001,
        "R2Score_Stream/eval_phase/test_stream": 0.7631831419320754,
        "Forgetting_Stream/eval_phase/test_stream": {
            "0": 0.23651815652847297,
            "1": 0.23884841203689577,
            "2": 0.1643988123306861,
            "3": 0.11246050066418112,
            "4": 0.15924379655293064,
            "5": 0.08237862586975098,
            "6": 0.08049487322568893,
            "7": 0.0522768497467041,
            "8": 0.02656608819961548
        },
        "BWT_Stream/eval_phase/test_stream": {
            "0": 0.23651815652847297,
            "1": 0.23884841203689577,
            "2": 0.1643988123306861,
            "3": 0.11246050066418112,
            "4": 0.15924379655293064,
            "5": 0.08237862586975098,
            "6": 0.08049487322568893,
            "7": 0.0522768497467041,
            "8": 0.02656608819961548
        }
    }
}