{
    "0": {
        "Loss_Exp": 107.59983350073385,
        "RelativeDistance_Exp": 0.8382602334022522,
        "R2Score_Exp": 0.7551528215408325,
        "Forgetting_Exp": 0.11750197410583496,
        "BWT_Exp": -0.11750197410583496
    },
    "1": {
        "Loss_Exp": 71.67537330438616,
        "RelativeDistance_Exp": 2.179931640625,
        "R2Score_Exp": 0.7924087941646576,
        "Forgetting_Exp": 0.11136460304260254,
        "BWT_Exp": -0.11136460304260254
    },
    "2": {
        "Loss_Exp": 68.50413104527352,
        "RelativeDistance_Exp": 0.7150235573450724,
        "R2Score_Exp": 0.7764297127723694,
        "Forgetting_Exp": 0.0425146222114563,
        "BWT_Exp": -0.0425146222114563
    },
    "3": {
        "Loss_Exp": 61.169792617967225,
        "RelativeDistance_Exp": 0.6201528906822205,
        "R2Score_Exp": 0.7970381677150726,
        "Forgetting_Exp": 0.06415018439292908,
        "BWT_Exp": -0.06415018439292908
    },
    "4": {
        "Loss_Exp": 56.45498919997704,
        "RelativeDistance_Exp": 0.6070721596479416,
        "R2Score_Exp": 0.8121245950460434,
        "Forgetting_Exp": 0.03702515363693237,
        "BWT_Exp": -0.03702515363693237
    },
    "5": {
        "Loss_Exp": 52.29411713973336,
        "RelativeDistance_Exp": 0.5688125689824423,
        "R2Score_Exp": 0.7958694497744242,
        "Forgetting_Exp": 0.012938280900319454,
        "BWT_Exp": -0.012938280900319454
    },
    "6": {
        "Loss_Exp": 64.00814979859841,
        "RelativeDistance_Exp": 0.7519862651824951,
        "R2Score_Exp": 0.7967974742253622,
        "Forgetting_Exp": -0.021634221076965332,
        "BWT_Exp": 0.021634221076965332
    },
    "7": {
        "Loss_Exp": 40.446990966796875,
        "RelativeDistance_Exp": 0.5274561643600464,
        "R2Score_Exp": 0.8405126929283142,
        "Forgetting_Exp": 0.004215836524963379,
        "BWT_Exp": -0.004215836524963379
    },
    "8": {
        "Loss_Exp": 56.35462944513183,
        "RelativeDistance_Exp": 1.6184459626674652,
        "R2Score_Exp": 0.8113861382007599,
        "Forgetting_Exp": 0.02060091495513916,
        "BWT_Exp": -0.02060091495513916
    },
    "9": {
        "Loss_Exp": 63.48558876169899,
        "RelativeDistance_Exp": 0.8668719232082367,
        "R2Score_Exp": 0.8253242373466492
    },
    "stream": {
        "Loss_Stream/eval_phase/test_stream": 63.99022907201011,
        "RelativeDistance_Stream/eval_phase/test_stream": 0.8879390532771746,
        "R2Score_Stream/eval_phase/test_stream": 0.7982883875568708,
        "Forgetting_Stream/eval_phase/test_stream": {
            "0": 0.11750197410583496,
            "1": 0.11136460304260254,
            "2": 0.0425146222114563,
            "3": 0.06415018439292908,
            "4": 0.03702515363693237,
            "5": 0.012938280900319454,
            "6": -0.021634221076965332,
            "7": 0.004215836524963379,
            "8": 0.02060091495513916
        },
        "BWT_Stream/eval_phase/test_stream": {
            "0": 0.11750197410583496,
            "1": 0.11136460304260254,
            "2": 0.0425146222114563,
            "3": 0.06415018439292908,
            "4": 0.03702515363693237,
            "5": 0.012938280900319454,
            "6": -0.021634221076965332,
            "7": 0.004215836524963379,
            "8": 0.02060091495513916
        }
    }
}