{
    "0": {
        "Loss_Exp": 63.90568161010742,
        "RelativeDistance_Exp": 0.9383134245872498,
        "R2Score_Exp": 0.7392139434814453,
        "Forgetting_Exp": 0.15517425537109375,
        "BWT_Exp": -0.15517425537109375
    },
    "1": {
        "Loss_Exp": 66.63731384277344,
        "RelativeDistance_Exp": 0.8128758668899536,
        "R2Score_Exp": 0.7409602403640747,
        "Forgetting_Exp": 0.14732801914215088,
        "BWT_Exp": -0.14732801914215088
    },
    "2": {
        "Loss_Exp": 50.515769958496094,
        "RelativeDistance_Exp": 0.8260905146598816,
        "R2Score_Exp": 0.7863642573356628,
        "Forgetting_Exp": 0.11358433961868286,
        "BWT_Exp": -0.11358433961868286
    },
    "3": {
        "Loss_Exp": 38.70242691040039,
        "RelativeDistance_Exp": 0.8972101211547852,
        "R2Score_Exp": 0.847722053527832,
        "Forgetting_Exp": 0.07894766330718994,
        "BWT_Exp": -0.07894766330718994
    },
    "4": {
        "Loss_Exp": 41.45530700683594,
        "RelativeDistance_Exp": 0.7924379706382751,
        "R2Score_Exp": 0.834889829158783,
        "Forgetting_Exp": 0.0621677041053772,
        "BWT_Exp": -0.0621677041053772
    },
    "5": {
        "Loss_Exp": 40.6776123046875,
        "RelativeDistance_Exp": 0.7295701503753662,
        "R2Score_Exp": 0.8424403667449951,
        "Forgetting_Exp": 0.04404270648956299,
        "BWT_Exp": -0.04404270648956299
    },
    "6": {
        "Loss_Exp": 36.31224060058594,
        "RelativeDistance_Exp": 0.8775504231452942,
        "R2Score_Exp": 0.8625468015670776,
        "Forgetting_Exp": 0.02399897575378418,
        "BWT_Exp": -0.02399897575378418
    },
    "7": {
        "Loss_Exp": 48.190181732177734,
        "RelativeDistance_Exp": 0.5933886170387268,
        "R2Score_Exp": 0.8282805681228638,
        "Forgetting_Exp": 0.054726481437683105,
        "BWT_Exp": -0.054726481437683105
    },
    "8": {
        "Loss_Exp": 35.46361541748047,
        "RelativeDistance_Exp": 0.5839027166366577,
        "R2Score_Exp": 0.8821143507957458,
        "Forgetting_Exp": 0.02922290563583374,
        "BWT_Exp": -0.02922290563583374
    },
    "9": {
        "Loss_Exp": 23.17397689819336,
        "RelativeDistance_Exp": 0.4957571029663086,
        "R2Score_Exp": 0.9211676716804504
    },
    "stream": {
        "Loss_Stream/eval_phase/test_stream": 49.88200635505777,
        "RelativeDistance_Stream/eval_phase/test_stream": 0.7547096908092499,
        "R2Score_Stream/eval_phase/test_stream": 0.8285700082778931,
        "Forgetting_Stream/eval_phase/test_stream": {
            "0": 0.15517425537109375,
            "1": 0.14732801914215088,
            "2": 0.11358433961868286,
            "3": 0.07894766330718994,
            "4": 0.0621677041053772,
            "5": 0.04404270648956299,
            "6": 0.02399897575378418,
            "7": 0.054726481437683105,
            "8": 0.02922290563583374
        },
        "BWT_Stream/eval_phase/test_stream": {
            "0": 0.15517425537109375,
            "1": 0.14732801914215088,
            "2": 0.11358433961868286,
            "3": 0.07894766330718994,
            "4": 0.0621677041053772,
            "5": 0.04404270648956299,
            "6": 0.02399897575378418,
            "7": 0.054726481437683105,
            "8": 0.02922290563583374
        }
    }
}