{
    "0": {
        "Loss_Exp": 65.60118865966797,
        "RelativeDistance_Exp": 0.6025606989860535,
        "R2Score_Exp": 0.7684746384620667,
        "Forgetting_Exp": 0.08250659704208374,
        "BWT_Exp": -0.08250659704208374
    },
    "1": {
        "Loss_Exp": 31.040409088134766,
        "RelativeDistance_Exp": 0.5982112288475037,
        "R2Score_Exp": 0.8651888370513916,
        "Forgetting_Exp": 0.027750074863433838,
        "BWT_Exp": -0.027750074863433838
    },
    "2": {
        "Loss_Exp": 40.38935852050781,
        "RelativeDistance_Exp": 0.5056203603744507,
        "R2Score_Exp": 0.8253228664398193,
        "Forgetting_Exp": 0.020632565021514893,
        "BWT_Exp": -0.020632565021514893
    },
    "3": {
        "Loss_Exp": 27.810136795043945,
        "RelativeDistance_Exp": 0.45879000425338745,
        "R2Score_Exp": 0.8843086957931519,
        "Forgetting_Exp": -0.010609984397888184,
        "BWT_Exp": 0.010609984397888184
    },
    "4": {
        "Loss_Exp": 22.899900436401367,
        "RelativeDistance_Exp": 0.4544689953327179,
        "R2Score_Exp": 0.8854190111160278,
        "Forgetting_Exp": 0.01707535982131958,
        "BWT_Exp": -0.01707535982131958
    },
    "5": {
        "Loss_Exp": 27.49429702758789,
        "RelativeDistance_Exp": 0.45573127269744873,
        "R2Score_Exp": 0.8626386523246765,
        "Forgetting_Exp": 0.02164095640182495,
        "BWT_Exp": -0.02164095640182495
    },
    "6": {
        "Loss_Exp": 30.401784896850586,
        "RelativeDistance_Exp": 0.4241999685764313,
        "R2Score_Exp": 0.8593646287918091,
        "Forgetting_Exp": 0.020953476428985596,
        "BWT_Exp": -0.020953476428985596
    },
    "7": {
        "Loss_Exp": 26.417407989501953,
        "RelativeDistance_Exp": 0.4942610561847687,
        "R2Score_Exp": 0.8732149004936218,
        "Forgetting_Exp": 0.036202192306518555,
        "BWT_Exp": -0.036202192306518555
    },
    "8": {
        "Loss_Exp": 29.769227981567383,
        "RelativeDistance_Exp": 0.3759474456310272,
        "R2Score_Exp": 0.8809976577758789,
        "Forgetting_Exp": 0.006968200206756592,
        "BWT_Exp": -0.006968200206756592
    },
    "9": {
        "Loss_Exp": 35.67155075073242,
        "RelativeDistance_Exp": 0.5463770031929016,
        "R2Score_Exp": 0.877295970916748
    },
    "stream": {
        "Loss_Stream/eval_phase/test_stream": 32.98923429794939,
        "RelativeDistance_Stream/eval_phase/test_stream": 0.49161680340766906,
        "R2Score_Stream/eval_phase/test_stream": 0.8582225859165191,
        "Forgetting_Stream/eval_phase/test_stream": {
            "0": 0.08250659704208374,
            "1": 0.027750074863433838,
            "2": 0.020632565021514893,
            "3": -0.010609984397888184,
            "4": 0.01707535982131958,
            "5": 0.02164095640182495,
            "6": 0.020953476428985596,
            "7": 0.036202192306518555,
            "8": 0.006968200206756592
        },
        "BWT_Stream/eval_phase/test_stream": {
            "0": 0.08250659704208374,
            "1": 0.027750074863433838,
            "2": 0.020632565021514893,
            "3": -0.010609984397888184,
            "4": 0.01707535982131958,
            "5": 0.02164095640182495,
            "6": 0.020953476428985596,
            "7": 0.036202192306518555,
            "8": 0.006968200206756592
        }
    }
}