{
    "0": {
        "Loss_Exp": 40.52135770145952,
        "RelativeDistance_Exp": 0.770234751701355,
        "R2Score_Exp": 0.8213331222534179,
        "Forgetting_Exp": 0.06739221215248115,
        "BWT_Exp": -0.06739221215248115
    },
    "1": {
        "Loss_Exp": 44.00026705389686,
        "RelativeDistance_Exp": 0.7048596898714702,
        "R2Score_Exp": 0.8149096806844075,
        "Forgetting_Exp": 0.07102746566136686,
        "BWT_Exp": -0.07102746566136686
    },
    "2": {
        "Loss_Exp": 37.16581389737196,
        "RelativeDistance_Exp": 0.6766022810569177,
        "R2Score_Exp": 0.8380783200263977,
        "Forgetting_Exp": 0.05354984907003546,
        "BWT_Exp": -0.05354984907003546
    },
    "3": {
        "Loss_Exp": 27.24555269320778,
        "RelativeDistance_Exp": 0.7088252305984497,
        "R2Score_Exp": 0.8890918956862556,
        "Forgetting_Exp": 0.03580707973904074,
        "BWT_Exp": -0.03580707973904074
    },
    "4": {
        "Loss_Exp": 28.776270646362402,
        "RelativeDistance_Exp": 0.6841353178024292,
        "R2Score_Exp": 0.8823662825993129,
        "Forgetting_Exp": 0.017563487802233047,
        "BWT_Exp": -0.017563487802233047
    },
    "5": {
        "Loss_Exp": 30.051236818805624,
        "RelativeDistance_Exp": 0.6482366720835367,
        "R2Score_Exp": 0.8798754413922628,
        "Forgetting_Exp": 0.0004970630009968335,
        "BWT_Exp": -0.0004970630009968335
    },
    "6": {
        "Loss_Exp": 30.28251946025268,
        "RelativeDistance_Exp": 0.8187472373247147,
        "R2Score_Exp": 0.8848770409822464,
        "Forgetting_Exp": 0.005829758942127228,
        "BWT_Exp": -0.005829758942127228
    },
    "7": {
        "Loss_Exp": 41.56524803497754,
        "RelativeDistance_Exp": 0.5753840208053589,
        "R2Score_Exp": 0.8545985072851181,
        "Forgetting_Exp": 0.029585301876068115,
        "BWT_Exp": -0.029585301876068115
    },
    "8": {
        "Loss_Exp": 29.513346774909625,
        "RelativeDistance_Exp": 0.5115357438723246,
        "R2Score_Exp": 0.8841632405916849,
        "Forgetting_Exp": 0.020409365495046017,
        "BWT_Exp": -0.020409365495046017
    },
    "9": {
        "Loss_Exp": 22.126778864067067,
        "RelativeDistance_Exp": 0.5067957639694214,
        "R2Score_Exp": 0.9176739156246185
    },
    "stream": {
        "Loss_Stream/eval_phase/test_stream": 35.79126560165905,
        "RelativeDistance_Stream/eval_phase/test_stream": 0.6892606873571137,
        "R2Score_Stream/eval_phase/test_stream": 0.8542380274077992,
        "Forgetting_Stream/eval_phase/test_stream": {
            "0": 0.06739221215248115,
            "1": 0.07102746566136686,
            "2": 0.05354984907003546,
            "3": 0.03580707973904074,
            "4": 0.017563487802233047,
            "5": 0.0004970630009968335,
            "6": 0.005829758942127228,
            "7": 0.029585301876068115,
            "8": 0.020409365495046017
        },
        "BWT_Stream/eval_phase/test_stream": {
            "0": 0.06739221215248115,
            "1": 0.07102746566136686,
            "2": 0.05354984907003546,
            "3": 0.03580707973904074,
            "4": 0.017563487802233047,
            "5": 0.0004970630009968335,
            "6": 0.005829758942127228,
            "7": 0.029585301876068115,
            "8": 0.020409365495046017
        }
    }
}