{
    "0": {
        "Loss_Exp": 21.952360153198242,
        "RelativeDistance_Exp": 0.5681067109107971,
        "R2Score_Exp": 0.9073058366775513,
        "Forgetting_Exp": -0.008317112922668457,
        "BWT_Exp": 0.008317112922668457
    },
    "1": {
        "Loss_Exp": 23.677587509155273,
        "RelativeDistance_Exp": 0.5796301960945129,
        "R2Score_Exp": 0.8979498147964478,
        "Forgetting_Exp": -0.004840254783630371,
        "BWT_Exp": 0.004840254783630371
    },
    "2": {
        "Loss_Exp": 23.432659149169922,
        "RelativeDistance_Exp": 0.6270509362220764,
        "R2Score_Exp": 0.9017882347106934,
        "Forgetting_Exp": -0.006662845611572266,
        "BWT_Exp": 0.006662845611572266
    },
    "3": {
        "Loss_Exp": 21.787641525268555,
        "RelativeDistance_Exp": 0.5784429907798767,
        "R2Score_Exp": 0.9036877751350403,
        "Forgetting_Exp": -0.003835141658782959,
        "BWT_Exp": 0.003835141658782959
    },
    "4": {
        "Loss_Exp": 29.126087188720703,
        "RelativeDistance_Exp": 0.7016375660896301,
        "R2Score_Exp": 0.8887102007865906,
        "Forgetting_Exp": 0.0038892030715942383,
        "BWT_Exp": -0.0038892030715942383
    },
    "5": {
        "Loss_Exp": 28.233488082885742,
        "RelativeDistance_Exp": 0.6603392958641052,
        "R2Score_Exp": 0.8924601674079895,
        "Forgetting_Exp": 0.0007780790328979492,
        "BWT_Exp": -0.0007780790328979492
    },
    "6": {
        "Loss_Exp": 26.830373764038086,
        "RelativeDistance_Exp": 0.5091352462768555,
        "R2Score_Exp": 0.8934590816497803,
        "Forgetting_Exp": -0.007384538650512695,
        "BWT_Exp": 0.007384538650512695
    },
    "7": {
        "Loss_Exp": 26.66616439819336,
        "RelativeDistance_Exp": 0.6308487057685852,
        "R2Score_Exp": 0.8942044973373413,
        "Forgetting_Exp": -0.03188657760620117,
        "BWT_Exp": 0.03188657760620117
    },
    "8": {
        "Loss_Exp": 28.616342544555664,
        "RelativeDistance_Exp": 0.44467219710350037,
        "R2Score_Exp": 0.8904802799224854,
        "Forgetting_Exp": 0.018392562866210938,
        "BWT_Exp": -0.018392562866210938
    },
    "9": {
        "Loss_Exp": 21.391300201416016,
        "RelativeDistance_Exp": 0.8178775906562805,
        "R2Score_Exp": 0.9199848771095276
    },
    "stream": {
        "Loss_Stream/eval_phase/test_stream": 24.81145757913445,
        "RelativeDistance_Stream/eval_phase/test_stream": 0.611774143576622,
        "R2Score_Stream/eval_phase/test_stream": 0.8990030765533448,
        "Forgetting_Stream/eval_phase/test_stream": {
            "0": -0.008317112922668457,
            "1": -0.004840254783630371,
            "2": -0.006662845611572266,
            "3": -0.003835141658782959,
            "4": 0.0038892030715942383,
            "5": 0.0007780790328979492,
            "6": -0.007384538650512695,
            "7": -0.03188657760620117,
            "8": 0.018392562866210938
        },
        "BWT_Stream/eval_phase/test_stream": {
            "0": -0.008317112922668457,
            "1": -0.004840254783630371,
            "2": -0.006662845611572266,
            "3": -0.003835141658782959,
            "4": 0.0038892030715942383,
            "5": 0.0007780790328979492,
            "6": -0.007384538650512695,
            "7": -0.03188657760620117,
            "8": 0.018392562866210938
        }
    }
}