{
    "0": {
        "Loss_Exp": 84.202392578125,
        "RelativeDistance_Exp": 0.7638639807701111,
        "R2Score_Exp": 0.7152941226959229,
        "Forgetting_Exp": 0.13055121898651123,
        "BWT_Exp": -0.13055121898651123
    },
    "1": {
        "Loss_Exp": 43.7339973449707,
        "RelativeDistance_Exp": 0.8020663261413574,
        "R2Score_Exp": 0.8351457118988037,
        "Forgetting_Exp": 0.060801923274993896,
        "BWT_Exp": -0.060801923274993896
    },
    "2": {
        "Loss_Exp": 51.2546501159668,
        "RelativeDistance_Exp": 0.6323086023330688,
        "R2Score_Exp": 0.8004096746444702,
        "Forgetting_Exp": 0.037872910499572754,
        "BWT_Exp": -0.037872910499572754
    },
    "3": {
        "Loss_Exp": 39.29460144042969,
        "RelativeDistance_Exp": 0.5697321891784668,
        "R2Score_Exp": 0.8498733639717102,
        "Forgetting_Exp": 0.03027188777923584,
        "BWT_Exp": -0.03027188777923584
    },
    "4": {
        "Loss_Exp": 31.73802375793457,
        "RelativeDistance_Exp": 0.5594872236251831,
        "R2Score_Exp": 0.8499795198440552,
        "Forgetting_Exp": 0.06139087677001953,
        "BWT_Exp": -0.06139087677001953
    },
    "5": {
        "Loss_Exp": 35.237762451171875,
        "RelativeDistance_Exp": 0.5466989278793335,
        "R2Score_Exp": 0.8326064348220825,
        "Forgetting_Exp": 0.05853754281997681,
        "BWT_Exp": -0.05853754281997681
    },
    "6": {
        "Loss_Exp": 38.43681716918945,
        "RelativeDistance_Exp": 0.5036754012107849,
        "R2Score_Exp": 0.8412818908691406,
        "Forgetting_Exp": 0.04115039110183716,
        "BWT_Exp": -0.04115039110183716
    },
    "7": {
        "Loss_Exp": 31.298358917236328,
        "RelativeDistance_Exp": 0.5809494256973267,
        "R2Score_Exp": 0.8572146892547607,
        "Forgetting_Exp": 0.05503886938095093,
        "BWT_Exp": -0.05503886938095093
    },
    "8": {
        "Loss_Exp": 34.2186279296875,
        "RelativeDistance_Exp": 0.4176926612854004,
        "R2Score_Exp": 0.8676005601882935,
        "Forgetting_Exp": 0.025447845458984375,
        "BWT_Exp": -0.025447845458984375
    },
    "9": {
        "Loss_Exp": 35.28948974609375,
        "RelativeDistance_Exp": 0.5678210258483887,
        "R2Score_Exp": 0.8791030645370483
    },
    "stream": {
        "Loss_Stream/eval_phase/test_stream": 42.027106705072754,
        "RelativeDistance_Stream/eval_phase/test_stream": 0.5944295763969422,
        "R2Score_Stream/eval_phase/test_stream": 0.8328509032726288,
        "Forgetting_Stream/eval_phase/test_stream": {
            "0": 0.13055121898651123,
            "1": 0.060801923274993896,
            "2": 0.037872910499572754,
            "3": 0.03027188777923584,
            "4": 0.06139087677001953,
            "5": 0.05853754281997681,
            "6": 0.04115039110183716,
            "7": 0.05503886938095093,
            "8": 0.025447845458984375
        },
        "BWT_Stream/eval_phase/test_stream": {
            "0": 0.13055121898651123,
            "1": 0.060801923274993896,
            "2": 0.037872910499572754,
            "3": 0.03027188777923584,
            "4": 0.06139087677001953,
            "5": 0.05853754281997681,
            "6": 0.04115039110183716,
            "7": 0.05503886938095093,
            "8": 0.025447845458984375
        }
    }
}