{
    "0": {
        "Loss_Exp": 61.069101412002354,
        "RelativeDistance_Exp": 0.6230648756027222,
        "R2Score_Exp": 0.7954229414463043,
        "Forgetting_Exp": 0.05324310064315796,
        "BWT_Exp": -0.05324310064315796
    },
    "1": {
        "Loss_Exp": 29.7073379921344,
        "RelativeDistance_Exp": 0.665053129196167,
        "R2Score_Exp": 0.8824244737625122,
        "Forgetting_Exp": 0.014638423919677734,
        "BWT_Exp": -0.014638423919677734
    },
    "2": {
        "Loss_Exp": 41.05724765413,
        "RelativeDistance_Exp": 0.555655837059021,
        "R2Score_Exp": 0.8313978314399719,
        "Forgetting_Exp": 0.011159718036651611,
        "BWT_Exp": -0.011159718036651611
    },
    "3": {
        "Loss_Exp": 28.928911711848237,
        "RelativeDistance_Exp": 0.46116574108600616,
        "R2Score_Exp": 0.8894712030887604,
        "Forgetting_Exp": -0.010781198740005493,
        "BWT_Exp": 0.010781198740005493
    },
    "4": {
        "Loss_Exp": 25.585151292764042,
        "RelativeDistance_Exp": 0.493684284389019,
        "R2Score_Exp": 0.8782776296138763,
        "Forgetting_Exp": 0.02066873013973236,
        "BWT_Exp": -0.02066873013973236
    },
    "5": {
        "Loss_Exp": 28.023599770565163,
        "RelativeDistance_Exp": 0.492124338944753,
        "R2Score_Exp": 0.8507313927014669,
        "Forgetting_Exp": 0.041166404883066776,
        "BWT_Exp": -0.041166404883066776
    },
    "6": {
        "Loss_Exp": 28.701207057120417,
        "RelativeDistance_Exp": 0.47719984253247577,
        "R2Score_Exp": 0.8770031531651815,
        "Forgetting_Exp": -0.02031509081522631,
        "BWT_Exp": 0.02031509081522631
    },
    "7": {
        "Loss_Exp": 24.972114311211016,
        "RelativeDistance_Exp": 0.3835354745388031,
        "R2Score_Exp": 0.90749791264534,
        "Forgetting_Exp": 0.013458430767059326,
        "BWT_Exp": -0.013458430767059326
    },
    "8": {
        "Loss_Exp": 28.5985313762318,
        "RelativeDistance_Exp": 0.4317996948957443,
        "R2Score_Exp": 0.8772110044956207,
        "Forgetting_Exp": 0.017494112253189087,
        "BWT_Exp": -0.017494112253189087
    },
    "9": {
        "Loss_Exp": 37.59104177879894,
        "RelativeDistance_Exp": 0.557542160153389,
        "R2Score_Exp": 0.874024510383606
    },
    "stream": {
        "Loss_Stream/eval_phase/test_stream": 33.04967989621781,
        "RelativeDistance_Stream/eval_phase/test_stream": 0.5117599737644195,
        "R2Score_Stream/eval_phase/test_stream": 0.8657044696807862,
        "Forgetting_Stream/eval_phase/test_stream": {
            "0": 0.05324310064315796,
            "1": 0.014638423919677734,
            "2": 0.011159718036651611,
            "3": -0.010781198740005493,
            "4": 0.02066873013973236,
            "5": 0.041166404883066776,
            "6": -0.02031509081522631,
            "7": 0.013458430767059326,
            "8": 0.017494112253189087
        },
        "BWT_Stream/eval_phase/test_stream": {
            "0": 0.05324310064315796,
            "1": 0.014638423919677734,
            "2": 0.011159718036651611,
            "3": -0.010781198740005493,
            "4": 0.02066873013973236,
            "5": 0.041166404883066776,
            "6": -0.02031509081522631,
            "7": 0.013458430767059326,
            "8": 0.017494112253189087
        }
    }
}