{
    "0": {
        "Loss_Exp": 43.48858308612176,
        "RelativeDistance_Exp": 1.0069513976573945,
        "R2Score_Exp": 0.8074047148227692,
        "Forgetting_Exp": 0.042129093408584506,
        "BWT_Exp": -0.042129093408584506
    },
    "1": {
        "Loss_Exp": 47.7288812998677,
        "RelativeDistance_Exp": 0.9439640720685323,
        "R2Score_Exp": 0.7961563626925151,
        "Forgetting_Exp": 0.05835477113723753,
        "BWT_Exp": -0.05835477113723753
    },
    "2": {
        "Loss_Exp": 38.78262086888877,
        "RelativeDistance_Exp": 0.9645315041908851,
        "R2Score_Exp": 0.8328867829762973,
        "Forgetting_Exp": 0.028617909321418167,
        "BWT_Exp": -0.028617909321418167
    },
    "3": {
        "Loss_Exp": 30.813197016312657,
        "RelativeDistance_Exp": 1.0706937776671515,
        "R2Score_Exp": 0.8801313903596666,
        "Forgetting_Exp": 0.01734166012869942,
        "BWT_Exp": -0.01734166012869942
    },
    "4": {
        "Loss_Exp": 34.20967607863614,
        "RelativeDistance_Exp": 1.017042636871338,
        "R2Score_Exp": 0.8655267783573696,
        "Forgetting_Exp": -0.003089470522744331,
        "BWT_Exp": 0.003089470522744331
    },
    "5": {
        "Loss_Exp": 33.026694807784445,
        "RelativeDistance_Exp": 0.9433728158473969,
        "R2Score_Exp": 0.8714295427004496,
        "Forgetting_Exp": -0.017192254463831547,
        "BWT_Exp": 0.017192254463831547
    },
    "6": {
        "Loss_Exp": 32.61192343283145,
        "RelativeDistance_Exp": 1.2423712983727455,
        "R2Score_Exp": 0.8774938434362411,
        "Forgetting_Exp": -0.010079175233840942,
        "BWT_Exp": 0.010079175233840942
    },
    "7": {
        "Loss_Exp": 44.97352683093517,
        "RelativeDistance_Exp": 0.8737238124012947,
        "R2Score_Exp": 0.843631200492382,
        "Forgetting_Exp": 0.00766262412071228,
        "BWT_Exp": -0.00766262412071228
    },
    "8": {
        "Loss_Exp": 33.445716264435,
        "RelativeDistance_Exp": 0.7997151811917623,
        "R2Score_Exp": 0.8729989528656006,
        "Forgetting_Exp": 0.021668533484140995,
        "BWT_Exp": -0.021668533484140995
    },
    "9": {
        "Loss_Exp": 26.1727597860829,
        "RelativeDistance_Exp": 0.8116910457611084,
        "R2Score_Exp": 0.910246878862381
    },
    "stream": {
        "Loss_Stream/eval_phase/test_stream": 38.97450616696488,
        "RelativeDistance_Stream/eval_phase/test_stream": 0.9893204010563132,
        "R2Score_Stream/eval_phase/test_stream": 0.8427266537407299,
        "Forgetting_Stream/eval_phase/test_stream": {
            "0": 0.042129093408584506,
            "1": 0.05835477113723753,
            "2": 0.028617909321418167,
            "3": 0.01734166012869942,
            "4": -0.003089470522744331,
            "5": -0.017192254463831547,
            "6": -0.010079175233840942,
            "7": 0.00766262412071228,
            "8": 0.021668533484140995
        },
        "BWT_Stream/eval_phase/test_stream": {
            "0": 0.042129093408584506,
            "1": 0.05835477113723753,
            "2": 0.028617909321418167,
            "3": 0.01734166012869942,
            "4": -0.003089470522744331,
            "5": -0.017192254463831547,
            "6": -0.010079175233840942,
            "7": 0.00766262412071228,
            "8": 0.021668533484140995
        }
    }
}