{
    "0": {
        "Loss_Exp": 84.81097412109375,
        "RelativeDistance_Exp": 0.791321337223053,
        "R2Score_Exp": 0.713600754737854,
        "Forgetting_Exp": 0.1339682936668396,
        "BWT_Exp": -0.1339682936668396
    },
    "1": {
        "Loss_Exp": 43.553184509277344,
        "RelativeDistance_Exp": 0.7658782601356506,
        "R2Score_Exp": 0.8383625149726868,
        "Forgetting_Exp": 0.058905839920043945,
        "BWT_Exp": -0.058905839920043945
    },
    "2": {
        "Loss_Exp": 50.975372314453125,
        "RelativeDistance_Exp": 0.619625449180603,
        "R2Score_Exp": 0.8076980113983154,
        "Forgetting_Exp": 0.03537541627883911,
        "BWT_Exp": -0.03537541627883911
    },
    "3": {
        "Loss_Exp": 39.849029541015625,
        "RelativeDistance_Exp": 0.555296003818512,
        "R2Score_Exp": 0.8462688326835632,
        "Forgetting_Exp": 0.03246104717254639,
        "BWT_Exp": -0.03246104717254639
    },
    "4": {
        "Loss_Exp": 32.86738204956055,
        "RelativeDistance_Exp": 0.5550363659858704,
        "R2Score_Exp": 0.8486720323562622,
        "Forgetting_Exp": 0.06079506874084473,
        "BWT_Exp": -0.06079506874084473
    },
    "5": {
        "Loss_Exp": 36.358097076416016,
        "RelativeDistance_Exp": 0.5408395528793335,
        "R2Score_Exp": 0.8287103772163391,
        "Forgetting_Exp": 0.06424480676651001,
        "BWT_Exp": -0.06424480676651001
    },
    "6": {
        "Loss_Exp": 38.95830535888672,
        "RelativeDistance_Exp": 0.49723055958747864,
        "R2Score_Exp": 0.8371586799621582,
        "Forgetting_Exp": 0.045411646366119385,
        "BWT_Exp": -0.045411646366119385
    },
    "7": {
        "Loss_Exp": 30.212234497070312,
        "RelativeDistance_Exp": 0.5401679873466492,
        "R2Score_Exp": 0.8618155717849731,
        "Forgetting_Exp": 0.04612773656845093,
        "BWT_Exp": -0.04612773656845093
    },
    "8": {
        "Loss_Exp": 33.71949768066406,
        "RelativeDistance_Exp": 0.4030110239982605,
        "R2Score_Exp": 0.8694156408309937,
        "Forgetting_Exp": 0.022864699363708496,
        "BWT_Exp": -0.022864699363708496
    },
    "9": {
        "Loss_Exp": 35.92704391479492,
        "RelativeDistance_Exp": 0.565266489982605,
        "R2Score_Exp": 0.8770849704742432
    },
    "stream": {
        "Loss_Stream/eval_phase/test_stream": 42.44549082707384,
        "RelativeDistance_Stream/eval_phase/test_stream": 0.5833673030138016,
        "R2Score_Stream/eval_phase/test_stream": 0.8328787386417389,
        "Forgetting_Stream/eval_phase/test_stream": {
            "0": 0.1339682936668396,
            "1": 0.058905839920043945,
            "2": 0.03537541627883911,
            "3": 0.03246104717254639,
            "4": 0.06079506874084473,
            "5": 0.06424480676651001,
            "6": 0.045411646366119385,
            "7": 0.04612773656845093,
            "8": 0.022864699363708496
        },
        "BWT_Stream/eval_phase/test_stream": {
            "0": 0.1339682936668396,
            "1": 0.058905839920043945,
            "2": 0.03537541627883911,
            "3": 0.03246104717254639,
            "4": 0.06079506874084473,
            "5": 0.06424480676651001,
            "6": 0.045411646366119385,
            "7": 0.04612773656845093,
            "8": 0.022864699363708496
        }
    }
}