{
    "0": {
        "Loss_Exp": 67.57483848395837,
        "RelativeDistance_Exp": 1.226364755630493,
        "R2Score_Exp": 0.7287783861160279,
        "Forgetting_Exp": 0.11348686814308162,
        "BWT_Exp": -0.11348686814308162
    },
    "1": {
        "Loss_Exp": 73.85857938768143,
        "RelativeDistance_Exp": 1.2031967957814536,
        "R2Score_Exp": 0.7261839469273885,
        "Forgetting_Exp": 0.1288695812225341,
        "BWT_Exp": -0.1288695812225341
    },
    "2": {
        "Loss_Exp": 50.673078056070054,
        "RelativeDistance_Exp": 0.9331087791002713,
        "R2Score_Exp": 0.7980372493083661,
        "Forgetting_Exp": 0.07353222828644967,
        "BWT_Exp": -0.07353222828644967
    },
    "3": {
        "Loss_Exp": 37.48781636342356,
        "RelativeDistance_Exp": 0.9819889797104729,
        "R2Score_Exp": 0.8628945350646973,
        "Forgetting_Exp": 0.043738192982143875,
        "BWT_Exp": -0.043738192982143875
    },
    "4": {
        "Loss_Exp": 45.71329937773254,
        "RelativeDistance_Exp": 0.8851480143410819,
        "R2Score_Exp": 0.8358093329838344,
        "Forgetting_Exp": 0.04714560508728027,
        "BWT_Exp": -0.04714560508728027
    },
    "5": {
        "Loss_Exp": 42.363391855229374,
        "RelativeDistance_Exp": 0.7302417556444804,
        "R2Score_Exp": 0.845292995373408,
        "Forgetting_Exp": 0.0266741613547008,
        "BWT_Exp": -0.0266741613547008
    },
    "6": {
        "Loss_Exp": 38.69360265727116,
        "RelativeDistance_Exp": 0.8994957804679871,
        "R2Score_Exp": 0.8613952174782753,
        "Forgetting_Exp": 0.02695518732070923,
        "BWT_Exp": -0.02695518732070923
    },
    "7": {
        "Loss_Exp": 45.912852359135776,
        "RelativeDistance_Exp": 0.6945867612957954,
        "R2Score_Exp": 0.8481655716896057,
        "Forgetting_Exp": 0.030553072690963745,
        "BWT_Exp": -0.030553072690963745
    },
    "8": {
        "Loss_Exp": 35.2001384789378,
        "RelativeDistance_Exp": 0.6182106335957845,
        "R2Score_Exp": 0.8770508368810018,
        "Forgetting_Exp": 0.0390622615814209,
        "BWT_Exp": -0.0390622615814209
    },
    "9": {
        "Loss_Exp": 22.9613263089381,
        "RelativeDistance_Exp": 0.5756276845932007,
        "R2Score_Exp": 0.9179314970970154
    },
    "stream": {
        "Loss_Stream/eval_phase/test_stream": 52.133049624283714,
        "RelativeDistance_Stream/eval_phase/test_stream": 0.9582215886057159,
        "R2Score_Stream/eval_phase/test_stream": 0.8072469536169076,
        "Forgetting_Stream/eval_phase/test_stream": {
            "0": 0.11348686814308162,
            "1": 0.1288695812225341,
            "2": 0.07353222828644967,
            "3": 0.043738192982143875,
            "4": 0.04714560508728027,
            "5": 0.0266741613547008,
            "6": 0.02695518732070923,
            "7": 0.030553072690963745,
            "8": 0.0390622615814209
        },
        "BWT_Stream/eval_phase/test_stream": {
            "0": 0.11348686814308162,
            "1": 0.1288695812225341,
            "2": 0.07353222828644967,
            "3": 0.043738192982143875,
            "4": 0.04714560508728027,
            "5": 0.0266741613547008,
            "6": 0.02695518732070923,
            "7": 0.030553072690963745,
            "8": 0.0390622615814209
        }
    }
}