{
    "0": {
        "Loss_Exp": 256.8839198850236,
        "RelativeDistance_Exp": 2.605222523212433,
        "R2Score_Exp": -0.185435950756073,
        "Forgetting_Exp": 1.038159394264221,
        "BWT_Exp": -1.038159394264221
    },
    "1": {
        "Loss_Exp": 190.69860448978721,
        "RelativeDistance_Exp": 1.8766130765279134,
        "R2Score_Exp": 0.23942430218060812,
        "Forgetting_Exp": 0.5899341642856597,
        "BWT_Exp": -0.5899341642856597
    },
    "2": {
        "Loss_Exp": 151.58421300669187,
        "RelativeDistance_Exp": 2.335145500990061,
        "R2Score_Exp": 0.3410173769180591,
        "Forgetting_Exp": 0.519593534561304,
        "BWT_Exp": -0.519593534561304
    },
    "3": {
        "Loss_Exp": 165.3661931791963,
        "RelativeDistance_Exp": 2.8025753762986927,
        "R2Score_Exp": 0.32075366874535877,
        "Forgetting_Exp": 0.5509174979395337,
        "BWT_Exp": -0.5509174979395337
    },
    "4": {
        "Loss_Exp": 184.11627665647086,
        "RelativeDistance_Exp": 2.40779869897025,
        "R2Score_Exp": 0.2313304841518402,
        "Forgetting_Exp": 0.5904624845300402,
        "BWT_Exp": -0.5904624845300402
    },
    "5": {
        "Loss_Exp": 148.0717206760627,
        "RelativeDistance_Exp": 2.2444852193196616,
        "R2Score_Exp": 0.455407256881396,
        "Forgetting_Exp": 0.399857148528099,
        "BWT_Exp": -0.399857148528099
    },
    "6": {
        "Loss_Exp": 146.92837608559034,
        "RelativeDistance_Exp": 2.7039007544517517,
        "R2Score_Exp": 0.4698507934808731,
        "Forgetting_Exp": 0.3937643766403198,
        "BWT_Exp": -0.3937643766403198
    },
    "7": {
        "Loss_Exp": 164.5863939274385,
        "RelativeDistance_Exp": 1.7117988020181656,
        "R2Score_Exp": 0.4427195303142071,
        "Forgetting_Exp": 0.3908940218389034,
        "BWT_Exp": -0.3908940218389034
    },
    "8": {
        "Loss_Exp": 130.50068460773468,
        "RelativeDistance_Exp": 2.0270004272460938,
        "R2Score_Exp": 0.5747504631678263,
        "Forgetting_Exp": 0.26201897859573364,
        "BWT_Exp": -0.26201897859573364
    },
    "9": {
        "Loss_Exp": 88.60891470931789,
        "RelativeDistance_Exp": 1.5626466274261475,
        "R2Score_Exp": 0.716469943523407
    },
    "stream": {
        "Loss_Stream/eval_phase/test_stream": 175.318976958118,
        "RelativeDistance_Stream/eval_phase/test_stream": 2.279443018230391,
        "R2Score_Stream/eval_phase/test_stream": 0.2946484535932541,
        "Forgetting_Stream/eval_phase/test_stream": {
            "0": 1.038159394264221,
            "1": 0.5899341642856597,
            "2": 0.519593534561304,
            "3": 0.5509174979395337,
            "4": 0.5904624845300402,
            "5": 0.399857148528099,
            "6": 0.3937643766403198,
            "7": 0.3908940218389034,
            "8": 0.26201897859573364
        },
        "BWT_Stream/eval_phase/test_stream": {
            "0": 1.038159394264221,
            "1": 0.5899341642856597,
            "2": 0.519593534561304,
            "3": 0.5509174979395337,
            "4": 0.5904624845300402,
            "5": 0.399857148528099,
            "6": 0.3937643766403198,
            "7": 0.3908940218389034,
            "8": 0.26201897859573364
        }
    }
}