{
    "0": {
        "Loss_Exp": 30.04189756541382,
        "RelativeDistance_Exp": 0.8983126640319824,
        "R2Score_Exp": 0.8636952638626099,
        "Forgetting_Exp": -0.019809967279434182,
        "BWT_Exp": 0.019809967279434182
    },
    "1": {
        "Loss_Exp": 31.725899022230806,
        "RelativeDistance_Exp": 0.8717297196388245,
        "R2Score_Exp": 0.8635050773620605,
        "Forgetting_Exp": -0.008898568153381303,
        "BWT_Exp": 0.008898568153381303
    },
    "2": {
        "Loss_Exp": 28.039582326859296,
        "RelativeDistance_Exp": 0.8742619431935824,
        "R2Score_Exp": 0.8780847283510061,
        "Forgetting_Exp": -0.012148618698120117,
        "BWT_Exp": 0.012148618698120117
    },
    "3": {
        "Loss_Exp": 23.393381173740593,
        "RelativeDistance_Exp": 0.9720692303445604,
        "R2Score_Exp": 0.9043078687455919,
        "Forgetting_Exp": -0.005665765868292927,
        "BWT_Exp": 0.005665765868292927
    },
    "4": {
        "Loss_Exp": 25.693804122554162,
        "RelativeDistance_Exp": 0.9464067305837359,
        "R2Score_Exp": 0.8980053918702262,
        "Forgetting_Exp": -0.03397388969148907,
        "BWT_Exp": 0.03397388969148907
    },
    "5": {
        "Loss_Exp": 28.137718934744065,
        "RelativeDistance_Exp": 0.8917511204878489,
        "R2Score_Exp": 0.88917609055837,
        "Forgetting_Exp": -0.029358724753062004,
        "BWT_Exp": 0.029358724753062004
    },
    "6": {
        "Loss_Exp": 27.83795949052203,
        "RelativeDistance_Exp": 1.1857074871659279,
        "R2Score_Exp": 0.8928315490484238,
        "Forgetting_Exp": -0.011201798915863037,
        "BWT_Exp": 0.011201798915863037
    },
    "7": {
        "Loss_Exp": 38.109854040698316,
        "RelativeDistance_Exp": 0.8291127979755402,
        "R2Score_Exp": 0.8652559444308281,
        "Forgetting_Exp": -0.0045189037919044495,
        "BWT_Exp": 0.0045189037919044495
    },
    "8": {
        "Loss_Exp": 29.55955778474707,
        "RelativeDistance_Exp": 0.776680608590444,
        "R2Score_Exp": 0.8897862235705057,
        "Forgetting_Exp": 0.015326539675394768,
        "BWT_Exp": -0.015326539675394768
    },
    "9": {
        "Loss_Exp": 24.230019431862324,
        "RelativeDistance_Exp": 0.7835098505020142,
        "R2Score_Exp": 0.9134357273578644
    },
    "stream": {
        "Loss_Stream/eval_phase/test_stream": 29.22766581920068,
        "RelativeDistance_Stream/eval_phase/test_stream": 0.915605906351113,
        "R2Score_Stream/eval_phase/test_stream": 0.8805608079757219,
        "Forgetting_Stream/eval_phase/test_stream": {
            "0": -0.019809967279434182,
            "1": -0.008898568153381303,
            "2": -0.012148618698120117,
            "3": -0.005665765868292927,
            "4": -0.03397388969148907,
            "5": -0.029358724753062004,
            "6": -0.011201798915863037,
            "7": -0.0045189037919044495,
            "8": 0.015326539675394768
        },
        "BWT_Stream/eval_phase/test_stream": {
            "0": -0.019809967279434182,
            "1": -0.008898568153381303,
            "2": -0.012148618698120117,
            "3": -0.005665765868292927,
            "4": -0.03397388969148907,
            "5": -0.029358724753062004,
            "6": -0.011201798915863037,
            "7": -0.0045189037919044495,
            "8": 0.015326539675394768
        }
    }
}