{
    "0": {
        "Loss_Exp": 101.98214721679688,
        "RelativeDistance_Exp": 0.965274453163147,
        "R2Score_Exp": 0.6791332364082336,
        "Forgetting_Exp": 0.16140103340148926,
        "BWT_Exp": -0.16140103340148926
    },
    "1": {
        "Loss_Exp": 59.33424377441406,
        "RelativeDistance_Exp": 0.8950828909873962,
        "R2Score_Exp": 0.7910909652709961,
        "Forgetting_Exp": 0.09109026193618774,
        "BWT_Exp": -0.09109026193618774
    },
    "2": {
        "Loss_Exp": 80.4131851196289,
        "RelativeDistance_Exp": 0.7286672592163086,
        "R2Score_Exp": 0.7321425676345825,
        "Forgetting_Exp": 0.07721209526062012,
        "BWT_Exp": -0.07721209526062012
    },
    "3": {
        "Loss_Exp": 49.14865493774414,
        "RelativeDistance_Exp": 0.6557773947715759,
        "R2Score_Exp": 0.8077895641326904,
        "Forgetting_Exp": 0.05265676975250244,
        "BWT_Exp": -0.05265676975250244
    },
    "4": {
        "Loss_Exp": 42.13817596435547,
        "RelativeDistance_Exp": 0.715969443321228,
        "R2Score_Exp": 0.804651141166687,
        "Forgetting_Exp": 0.07365226745605469,
        "BWT_Exp": -0.07365226745605469
    },
    "5": {
        "Loss_Exp": 47.967803955078125,
        "RelativeDistance_Exp": 0.6666944026947021,
        "R2Score_Exp": 0.7619888186454773,
        "Forgetting_Exp": 0.08829057216644287,
        "BWT_Exp": -0.08829057216644287
    },
    "6": {
        "Loss_Exp": 53.93230056762695,
        "RelativeDistance_Exp": 0.5874788165092468,
        "R2Score_Exp": 0.7834160327911377,
        "Forgetting_Exp": 0.07184374332427979,
        "BWT_Exp": -0.07184374332427979
    },
    "7": {
        "Loss_Exp": 41.82373046875,
        "RelativeDistance_Exp": 0.567326009273529,
        "R2Score_Exp": 0.7914912700653076,
        "Forgetting_Exp": 0.003961920738220215,
        "BWT_Exp": -0.003961920738220215
    },
    "8": {
        "Loss_Exp": 47.401981353759766,
        "RelativeDistance_Exp": 0.5328931212425232,
        "R2Score_Exp": 0.8248254060745239,
        "Forgetting_Exp": -0.032442569732666016,
        "BWT_Exp": 0.032442569732666016
    },
    "9": {
        "Loss_Exp": 43.69732666015625,
        "RelativeDistance_Exp": 0.6243099570274353,
        "R2Score_Exp": 0.853367805480957
    },
    "stream": {
        "Loss_Stream/eval_phase/test_stream": 56.7190822717589,
        "RelativeDistance_Stream/eval_phase/test_stream": 0.6939473748207092,
        "R2Score_Stream/eval_phase/test_stream": 0.7829896807670593,
        "Forgetting_Stream/eval_phase/test_stream": {
            "0": 0.16140103340148926,
            "1": 0.09109026193618774,
            "2": 0.07721209526062012,
            "3": 0.05265676975250244,
            "4": 0.07365226745605469,
            "5": 0.08829057216644287,
            "6": 0.07184374332427979,
            "7": 0.003961920738220215,
            "8": -0.032442569732666016
        },
        "BWT_Stream/eval_phase/test_stream": {
            "0": 0.16140103340148926,
            "1": 0.09109026193618774,
            "2": 0.07721209526062012,
            "3": 0.05265676975250244,
            "4": 0.07365226745605469,
            "5": 0.08829057216644287,
            "6": 0.07184374332427979,
            "7": 0.003961920738220215,
            "8": -0.032442569732666016
        }
    }
}