{
    "0": {
        "Loss_Exp": 71.29885384101787,
        "RelativeDistance_Exp": 1.1047159492969514,
        "R2Score_Exp": 0.6813645124435425,
        "Forgetting_Exp": 0.1665654063224793,
        "BWT_Exp": -0.1665654063224793
    },
    "1": {
        "Loss_Exp": 75.46463736107938,
        "RelativeDistance_Exp": 1.0021830081939698,
        "R2Score_Exp": 0.6932639320691426,
        "Forgetting_Exp": 0.18640168110529587,
        "BWT_Exp": -0.18640168110529587
    },
    "2": {
        "Loss_Exp": 50.187360698420825,
        "RelativeDistance_Exp": 0.8609387920452998,
        "R2Score_Exp": 0.7897544640761155,
        "Forgetting_Exp": 0.11150659964634824,
        "BWT_Exp": -0.11150659964634824
    },
    "3": {
        "Loss_Exp": 40.28679016882363,
        "RelativeDistance_Exp": 0.9183861613273621,
        "R2Score_Exp": 0.8345030546188354,
        "Forgetting_Exp": 0.09484935469097566,
        "BWT_Exp": -0.09484935469097566
    },
    "4": {
        "Loss_Exp": 46.94832981055185,
        "RelativeDistance_Exp": 0.7628719125475202,
        "R2Score_Exp": 0.807707667350769,
        "Forgetting_Exp": 0.10118634360177181,
        "BWT_Exp": -0.10118634360177181
    },
    "5": {
        "Loss_Exp": 42.37370033162384,
        "RelativeDistance_Exp": 0.6754538317521414,
        "R2Score_Exp": 0.8335510094960531,
        "Forgetting_Exp": 0.05714345971743262,
        "BWT_Exp": -0.05714345971743262
    },
    "6": {
        "Loss_Exp": 36.20723715537525,
        "RelativeDistance_Exp": 0.7966346442699432,
        "R2Score_Exp": 0.8601384535431862,
        "Forgetting_Exp": 0.04159169644117355,
        "BWT_Exp": -0.04159169644117355
    },
    "7": {
        "Loss_Exp": 45.30514278105818,
        "RelativeDistance_Exp": 0.5882984921336174,
        "R2Score_Exp": 0.840545579791069,
        "Forgetting_Exp": 0.04993846267461777,
        "BWT_Exp": -0.04993846267461777
    },
    "8": {
        "Loss_Exp": 30.09475741620565,
        "RelativeDistance_Exp": 0.5086522698402405,
        "R2Score_Exp": 0.8900999824206034,
        "Forgetting_Exp": 0.03447542587916064,
        "BWT_Exp": -0.03447542587916064
    },
    "9": {
        "Loss_Exp": 18.867858397034947,
        "RelativeDistance_Exp": 0.48715007305145264,
        "R2Score_Exp": 0.9214741289615631
    },
    "stream": {
        "Loss_Stream/eval_phase/test_stream": 52.709296899932106,
        "RelativeDistance_Stream/eval_phase/test_stream": 0.8458041085137261,
        "R2Score_Stream/eval_phase/test_stream": 0.7872088867941021,
        "Forgetting_Stream/eval_phase/test_stream": {
            "0": 0.1665654063224793,
            "1": 0.18640168110529587,
            "2": 0.11150659964634824,
            "3": 0.09484935469097566,
            "4": 0.10118634360177181,
            "5": 0.05714345971743262,
            "6": 0.04159169644117355,
            "7": 0.04993846267461777,
            "8": 0.03447542587916064
        },
        "BWT_Stream/eval_phase/test_stream": {
            "0": 0.1665654063224793,
            "1": 0.18640168110529587,
            "2": 0.11150659964634824,
            "3": 0.09484935469097566,
            "4": 0.10118634360177181,
            "5": 0.05714345971743262,
            "6": 0.04159169644117355,
            "7": 0.04993846267461777,
            "8": 0.03447542587916064
        }
    }
}