{
    "0": {
        "Loss_Exp": 51.62643145515234,
        "RelativeDistance_Exp": 1.1056814074516297,
        "R2Score_Exp": 0.781059867143631,
        "Forgetting_Exp": 0.07290284633636479,
        "BWT_Exp": -0.07290284633636479
    },
    "1": {
        "Loss_Exp": 54.94039617238545,
        "RelativeDistance_Exp": 1.0159091313680013,
        "R2Score_Exp": 0.7781475623448689,
        "Forgetting_Exp": 0.0669640302658081,
        "BWT_Exp": -0.0669640302658081
    },
    "2": {
        "Loss_Exp": 43.492090044780426,
        "RelativeDistance_Exp": 0.9926431316595811,
        "R2Score_Exp": 0.813546923490671,
        "Forgetting_Exp": 0.054518002730149506,
        "BWT_Exp": -0.054518002730149506
    },
    "3": {
        "Loss_Exp": 34.918207379319874,
        "RelativeDistance_Exp": 1.07216876745224,
        "R2Score_Exp": 0.8620836734771729,
        "Forgetting_Exp": 0.038668009969923256,
        "BWT_Exp": -0.038668009969923256
    },
    "4": {
        "Loss_Exp": 35.24425484603923,
        "RelativeDistance_Exp": 1.0169346673148019,
        "R2Score_Exp": 0.8596553887639727,
        "Forgetting_Exp": 0.016803392342158663,
        "BWT_Exp": -0.016803392342158663
    },
    "5": {
        "Loss_Exp": 35.88086815700941,
        "RelativeDistance_Exp": 0.9432032108306885,
        "R2Score_Exp": 0.859676738580068,
        "Forgetting_Exp": 0.008760293324788337,
        "BWT_Exp": -0.008760293324788337
    },
    "6": {
        "Loss_Exp": 34.96009000799798,
        "RelativeDistance_Exp": 1.247214674949646,
        "R2Score_Exp": 0.8660115376114845,
        "Forgetting_Exp": 0.01512715220451355,
        "BWT_Exp": -0.01512715220451355
    },
    "7": {
        "Loss_Exp": 44.72565996358341,
        "RelativeDistance_Exp": 0.8519357144832611,
        "R2Score_Exp": 0.8449114412069321,
        "Forgetting_Exp": 0.024683088064193726,
        "BWT_Exp": -0.024683088064193726
    },
    "8": {
        "Loss_Exp": 33.33768492896057,
        "RelativeDistance_Exp": 0.7710833350817362,
        "R2Score_Exp": 0.8788083990414938,
        "Forgetting_Exp": 0.03178320328394568,
        "BWT_Exp": -0.03178320328394568
    },
    "9": {
        "Loss_Exp": 22.70666970012683,
        "RelativeDistance_Exp": 0.7282686531543732,
        "R2Score_Exp": 0.916781485080719
    },
    "stream": {
        "Loss_Stream/eval_phase/test_stream": 43.08801919833395,
        "RelativeDistance_Stream/eval_phase/test_stream": 1.014692383047975,
        "R2Score_Stream/eval_phase/test_stream": 0.8290209299252357,
        "Forgetting_Stream/eval_phase/test_stream": {
            "0": 0.07290284633636479,
            "1": 0.0669640302658081,
            "2": 0.054518002730149506,
            "3": 0.038668009969923256,
            "4": 0.016803392342158663,
            "5": 0.008760293324788337,
            "6": 0.01512715220451355,
            "7": 0.024683088064193726,
            "8": 0.03178320328394568
        },
        "BWT_Stream/eval_phase/test_stream": {
            "0": 0.07290284633636479,
            "1": 0.0669640302658081,
            "2": 0.054518002730149506,
            "3": 0.038668009969923256,
            "4": 0.016803392342158663,
            "5": 0.008760293324788337,
            "6": 0.01512715220451355,
            "7": 0.024683088064193726,
            "8": 0.03178320328394568
        }
    }
}