{
    "0": {
        "Loss_Exp": 37.69221749295728,
        "RelativeDistance_Exp": 1.041084772348404,
        "R2Score_Exp": 0.8366543292999268,
        "Forgetting_Exp": 0.00646884441375728,
        "BWT_Exp": -0.00646884441375728
    },
    "1": {
        "Loss_Exp": 42.87187540760761,
        "RelativeDistance_Exp": 1.0264307538668314,
        "R2Score_Exp": 0.8176273544629414,
        "Forgetting_Exp": 0.025835076967875237,
        "BWT_Exp": -0.025835076967875237
    },
    "2": {
        "Loss_Exp": 34.48260914399499,
        "RelativeDistance_Exp": 0.9473310479751,
        "R2Score_Exp": 0.8515201302675101,
        "Forgetting_Exp": 0.014912481491382246,
        "BWT_Exp": -0.014912481491382246
    },
    "3": {
        "Loss_Exp": 29.071727035232275,
        "RelativeDistance_Exp": 1.039451625612047,
        "R2Score_Exp": 0.8794816467497084,
        "Forgetting_Exp": 0.022099587652418373,
        "BWT_Exp": -0.022099587652418373
    },
    "4": {
        "Loss_Exp": 30.589324773189368,
        "RelativeDistance_Exp": 0.9562509485653469,
        "R2Score_Exp": 0.8784061755452838,
        "Forgetting_Exp": -0.004229843616485596,
        "BWT_Exp": 0.004229843616485596
    },
    "5": {
        "Loss_Exp": 32.45531082344151,
        "RelativeDistance_Exp": 0.8815058072408041,
        "R2Score_Exp": 0.8717037340005239,
        "Forgetting_Exp": -0.0042903125286102295,
        "BWT_Exp": 0.0042903125286102295
    },
    "6": {
        "Loss_Exp": 31.091454853863624,
        "RelativeDistance_Exp": 1.1622839495539665,
        "R2Score_Exp": 0.8793405666947365,
        "Forgetting_Exp": 0.008898824453353882,
        "BWT_Exp": -0.008898824453353882
    },
    "7": {
        "Loss_Exp": 39.52757061711141,
        "RelativeDistance_Exp": 0.8004943504929543,
        "R2Score_Exp": 0.862729012966156,
        "Forgetting_Exp": 0.011247396469116211,
        "BWT_Exp": -0.011247396469116211
    },
    "8": {
        "Loss_Exp": 30.632157060081337,
        "RelativeDistance_Exp": 0.7844311396280924,
        "R2Score_Exp": 0.892505943775177,
        "Forgetting_Exp": 0.02349499861399329,
        "BWT_Exp": -0.02349499861399329
    },
    "9": {
        "Loss_Exp": 23.154283085262342,
        "RelativeDistance_Exp": 0.7283684313297272,
        "R2Score_Exp": 0.9147768318653107
    },
    "stream": {
        "Loss_Stream/eval_phase/test_stream": 35.26095469875194,
        "RelativeDistance_Stream/eval_phase/test_stream": 0.9749719191480566,
        "R2Score_Stream/eval_phase/test_stream": 0.8572684430781706,
        "Forgetting_Stream/eval_phase/test_stream": {
            "0": 0.00646884441375728,
            "1": 0.025835076967875237,
            "2": 0.014912481491382246,
            "3": 0.022099587652418373,
            "4": -0.004229843616485596,
            "5": -0.0042903125286102295,
            "6": 0.008898824453353882,
            "7": 0.011247396469116211,
            "8": 0.02349499861399329
        },
        "BWT_Stream/eval_phase/test_stream": {
            "0": 0.00646884441375728,
            "1": 0.025835076967875237,
            "2": 0.014912481491382246,
            "3": 0.022099587652418373,
            "4": -0.004229843616485596,
            "5": -0.0042903125286102295,
            "6": 0.008898824453353882,
            "7": 0.011247396469116211,
            "8": 0.02349499861399329
        }
    }
}