{
    "0": {
        "Loss_Exp": 101.90010276341548,
        "RelativeDistance_Exp": 0.8745442628860474,
        "R2Score_Exp": 0.669478178024292,
        "Forgetting_Exp": 0.17666566371917725,
        "BWT_Exp": -0.17666566371917725
    },
    "1": {
        "Loss_Exp": 49.71329870654038,
        "RelativeDistance_Exp": 0.8727779984474182,
        "R2Score_Exp": 0.8203722536563873,
        "Forgetting_Exp": 0.07796710729598999,
        "BWT_Exp": -0.07796710729598999
    },
    "2": {
        "Loss_Exp": 57.05781968706556,
        "RelativeDistance_Exp": 0.6654899517695109,
        "R2Score_Exp": 0.7854762673377991,
        "Forgetting_Exp": 0.06204865376154578,
        "BWT_Exp": -0.06204865376154578
    },
    "3": {
        "Loss_Exp": 40.463563447027376,
        "RelativeDistance_Exp": 0.5817245841026306,
        "R2Score_Exp": 0.8508684635162354,
        "Forgetting_Exp": 0.03542041778564453,
        "BWT_Exp": -0.03542041778564453
    },
    "4": {
        "Loss_Exp": 33.55513067825885,
        "RelativeDistance_Exp": 0.5932598859071732,
        "R2Score_Exp": 0.8439645916223526,
        "Forgetting_Exp": 0.0664779394865036,
        "BWT_Exp": -0.0664779394865036
    },
    "5": {
        "Loss_Exp": 36.80468007542143,
        "RelativeDistance_Exp": 0.5730474392573038,
        "R2Score_Exp": 0.830467700958252,
        "Forgetting_Exp": 0.06911478439966834,
        "BWT_Exp": -0.06911478439966834
    },
    "6": {
        "Loss_Exp": 41.43129416266791,
        "RelativeDistance_Exp": 0.6027165850003561,
        "R2Score_Exp": 0.8546901941299438,
        "Forgetting_Exp": 0.01821434497833252,
        "BWT_Exp": -0.01821434497833252
    },
    "7": {
        "Loss_Exp": 32.677342131380115,
        "RelativeDistance_Exp": 0.419904962182045,
        "R2Score_Exp": 0.8731642663478851,
        "Forgetting_Exp": 0.05541399121284485,
        "BWT_Exp": -0.05541399121284485
    },
    "8": {
        "Loss_Exp": 32.922923180750544,
        "RelativeDistance_Exp": 0.49347367882728577,
        "R2Score_Exp": 0.8706144392490387,
        "Forgetting_Exp": 0.021550893783569336,
        "BWT_Exp": -0.021550893783569336
    },
    "9": {
        "Loss_Exp": 35.87027782598679,
        "RelativeDistance_Exp": 0.5569624304771423,
        "R2Score_Exp": 0.8826952576637268
    },
    "stream": {
        "Loss_Stream/eval_phase/test_stream": 45.764828576974196,
        "RelativeDistance_Stream/eval_phase/test_stream": 0.6198230922222138,
        "R2Score_Stream/eval_phase/test_stream": 0.828885862827301,
        "Forgetting_Stream/eval_phase/test_stream": {
            "0": 0.17666566371917725,
            "1": 0.07796710729598999,
            "2": 0.06204865376154578,
            "3": 0.03542041778564453,
            "4": 0.0664779394865036,
            "5": 0.06911478439966834,
            "6": 0.01821434497833252,
            "7": 0.05541399121284485,
            "8": 0.021550893783569336
        },
        "BWT_Stream/eval_phase/test_stream": {
            "0": 0.17666566371917725,
            "1": 0.07796710729598999,
            "2": 0.06204865376154578,
            "3": 0.03542041778564453,
            "4": 0.0664779394865036,
            "5": 0.06911478439966834,
            "6": 0.01821434497833252,
            "7": 0.05541399121284485,
            "8": 0.021550893783569336
        }
    }
}