{
    "0": {
        "Loss_Exp": 98.62113088864332,
        "RelativeDistance_Exp": 1.2599281668663025,
        "R2Score_Exp": 0.7752332389354706,
        "Forgetting_Exp": 0.0907420814037323,
        "BWT_Exp": -0.0907420814037323
    },
    "1": {
        "Loss_Exp": 80.87522825911022,
        "RelativeDistance_Exp": 1.6843128204345703,
        "R2Score_Exp": 0.7658595740795135,
        "Forgetting_Exp": 0.10894215106964111,
        "BWT_Exp": -0.10894215106964111
    },
    "2": {
        "Loss_Exp": 63.38212407735265,
        "RelativeDistance_Exp": 1.1423515280087788,
        "R2Score_Exp": 0.7969095309575399,
        "Forgetting_Exp": 0.0022667646408081055,
        "BWT_Exp": -0.0022667646408081055
    },
    "3": {
        "Loss_Exp": 54.38344158630679,
        "RelativeDistance_Exp": 0.853703111410141,
        "R2Score_Exp": 0.8196674883365631,
        "Forgetting_Exp": -0.008968710899353027,
        "BWT_Exp": 0.008968710899353027
    },
    "4": {
        "Loss_Exp": 57.14285791820711,
        "RelativeDistance_Exp": 1.113235980272293,
        "R2Score_Exp": 0.8125630915164948,
        "Forgetting_Exp": -0.0070282816886901855,
        "BWT_Exp": 0.0070282816886901855
    },
    "5": {
        "Loss_Exp": 48.984127542246945,
        "RelativeDistance_Exp": 1.035252312819163,
        "R2Score_Exp": 0.8095640738805135,
        "Forgetting_Exp": -0.019461055596669552,
        "BWT_Exp": 0.019461055596669552
    },
    "6": {
        "Loss_Exp": 60.063335902076524,
        "RelativeDistance_Exp": 1.0641090075174968,
        "R2Score_Exp": 0.8216395775477091,
        "Forgetting_Exp": -0.031503140926361084,
        "BWT_Exp": 0.031503140926361084
    },
    "7": {
        "Loss_Exp": 49.252079010009766,
        "RelativeDistance_Exp": 1.0779173374176025,
        "R2Score_Exp": 0.8057931661605835,
        "Forgetting_Exp": 0.027299612760543823,
        "BWT_Exp": -0.027299612760543823
    },
    "8": {
        "Loss_Exp": 56.83466226546491,
        "RelativeDistance_Exp": 1.718618392944336,
        "R2Score_Exp": 0.8232754468917847,
        "Forgetting_Exp": -0.047884583473205566,
        "BWT_Exp": 0.047884583473205566
    },
    "9": {
        "Loss_Exp": 80.51075735808797,
        "RelativeDistance_Exp": 1.2231231331825256,
        "R2Score_Exp": 0.7808496057987213
    },
    "stream": {
        "Loss_Stream/eval_phase/test_stream": 63.91089767121468,
        "RelativeDistance_Stream/eval_phase/test_stream": 1.1973071272174518,
        "R2Score_Stream/eval_phase/test_stream": 0.8029231578111649,
        "Forgetting_Stream/eval_phase/test_stream": {
            "0": 0.0907420814037323,
            "1": 0.10894215106964111,
            "2": 0.0022667646408081055,
            "3": -0.008968710899353027,
            "4": -0.0070282816886901855,
            "5": -0.019461055596669552,
            "6": -0.031503140926361084,
            "7": 0.027299612760543823,
            "8": -0.047884583473205566
        },
        "BWT_Stream/eval_phase/test_stream": {
            "0": 0.0907420814037323,
            "1": 0.10894215106964111,
            "2": 0.0022667646408081055,
            "3": -0.008968710899353027,
            "4": -0.0070282816886901855,
            "5": -0.019461055596669552,
            "6": -0.031503140926361084,
            "7": 0.027299612760543823,
            "8": -0.047884583473205566
        }
    }
}