{
    "0": {
        "Loss_Exp": 49.783507118784904,
        "RelativeDistance_Exp": 1.055996346473694,
        "R2Score_Exp": 0.7722472786903382,
        "Forgetting_Exp": 0.07290458679199219,
        "BWT_Exp": -0.07290458679199219
    },
    "1": {
        "Loss_Exp": 51.09796475560927,
        "RelativeDistance_Exp": 0.9810505867004394,
        "R2Score_Exp": 0.7857905308405558,
        "Forgetting_Exp": 0.04381040732065833,
        "BWT_Exp": -0.04381040732065833
    },
    "2": {
        "Loss_Exp": 39.90951326668429,
        "RelativeDistance_Exp": 0.8775131794122549,
        "R2Score_Exp": 0.8302422532668481,
        "Forgetting_Exp": 0.020199234669025068,
        "BWT_Exp": -0.020199234669025068
    },
    "3": {
        "Loss_Exp": 36.6449273247074,
        "RelativeDistance_Exp": 0.8779454032580057,
        "R2Score_Exp": 0.8551617728339301,
        "Forgetting_Exp": 0.025814533233642578,
        "BWT_Exp": -0.025814533233642578
    },
    "4": {
        "Loss_Exp": 40.7426861898628,
        "RelativeDistance_Exp": 0.8380309002740043,
        "R2Score_Exp": 0.8436054246766227,
        "Forgetting_Exp": 0.005928397178649902,
        "BWT_Exp": -0.005928397178649902
    },
    "5": {
        "Loss_Exp": 40.99194332248115,
        "RelativeDistance_Exp": 0.7395671506722769,
        "R2Score_Exp": 0.8458628257115682,
        "Forgetting_Exp": 0.011064032713572147,
        "BWT_Exp": -0.011064032713572147
    },
    "6": {
        "Loss_Exp": 39.632071105791745,
        "RelativeDistance_Exp": 0.8817297667264938,
        "R2Score_Exp": 0.8507542833685875,
        "Forgetting_Exp": 0.01829829066991806,
        "BWT_Exp": -0.01829829066991806
    },
    "7": {
        "Loss_Exp": 53.47416714919077,
        "RelativeDistance_Exp": 0.703005351126194,
        "R2Score_Exp": 0.8166641145944595,
        "Forgetting_Exp": 0.029829271137714386,
        "BWT_Exp": -0.029829271137714386
    },
    "8": {
        "Loss_Exp": 39.26485036786077,
        "RelativeDistance_Exp": 0.7169793049494425,
        "R2Score_Exp": 0.8633363048235575,
        "Forgetting_Exp": 0.04186224937438965,
        "BWT_Exp": -0.04186224937438965
    },
    "9": {
        "Loss_Exp": 26.774118970577767,
        "RelativeDistance_Exp": 0.565520852804184,
        "R2Score_Exp": 0.9054389297962189
    },
    "stream": {
        "Loss_Stream/eval_phase/test_stream": 44.13728188442192,
        "RelativeDistance_Stream/eval_phase/test_stream": 0.8746713826685776,
        "R2Score_Stream/eval_phase/test_stream": 0.8236985787933255,
        "Forgetting_Stream/eval_phase/test_stream": {
            "0": 0.07290458679199219,
            "1": 0.04381040732065833,
            "2": 0.020199234669025068,
            "3": 0.025814533233642578,
            "4": 0.005928397178649902,
            "5": 0.011064032713572147,
            "6": 0.01829829066991806,
            "7": 0.029829271137714386,
            "8": 0.04186224937438965
        },
        "BWT_Stream/eval_phase/test_stream": {
            "0": 0.07290458679199219,
            "1": 0.04381040732065833,
            "2": 0.020199234669025068,
            "3": 0.025814533233642578,
            "4": 0.005928397178649902,
            "5": 0.011064032713572147,
            "6": 0.01829829066991806,
            "7": 0.029829271137714386,
            "8": 0.04186224937438965
        }
    }
}