{
    "0": {
        "Loss_Exp": 104.08253922490348,
        "RelativeDistance_Exp": 0.7996000647544861,
        "R2Score_Exp": 0.7617303431034088,
        "Forgetting_Exp": 0.11016100645065308,
        "BWT_Exp": -0.11016100645065308
    },
    "1": {
        "Loss_Exp": 91.05136709027444,
        "RelativeDistance_Exp": 0.9536665678024292,
        "R2Score_Exp": 0.7359152436256409,
        "Forgetting_Exp": 0.14991894364356995,
        "BWT_Exp": -0.14991894364356995
    },
    "2": {
        "Loss_Exp": 67.7527213329135,
        "RelativeDistance_Exp": 0.7524754405021667,
        "R2Score_Exp": 0.7813302278518677,
        "Forgetting_Exp": 0.04131956895192468,
        "BWT_Exp": -0.04131956895192468
    },
    "3": {
        "Loss_Exp": 65.27970862364552,
        "RelativeDistance_Exp": 0.5821218192577362,
        "R2Score_Exp": 0.7860994935035706,
        "Forgetting_Exp": 0.057897865772247314,
        "BWT_Exp": -0.057897865772247314
    },
    "4": {
        "Loss_Exp": 50.88820228877707,
        "RelativeDistance_Exp": 0.7032730281352997,
        "R2Score_Exp": 0.8323781192302704,
        "Forgetting_Exp": 0.0071363747119903564,
        "BWT_Exp": -0.0071363747119903564
    },
    "5": {
        "Loss_Exp": 48.09544571586277,
        "RelativeDistance_Exp": 0.6271673838297526,
        "R2Score_Exp": 0.8124268651008606,
        "Forgetting_Exp": 0.006827672322591183,
        "BWT_Exp": -0.006827672322591183
    },
    "6": {
        "Loss_Exp": 63.05527907748031,
        "RelativeDistance_Exp": 0.7207298676172892,
        "R2Score_Exp": 0.8035967151323954,
        "Forgetting_Exp": 0.004146138827006096,
        "BWT_Exp": -0.004146138827006096
    },
    "7": {
        "Loss_Exp": 42.34086608886719,
        "RelativeDistance_Exp": 0.5701709389686584,
        "R2Score_Exp": 0.8330448865890503,
        "Forgetting_Exp": 0.018668711185455322,
        "BWT_Exp": -0.018668711185455322
    },
    "8": {
        "Loss_Exp": 60.85725125291216,
        "RelativeDistance_Exp": 1.3577705025672913,
        "R2Score_Exp": 0.7944081425666809,
        "Forgetting_Exp": 0.032915353775024414,
        "BWT_Exp": -0.032915353775024414
    },
    "9": {
        "Loss_Exp": 70.2573390365336,
        "RelativeDistance_Exp": 0.6851293444633484,
        "R2Score_Exp": 0.8086788058280945
    },
    "stream": {
        "Loss_Stream/eval_phase/test_stream": 65.05287340315498,
        "RelativeDistance_Stream/eval_phase/test_stream": 0.7683732385436693,
        "R2Score_Stream/eval_phase/test_stream": 0.7970117852091789,
        "Forgetting_Stream/eval_phase/test_stream": {
            "0": 0.11016100645065308,
            "1": 0.14991894364356995,
            "2": 0.04131956895192468,
            "3": 0.057897865772247314,
            "4": 0.0071363747119903564,
            "5": 0.006827672322591183,
            "6": 0.004146138827006096,
            "7": 0.018668711185455322,
            "8": 0.032915353775024414
        },
        "BWT_Stream/eval_phase/test_stream": {
            "0": 0.11016100645065308,
            "1": 0.14991894364356995,
            "2": 0.04131956895192468,
            "3": 0.057897865772247314,
            "4": 0.0071363747119903564,
            "5": 0.006827672322591183,
            "6": 0.004146138827006096,
            "7": 0.018668711185455322,
            "8": 0.032915353775024414
        }
    }
}