{
    "0": {
        "Loss_Exp": 65.74393295915159,
        "RelativeDistance_Exp": 0.6328815519809723,
        "R2Score_Exp": 0.7808228135108948,
        "Forgetting_Exp": 0.07255226373672485,
        "BWT_Exp": -0.07255226373672485
    },
    "1": {
        "Loss_Exp": 33.17336599213375,
        "RelativeDistance_Exp": 0.639304518699646,
        "R2Score_Exp": 0.8637762665748596,
        "Forgetting_Exp": 0.034887611865997314,
        "BWT_Exp": -0.034887611865997314
    },
    "2": {
        "Loss_Exp": 43.28625592550588,
        "RelativeDistance_Exp": 0.5370298822720846,
        "R2Score_Exp": 0.8144018252690634,
        "Forgetting_Exp": 0.020101070404052734,
        "BWT_Exp": -0.020101070404052734
    },
    "3": {
        "Loss_Exp": 31.370230814820562,
        "RelativeDistance_Exp": 0.45613904297351837,
        "R2Score_Exp": 0.8741912841796875,
        "Forgetting_Exp": 0.009587585926055908,
        "BWT_Exp": -0.009587585926055908
    },
    "4": {
        "Loss_Exp": 24.537160656106277,
        "RelativeDistance_Exp": 0.4728483185172081,
        "R2Score_Exp": 0.8740799129009247,
        "Forgetting_Exp": 0.02679605782032013,
        "BWT_Exp": -0.02679605782032013
    },
    "5": {
        "Loss_Exp": 27.717707806785636,
        "RelativeDistance_Exp": 0.4752091368039449,
        "R2Score_Exp": 0.8455345630645752,
        "Forgetting_Exp": 0.04829967021942139,
        "BWT_Exp": -0.04829967021942139
    },
    "6": {
        "Loss_Exp": 31.4936674525126,
        "RelativeDistance_Exp": 0.4951009750366211,
        "R2Score_Exp": 0.8372927109400431,
        "Forgetting_Exp": 0.019751469294230217,
        "BWT_Exp": -0.019751469294230217
    },
    "7": {
        "Loss_Exp": 27.418515775052004,
        "RelativeDistance_Exp": 0.3796166405081749,
        "R2Score_Exp": 0.8842696845531464,
        "Forgetting_Exp": 0.035138607025146484,
        "BWT_Exp": -0.035138607025146484
    },
    "8": {
        "Loss_Exp": 29.150496563567636,
        "RelativeDistance_Exp": 0.4358630031347275,
        "R2Score_Exp": 0.8755867779254913,
        "Forgetting_Exp": 0.013303101062774658,
        "BWT_Exp": -0.013303101062774658
    },
    "9": {
        "Loss_Exp": 37.912028279573185,
        "RelativeDistance_Exp": 0.5308187007904053,
        "R2Score_Exp": 0.8751705884933472
    },
    "stream": {
        "Loss_Stream/eval_phase/test_stream": 34.51597997296182,
        "RelativeDistance_Stream/eval_phase/test_stream": 0.5025064069032669,
        "R2Score_Stream/eval_phase/test_stream": 0.8518256711959838,
        "Forgetting_Stream/eval_phase/test_stream": {
            "0": 0.07255226373672485,
            "1": 0.034887611865997314,
            "2": 0.020101070404052734,
            "3": 0.009587585926055908,
            "4": 0.02679605782032013,
            "5": 0.04829967021942139,
            "6": 0.019751469294230217,
            "7": 0.035138607025146484,
            "8": 0.013303101062774658
        },
        "BWT_Stream/eval_phase/test_stream": {
            "0": 0.07255226373672485,
            "1": 0.034887611865997314,
            "2": 0.020101070404052734,
            "3": 0.009587585926055908,
            "4": 0.02679605782032013,
            "5": 0.04829967021942139,
            "6": 0.019751469294230217,
            "7": 0.035138607025146484,
            "8": 0.013303101062774658
        }
    }
}