{
    "0": {
        "Loss_Exp": 71.36722775505274,
        "RelativeDistance_Exp": 1.1418378353118896,
        "R2Score_Exp": 0.687976735830307,
        "Forgetting_Exp": 0.16218243241310115,
        "BWT_Exp": -0.16218243241310115
    },
    "1": {
        "Loss_Exp": 76.7520856330574,
        "RelativeDistance_Exp": 1.0365318258603413,
        "R2Score_Exp": 0.6911630511283875,
        "Forgetting_Exp": 0.18958653211593623,
        "BWT_Exp": -0.18958653211593623
    },
    "2": {
        "Loss_Exp": 51.10688316866857,
        "RelativeDistance_Exp": 0.8227313160896301,
        "R2Score_Exp": 0.7855490950437692,
        "Forgetting_Exp": 0.11701910312359154,
        "BWT_Exp": -0.11701910312359154
    },
    "3": {
        "Loss_Exp": 42.06128484779138,
        "RelativeDistance_Exp": 1.0970462891790602,
        "R2Score_Exp": 0.8318944176038107,
        "Forgetting_Exp": 0.098969558874766,
        "BWT_Exp": -0.098969558874766
    },
    "4": {
        "Loss_Exp": 42.43131825097081,
        "RelativeDistance_Exp": 0.8342867578778949,
        "R2Score_Exp": 0.8175706607954842,
        "Forgetting_Exp": 0.08991083077022011,
        "BWT_Exp": -0.08991083077022011
    },
    "5": {
        "Loss_Exp": 43.455032733155825,
        "RelativeDistance_Exp": 0.6994498471419016,
        "R2Score_Exp": 0.8269538680712382,
        "Forgetting_Exp": 0.06256535649299622,
        "BWT_Exp": -0.06256535649299622
    },
    "6": {
        "Loss_Exp": 35.356510586834844,
        "RelativeDistance_Exp": 0.8545359000563622,
        "R2Score_Exp": 0.8637885600328445,
        "Forgetting_Exp": 0.04050040990114212,
        "BWT_Exp": -0.04050040990114212
    },
    "7": {
        "Loss_Exp": 44.04856649870324,
        "RelativeDistance_Exp": 0.6560243219137192,
        "R2Score_Exp": 0.8473796844482422,
        "Forgetting_Exp": 0.04593820869922638,
        "BWT_Exp": -0.04593820869922638
    },
    "8": {
        "Loss_Exp": 27.420806911025586,
        "RelativeDistance_Exp": 0.5072458982467651,
        "R2Score_Exp": 0.9036391377449036,
        "Forgetting_Exp": 0.023627380530039432,
        "BWT_Exp": -0.023627380530039432
    },
    "9": {
        "Loss_Exp": 20.23931711864925,
        "RelativeDistance_Exp": 0.46995170414447784,
        "R2Score_Exp": 0.9151056408882141
    },
    "stream": {
        "Loss_Stream/eval_phase/test_stream": 52.769406508279936,
        "RelativeDistance_Stream/eval_phase/test_stream": 0.8903470212294732,
        "R2Score_Stream/eval_phase/test_stream": 0.7884147358529362,
        "Forgetting_Stream/eval_phase/test_stream": {
            "0": 0.16218243241310115,
            "1": 0.18958653211593623,
            "2": 0.11701910312359154,
            "3": 0.098969558874766,
            "4": 0.08991083077022011,
            "5": 0.06256535649299622,
            "6": 0.04050040990114212,
            "7": 0.04593820869922638,
            "8": 0.023627380530039432
        },
        "BWT_Stream/eval_phase/test_stream": {
            "0": 0.16218243241310115,
            "1": 0.18958653211593623,
            "2": 0.11701910312359154,
            "3": 0.098969558874766,
            "4": 0.08991083077022011,
            "5": 0.06256535649299622,
            "6": 0.04050040990114212,
            "7": 0.04593820869922638,
            "8": 0.023627380530039432
        }
    }
}