{
    "0": {
        "Loss_Exp": 44.72779083251953,
        "RelativeDistance_Exp": 0.5606260895729065,
        "R2Score_Exp": 0.8457249999046326,
        "Forgetting_Exp": 0.002528369426727295,
        "BWT_Exp": -0.002528369426727295
    },
    "1": {
        "Loss_Exp": 21.30998420715332,
        "RelativeDistance_Exp": 0.5513210892677307,
        "R2Score_Exp": 0.9138043522834778,
        "Forgetting_Exp": -0.012215495109558105,
        "BWT_Exp": 0.012215495109558105
    },
    "2": {
        "Loss_Exp": 27.760400772094727,
        "RelativeDistance_Exp": 0.46118927001953125,
        "R2Score_Exp": 0.8721895813941956,
        "Forgetting_Exp": -0.026095807552337646,
        "BWT_Exp": 0.026095807552337646
    },
    "3": {
        "Loss_Exp": 20.148025512695312,
        "RelativeDistance_Exp": 0.378609836101532,
        "R2Score_Exp": 0.9167103171348572,
        "Forgetting_Exp": -0.04380279779434204,
        "BWT_Exp": 0.04380279779434204
    },
    "4": {
        "Loss_Exp": 17.80164337158203,
        "RelativeDistance_Exp": 0.38617441058158875,
        "R2Score_Exp": 0.9102894067764282,
        "Forgetting_Exp": -0.008855164051055908,
        "BWT_Exp": 0.008855164051055908
    },
    "5": {
        "Loss_Exp": 20.483705520629883,
        "RelativeDistance_Exp": 0.40176379680633545,
        "R2Score_Exp": 0.8866512775421143,
        "Forgetting_Exp": 0.0104522705078125,
        "BWT_Exp": -0.0104522705078125
    },
    "6": {
        "Loss_Exp": 22.777851104736328,
        "RelativeDistance_Exp": 0.3735731244087219,
        "R2Score_Exp": 0.8854532241821289,
        "Forgetting_Exp": 0.0018531084060668945,
        "BWT_Exp": -0.0018531084060668945
    },
    "7": {
        "Loss_Exp": 21.734737396240234,
        "RelativeDistance_Exp": 0.4248798191547394,
        "R2Score_Exp": 0.8972113728523254,
        "Forgetting_Exp": 0.010889112949371338,
        "BWT_Exp": -0.010889112949371338
    },
    "8": {
        "Loss_Exp": 26.67877197265625,
        "RelativeDistance_Exp": 0.3769931495189667,
        "R2Score_Exp": 0.8801699876785278,
        "Forgetting_Exp": 0.0004392266273498535,
        "BWT_Exp": -0.0004392266273498535
    },
    "9": {
        "Loss_Exp": 40.77423095703125,
        "RelativeDistance_Exp": 0.5389597415924072,
        "R2Score_Exp": 0.8627001047134399
    },
    "stream": {
        "Loss_Stream/eval_phase/test_stream": 25.41826280553414,
        "RelativeDistance_Stream/eval_phase/test_stream": 0.445409032702446,
        "R2Score_Stream/eval_phase/test_stream": 0.8870904624462128,
        "Forgetting_Stream/eval_phase/test_stream": {
            "0": 0.002528369426727295,
            "1": -0.012215495109558105,
            "2": -0.026095807552337646,
            "3": -0.04380279779434204,
            "4": -0.008855164051055908,
            "5": 0.0104522705078125,
            "6": 0.0018531084060668945,
            "7": 0.010889112949371338,
            "8": 0.0004392266273498535
        },
        "BWT_Stream/eval_phase/test_stream": {
            "0": 0.002528369426727295,
            "1": -0.012215495109558105,
            "2": -0.026095807552337646,
            "3": -0.04380279779434204,
            "4": -0.008855164051055908,
            "5": 0.0104522705078125,
            "6": 0.0018531084060668945,
            "7": 0.010889112949371338,
            "8": 0.0004392266273498535
        }
    }
}