{
    "0": {
        "Loss_Exp": 31.78500275361963,
        "RelativeDistance_Exp": 0.9443613111972808,
        "R2Score_Exp": 0.8563650369644165
    },
    "1": {
        "Loss_Exp": 32.997165729340175,
        "RelativeDistance_Exp": 0.8830429434776306,
        "R2Score_Exp": 0.8576645453770956
    },
    "2": {
        "Loss_Exp": 29.374714609548025,
        "RelativeDistance_Exp": 0.9067772947824918,
        "R2Score_Exp": 0.8718933829894433
    },
    "3": {
        "Loss_Exp": 24.133930617098684,
        "RelativeDistance_Exp": 1.0054194397396512,
        "R2Score_Exp": 0.901692443423801
    },
    "4": {
        "Loss_Exp": 26.167626997284234,
        "RelativeDistance_Exp": 0.9685634204319545,
        "R2Score_Exp": 0.8969359738486153
    },
    "5": {
        "Loss_Exp": 29.06841207437164,
        "RelativeDistance_Exp": 0.9008770485719045,
        "R2Score_Exp": 0.8850716352462769
    },
    "6": {
        "Loss_Exp": 28.144972287980515,
        "RelativeDistance_Exp": 1.2121478393673897,
        "R2Score_Exp": 0.8917151689529419
    },
    "7": {
        "Loss_Exp": 38.42954048268783,
        "RelativeDistance_Exp": 0.8442669585347176,
        "R2Score_Exp": 0.8645191937685013
    },
    "8": {
        "Loss_Exp": 29.42751999391553,
        "RelativeDistance_Exp": 0.7977063854535421,
        "R2Score_Exp": 0.8926670352617899
    },
    "9": {
        "Loss_Exp": 24.448607255841964,
        "RelativeDistance_Exp": 0.7915832996368408,
        "R2Score_Exp": 0.9142198860645294
    },
    "stream": {
        "Loss_Stream/eval_phase/test_stream": 30.166564224688965,
        "RelativeDistance_Stream/eval_phase/test_stream": 0.9399870052749728,
        "R2Score_Stream/eval_phase/test_stream": 0.876836567013352,
        "Forgetting_Stream/eval_phase/test_stream": {},
        "BWT_Stream/eval_phase/test_stream": {}
    }
}