{
    "0": {
        "Loss_Exp": 55.94832229614258,
        "RelativeDistance_Exp": 0.733352780342102,
        "R2Score_Exp": 0.7838919162750244,
        "Forgetting_Exp": 0.11588925123214722,
        "BWT_Exp": -0.11588925123214722
    },
    "1": {
        "Loss_Exp": 60.020259857177734,
        "RelativeDistance_Exp": 0.7333577275276184,
        "R2Score_Exp": 0.7666018009185791,
        "Forgetting_Exp": 0.12888360023498535,
        "BWT_Exp": -0.12888360023498535
    },
    "2": {
        "Loss_Exp": 63.462127685546875,
        "RelativeDistance_Exp": 0.8157814741134644,
        "R2Score_Exp": 0.7613683938980103,
        "Forgetting_Exp": 0.13776886463165283,
        "BWT_Exp": -0.13776886463165283
    },
    "3": {
        "Loss_Exp": 60.355899810791016,
        "RelativeDistance_Exp": 0.728860080242157,
        "R2Score_Exp": 0.7560334205627441,
        "Forgetting_Exp": 0.14379245042800903,
        "BWT_Exp": -0.14379245042800903
    },
    "4": {
        "Loss_Exp": 66.917724609375,
        "RelativeDistance_Exp": 0.8269689679145813,
        "R2Score_Exp": 0.7650423049926758,
        "Forgetting_Exp": 0.13474184274673462,
        "BWT_Exp": -0.13474184274673462
    },
    "5": {
        "Loss_Exp": 56.95012283325195,
        "RelativeDistance_Exp": 0.7736709117889404,
        "R2Score_Exp": 0.7911770343780518,
        "Forgetting_Exp": 0.10790741443634033,
        "BWT_Exp": -0.10790741443634033
    },
    "6": {
        "Loss_Exp": 44.89209747314453,
        "RelativeDistance_Exp": 0.611809492111206,
        "R2Score_Exp": 0.8405657410621643,
        "Forgetting_Exp": 0.05120110511779785,
        "BWT_Exp": -0.05120110511779785
    },
    "7": {
        "Loss_Exp": 49.63734436035156,
        "RelativeDistance_Exp": 0.6957314610481262,
        "R2Score_Exp": 0.8174527883529663,
        "Forgetting_Exp": 0.04873090982437134,
        "BWT_Exp": -0.04873090982437134
    },
    "8": {
        "Loss_Exp": 45.982295989990234,
        "RelativeDistance_Exp": 0.5065035223960876,
        "R2Score_Exp": 0.8479862809181213,
        "Forgetting_Exp": 0.05375760793685913,
        "BWT_Exp": -0.05375760793685913
    },
    "9": {
        "Loss_Exp": 18.349464416503906,
        "RelativeDistance_Exp": 0.6669389009475708,
        "R2Score_Exp": 0.9303992986679077
    },
    "stream": {
        "Loss_Stream/eval_phase/test_stream": 58.639380824977174,
        "RelativeDistance_Stream/eval_phase/test_stream": 0.7092975318431854,
        "R2Score_Stream/eval_phase/test_stream": 0.8060518980026246,
        "Forgetting_Stream/eval_phase/test_stream": {
            "0": 0.11588925123214722,
            "1": 0.12888360023498535,
            "2": 0.13776886463165283,
            "3": 0.14379245042800903,
            "4": 0.13474184274673462,
            "5": 0.10790741443634033,
            "6": 0.05120110511779785,
            "7": 0.04873090982437134,
            "8": 0.05375760793685913
        },
        "BWT_Stream/eval_phase/test_stream": {
            "0": 0.11588925123214722,
            "1": 0.12888360023498535,
            "2": 0.13776886463165283,
            "3": 0.14379245042800903,
            "4": 0.13474184274673462,
            "5": 0.10790741443634033,
            "6": 0.05120110511779785,
            "7": 0.04873090982437134,
            "8": 0.05375760793685913
        }
    }
}