{
    "0": {
        "Loss_Exp": 69.51471379151819,
        "RelativeDistance_Exp": 0.8036321699619293,
        "R2Score_Exp": 0.8407700657844543,
        "Forgetting_Exp": 0.031525105237960815,
        "BWT_Exp": -0.031525105237960815
    },
    "1": {
        "Loss_Exp": 57.49829277934496,
        "RelativeDistance_Exp": 1.0641920864582062,
        "R2Score_Exp": 0.8331086933612823,
        "Forgetting_Exp": 0.05449369549751282,
        "BWT_Exp": -0.05449369549751282
    },
    "2": {
        "Loss_Exp": 49.33351557074144,
        "RelativeDistance_Exp": 0.6677692731221517,
        "R2Score_Exp": 0.8432568709055582,
        "Forgetting_Exp": -0.03828765948613477,
        "BWT_Exp": 0.03828765948613477
    },
    "3": {
        "Loss_Exp": 47.52506324621791,
        "RelativeDistance_Exp": 0.5378218293190002,
        "R2Score_Exp": 0.8421611189842224,
        "Forgetting_Exp": -0.020078539848327637,
        "BWT_Exp": 0.020078539848327637
    },
    "4": {
        "Loss_Exp": 50.94568040970348,
        "RelativeDistance_Exp": 0.7431181818246841,
        "R2Score_Exp": 0.8265348672866821,
        "Forgetting_Exp": 1.5348196029663086e-06,
        "BWT_Exp": -1.5348196029663086e-06
    },
    "5": {
        "Loss_Exp": 45.638982026473336,
        "RelativeDistance_Exp": 0.6090666254361471,
        "R2Score_Exp": 0.8221025864283243,
        "Forgetting_Exp": 0.004453440507253048,
        "BWT_Exp": -0.004453440507253048
    },
    "6": {
        "Loss_Exp": 53.52507395642869,
        "RelativeDistance_Exp": 0.6481802960236868,
        "R2Score_Exp": 0.8456687529881796,
        "Forgetting_Exp": -0.0002992550532023852,
        "BWT_Exp": 0.0002992550532023852
    },
    "7": {
        "Loss_Exp": 36.102500915527344,
        "RelativeDistance_Exp": 0.6019687652587891,
        "R2Score_Exp": 0.8576435446739197,
        "Forgetting_Exp": -0.0026610493659973145,
        "BWT_Exp": 0.0026610493659973145
    },
    "8": {
        "Loss_Exp": 55.349783642044486,
        "RelativeDistance_Exp": 0.93282550573349,
        "R2Score_Exp": 0.8322806060314178,
        "Forgetting_Exp": 0.0011163949966430664,
        "BWT_Exp": -0.0011163949966430664
    },
    "9": {
        "Loss_Exp": 64.30150858267194,
        "RelativeDistance_Exp": 0.7513589859008789,
        "R2Score_Exp": 0.8271176218986511
    },
    "stream": {
        "Loss_Stream/eval_phase/test_stream": 52.70166269231962,
        "RelativeDistance_Stream/eval_phase/test_stream": 0.7303813012937704,
        "R2Score_Stream/eval_phase/test_stream": 0.8353226607044538,
        "Forgetting_Stream/eval_phase/test_stream": {
            "0": 0.031525105237960815,
            "1": 0.05449369549751282,
            "2": -0.03828765948613477,
            "3": -0.020078539848327637,
            "4": 1.5348196029663086e-06,
            "5": 0.004453440507253048,
            "6": -0.0002992550532023852,
            "7": -0.0026610493659973145,
            "8": 0.0011163949966430664
        },
        "BWT_Stream/eval_phase/test_stream": {
            "0": 0.031525105237960815,
            "1": 0.05449369549751282,
            "2": -0.03828765948613477,
            "3": -0.020078539848327637,
            "4": 1.5348196029663086e-06,
            "5": 0.004453440507253048,
            "6": -0.0002992550532023852,
            "7": -0.0026610493659973145,
            "8": 0.0011163949966430664
        }
    }
}