{
    "0": {
        "Loss_Exp": 67.04931409343983,
        "RelativeDistance_Exp": 1.1122223079204558,
        "R2Score_Exp": 0.721590656042099,
        "Forgetting_Exp": 0.1678983211517333,
        "BWT_Exp": -0.1678983211517333
    },
    "1": {
        "Loss_Exp": 69.091767386041,
        "RelativeDistance_Exp": 1.0551273107528687,
        "R2Score_Exp": 0.7346070170402527,
        "Forgetting_Exp": 0.1523313840230306,
        "BWT_Exp": -0.1523313840230306
    },
    "2": {
        "Loss_Exp": 48.27200283765888,
        "RelativeDistance_Exp": 0.9102911444810721,
        "R2Score_Exp": 0.8019952636498672,
        "Forgetting_Exp": 0.0954160827856797,
        "BWT_Exp": -0.0954160827856797
    },
    "3": {
        "Loss_Exp": 35.26519872727493,
        "RelativeDistance_Exp": 0.9183805055088468,
        "R2Score_Exp": 0.8619783984290229,
        "Forgetting_Exp": 0.06814602348539567,
        "BWT_Exp": -0.06814602348539567
    },
    "4": {
        "Loss_Exp": 46.0231954462352,
        "RelativeDistance_Exp": 0.8294052226202828,
        "R2Score_Exp": 0.8257799914905003,
        "Forgetting_Exp": 0.0824081301689148,
        "BWT_Exp": -0.0824081301689148
    },
    "5": {
        "Loss_Exp": 42.46124146305483,
        "RelativeDistance_Exp": 0.735204686721166,
        "R2Score_Exp": 0.836995542049408,
        "Forgetting_Exp": 0.05365949869155884,
        "BWT_Exp": -0.05365949869155884
    },
    "6": {
        "Loss_Exp": 33.498179786490546,
        "RelativeDistance_Exp": 0.8929566666483879,
        "R2Score_Exp": 0.8712290152907372,
        "Forgetting_Exp": 0.021848231554031372,
        "BWT_Exp": -0.021848231554031372
    },
    "7": {
        "Loss_Exp": 41.94527118881014,
        "RelativeDistance_Exp": 0.6166885569691658,
        "R2Score_Exp": 0.8581816181540489,
        "Forgetting_Exp": 0.03352048248052597,
        "BWT_Exp": -0.03352048248052597
    },
    "8": {
        "Loss_Exp": 30.910455555804226,
        "RelativeDistance_Exp": 0.5782764156659445,
        "R2Score_Exp": 0.8927148977915446,
        "Forgetting_Exp": 0.023920516173044915,
        "BWT_Exp": -0.023920516173044915
    },
    "9": {
        "Loss_Exp": 22.477080053459446,
        "RelativeDistance_Exp": 0.49901653826236725,
        "R2Score_Exp": 0.9123281538486481
    },
    "stream": {
        "Loss_Stream/eval_phase/test_stream": 49.47303672480555,
        "RelativeDistance_Stream/eval_phase/test_stream": 0.8898201353020139,
        "R2Score_Stream/eval_phase/test_stream": 0.8093737665517831,
        "Forgetting_Stream/eval_phase/test_stream": {
            "0": 0.1678983211517333,
            "1": 0.1523313840230306,
            "2": 0.0954160827856797,
            "3": 0.06814602348539567,
            "4": 0.0824081301689148,
            "5": 0.05365949869155884,
            "6": 0.021848231554031372,
            "7": 0.03352048248052597,
            "8": 0.023920516173044915
        },
        "BWT_Stream/eval_phase/test_stream": {
            "0": 0.1678983211517333,
            "1": 0.1523313840230306,
            "2": 0.0954160827856797,
            "3": 0.06814602348539567,
            "4": 0.0824081301689148,
            "5": 0.05365949869155884,
            "6": 0.021848231554031372,
            "7": 0.03352048248052597,
            "8": 0.023920516173044915
        }
    }
}