{
    "0": {
        "Loss_Exp": 45.816891930538155,
        "RelativeDistance_Exp": 1.0483874142169953,
        "R2Score_Exp": 0.7979214370250702,
        "Forgetting_Exp": 0.05606235265731807,
        "BWT_Exp": -0.05606235265731807
    },
    "1": {
        "Loss_Exp": 48.148389578329606,
        "RelativeDistance_Exp": 0.978068200747172,
        "R2Score_Exp": 0.8012539148330688,
        "Forgetting_Exp": 0.046105794111887644,
        "BWT_Exp": -0.046105794111887644
    },
    "2": {
        "Loss_Exp": 38.2396502850581,
        "RelativeDistance_Exp": 0.9710606519992535,
        "R2Score_Exp": 0.836260933142442,
        "Forgetting_Exp": 0.027982276219588043,
        "BWT_Exp": -0.027982276219588043
    },
    "3": {
        "Loss_Exp": 32.38659403752786,
        "RelativeDistance_Exp": 1.0657933685514662,
        "R2Score_Exp": 0.8691502544615004,
        "Forgetting_Exp": 0.029100418090820312,
        "BWT_Exp": -0.029100418090820312
    },
    "4": {
        "Loss_Exp": 34.07863782571068,
        "RelativeDistance_Exp": 1.0159576194626945,
        "R2Score_Exp": 0.8700421367372785,
        "Forgetting_Exp": -0.010320833751133462,
        "BWT_Exp": 0.010320833751133462
    },
    "5": {
        "Loss_Exp": 34.431857845833726,
        "RelativeDistance_Exp": 0.9451991120974222,
        "R2Score_Exp": 0.8632317980130514,
        "Forgetting_Exp": -0.007049749294916863,
        "BWT_Exp": 0.007049749294916863
    },
    "6": {
        "Loss_Exp": 35.67180511835231,
        "RelativeDistance_Exp": 1.2482682466506958,
        "R2Score_Exp": 0.8626083135604858,
        "Forgetting_Exp": 0.006553851068019867,
        "BWT_Exp": -0.006553851068019867
    },
    "7": {
        "Loss_Exp": 43.55360717711191,
        "RelativeDistance_Exp": 0.86601123213768,
        "R2Score_Exp": 0.846460223197937,
        "Forgetting_Exp": 0.005609475076198578,
        "BWT_Exp": -0.005609475076198578
    },
    "8": {
        "Loss_Exp": 35.00309363895187,
        "RelativeDistance_Exp": 0.8088431159655253,
        "R2Score_Exp": 0.8755641380945841,
        "Forgetting_Exp": 0.015672942002614376,
        "BWT_Exp": -0.015672942002614376
    },
    "9": {
        "Loss_Exp": 27.51074559110469,
        "RelativeDistance_Exp": 0.8161346614360809,
        "R2Score_Exp": 0.9011256098747253
    },
    "stream": {
        "Loss_Stream/eval_phase/test_stream": 39.78664687611809,
        "RelativeDistance_Stream/eval_phase/test_stream": 1.001564919212718,
        "R2Score_Stream/eval_phase/test_stream": 0.8402832739147139,
        "Forgetting_Stream/eval_phase/test_stream": {
            "0": 0.05606235265731807,
            "1": 0.046105794111887644,
            "2": 0.027982276219588043,
            "3": 0.029100418090820312,
            "4": -0.010320833751133462,
            "5": -0.007049749294916863,
            "6": 0.006553851068019867,
            "7": 0.005609475076198578,
            "8": 0.015672942002614376
        },
        "BWT_Stream/eval_phase/test_stream": {
            "0": 0.05606235265731807,
            "1": 0.046105794111887644,
            "2": 0.027982276219588043,
            "3": 0.029100418090820312,
            "4": -0.010320833751133462,
            "5": -0.007049749294916863,
            "6": 0.006553851068019867,
            "7": 0.005609475076198578,
            "8": 0.015672942002614376
        }
    }
}