{
    "0": {
        "Loss_Exp": 45.57929992675781,
        "RelativeDistance_Exp": 0.9559131264686584,
        "R2Score_Exp": 0.7775059938430786,
        "Forgetting_Exp": 0.1125485897064209,
        "BWT_Exp": -0.1125485897064209
    },
    "1": {
        "Loss_Exp": 52.37415313720703,
        "RelativeDistance_Exp": 0.8626164197921753,
        "R2Score_Exp": 0.7786813974380493,
        "Forgetting_Exp": 0.05428743362426758,
        "BWT_Exp": -0.05428743362426758
    },
    "2": {
        "Loss_Exp": 41.297550201416016,
        "RelativeDistance_Exp": 0.8311222195625305,
        "R2Score_Exp": 0.8194789886474609,
        "Forgetting_Exp": 0.037668466567993164,
        "BWT_Exp": -0.037668466567993164
    },
    "3": {
        "Loss_Exp": 38.391021728515625,
        "RelativeDistance_Exp": 1.1455743312835693,
        "R2Score_Exp": 0.8352125287055969,
        "Forgetting_Exp": 0.05312705039978027,
        "BWT_Exp": -0.05312705039978027
    },
    "4": {
        "Loss_Exp": 40.627784729003906,
        "RelativeDistance_Exp": 0.8647722005844116,
        "R2Score_Exp": 0.8297209739685059,
        "Forgetting_Exp": 0.02038562297821045,
        "BWT_Exp": -0.02038562297821045
    },
    "5": {
        "Loss_Exp": 37.89168167114258,
        "RelativeDistance_Exp": 0.6794716119766235,
        "R2Score_Exp": 0.855810284614563,
        "Forgetting_Exp": -0.0037170052528381348,
        "BWT_Exp": 0.0037170052528381348
    },
    "6": {
        "Loss_Exp": 36.64154052734375,
        "RelativeDistance_Exp": 0.8149250745773315,
        "R2Score_Exp": 0.8644351959228516,
        "Forgetting_Exp": 0.008685171604156494,
        "BWT_Exp": -0.008685171604156494
    },
    "7": {
        "Loss_Exp": 51.402374267578125,
        "RelativeDistance_Exp": 0.6254635453224182,
        "R2Score_Exp": 0.8207626342773438,
        "Forgetting_Exp": 0.005094408988952637,
        "BWT_Exp": -0.005094408988952637
    },
    "8": {
        "Loss_Exp": 37.005523681640625,
        "RelativeDistance_Exp": 0.6415107846260071,
        "R2Score_Exp": 0.8763928413391113,
        "Forgetting_Exp": 0.00755155086517334,
        "BWT_Exp": -0.00755155086517334
    },
    "9": {
        "Loss_Exp": 30.17529296875,
        "RelativeDistance_Exp": 0.6216084361076355,
        "R2Score_Exp": 0.904815673828125
    },
    "stream": {
        "Loss_Stream/eval_phase/test_stream": 43.508102119160206,
        "RelativeDistance_Stream/eval_phase/test_stream": 0.8042977750301361,
        "R2Score_Stream/eval_phase/test_stream": 0.8362816512584687,
        "Forgetting_Stream/eval_phase/test_stream": {
            "0": 0.1125485897064209,
            "1": 0.05428743362426758,
            "2": 0.037668466567993164,
            "3": 0.05312705039978027,
            "4": 0.02038562297821045,
            "5": -0.0037170052528381348,
            "6": 0.008685171604156494,
            "7": 0.005094408988952637,
            "8": 0.00755155086517334
        },
        "BWT_Stream/eval_phase/test_stream": {
            "0": 0.1125485897064209,
            "1": 0.05428743362426758,
            "2": 0.037668466567993164,
            "3": 0.05312705039978027,
            "4": 0.02038562297821045,
            "5": -0.0037170052528381348,
            "6": 0.008685171604156494,
            "7": 0.005094408988952637,
            "8": 0.00755155086517334
        }
    }
}