{
    "0": {
        "Loss_Exp": 71.23938304973099,
        "RelativeDistance_Exp": 1.1428821444511414,
        "R2Score_Exp": 0.7075203657150269,
        "Forgetting_Exp": 0.18169373869895933,
        "BWT_Exp": -0.18169373869895933
    },
    "1": {
        "Loss_Exp": 73.13281396638386,
        "RelativeDistance_Exp": 1.0950643380482992,
        "R2Score_Exp": 0.7213485876719157,
        "Forgetting_Exp": 0.16438824733098345,
        "BWT_Exp": -0.16438824733098345
    },
    "2": {
        "Loss_Exp": 51.57531127411096,
        "RelativeDistance_Exp": 0.9121041802259592,
        "R2Score_Exp": 0.7886234521865845,
        "Forgetting_Exp": 0.10760778647202707,
        "BWT_Exp": -0.10760778647202707
    },
    "3": {
        "Loss_Exp": 39.08689794739574,
        "RelativeDistance_Exp": 0.8963067664040459,
        "R2Score_Exp": 0.8493173056178622,
        "Forgetting_Exp": 0.08117284377415979,
        "BWT_Exp": -0.08117284377415979
    },
    "4": {
        "Loss_Exp": 44.73259058712728,
        "RelativeDistance_Exp": 0.7939202615192958,
        "R2Score_Exp": 0.8317603298595974,
        "Forgetting_Exp": 0.07793843746185303,
        "BWT_Exp": -0.07793843746185303
    },
    "5": {
        "Loss_Exp": 44.33006874569182,
        "RelativeDistance_Exp": 0.710115651289622,
        "R2Score_Exp": 0.8293569485346476,
        "Forgetting_Exp": 0.06167939305305481,
        "BWT_Exp": -0.06167939305305481
    },
    "6": {
        "Loss_Exp": 35.08449345489607,
        "RelativeDistance_Exp": 0.8290219753980637,
        "R2Score_Exp": 0.8641452640295029,
        "Forgetting_Exp": 0.03002426028251648,
        "BWT_Exp": -0.03002426028251648
    },
    "7": {
        "Loss_Exp": 45.89198234906688,
        "RelativeDistance_Exp": 0.6043388247489929,
        "R2Score_Exp": 0.8466647043824196,
        "Forgetting_Exp": 0.04632548987865448,
        "BWT_Exp": -0.04632548987865448
    },
    "8": {
        "Loss_Exp": 31.215880663146553,
        "RelativeDistance_Exp": 0.5747855603694916,
        "R2Score_Exp": 0.8914707899093628,
        "Forgetting_Exp": 0.024692515532175663,
        "BWT_Exp": -0.024692515532175663
    },
    "9": {
        "Loss_Exp": 21.789400992416166,
        "RelativeDistance_Exp": 0.4859059751033783,
        "R2Score_Exp": 0.9142059087753296
    },
    "stream": {
        "Loss_Stream/eval_phase/test_stream": 52.33099159772104,
        "RelativeDistance_Stream/eval_phase/test_stream": 0.8859270682305466,
        "R2Score_Stream/eval_phase/test_stream": 0.7997427288396859,
        "Forgetting_Stream/eval_phase/test_stream": {
            "0": 0.18169373869895933,
            "1": 0.16438824733098345,
            "2": 0.10760778647202707,
            "3": 0.08117284377415979,
            "4": 0.07793843746185303,
            "5": 0.06167939305305481,
            "6": 0.03002426028251648,
            "7": 0.04632548987865448,
            "8": 0.024692515532175663
        },
        "BWT_Stream/eval_phase/test_stream": {
            "0": 0.18169373869895933,
            "1": 0.16438824733098345,
            "2": 0.10760778647202707,
            "3": 0.08117284377415979,
            "4": 0.07793843746185303,
            "5": 0.06167939305305481,
            "6": 0.03002426028251648,
            "7": 0.04632548987865448,
            "8": 0.024692515532175663
        }
    }
}