{
    "0": {
        "Loss_Exp": 126.3243709452668,
        "RelativeDistance_Exp": 1.4208855628967285,
        "R2Score_Exp": 0.7139582931995392,
        "Forgetting_Exp": 0.15650847554206848,
        "BWT_Exp": -0.15650847554206848
    },
    "1": {
        "Loss_Exp": 77.72601328805096,
        "RelativeDistance_Exp": 1.9070746302604675,
        "R2Score_Exp": 0.7758708596229553,
        "Forgetting_Exp": 0.12126779556274414,
        "BWT_Exp": -0.12126779556274414
    },
    "2": {
        "Loss_Exp": 64.0693236663658,
        "RelativeDistance_Exp": 1.2841408252716064,
        "R2Score_Exp": 0.7937468489011129,
        "Forgetting_Exp": 0.028787831465403202,
        "BWT_Exp": -0.028787831465403202
    },
    "3": {
        "Loss_Exp": 51.821998372929606,
        "RelativeDistance_Exp": 0.9787456095218658,
        "R2Score_Exp": 0.8285814225673676,
        "Forgetting_Exp": 0.03550401329994202,
        "BWT_Exp": -0.03550401329994202
    },
    "4": {
        "Loss_Exp": 45.5539839700486,
        "RelativeDistance_Exp": 1.2435787320137024,
        "R2Score_Exp": 0.8507955223321915,
        "Forgetting_Exp": 0.004507958889007568,
        "BWT_Exp": -0.004507958889007568
    },
    "5": {
        "Loss_Exp": 44.00240873253864,
        "RelativeDistance_Exp": 1.071458141009013,
        "R2Score_Exp": 0.8285631140073141,
        "Forgetting_Exp": 0.02516474326451612,
        "BWT_Exp": -0.02516474326451612
    },
    "6": {
        "Loss_Exp": 52.168078092029475,
        "RelativeDistance_Exp": 0.9325998226801554,
        "R2Score_Exp": 0.8352303306261698,
        "Forgetting_Exp": 0.02724248170852661,
        "BWT_Exp": -0.02724248170852661
    },
    "7": {
        "Loss_Exp": 41.54854202270508,
        "RelativeDistance_Exp": 1.1387946605682373,
        "R2Score_Exp": 0.8361691236495972,
        "Forgetting_Exp": 0.04706311225891113,
        "BWT_Exp": -0.04706311225891113
    },
    "8": {
        "Loss_Exp": 52.99541638960232,
        "RelativeDistance_Exp": 1.3008592128753662,
        "R2Score_Exp": 0.8299878835678101,
        "Forgetting_Exp": -0.01995489001274109,
        "BWT_Exp": 0.01995489001274109
    },
    "9": {
        "Loss_Exp": 57.77154404303931,
        "RelativeDistance_Exp": 1.287632167339325,
        "R2Score_Exp": 0.8432036936283112
    },
    "stream": {
        "Loss_Stream/eval_phase/test_stream": 59.77495700366627,
        "RelativeDistance_Stream/eval_phase/test_stream": 1.2403375133872032,
        "R2Score_Stream/eval_phase/test_stream": 0.8164656832814217,
        "Forgetting_Stream/eval_phase/test_stream": {
            "0": 0.15650847554206848,
            "1": 0.12126779556274414,
            "2": 0.028787831465403202,
            "3": 0.03550401329994202,
            "4": 0.004507958889007568,
            "5": 0.02516474326451612,
            "6": 0.02724248170852661,
            "7": 0.04706311225891113,
            "8": -0.01995489001274109
        },
        "BWT_Stream/eval_phase/test_stream": {
            "0": 0.15650847554206848,
            "1": 0.12126779556274414,
            "2": 0.028787831465403202,
            "3": 0.03550401329994202,
            "4": 0.004507958889007568,
            "5": 0.02516474326451612,
            "6": 0.02724248170852661,
            "7": 0.04706311225891113,
            "8": -0.01995489001274109
        }
    }
}