{
    "0": {
        "Loss_Exp": 264.5739123586339,
        "RelativeDistance_Exp": 2.9007013559341432,
        "R2Score_Exp": -0.2461622267961502,
        "Forgetting_Exp": 1.0945814400911331,
        "BWT_Exp": -1.0945814400911331
    },
    "1": {
        "Loss_Exp": 196.87471485899547,
        "RelativeDistance_Exp": 2.3097714106241862,
        "R2Score_Exp": 0.20215068260828653,
        "Forgetting_Exp": 0.6212876319885254,
        "BWT_Exp": -0.6212876319885254
    },
    "2": {
        "Loss_Exp": 154.41310090587788,
        "RelativeDistance_Exp": 2.6818158076359677,
        "R2Score_Exp": 0.3296759999715365,
        "Forgetting_Exp": 0.531093799150907,
        "BWT_Exp": -0.531093799150907
    },
    "3": {
        "Loss_Exp": 166.17581966490496,
        "RelativeDistance_Exp": 3.454762061436971,
        "R2Score_Exp": 0.31356730229324764,
        "Forgetting_Exp": 0.5558049662245645,
        "BWT_Exp": -0.5558049662245645
    },
    "4": {
        "Loss_Exp": 177.8994119144774,
        "RelativeDistance_Exp": 2.9036546775272916,
        "R2Score_Exp": 0.2602236419916153,
        "Forgetting_Exp": 0.5652911173445838,
        "BWT_Exp": -0.5652911173445838
    },
    "5": {
        "Loss_Exp": 146.80121214222427,
        "RelativeDistance_Exp": 2.467672844727834,
        "R2Score_Exp": 0.4618587891260783,
        "Forgetting_Exp": 0.3775526483853658,
        "BWT_Exp": -0.3775526483853658
    },
    "6": {
        "Loss_Exp": 145.1887943224623,
        "RelativeDistance_Exp": 3.125711113214493,
        "R2Score_Exp": 0.47278019040822983,
        "Forgetting_Exp": 0.3987167775630951,
        "BWT_Exp": -0.3987167775630951
    },
    "7": {
        "Loss_Exp": 160.98783941738367,
        "RelativeDistance_Exp": 2.0361522287130356,
        "R2Score_Exp": 0.453980952501297,
        "Forgetting_Exp": 0.3823612481355667,
        "BWT_Exp": -0.3823612481355667
    },
    "8": {
        "Loss_Exp": 132.8277911693473,
        "RelativeDistance_Exp": 2.2346391677856445,
        "R2Score_Exp": 0.5524088442325592,
        "Forgetting_Exp": 0.28072058161099755,
        "BWT_Exp": -0.28072058161099755
    },
    "9": {
        "Loss_Exp": 91.06057244737629,
        "RelativeDistance_Exp": 1.8027858138084412,
        "R2Score_Exp": 0.712350070476532
    },
    "stream": {
        "Loss_Stream/eval_phase/test_stream": 176.99997474965954,
        "RelativeDistance_Stream/eval_phase/test_stream": 2.670939067263662,
        "R2Score_Stream/eval_phase/test_stream": 0.2810773547784782,
        "Forgetting_Stream/eval_phase/test_stream": {
            "0": 1.0945814400911331,
            "1": 0.6212876319885254,
            "2": 0.531093799150907,
            "3": 0.5558049662245645,
            "4": 0.5652911173445838,
            "5": 0.3775526483853658,
            "6": 0.3987167775630951,
            "7": 0.3823612481355667,
            "8": 0.28072058161099755
        },
        "BWT_Stream/eval_phase/test_stream": {
            "0": 1.0945814400911331,
            "1": 0.6212876319885254,
            "2": 0.531093799150907,
            "3": 0.5558049662245645,
            "4": 0.5652911173445838,
            "5": 0.3775526483853658,
            "6": 0.3987167775630951,
            "7": 0.3823612481355667,
            "8": 0.28072058161099755
        }
    }
}