{
    "0": {
        "Loss_Exp": 77.7172717786815,
        "RelativeDistance_Exp": 0.8119646608829498,
        "R2Score_Exp": 0.7441457808017731,
        "Forgetting_Exp": 0.10090062022209167,
        "BWT_Exp": -0.10090062022209167
    },
    "1": {
        "Loss_Exp": 39.44329733405885,
        "RelativeDistance_Exp": 0.7359392940998077,
        "R2Score_Exp": 0.853782594203949,
        "Forgetting_Exp": 0.03711864352226257,
        "BWT_Exp": -0.03711864352226257
    },
    "2": {
        "Loss_Exp": 48.94294840201608,
        "RelativeDistance_Exp": 0.5739191770553589,
        "R2Score_Exp": 0.8105529348055521,
        "Forgetting_Exp": 0.0340421199798584,
        "BWT_Exp": -0.0340421199798584
    },
    "3": {
        "Loss_Exp": 38.1555137250505,
        "RelativeDistance_Exp": 0.520264595746994,
        "R2Score_Exp": 0.841400682926178,
        "Forgetting_Exp": 0.02301231026649475,
        "BWT_Exp": -0.02301231026649475
    },
    "4": {
        "Loss_Exp": 31.606375333105483,
        "RelativeDistance_Exp": 0.5552523657679558,
        "R2Score_Exp": 0.8387235552072525,
        "Forgetting_Exp": 0.05217735469341278,
        "BWT_Exp": -0.05217735469341278
    },
    "5": {
        "Loss_Exp": 37.57684482856085,
        "RelativeDistance_Exp": 0.5283506115277609,
        "R2Score_Exp": 0.8071030378341675,
        "Forgetting_Exp": 0.07442996899286902,
        "BWT_Exp": -0.07442996899286902
    },
    "6": {
        "Loss_Exp": 38.11929792042831,
        "RelativeDistance_Exp": 0.47864337762196857,
        "R2Score_Exp": 0.8452423016230265,
        "Forgetting_Exp": 0.015154282251993889,
        "BWT_Exp": -0.015154282251993889
    },
    "7": {
        "Loss_Exp": 33.197136658888596,
        "RelativeDistance_Exp": 0.37200644612312317,
        "R2Score_Exp": 0.89127317070961,
        "Forgetting_Exp": 0.0322684645652771,
        "BWT_Exp": -0.0322684645652771
    },
    "8": {
        "Loss_Exp": 33.616607462724545,
        "RelativeDistance_Exp": 0.4186709374189377,
        "R2Score_Exp": 0.858658641576767,
        "Forgetting_Exp": 0.01895064115524292,
        "BWT_Exp": -0.01895064115524292
    },
    "9": {
        "Loss_Exp": 39.41324474354257,
        "RelativeDistance_Exp": 0.5538715422153473,
        "R2Score_Exp": 0.8708524107933044
    },
    "stream": {
        "Loss_Stream/eval_phase/test_stream": 41.377293581172566,
        "RelativeDistance_Stream/eval_phase/test_stream": 0.5515673565864563,
        "R2Score_Stream/eval_phase/test_stream": 0.8345526242256165,
        "Forgetting_Stream/eval_phase/test_stream": {
            "0": 0.10090062022209167,
            "1": 0.03711864352226257,
            "2": 0.0340421199798584,
            "3": 0.02301231026649475,
            "4": 0.05217735469341278,
            "5": 0.07442996899286902,
            "6": 0.015154282251993889,
            "7": 0.0322684645652771,
            "8": 0.01895064115524292
        },
        "BWT_Stream/eval_phase/test_stream": {
            "0": 0.10090062022209167,
            "1": 0.03711864352226257,
            "2": 0.0340421199798584,
            "3": 0.02301231026649475,
            "4": 0.05217735469341278,
            "5": 0.07442996899286902,
            "6": 0.015154282251993889,
            "7": 0.0322684645652771,
            "8": 0.01895064115524292
        }
    }
}