{
    "0": {
        "Loss_Exp": 108.72029527809188,
        "RelativeDistance_Exp": 1.0578477084636688,
        "R2Score_Exp": 0.7535556554794312,
        "Forgetting_Exp": 0.0986236035823822,
        "BWT_Exp": -0.0986236035823822
    },
    "1": {
        "Loss_Exp": 85.27257318481638,
        "RelativeDistance_Exp": 1.073100984096527,
        "R2Score_Exp": 0.7533004283905029,
        "Forgetting_Exp": 0.12663888931274414,
        "BWT_Exp": -0.12663888931274414
    },
    "2": {
        "Loss_Exp": 63.66600918036516,
        "RelativeDistance_Exp": 0.851288358370463,
        "R2Score_Exp": 0.793108344078064,
        "Forgetting_Exp": -0.018806974093119266,
        "BWT_Exp": 0.018806974093119266
    },
    "3": {
        "Loss_Exp": 53.85401858378852,
        "RelativeDistance_Exp": 0.6524246037006378,
        "R2Score_Exp": 0.8223356604576111,
        "Forgetting_Exp": -0.008923053741455078,
        "BWT_Exp": 0.008923053741455078
    },
    "4": {
        "Loss_Exp": 55.13352458829138,
        "RelativeDistance_Exp": 0.7588114142417908,
        "R2Score_Exp": 0.8202548772096634,
        "Forgetting_Exp": -0.020229563117027283,
        "BWT_Exp": 0.020229563117027283
    },
    "5": {
        "Loss_Exp": 52.75370622717816,
        "RelativeDistance_Exp": 0.7327379385630289,
        "R2Score_Exp": 0.7944472432136536,
        "Forgetting_Exp": 0.006559590498606327,
        "BWT_Exp": -0.006559590498606327
    },
    "6": {
        "Loss_Exp": 61.81883566024456,
        "RelativeDistance_Exp": 0.68899538119634,
        "R2Score_Exp": 0.8096946080525717,
        "Forgetting_Exp": -0.008824964364369747,
        "BWT_Exp": 0.008824964364369747
    },
    "7": {
        "Loss_Exp": 52.034934997558594,
        "RelativeDistance_Exp": 0.738943874835968,
        "R2Score_Exp": 0.7948200702667236,
        "Forgetting_Exp": 0.05155065655708313,
        "BWT_Exp": -0.05155065655708313
    },
    "8": {
        "Loss_Exp": 60.99773208653899,
        "RelativeDistance_Exp": 0.7181362211704254,
        "R2Score_Exp": 0.8165055215358734,
        "Forgetting_Exp": -0.00969269871711731,
        "BWT_Exp": 0.00969269871711731
    },
    "9": {
        "Loss_Exp": 86.00909505855141,
        "RelativeDistance_Exp": 0.9137120246887207,
        "R2Score_Exp": 0.7664677798748016
    },
    "stream": {
        "Loss_Stream/eval_phase/test_stream": 66.3368240521182,
        "RelativeDistance_Stream/eval_phase/test_stream": 0.8093207354346911,
        "R2Score_Stream/eval_phase/test_stream": 0.7954966773589452,
        "Forgetting_Stream/eval_phase/test_stream": {
            "0": 0.0986236035823822,
            "1": 0.12663888931274414,
            "2": -0.018806974093119266,
            "3": -0.008923053741455078,
            "4": -0.020229563117027283,
            "5": 0.006559590498606327,
            "6": -0.008824964364369747,
            "7": 0.05155065655708313,
            "8": -0.00969269871711731
        },
        "BWT_Stream/eval_phase/test_stream": {
            "0": 0.0986236035823822,
            "1": 0.12663888931274414,
            "2": -0.018806974093119266,
            "3": -0.008923053741455078,
            "4": -0.020229563117027283,
            "5": 0.006559590498606327,
            "6": -0.008824964364369747,
            "7": 0.05155065655708313,
            "8": -0.00969269871711731
        }
    }
}