{
    "0": {
        "Loss_Exp": 47.42743814336429,
        "Time_Exp": 0.4925966000009794,
        "RelativeDistance_Exp": 1.124004989862442,
        "R2Score_Exp": 0.8014508724212647,
        "Forgetting_Exp": 0.08906846046447747,
        "BWT_Exp": -0.08906846046447747
    },
    "1": {
        "Loss_Exp": 49.96354824772986,
        "Time_Exp": 0.701303599998937,
        "RelativeDistance_Exp": 1.134403610229492,
        "R2Score_Exp": 0.8025070667266846,
        "Forgetting_Exp": 0.0029825886090596443,
        "BWT_Exp": -0.0029825886090596443
    },
    "2": {
        "Loss_Exp": 42.783607246340964,
        "Time_Exp": 0.8283272000044235,
        "RelativeDistance_Exp": 1.119096535902757,
        "R2Score_Exp": 0.8231496810913086,
        "Forgetting_Exp": 0.01622434304310727,
        "BWT_Exp": -0.01622434304310727
    },
    "3": {
        "Loss_Exp": 34.37233017923784,
        "Time_Exp": 0.4316495999955805,
        "RelativeDistance_Exp": 1.2764451503753662,
        "R2Score_Exp": 0.8677988979551527,
        "Forgetting_Exp": 0.011758512920803432,
        "BWT_Exp": -0.011758512920803432
    },
    "4": {
        "Loss_Exp": 40.30215802696513,
        "Time_Exp": 0.27287449999857927,
        "RelativeDistance_Exp": 1.159138023853302,
        "R2Score_Exp": 0.849867616380964,
        "Forgetting_Exp": 0.005960966859545058,
        "BWT_Exp": -0.005960966859545058
    },
    "5": {
        "Loss_Exp": 38.766292429852925,
        "Time_Exp": 0.22869920000084676,
        "RelativeDistance_Exp": 1.0292831460634868,
        "R2Score_Exp": 0.8586523532867432,
        "Forgetting_Exp": -0.023256639639536503,
        "BWT_Exp": 0.023256639639536503
    },
    "6": {
        "Loss_Exp": 33.661742616556715,
        "Time_Exp": 0.3206815999947139,
        "RelativeDistance_Exp": 1.2368617951869965,
        "R2Score_Exp": 0.8771924003958702,
        "Forgetting_Exp": -0.011172160506248474,
        "BWT_Exp": 0.011172160506248474
    },
    "7": {
        "Loss_Exp": 48.515385725007356,
        "Time_Exp": 0.3941689999992377,
        "RelativeDistance_Exp": 0.9760852083563805,
        "R2Score_Exp": 0.8372869193553925,
        "Forgetting_Exp": -0.0019022971391677856,
        "BWT_Exp": 0.0019022971391677856
    },
    "8": {
        "Loss_Exp": 31.637690727510492,
        "Time_Exp": 0.06263380000018515,
        "RelativeDistance_Exp": 0.8321911891301473,
        "R2Score_Exp": 0.8927725553512573,
        "Forgetting_Exp": 0.00287783145904541,
        "BWT_Exp": -0.00287783145904541
    },
    "9": {
        "Loss_Exp": 23.20401382446289,
        "Time_Exp": 0.033878600006573834,
        "RelativeDistance_Exp": 0.8931680023670197,
        "R2Score_Exp": 0.9147993624210358
    },
    "stream": {
        "Loss_Stream/eval_phase/test_stream": 42.24464582503192,
        "Time_Stream/eval_phase/test_stream": 3.8265995000037947,
        "RelativeDistance_Stream/eval_phase/test_stream": 1.1181298273581046,
        "R2Score_Stream/eval_phase/test_stream": 0.8381233215332031,
        "Forgetting_Stream/eval_phase/test_stream": {
            "0": 0.08906846046447747,
            "1": 0.0029825886090596443,
            "2": 0.01622434304310727,
            "3": 0.011758512920803432,
            "4": 0.005960966859545058,
            "5": -0.023256639639536503,
            "6": -0.011172160506248474,
            "7": -0.0019022971391677856,
            "8": 0.00287783145904541
        },
        "BWT_Stream/eval_phase/test_stream": {
            "0": 0.08906846046447747,
            "1": 0.0029825886090596443,
            "2": 0.01622434304310727,
            "3": 0.011758512920803432,
            "4": 0.005960966859545058,
            "5": -0.023256639639536503,
            "6": -0.011172160506248474,
            "7": -0.0019022971391677856,
            "8": 0.00287783145904541
        }
    }
}