{
    "0": {
        "Loss_Exp": 44.28255081176758,
        "RelativeDistance_Exp": 0.8953668475151062,
        "R2Score_Exp": 0.807279646396637,
        "Forgetting_Exp": 0.08211445808410645,
        "BWT_Exp": -0.08211445808410645
    },
    "1": {
        "Loss_Exp": 49.45808792114258,
        "RelativeDistance_Exp": 0.8161101937294006,
        "R2Score_Exp": 0.8024036884307861,
        "Forgetting_Exp": 0.07258665561676025,
        "BWT_Exp": -0.07258665561676025
    },
    "2": {
        "Loss_Exp": 36.70576858520508,
        "RelativeDistance_Exp": 0.7584025859832764,
        "R2Score_Exp": 0.84510338306427,
        "Forgetting_Exp": 0.048143744468688965,
        "BWT_Exp": -0.048143744468688965
    },
    "3": {
        "Loss_Exp": 30.580059051513672,
        "RelativeDistance_Exp": 0.7254130840301514,
        "R2Score_Exp": 0.8809196352958679,
        "Forgetting_Exp": 0.03985488414764404,
        "BWT_Exp": -0.03985488414764404
    },
    "4": {
        "Loss_Exp": 38.741451263427734,
        "RelativeDistance_Exp": 0.7082338333129883,
        "R2Score_Exp": 0.8470761179924011,
        "Forgetting_Exp": 0.04902607202529907,
        "BWT_Exp": -0.04902607202529907
    },
    "5": {
        "Loss_Exp": 36.60399627685547,
        "RelativeDistance_Exp": 0.5960818529129028,
        "R2Score_Exp": 0.8599499464035034,
        "Forgetting_Exp": 0.02338773012161255,
        "BWT_Exp": -0.02338773012161255
    },
    "6": {
        "Loss_Exp": 32.64990234375,
        "RelativeDistance_Exp": 0.7079064846038818,
        "R2Score_Exp": 0.8756327629089355,
        "Forgetting_Exp": 0.027146220207214355,
        "BWT_Exp": -0.027146220207214355
    },
    "7": {
        "Loss_Exp": 48.01169204711914,
        "RelativeDistance_Exp": 0.5429073572158813,
        "R2Score_Exp": 0.8305603265762329,
        "Forgetting_Exp": 0.05339789390563965,
        "BWT_Exp": -0.05339789390563965
    },
    "8": {
        "Loss_Exp": 30.69316864013672,
        "RelativeDistance_Exp": 0.5355835556983948,
        "R2Score_Exp": 0.8971526622772217,
        "Forgetting_Exp": 0.016057848930358887,
        "BWT_Exp": -0.016057848930358887
    },
    "9": {
        "Loss_Exp": 21.08292579650879,
        "RelativeDistance_Exp": 0.4686114192008972,
        "R2Score_Exp": 0.9285868406295776
    },
    "stream": {
        "Loss_Stream/eval_phase/test_stream": 39.82646770738507,
        "RelativeDistance_Stream/eval_phase/test_stream": 0.675461721420288,
        "R2Score_Stream/eval_phase/test_stream": 0.8574665009975433,
        "Forgetting_Stream/eval_phase/test_stream": {
            "0": 0.08211445808410645,
            "1": 0.07258665561676025,
            "2": 0.048143744468688965,
            "3": 0.03985488414764404,
            "4": 0.04902607202529907,
            "5": 0.02338773012161255,
            "6": 0.027146220207214355,
            "7": 0.05339789390563965,
            "8": 0.016057848930358887
        },
        "BWT_Stream/eval_phase/test_stream": {
            "0": 0.08211445808410645,
            "1": 0.07258665561676025,
            "2": 0.048143744468688965,
            "3": 0.03985488414764404,
            "4": 0.04902607202529907,
            "5": 0.02338773012161255,
            "6": 0.027146220207214355,
            "7": 0.05339789390563965,
            "8": 0.016057848930358887
        }
    }
}