{
    "0": {
        "Loss_Exp": 41.781288146972656,
        "RelativeDistance_Exp": 0.6202137470245361,
        "R2Score_Exp": 0.8365323543548584,
        "Forgetting_Exp": 0.06458854675292969,
        "BWT_Exp": -0.06458854675292969
    },
    "1": {
        "Loss_Exp": 40.39740753173828,
        "RelativeDistance_Exp": 0.6271833181381226,
        "R2Score_Exp": 0.8382124304771423,
        "Forgetting_Exp": 0.05409204959869385,
        "BWT_Exp": -0.05409204959869385
    },
    "2": {
        "Loss_Exp": 46.116371154785156,
        "RelativeDistance_Exp": 0.7286595702171326,
        "R2Score_Exp": 0.8163907527923584,
        "Forgetting_Exp": 0.07671928405761719,
        "BWT_Exp": -0.07671928405761719
    },
    "3": {
        "Loss_Exp": 44.32434844970703,
        "RelativeDistance_Exp": 0.659594714641571,
        "R2Score_Exp": 0.812014102935791,
        "Forgetting_Exp": 0.07893562316894531,
        "BWT_Exp": -0.07893562316894531
    },
    "4": {
        "Loss_Exp": 52.49300003051758,
        "RelativeDistance_Exp": 0.7189534306526184,
        "R2Score_Exp": 0.8165467977523804,
        "Forgetting_Exp": 0.07589006423950195,
        "BWT_Exp": -0.07589006423950195
    },
    "5": {
        "Loss_Exp": 46.173770904541016,
        "RelativeDistance_Exp": 0.6604577302932739,
        "R2Score_Exp": 0.8298201560974121,
        "Forgetting_Exp": 0.060944557189941406,
        "BWT_Exp": -0.060944557189941406
    },
    "6": {
        "Loss_Exp": 41.79983901977539,
        "RelativeDistance_Exp": 0.6160751581192017,
        "R2Score_Exp": 0.8460270762443542,
        "Forgetting_Exp": 0.04170268774032593,
        "BWT_Exp": -0.04170268774032593
    },
    "7": {
        "Loss_Exp": 44.7169303894043,
        "RelativeDistance_Exp": 0.6035141944885254,
        "R2Score_Exp": 0.8368293046951294,
        "Forgetting_Exp": 0.03075873851776123,
        "BWT_Exp": -0.03075873851776123
    },
    "8": {
        "Loss_Exp": 42.490238189697266,
        "RelativeDistance_Exp": 0.4513907730579376,
        "R2Score_Exp": 0.8528372049331665,
        "Forgetting_Exp": 0.05463850498199463,
        "BWT_Exp": -0.05463850498199463
    },
    "9": {
        "Loss_Exp": 18.05117416381836,
        "RelativeDistance_Exp": 0.6454362273216248,
        "R2Score_Exp": 0.9328106641769409
    },
    "stream": {
        "Loss_Stream/eval_phase/test_stream": 44.58449897996005,
        "RelativeDistance_Stream/eval_phase/test_stream": 0.6331478863954544,
        "R2Score_Stream/eval_phase/test_stream": 0.8418020844459534,
        "Forgetting_Stream/eval_phase/test_stream": {
            "0": 0.06458854675292969,
            "1": 0.05409204959869385,
            "2": 0.07671928405761719,
            "3": 0.07893562316894531,
            "4": 0.07589006423950195,
            "5": 0.060944557189941406,
            "6": 0.04170268774032593,
            "7": 0.03075873851776123,
            "8": 0.05463850498199463
        },
        "BWT_Stream/eval_phase/test_stream": {
            "0": 0.06458854675292969,
            "1": 0.05409204959869385,
            "2": 0.07671928405761719,
            "3": 0.07893562316894531,
            "4": 0.07589006423950195,
            "5": 0.060944557189941406,
            "6": 0.04170268774032593,
            "7": 0.03075873851776123,
            "8": 0.05463850498199463
        }
    }
}