{
    "0": {
        "Loss_Exp": 58.00566101074219,
        "RelativeDistance_Exp": 0.6522480845451355,
        "R2Score_Exp": 0.8194789290428162,
        "Forgetting_Exp": 0.02622896432876587,
        "BWT_Exp": -0.02622896432876587
    },
    "1": {
        "Loss_Exp": 32.871360778808594,
        "RelativeDistance_Exp": 0.6661030650138855,
        "R2Score_Exp": 0.8762775659561157,
        "Forgetting_Exp": 0.02141880989074707,
        "BWT_Exp": -0.02141880989074707
    },
    "2": {
        "Loss_Exp": 38.89815139770508,
        "RelativeDistance_Exp": 0.5241429805755615,
        "R2Score_Exp": 0.841373085975647,
        "Forgetting_Exp": -0.00021386146545410156,
        "BWT_Exp": 0.00021386146545410156
    },
    "3": {
        "Loss_Exp": 30.694965362548828,
        "RelativeDistance_Exp": 0.47351545095443726,
        "R2Score_Exp": 0.8806009292602539,
        "Forgetting_Exp": 0.0004143714904785156,
        "BWT_Exp": -0.0004143714904785156
    },
    "4": {
        "Loss_Exp": 25.20517349243164,
        "RelativeDistance_Exp": 0.4748232066631317,
        "R2Score_Exp": 0.8802598714828491,
        "Forgetting_Exp": 0.023189902305603027,
        "BWT_Exp": -0.023189902305603027
    },
    "5": {
        "Loss_Exp": 28.886398315429688,
        "RelativeDistance_Exp": 0.4858449101448059,
        "R2Score_Exp": 0.853859543800354,
        "Forgetting_Exp": 0.03624916076660156,
        "BWT_Exp": -0.03624916076660156
    },
    "6": {
        "Loss_Exp": 30.744129180908203,
        "RelativeDistance_Exp": 0.42726483941078186,
        "R2Score_Exp": 0.8614292144775391,
        "Forgetting_Exp": 0.018153786659240723,
        "BWT_Exp": -0.018153786659240723
    },
    "7": {
        "Loss_Exp": 27.912466049194336,
        "RelativeDistance_Exp": 0.5082621574401855,
        "R2Score_Exp": 0.868948757648468,
        "Forgetting_Exp": 0.030619442462921143,
        "BWT_Exp": -0.030619442462921143
    },
    "8": {
        "Loss_Exp": 33.16845703125,
        "RelativeDistance_Exp": 0.39040884375572205,
        "R2Score_Exp": 0.8650960326194763,
        "Forgetting_Exp": 0.03238099813461304,
        "BWT_Exp": -0.03238099813461304
    },
    "9": {
        "Loss_Exp": 36.78959655761719,
        "RelativeDistance_Exp": 0.5505229234695435,
        "R2Score_Exp": 0.8753206729888916
    },
    "stream": {
        "Loss_Stream/eval_phase/test_stream": 33.591179309282204,
        "RelativeDistance_Stream/eval_phase/test_stream": 0.515313646197319,
        "R2Score_Stream/eval_phase/test_stream": 0.8622644603252411,
        "Forgetting_Stream/eval_phase/test_stream": {
            "0": 0.02622896432876587,
            "1": 0.02141880989074707,
            "2": -0.00021386146545410156,
            "3": 0.0004143714904785156,
            "4": 0.023189902305603027,
            "5": 0.03624916076660156,
            "6": 0.018153786659240723,
            "7": 0.030619442462921143,
            "8": 0.03238099813461304
        },
        "BWT_Stream/eval_phase/test_stream": {
            "0": 0.02622896432876587,
            "1": 0.02141880989074707,
            "2": -0.00021386146545410156,
            "3": 0.0004143714904785156,
            "4": 0.023189902305603027,
            "5": 0.03624916076660156,
            "6": 0.018153786659240723,
            "7": 0.030619442462921143,
            "8": 0.03238099813461304
        }
    }
}