{
    "0": {
        "Loss_Exp": 38.252247136593866,
        "RelativeDistance_Exp": 1.016970682144165,
        "R2Score_Exp": 0.8254725396633148,
        "Forgetting_Exp": 0.025382912158966042,
        "BWT_Exp": -0.025382912158966042
    },
    "1": {
        "Loss_Exp": 49.545433342420814,
        "RelativeDistance_Exp": 1.0100375731786093,
        "R2Score_Exp": 0.7937976996103923,
        "Forgetting_Exp": 0.008023174603780103,
        "BWT_Exp": -0.008023174603780103
    },
    "2": {
        "Loss_Exp": 39.41721949068273,
        "RelativeDistance_Exp": 0.9384608635535607,
        "R2Score_Exp": 0.8334983862363375,
        "Forgetting_Exp": -0.0031069608835073703,
        "BWT_Exp": 0.0031069608835073703
    },
    "3": {
        "Loss_Exp": 38.27016736935072,
        "RelativeDistance_Exp": 1.0406002004941304,
        "R2Score_Exp": 0.8483537435531616,
        "Forgetting_Exp": 0.00031824244393241496,
        "BWT_Exp": -0.00031824244393241496
    },
    "4": {
        "Loss_Exp": 43.829162246890036,
        "RelativeDistance_Exp": 1.024866827896663,
        "R2Score_Exp": 0.8292083825383868,
        "Forgetting_Exp": -0.023618672575269506,
        "BWT_Exp": 0.023618672575269506
    },
    "5": {
        "Loss_Exp": 43.52224557662539,
        "RelativeDistance_Exp": 0.8975021541118622,
        "R2Score_Exp": 0.8375409146149954,
        "Forgetting_Exp": -0.023236433664957756,
        "BWT_Exp": 0.023236433664957756
    },
    "6": {
        "Loss_Exp": 41.77789136284622,
        "RelativeDistance_Exp": 1.1100515201687813,
        "R2Score_Exp": 0.8467022106051445,
        "Forgetting_Exp": -0.0035133585333824158,
        "BWT_Exp": 0.0035133585333824158
    },
    "7": {
        "Loss_Exp": 55.96092088422861,
        "RelativeDistance_Exp": 0.8787381052970886,
        "R2Score_Exp": 0.8066227287054062,
        "Forgetting_Exp": -0.00037013739347457886,
        "BWT_Exp": 0.00037013739347457886
    },
    "8": {
        "Loss_Exp": 45.34202925466298,
        "RelativeDistance_Exp": 0.8723263343175253,
        "R2Score_Exp": 0.8399246335029602,
        "Forgetting_Exp": 0.030614793300628662,
        "BWT_Exp": -0.030614793300628662
    },
    "9": {
        "Loss_Exp": 35.93858993336818,
        "RelativeDistance_Exp": 0.8709319233894348,
        "R2Score_Exp": 0.8800626993179321
    },
    "stream": {
        "Loss_Stream/eval_phase/test_stream": 43.740566710385906,
        "RelativeDistance_Stream/eval_phase/test_stream": 0.9841222718909934,
        "R2Score_Stream/eval_phase/test_stream": 0.8267723034929346,
        "Forgetting_Stream/eval_phase/test_stream": {
            "0": 0.025382912158966042,
            "1": 0.008023174603780103,
            "2": -0.0031069608835073703,
            "3": 0.00031824244393241496,
            "4": -0.023618672575269506,
            "5": -0.023236433664957756,
            "6": -0.0035133585333824158,
            "7": -0.00037013739347457886,
            "8": 0.030614793300628662
        },
        "BWT_Stream/eval_phase/test_stream": {
            "0": 0.025382912158966042,
            "1": 0.008023174603780103,
            "2": -0.0031069608835073703,
            "3": 0.00031824244393241496,
            "4": -0.023618672575269506,
            "5": -0.023236433664957756,
            "6": -0.0035133585333824158,
            "7": -0.00037013739347457886,
            "8": 0.030614793300628662
        }
    }
}