{
    "0": {
        "Loss_Exp": 91.5042598702057,
        "RelativeDistance_Exp": 1.227964699268341,
        "R2Score_Exp": 0.7940562069416046,
        "Forgetting_Exp": 0.0811481773853302,
        "BWT_Exp": -0.0811481773853302
    },
    "1": {
        "Loss_Exp": 71.05042719225811,
        "RelativeDistance_Exp": 1.0583853721618652,
        "R2Score_Exp": 0.7940956652164459,
        "Forgetting_Exp": 0.06442523002624512,
        "BWT_Exp": -0.06442523002624512
    },
    "2": {
        "Loss_Exp": 55.461649317358635,
        "RelativeDistance_Exp": 0.8186688621838888,
        "R2Score_Exp": 0.8225006858507792,
        "Forgetting_Exp": -0.07636187473932898,
        "BWT_Exp": 0.07636187473932898
    },
    "3": {
        "Loss_Exp": 56.28642046992882,
        "RelativeDistance_Exp": 0.732764720916748,
        "R2Score_Exp": 0.8143293261528015,
        "Forgetting_Exp": -0.028473466634750366,
        "BWT_Exp": 0.028473466634750366
    },
    "4": {
        "Loss_Exp": 52.03993866328054,
        "RelativeDistance_Exp": 0.8692103028297424,
        "R2Score_Exp": 0.8245284706354141,
        "Forgetting_Exp": -0.01093427836894989,
        "BWT_Exp": 0.01093427836894989
    },
    "5": {
        "Loss_Exp": 48.15341584578805,
        "RelativeDistance_Exp": 0.7194747527440389,
        "R2Score_Exp": 0.8118495941162109,
        "Forgetting_Exp": -0.0009722113609313965,
        "BWT_Exp": 0.0009722113609313965
    },
    "6": {
        "Loss_Exp": 61.16509766995766,
        "RelativeDistance_Exp": 0.9068506956100464,
        "R2Score_Exp": 0.8006152311960856,
        "Forgetting_Exp": 0.047340214252471924,
        "BWT_Exp": -0.047340214252471924
    },
    "7": {
        "Loss_Exp": 48.69331359863281,
        "RelativeDistance_Exp": 0.7685895562171936,
        "R2Score_Exp": 0.8079964518547058,
        "Forgetting_Exp": 0.03185003995895386,
        "BWT_Exp": -0.03185003995895386
    },
    "8": {
        "Loss_Exp": 62.688103853772155,
        "RelativeDistance_Exp": 0.9001478552818298,
        "R2Score_Exp": 0.8060760498046875,
        "Forgetting_Exp": 0.0016154944896697998,
        "BWT_Exp": -0.0016154944896697998
    },
    "9": {
        "Loss_Exp": 68.93249104229702,
        "RelativeDistance_Exp": 0.879817545413971,
        "R2Score_Exp": 0.8133671879768372
    },
    "stream": {
        "Loss_Stream/eval_phase/test_stream": 60.105200946453735,
        "RelativeDistance_Stream/eval_phase/test_stream": 0.8824405868848165,
        "R2Score_Stream/eval_phase/test_stream": 0.8106189891695976,
        "Forgetting_Stream/eval_phase/test_stream": {
            "0": 0.0811481773853302,
            "1": 0.06442523002624512,
            "2": -0.07636187473932898,
            "3": -0.028473466634750366,
            "4": -0.01093427836894989,
            "5": -0.0009722113609313965,
            "6": 0.047340214252471924,
            "7": 0.03185003995895386,
            "8": 0.0016154944896697998
        },
        "BWT_Stream/eval_phase/test_stream": {
            "0": 0.0811481773853302,
            "1": 0.06442523002624512,
            "2": -0.07636187473932898,
            "3": -0.028473466634750366,
            "4": -0.01093427836894989,
            "5": -0.0009722113609313965,
            "6": 0.047340214252471924,
            "7": 0.03185003995895386,
            "8": 0.0016154944896697998
        }
    }
}