{
    "0": {
        "Loss_Exp": 33.1483039855957,
        "RelativeDistance_Exp": 0.5941914916038513,
        "R2Score_Exp": 0.8687713146209717,
        "Forgetting_Exp": 0.02993863821029663,
        "BWT_Exp": -0.02993863821029663
    },
    "1": {
        "Loss_Exp": 33.88121795654297,
        "RelativeDistance_Exp": 0.6293367147445679,
        "R2Score_Exp": 0.8601117134094238,
        "Forgetting_Exp": 0.026427626609802246,
        "BWT_Exp": -0.026427626609802246
    },
    "2": {
        "Loss_Exp": 39.164241790771484,
        "RelativeDistance_Exp": 0.7617835998535156,
        "R2Score_Exp": 0.8410547971725464,
        "Forgetting_Exp": 0.04599595069885254,
        "BWT_Exp": -0.04599595069885254
    },
    "3": {
        "Loss_Exp": 36.25484085083008,
        "RelativeDistance_Exp": 0.6942204236984253,
        "R2Score_Exp": 0.8438112735748291,
        "Forgetting_Exp": 0.040276169776916504,
        "BWT_Exp": -0.040276169776916504
    },
    "4": {
        "Loss_Exp": 44.04916763305664,
        "RelativeDistance_Exp": 0.7470619678497314,
        "R2Score_Exp": 0.8439410924911499,
        "Forgetting_Exp": 0.04002302885055542,
        "BWT_Exp": -0.04002302885055542
    },
    "5": {
        "Loss_Exp": 38.71505355834961,
        "RelativeDistance_Exp": 0.6701845526695251,
        "R2Score_Exp": 0.8568490147590637,
        "Forgetting_Exp": 0.02872568368911743,
        "BWT_Exp": -0.02872568368911743
    },
    "6": {
        "Loss_Exp": 39.54610824584961,
        "RelativeDistance_Exp": 0.5696496367454529,
        "R2Score_Exp": 0.8485939502716064,
        "Forgetting_Exp": 0.03637492656707764,
        "BWT_Exp": -0.03637492656707764
    },
    "7": {
        "Loss_Exp": 37.744529724121094,
        "RelativeDistance_Exp": 0.6073477864265442,
        "R2Score_Exp": 0.8602319955825806,
        "Forgetting_Exp": 0.008202433586120605,
        "BWT_Exp": -0.008202433586120605
    },
    "8": {
        "Loss_Exp": 36.71807861328125,
        "RelativeDistance_Exp": 0.4330005645751953,
        "R2Score_Exp": 0.8684259653091431,
        "Forgetting_Exp": 0.0435369610786438,
        "BWT_Exp": -0.0435369610786438
    },
    "9": {
        "Loss_Exp": 19.757123947143555,
        "RelativeDistance_Exp": 0.5688519477844238,
        "R2Score_Exp": 0.927238941192627
    },
    "stream": {
        "Loss_Stream/eval_phase/test_stream": 37.54596165022808,
        "RelativeDistance_Stream/eval_phase/test_stream": 0.6275628685951233,
        "R2Score_Stream/eval_phase/test_stream": 0.8619030058383942,
        "Forgetting_Stream/eval_phase/test_stream": {
            "0": 0.02993863821029663,
            "1": 0.026427626609802246,
            "2": 0.04599595069885254,
            "3": 0.040276169776916504,
            "4": 0.04002302885055542,
            "5": 0.02872568368911743,
            "6": 0.03637492656707764,
            "7": 0.008202433586120605,
            "8": 0.0435369610786438
        },
        "BWT_Stream/eval_phase/test_stream": {
            "0": 0.02993863821029663,
            "1": 0.026427626609802246,
            "2": 0.04599595069885254,
            "3": 0.040276169776916504,
            "4": 0.04002302885055542,
            "5": 0.02872568368911743,
            "6": 0.03637492656707764,
            "7": 0.008202433586120605,
            "8": 0.0435369610786438
        }
    }
}