{
    "0": {
        "Loss_Exp": 51.847866747714185,
        "RelativeDistance_Exp": 1.1417306244373322,
        "R2Score_Exp": 0.7682486176490784,
        "Forgetting_Exp": 0.0743114829063416,
        "BWT_Exp": -0.0743114829063416
    },
    "1": {
        "Loss_Exp": 57.22178832816322,
        "RelativeDistance_Exp": 1.104394825299581,
        "R2Score_Exp": 0.7663429975509644,
        "Forgetting_Exp": 0.027823324998219823,
        "BWT_Exp": -0.027823324998219823
    },
    "2": {
        "Loss_Exp": 42.4213605904379,
        "RelativeDistance_Exp": 0.9716563499890841,
        "R2Score_Exp": 0.8204138920857356,
        "Forgetting_Exp": 0.00564215733454787,
        "BWT_Exp": -0.00564215733454787
    },
    "3": {
        "Loss_Exp": 37.360702894738445,
        "RelativeDistance_Exp": 1.0104504889912076,
        "R2Score_Exp": 0.852899882528517,
        "Forgetting_Exp": 0.0025456282827589494,
        "BWT_Exp": -0.0025456282827589494
    },
    "4": {
        "Loss_Exp": 42.75162242891239,
        "RelativeDistance_Exp": 0.9286140118326459,
        "R2Score_Exp": 0.8390575051307678,
        "Forgetting_Exp": -0.022082933357783774,
        "BWT_Exp": 0.022082933357783774
    },
    "5": {
        "Loss_Exp": 41.2735406526709,
        "RelativeDistance_Exp": 0.8148029148578644,
        "R2Score_Exp": 0.8443075120449066,
        "Forgetting_Exp": -0.006776680548985836,
        "BWT_Exp": 0.006776680548985836
    },
    "6": {
        "Loss_Exp": 38.498840427821285,
        "RelativeDistance_Exp": 0.9729291126132011,
        "R2Score_Exp": 0.8555557429790497,
        "Forgetting_Exp": -0.0007665529847145081,
        "BWT_Exp": 0.0007665529847145081
    },
    "7": {
        "Loss_Exp": 52.62994337043005,
        "RelativeDistance_Exp": 0.7641894593834877,
        "R2Score_Exp": 0.818565346300602,
        "Forgetting_Exp": 0.009234435856342316,
        "BWT_Exp": -0.009234435856342316
    },
    "8": {
        "Loss_Exp": 39.9162801556108,
        "RelativeDistance_Exp": 0.7952578266461691,
        "R2Score_Exp": 0.857970138390859,
        "Forgetting_Exp": 0.037524183591206794,
        "BWT_Exp": -0.037524183591206794
    },
    "9": {
        "Loss_Exp": 30.258151542554756,
        "RelativeDistance_Exp": 0.6434382796287537,
        "R2Score_Exp": 0.8949340581893921
    },
    "stream": {
        "Loss_Stream/eval_phase/test_stream": 46.13429049975374,
        "RelativeDistance_Stream/eval_phase/test_stream": 0.971204071133225,
        "R2Score_Stream/eval_phase/test_stream": 0.817470438686418,
        "Forgetting_Stream/eval_phase/test_stream": {
            "0": 0.0743114829063416,
            "1": 0.027823324998219823,
            "2": 0.00564215733454787,
            "3": 0.0025456282827589494,
            "4": -0.022082933357783774,
            "5": -0.006776680548985836,
            "6": -0.0007665529847145081,
            "7": 0.009234435856342316,
            "8": 0.037524183591206794
        },
        "BWT_Stream/eval_phase/test_stream": {
            "0": 0.0743114829063416,
            "1": 0.027823324998219823,
            "2": 0.00564215733454787,
            "3": 0.0025456282827589494,
            "4": -0.022082933357783774,
            "5": -0.006776680548985836,
            "6": -0.0007665529847145081,
            "7": 0.009234435856342316,
            "8": 0.037524183591206794
        }
    }
}