{
    "0": {
        "Loss_Exp": 38.9024437318558,
        "RelativeDistance_Exp": 0.9588117599487305,
        "R2Score_Exp": 0.8282022178173065,
        "Forgetting_Exp": 0.021667981147766135,
        "BWT_Exp": -0.021667981147766135
    },
    "1": {
        "Loss_Exp": 43.79499930841364,
        "RelativeDistance_Exp": 0.8864370067914327,
        "R2Score_Exp": 0.815228796005249,
        "Forgetting_Exp": 0.010468463102976555,
        "BWT_Exp": -0.010468463102976555
    },
    "2": {
        "Loss_Exp": 38.82407981677324,
        "RelativeDistance_Exp": 0.8559777599114639,
        "R2Score_Exp": 0.8329630952615005,
        "Forgetting_Exp": 0.008007975725027205,
        "BWT_Exp": -0.008007975725027205
    },
    "3": {
        "Loss_Exp": 36.84422933088691,
        "RelativeDistance_Exp": 0.8728718757629395,
        "R2Score_Exp": 0.8525472415818108,
        "Forgetting_Exp": 0.022075176239013672,
        "BWT_Exp": -0.022075176239013672
    },
    "4": {
        "Loss_Exp": 40.821431697437504,
        "RelativeDistance_Exp": 0.8494114535195487,
        "R2Score_Exp": 0.8414197223527091,
        "Forgetting_Exp": -0.005183730806623266,
        "BWT_Exp": 0.005183730806623266
    },
    "5": {
        "Loss_Exp": 40.61771507829313,
        "RelativeDistance_Exp": 0.7559727728366852,
        "R2Score_Exp": 0.8460912505785624,
        "Forgetting_Exp": 0.003084242343902588,
        "BWT_Exp": -0.003084242343902588
    },
    "6": {
        "Loss_Exp": 39.60717047311472,
        "RelativeDistance_Exp": 0.9393299072980881,
        "R2Score_Exp": 0.8511941507458687,
        "Forgetting_Exp": 0.011676616966724396,
        "BWT_Exp": -0.011676616966724396
    },
    "7": {
        "Loss_Exp": 52.75102618365045,
        "RelativeDistance_Exp": 0.7286160588264465,
        "R2Score_Exp": 0.819768413901329,
        "Forgetting_Exp": 0.020215295255184174,
        "BWT_Exp": -0.020215295255184174
    },
    "8": {
        "Loss_Exp": 40.77630532778092,
        "RelativeDistance_Exp": 0.7282695174217224,
        "R2Score_Exp": 0.8533771832784017,
        "Forgetting_Exp": 0.04655237992604566,
        "BWT_Exp": -0.04655237992604566
    },
    "9": {
        "Loss_Exp": 27.56162140448762,
        "RelativeDistance_Exp": 0.6054858565330505,
        "R2Score_Exp": 0.9027268290519714
    },
    "stream": {
        "Loss_Stream/eval_phase/test_stream": 41.17030582263788,
        "RelativeDistance_Stream/eval_phase/test_stream": 0.8529542625686268,
        "R2Score_Stream/eval_phase/test_stream": 0.8359465532832675,
        "Forgetting_Stream/eval_phase/test_stream": {
            "0": 0.021667981147766135,
            "1": 0.010468463102976555,
            "2": 0.008007975725027205,
            "3": 0.022075176239013672,
            "4": -0.005183730806623266,
            "5": 0.003084242343902588,
            "6": 0.011676616966724396,
            "7": 0.020215295255184174,
            "8": 0.04655237992604566
        },
        "BWT_Stream/eval_phase/test_stream": {
            "0": 0.021667981147766135,
            "1": 0.010468463102976555,
            "2": 0.008007975725027205,
            "3": 0.022075176239013672,
            "4": -0.005183730806623266,
            "5": 0.003084242343902588,
            "6": 0.011676616966724396,
            "7": 0.020215295255184174,
            "8": 0.04655237992604566
        }
    }
}