{
    "0": {
        "Loss_Exp": 38.203153143988715,
        "RelativeDistance_Exp": 0.9949693444528078,
        "R2Score_Exp": 0.8221427766900313,
        "Forgetting_Exp": 0.02508944272994995,
        "BWT_Exp": -0.02508944272994995
    },
    "1": {
        "Loss_Exp": 43.82074139782362,
        "RelativeDistance_Exp": 0.9567709262088194,
        "R2Score_Exp": 0.8141015929690862,
        "Forgetting_Exp": 0.0376343484652244,
        "BWT_Exp": -0.0376343484652244
    },
    "2": {
        "Loss_Exp": 35.09349279727806,
        "RelativeDistance_Exp": 0.9721144255326719,
        "R2Score_Exp": 0.8455983132732158,
        "Forgetting_Exp": 0.0204494473885517,
        "BWT_Exp": -0.0204494473885517
    },
    "3": {
        "Loss_Exp": 28.948588385407838,
        "RelativeDistance_Exp": 1.022399497382781,
        "R2Score_Exp": 0.8832114408997929,
        "Forgetting_Exp": 0.017234209705801584,
        "BWT_Exp": -0.017234209705801584
    },
    "4": {
        "Loss_Exp": 29.69035328254498,
        "RelativeDistance_Exp": 1.0484841108322143,
        "R2Score_Exp": 0.8785375261306763,
        "Forgetting_Exp": -0.013489592075347945,
        "BWT_Exp": 0.013489592075347945
    },
    "5": {
        "Loss_Exp": 32.22754749815246,
        "RelativeDistance_Exp": 0.9293041328589121,
        "R2Score_Exp": 0.8746664971113205,
        "Forgetting_Exp": -0.010702374080816868,
        "BWT_Exp": 0.010702374080816868
    },
    "6": {
        "Loss_Exp": 31.856308633268085,
        "RelativeDistance_Exp": 1.252145517617464,
        "R2Score_Exp": 0.8785151485353708,
        "Forgetting_Exp": -0.0031847357749938965,
        "BWT_Exp": 0.0031847357749938965
    },
    "7": {
        "Loss_Exp": 43.004760810659086,
        "RelativeDistance_Exp": 0.8504944217616114,
        "R2Score_Exp": 0.8473370835698885,
        "Forgetting_Exp": 0.010322248113566412,
        "BWT_Exp": -0.010322248113566412
    },
    "8": {
        "Loss_Exp": 32.381727392819016,
        "RelativeDistance_Exp": 0.8699234657817416,
        "R2Score_Exp": 0.8900044626659818,
        "Forgetting_Exp": 0.011528597937689788,
        "BWT_Exp": -0.011528597937689788
    },
    "9": {
        "Loss_Exp": 25.82579796212222,
        "RelativeDistance_Exp": 0.8285360932350159,
        "R2Score_Exp": 0.9130666613578796
    },
    "stream": {
        "Loss_Stream/eval_phase/test_stream": 36.01213468330476,
        "RelativeDistance_Stream/eval_phase/test_stream": 0.9930062431253885,
        "R2Score_Stream/eval_phase/test_stream": 0.8518190578018364,
        "Forgetting_Stream/eval_phase/test_stream": {
            "0": 0.02508944272994995,
            "1": 0.0376343484652244,
            "2": 0.0204494473885517,
            "3": 0.017234209705801584,
            "4": -0.013489592075347945,
            "5": -0.010702374080816868,
            "6": -0.0031847357749938965,
            "7": 0.010322248113566412,
            "8": 0.011528597937689788
        },
        "BWT_Stream/eval_phase/test_stream": {
            "0": 0.02508944272994995,
            "1": 0.0376343484652244,
            "2": 0.0204494473885517,
            "3": 0.017234209705801584,
            "4": -0.013489592075347945,
            "5": -0.010702374080816868,
            "6": -0.0031847357749938965,
            "7": 0.010322248113566412,
            "8": 0.011528597937689788
        }
    }
}