{
    "0": {
        "Loss_Exp": 38.41610336303711,
        "RelativeDistance_Exp": 0.8190174102783203,
        "R2Score_Exp": 0.8320965766906738,
        "Forgetting_Exp": 0.04847121238708496,
        "BWT_Exp": -0.04847121238708496
    },
    "1": {
        "Loss_Exp": 41.5090217590332,
        "RelativeDistance_Exp": 0.6865177750587463,
        "R2Score_Exp": 0.8248485326766968,
        "Forgetting_Exp": 0.04788053035736084,
        "BWT_Exp": -0.04788053035736084
    },
    "2": {
        "Loss_Exp": 34.483951568603516,
        "RelativeDistance_Exp": 0.6714610457420349,
        "R2Score_Exp": 0.850830078125,
        "Forgetting_Exp": 0.03944385051727295,
        "BWT_Exp": -0.03944385051727295
    },
    "3": {
        "Loss_Exp": 29.033340454101562,
        "RelativeDistance_Exp": 0.6967113614082336,
        "R2Score_Exp": 0.8845183849334717,
        "Forgetting_Exp": 0.03180819749832153,
        "BWT_Exp": -0.03180819749832153
    },
    "4": {
        "Loss_Exp": 34.21205139160156,
        "RelativeDistance_Exp": 0.6407180428504944,
        "R2Score_Exp": 0.862646758556366,
        "Forgetting_Exp": 0.031535208225250244,
        "BWT_Exp": -0.031535208225250244
    },
    "5": {
        "Loss_Exp": 33.23624038696289,
        "RelativeDistance_Exp": 0.5568391680717468,
        "R2Score_Exp": 0.8717913627624512,
        "Forgetting_Exp": 0.006188035011291504,
        "BWT_Exp": -0.006188035011291504
    },
    "6": {
        "Loss_Exp": 33.101966857910156,
        "RelativeDistance_Exp": 0.6710231900215149,
        "R2Score_Exp": 0.8730068206787109,
        "Forgetting_Exp": 0.024074137210845947,
        "BWT_Exp": -0.024074137210845947
    },
    "7": {
        "Loss_Exp": 42.94906234741211,
        "RelativeDistance_Exp": 0.5142077207565308,
        "R2Score_Exp": 0.8475402593612671,
        "Forgetting_Exp": 0.031314730644226074,
        "BWT_Exp": -0.031314730644226074
    },
    "8": {
        "Loss_Exp": 32.71271896362305,
        "RelativeDistance_Exp": 0.519241213798523,
        "R2Score_Exp": 0.8886436223983765,
        "Forgetting_Exp": 0.02041447162628174,
        "BWT_Exp": -0.02041447162628174
    },
    "9": {
        "Loss_Exp": 21.259355545043945,
        "RelativeDistance_Exp": 0.4713294506072998,
        "R2Score_Exp": 0.9266692399978638
    },
    "stream": {
        "Loss_Stream/eval_phase/test_stream": 36.007024095713646,
        "RelativeDistance_Stream/eval_phase/test_stream": 0.6247066378593444,
        "R2Score_Stream/eval_phase/test_stream": 0.8662591636180877,
        "Forgetting_Stream/eval_phase/test_stream": {
            "0": 0.04847121238708496,
            "1": 0.04788053035736084,
            "2": 0.03944385051727295,
            "3": 0.03180819749832153,
            "4": 0.031535208225250244,
            "5": 0.006188035011291504,
            "6": 0.024074137210845947,
            "7": 0.031314730644226074,
            "8": 0.02041447162628174
        },
        "BWT_Stream/eval_phase/test_stream": {
            "0": 0.04847121238708496,
            "1": 0.04788053035736084,
            "2": 0.03944385051727295,
            "3": 0.03180819749832153,
            "4": 0.031535208225250244,
            "5": 0.006188035011291504,
            "6": 0.024074137210845947,
            "7": 0.031314730644226074,
            "8": 0.02041447162628174
        }
    }
}