{
    "0": {
        "Loss_Exp": 70.12458003461985,
        "Time_Exp": 0.20922640000208048,
        "RelativeDistance_Exp": 1.165538889169693,
        "R2Score_Exp": 0.692269241809845,
        "Forgetting_Exp": 0.19803315997123716,
        "BWT_Exp": -0.19803315997123716
    },
    "1": {
        "Loss_Exp": 75.17024812748924,
        "Time_Exp": 0.3095023999994737,
        "RelativeDistance_Exp": 1.1816047747929892,
        "R2Score_Exp": 0.7146204710006714,
        "Forgetting_Exp": 0.08555234670639034,
        "BWT_Exp": -0.08555234670639034
    },
    "2": {
        "Loss_Exp": 61.28884393752265,
        "Time_Exp": 0.4239037000006647,
        "RelativeDistance_Exp": 1.3973175470645611,
        "R2Score_Exp": 0.7589507744862483,
        "Forgetting_Exp": 0.07790323862662685,
        "BWT_Exp": -0.07790323862662685
    },
    "3": {
        "Loss_Exp": 61.4533061137793,
        "Time_Exp": 0.15371479999885196,
        "RelativeDistance_Exp": 1.4877047671212091,
        "R2Score_Exp": 0.7669392625490824,
        "Forgetting_Exp": 0.11529158221350777,
        "BWT_Exp": -0.11529158221350777
    },
    "4": {
        "Loss_Exp": 74.19658490857272,
        "Time_Exp": 0.12762179999845102,
        "RelativeDistance_Exp": 1.5053258623395647,
        "R2Score_Exp": 0.6986690929957798,
        "Forgetting_Exp": 0.16503307649067467,
        "BWT_Exp": -0.16503307649067467
    },
    "5": {
        "Loss_Exp": 47.70184739510258,
        "Time_Exp": 0.13513940000120783,
        "RelativeDistance_Exp": 1.4768160780270894,
        "R2Score_Exp": 0.8310154775778452,
        "Forgetting_Exp": 0.018393635749816895,
        "BWT_Exp": -0.018393635749816895
    },
    "6": {
        "Loss_Exp": 56.47748476081972,
        "Time_Exp": 0.1634535000048345,
        "RelativeDistance_Exp": 1.8024561554193497,
        "R2Score_Exp": 0.8017783537507057,
        "Forgetting_Exp": 0.06266406178474426,
        "BWT_Exp": -0.06266406178474426
    },
    "7": {
        "Loss_Exp": 69.96089899407025,
        "Time_Exp": 0.2924510000011651,
        "RelativeDistance_Exp": 1.349403291940689,
        "R2Score_Exp": 0.7616450488567352,
        "Forgetting_Exp": 0.09213749319314957,
        "BWT_Exp": -0.09213749319314957
    },
    "8": {
        "Loss_Exp": 47.824014848391364,
        "Time_Exp": 0.04164189999573864,
        "RelativeDistance_Exp": 1.2877100507418315,
        "R2Score_Exp": 0.8396221995353699,
        "Forgetting_Exp": 0.06822174787521362,
        "BWT_Exp": -0.06822174787521362
    },
    "9": {
        "Loss_Exp": 33.530441229770375,
        "Time_Exp": 0.0211388999960036,
        "RelativeDistance_Exp": 1.573356807231903,
        "R2Score_Exp": 0.8748113811016083
    },
    "stream": {
        "Loss_Stream/eval_phase/test_stream": 64.5742168058826,
        "Time_Stream/eval_phase/test_stream": 1.9112768000049982,
        "RelativeDistance_Stream/eval_phase/test_stream": 1.3895904738226055,
        "R2Score_Stream/eval_phase/test_stream": 0.7538699507713318,
        "Forgetting_Stream/eval_phase/test_stream": {
            "0": 0.19803315997123716,
            "1": 0.08555234670639034,
            "2": 0.07790323862662685,
            "3": 0.11529158221350777,
            "4": 0.16503307649067467,
            "5": 0.018393635749816895,
            "6": 0.06266406178474426,
            "7": 0.09213749319314957,
            "8": 0.06822174787521362
        },
        "BWT_Stream/eval_phase/test_stream": {
            "0": 0.19803315997123716,
            "1": 0.08555234670639034,
            "2": 0.07790323862662685,
            "3": 0.11529158221350777,
            "4": 0.16503307649067467,
            "5": 0.018393635749816895,
            "6": 0.06266406178474426,
            "7": 0.09213749319314957,
            "8": 0.06822174787521362
        }
    }
}