{
    "0": {
        "Loss_Exp": 39.863338470458984,
        "RelativeDistance_Exp": 0.9556776881217957,
        "R2Score_Exp": 0.81513911485672,
        "Forgetting_Exp": 0.07348424196243286,
        "BWT_Exp": -0.07348424196243286
    },
    "1": {
        "Loss_Exp": 52.242740631103516,
        "RelativeDistance_Exp": 0.9834392666816711,
        "R2Score_Exp": 0.7858234643936157,
        "Forgetting_Exp": 0.021208584308624268,
        "BWT_Exp": -0.021208584308624268
    },
    "2": {
        "Loss_Exp": 41.820526123046875,
        "RelativeDistance_Exp": 0.9241653084754944,
        "R2Score_Exp": 0.8216724395751953,
        "Forgetting_Exp": 0.01674509048461914,
        "BWT_Exp": -0.01674509048461914
    },
    "3": {
        "Loss_Exp": 34.71168518066406,
        "RelativeDistance_Exp": 1.043573021888733,
        "R2Score_Exp": 0.8596060276031494,
        "Forgetting_Exp": 0.01915067434310913,
        "BWT_Exp": -0.01915067434310913
    },
    "4": {
        "Loss_Exp": 42.54283905029297,
        "RelativeDistance_Exp": 0.9281392693519592,
        "R2Score_Exp": 0.829812228679657,
        "Forgetting_Exp": 0.010288774967193604,
        "BWT_Exp": -0.010288774967193604
    },
    "5": {
        "Loss_Exp": 37.01893615722656,
        "RelativeDistance_Exp": 0.6841607093811035,
        "R2Score_Exp": 0.8580085635185242,
        "Forgetting_Exp": -0.014372408390045166,
        "BWT_Exp": 0.014372408390045166
    },
    "6": {
        "Loss_Exp": 33.926429748535156,
        "RelativeDistance_Exp": 0.861854076385498,
        "R2Score_Exp": 0.8745198845863342,
        "Forgetting_Exp": 0.00124281644821167,
        "BWT_Exp": -0.00124281644821167
    },
    "7": {
        "Loss_Exp": 51.710208892822266,
        "RelativeDistance_Exp": 0.6362971067428589,
        "R2Score_Exp": 0.822243869304657,
        "Forgetting_Exp": 0.018165171146392822,
        "BWT_Exp": -0.018165171146392822
    },
    "8": {
        "Loss_Exp": 37.92503356933594,
        "RelativeDistance_Exp": 0.7039124369621277,
        "R2Score_Exp": 0.8761374950408936,
        "Forgetting_Exp": 0.017345726490020752,
        "BWT_Exp": -0.017345726490020752
    },
    "9": {
        "Loss_Exp": 31.747840881347656,
        "RelativeDistance_Exp": 0.7257190942764282,
        "R2Score_Exp": 0.8996741771697998
    },
    "stream": {
        "Loss_Stream/eval_phase/test_stream": 42.3266821717849,
        "RelativeDistance_Stream/eval_phase/test_stream": 0.844693797826767,
        "R2Score_Stream/eval_phase/test_stream": 0.8442637264728546,
        "Forgetting_Stream/eval_phase/test_stream": {
            "0": 0.07348424196243286,
            "1": 0.021208584308624268,
            "2": 0.01674509048461914,
            "3": 0.01915067434310913,
            "4": 0.010288774967193604,
            "5": -0.014372408390045166,
            "6": 0.00124281644821167,
            "7": 0.018165171146392822,
            "8": 0.017345726490020752
        },
        "BWT_Stream/eval_phase/test_stream": {
            "0": 0.07348424196243286,
            "1": 0.021208584308624268,
            "2": 0.01674509048461914,
            "3": 0.01915067434310913,
            "4": 0.010288774967193604,
            "5": -0.014372408390045166,
            "6": 0.00124281644821167,
            "7": 0.018165171146392822,
            "8": 0.017345726490020752
        }
    }
}