{
    "0": {
        "Loss_Exp": 78.30699011397688,
        "RelativeDistance_Exp": 0.7732305228710175,
        "R2Score_Exp": 0.7431918382644653,
        "Forgetting_Exp": 0.10312208533287048,
        "BWT_Exp": -0.10312208533287048
    },
    "1": {
        "Loss_Exp": 38.72343110911726,
        "RelativeDistance_Exp": 0.7521696984767914,
        "R2Score_Exp": 0.8548063039779663,
        "Forgetting_Exp": 0.03632187843322754,
        "BWT_Exp": -0.03632187843322754
    },
    "2": {
        "Loss_Exp": 49.8121155369632,
        "RelativeDistance_Exp": 0.5755480726559957,
        "R2Score_Exp": 0.8080799182256063,
        "Forgetting_Exp": 0.028404176235198975,
        "BWT_Exp": -0.028404176235198975
    },
    "3": {
        "Loss_Exp": 37.06847457578724,
        "RelativeDistance_Exp": 0.49733446538448334,
        "R2Score_Exp": 0.8484842479228973,
        "Forgetting_Exp": 0.013948112726211548,
        "BWT_Exp": -0.013948112726211548
    },
    "4": {
        "Loss_Exp": 30.566883801244884,
        "RelativeDistance_Exp": 0.5521076023578644,
        "R2Score_Exp": 0.8409075736999512,
        "Forgetting_Exp": 0.05135318636894226,
        "BWT_Exp": -0.05135318636894226
    },
    "5": {
        "Loss_Exp": 36.94480137665,
        "RelativeDistance_Exp": 0.5257540345191956,
        "R2Score_Exp": 0.8076318899790446,
        "Forgetting_Exp": 0.06837332248687744,
        "BWT_Exp": -0.06837332248687744
    },
    "6": {
        "Loss_Exp": 37.189820847179675,
        "RelativeDistance_Exp": 0.5127634902795156,
        "R2Score_Exp": 0.8486097852389017,
        "Forgetting_Exp": 0.014555533727010128,
        "BWT_Exp": -0.014555533727010128
    },
    "7": {
        "Loss_Exp": 33.701509617898765,
        "RelativeDistance_Exp": 0.3745388239622116,
        "R2Score_Exp": 0.87888103723526,
        "Forgetting_Exp": 0.040350139141082764,
        "BWT_Exp": -0.040350139141082764
    },
    "8": {
        "Loss_Exp": 33.53766569896925,
        "RelativeDistance_Exp": 0.43740135431289673,
        "R2Score_Exp": 0.8646507859230042,
        "Forgetting_Exp": 0.01768559217453003,
        "BWT_Exp": -0.01768559217453003
    },
    "9": {
        "Loss_Exp": 39.79274388043529,
        "RelativeDistance_Exp": 0.5538001507520676,
        "R2Score_Exp": 0.8683911859989166
    },
    "stream": {
        "Loss_Stream/eval_phase/test_stream": 41.06791960735201,
        "RelativeDistance_Stream/eval_phase/test_stream": 0.5531030893325806,
        "R2Score_Stream/eval_phase/test_stream": 0.8349362349510193,
        "Forgetting_Stream/eval_phase/test_stream": {
            "0": 0.10312208533287048,
            "1": 0.03632187843322754,
            "2": 0.028404176235198975,
            "3": 0.013948112726211548,
            "4": 0.05135318636894226,
            "5": 0.06837332248687744,
            "6": 0.014555533727010128,
            "7": 0.040350139141082764,
            "8": 0.01768559217453003
        },
        "BWT_Stream/eval_phase/test_stream": {
            "0": 0.10312208533287048,
            "1": 0.03632187843322754,
            "2": 0.028404176235198975,
            "3": 0.013948112726211548,
            "4": 0.05135318636894226,
            "5": 0.06837332248687744,
            "6": 0.014555533727010128,
            "7": 0.040350139141082764,
            "8": 0.01768559217453003
        }
    }
}