{
    "0": {
        "Loss_Exp": 104.703729551438,
        "RelativeDistance_Exp": 0.9997730255126953,
        "R2Score_Exp": 0.7627505958080292,
        "Forgetting_Exp": 0.11914333701133728,
        "BWT_Exp": -0.11914333701133728
    },
    "1": {
        "Loss_Exp": 72.55176644227328,
        "RelativeDistance_Exp": 0.9669484794139862,
        "R2Score_Exp": 0.7905284464359283,
        "Forgetting_Exp": 0.09638422727584839,
        "BWT_Exp": -0.09638422727584839
    },
    "2": {
        "Loss_Exp": 52.06090051145904,
        "RelativeDistance_Exp": 0.7598363757133484,
        "R2Score_Exp": 0.8323047558466593,
        "Forgetting_Exp": -0.03480432430903113,
        "BWT_Exp": 0.03480432430903113
    },
    "3": {
        "Loss_Exp": 46.965226355282255,
        "RelativeDistance_Exp": 0.6418717503547668,
        "R2Score_Exp": 0.8456800282001495,
        "Forgetting_Exp": -0.016262173652648926,
        "BWT_Exp": 0.016262173652648926
    },
    "4": {
        "Loss_Exp": 43.57838182331072,
        "RelativeDistance_Exp": 0.7396205514669418,
        "R2Score_Exp": 0.8560815751552582,
        "Forgetting_Exp": -0.026159361004829407,
        "BWT_Exp": 0.026159361004829407
    },
    "5": {
        "Loss_Exp": 44.37899796859078,
        "RelativeDistance_Exp": 0.6780046025911967,
        "R2Score_Exp": 0.8264689445495605,
        "Forgetting_Exp": 0.006206214427947998,
        "BWT_Exp": -0.006206214427947998
    },
    "6": {
        "Loss_Exp": 50.892604405829246,
        "RelativeDistance_Exp": 0.6798495650291443,
        "R2Score_Exp": 0.8440186182657877,
        "Forgetting_Exp": 0.0049542983373006555,
        "BWT_Exp": -0.0049542983373006555
    },
    "7": {
        "Loss_Exp": 39.029090881347656,
        "RelativeDistance_Exp": 0.6739363670349121,
        "R2Score_Exp": 0.8461036682128906,
        "Forgetting_Exp": 0.02773064374923706,
        "BWT_Exp": -0.02773064374923706
    },
    "8": {
        "Loss_Exp": 50.341833217361774,
        "RelativeDistance_Exp": 0.829793393611908,
        "R2Score_Exp": 0.8468701839447021,
        "Forgetting_Exp": -0.002360612154006958,
        "BWT_Exp": 0.002360612154006958
    },
    "9": {
        "Loss_Exp": 57.792980974671465,
        "RelativeDistance_Exp": 0.7792184948921204,
        "R2Score_Exp": 0.8424507975578308
    },
    "stream": {
        "Loss_Stream/eval_phase/test_stream": 54.84614994317363,
        "RelativeDistance_Stream/eval_phase/test_stream": 0.7675291871031126,
        "R2Score_Stream/eval_phase/test_stream": 0.8314736261963844,
        "Forgetting_Stream/eval_phase/test_stream": {
            "0": 0.11914333701133728,
            "1": 0.09638422727584839,
            "2": -0.03480432430903113,
            "3": -0.016262173652648926,
            "4": -0.026159361004829407,
            "5": 0.006206214427947998,
            "6": 0.0049542983373006555,
            "7": 0.02773064374923706,
            "8": -0.002360612154006958
        },
        "BWT_Stream/eval_phase/test_stream": {
            "0": 0.11914333701133728,
            "1": 0.09638422727584839,
            "2": -0.03480432430903113,
            "3": -0.016262173652648926,
            "4": -0.026159361004829407,
            "5": 0.006206214427947998,
            "6": 0.0049542983373006555,
            "7": 0.02773064374923706,
            "8": -0.002360612154006958
        }
    }
}