{
    "0": {
        "Loss_Exp": 104.59092847143697,
        "RelativeDistance_Exp": 0.9279769062995911,
        "R2Score_Exp": 0.764321357011795,
        "Forgetting_Exp": 0.11316072940826416,
        "BWT_Exp": -0.11316072940826416
    },
    "1": {
        "Loss_Exp": 77.19379920818857,
        "RelativeDistance_Exp": 0.9740890860557556,
        "R2Score_Exp": 0.7766319513320923,
        "Forgetting_Exp": 0.11357927322387695,
        "BWT_Exp": -0.11357927322387695
    },
    "2": {
        "Loss_Exp": 52.12265054998949,
        "RelativeDistance_Exp": 0.6766495307286581,
        "R2Score_Exp": 0.8328939080238342,
        "Forgetting_Exp": -0.012627164522806766,
        "BWT_Exp": 0.012627164522806766
    },
    "3": {
        "Loss_Exp": 47.07333849802027,
        "RelativeDistance_Exp": 0.5745152831077576,
        "R2Score_Exp": 0.8449435532093048,
        "Forgetting_Exp": 0.007586777210235596,
        "BWT_Exp": -0.007586777210235596
    },
    "4": {
        "Loss_Exp": 46.59113636038349,
        "RelativeDistance_Exp": 0.6900487393140793,
        "R2Score_Exp": 0.8477078527212143,
        "Forgetting_Exp": -0.005091920495033264,
        "BWT_Exp": 0.005091920495033264
    },
    "5": {
        "Loss_Exp": 45.994654116423234,
        "RelativeDistance_Exp": 0.5986408392588297,
        "R2Score_Exp": 0.8203617533047994,
        "Forgetting_Exp": 0.023179789384206062,
        "BWT_Exp": -0.023179789384206062
    },
    "6": {
        "Loss_Exp": 54.10674445330392,
        "RelativeDistance_Exp": 0.672104557355245,
        "R2Score_Exp": 0.8328367869059244,
        "Forgetting_Exp": 0.012666424115498898,
        "BWT_Exp": -0.012666424115498898
    },
    "7": {
        "Loss_Exp": 36.97187042236328,
        "RelativeDistance_Exp": 0.6028054356575012,
        "R2Score_Exp": 0.8542155027389526,
        "Forgetting_Exp": 0.018176764249801636,
        "BWT_Exp": -0.018176764249801636
    },
    "8": {
        "Loss_Exp": 50.75097727421947,
        "RelativeDistance_Exp": 0.7815374732017517,
        "R2Score_Exp": 0.8476007282733917,
        "Forgetting_Exp": -0.004662632942199707,
        "BWT_Exp": 0.004662632942199707
    },
    "9": {
        "Loss_Exp": 56.241302843038746,
        "RelativeDistance_Exp": 0.6723847687244415,
        "R2Score_Exp": 0.8471188247203827
    },
    "stream": {
        "Loss_Stream/eval_phase/test_stream": 56.13894874180819,
        "RelativeDistance_Stream/eval_phase/test_stream": 0.7110913420716921,
        "R2Score_Stream/eval_phase/test_stream": 0.827689878642559,
        "Forgetting_Stream/eval_phase/test_stream": {
            "0": 0.11316072940826416,
            "1": 0.11357927322387695,
            "2": -0.012627164522806766,
            "3": 0.007586777210235596,
            "4": -0.005091920495033264,
            "5": 0.023179789384206062,
            "6": 0.012666424115498898,
            "7": 0.018176764249801636,
            "8": -0.004662632942199707
        },
        "BWT_Stream/eval_phase/test_stream": {
            "0": 0.11316072940826416,
            "1": 0.11357927322387695,
            "2": -0.012627164522806766,
            "3": 0.007586777210235596,
            "4": -0.005091920495033264,
            "5": 0.023179789384206062,
            "6": 0.012666424115498898,
            "7": 0.018176764249801636,
            "8": -0.004662632942199707
        }
    }
}