{
    "0": {
        "Loss_Exp": 69.46976414646493,
        "RelativeDistance_Exp": 1.0059134781360626,
        "R2Score_Exp": 0.7034525752067566,
        "Forgetting_Exp": 0.14540020823478694,
        "BWT_Exp": -0.14540020823478694
    },
    "1": {
        "Loss_Exp": 71.96816912280434,
        "RelativeDistance_Exp": 0.8740135828653971,
        "R2Score_Exp": 0.7136503100395203,
        "Forgetting_Exp": 0.1671539823214213,
        "BWT_Exp": -0.1671539823214213
    },
    "2": {
        "Loss_Exp": 51.96627437708998,
        "RelativeDistance_Exp": 0.8180565650646503,
        "R2Score_Exp": 0.7760964035987854,
        "Forgetting_Exp": 0.12500084363497221,
        "BWT_Exp": -0.12500084363497221
    },
    "3": {
        "Loss_Exp": 36.09183848239399,
        "RelativeDistance_Exp": 0.9147118859820895,
        "R2Score_Exp": 0.8586909572283427,
        "Forgetting_Exp": 0.07129797008302485,
        "BWT_Exp": -0.07129797008302485
    },
    "4": {
        "Loss_Exp": 36.64243571024704,
        "RelativeDistance_Exp": 0.7714101587023053,
        "R2Score_Exp": 0.8497317859104702,
        "Forgetting_Exp": 0.061502609934125596,
        "BWT_Exp": -0.061502609934125596
    },
    "5": {
        "Loss_Exp": 38.48462115992739,
        "RelativeDistance_Exp": 0.6702625751495361,
        "R2Score_Exp": 0.848015159368515,
        "Forgetting_Exp": 0.04302583138147986,
        "BWT_Exp": -0.04302583138147986
    },
    "6": {
        "Loss_Exp": 34.304725406558454,
        "RelativeDistance_Exp": 0.785934716463089,
        "R2Score_Exp": 0.8669095933437347,
        "Forgetting_Exp": 0.03662867844104767,
        "BWT_Exp": -0.03662867844104767
    },
    "7": {
        "Loss_Exp": 43.2550744141513,
        "RelativeDistance_Exp": 0.5800012573599815,
        "R2Score_Exp": 0.8471527993679047,
        "Forgetting_Exp": 0.04562108963727951,
        "BWT_Exp": -0.04562108963727951
    },
    "8": {
        "Loss_Exp": 27.778905808132357,
        "RelativeDistance_Exp": 0.5099294583002726,
        "R2Score_Exp": 0.904241681098938,
        "Forgetting_Exp": 0.022227386633555057,
        "BWT_Exp": -0.022227386633555057
    },
    "9": {
        "Loss_Exp": 18.778063651687937,
        "RelativeDistance_Exp": 0.4918234795331955,
        "R2Score_Exp": 0.9265113472938538
    },
    "stream": {
        "Loss_Stream/eval_phase/test_stream": 50.01525172719561,
        "RelativeDistance_Stream/eval_phase/test_stream": 0.8012203769183454,
        "R2Score_Stream/eval_phase/test_stream": 0.8008791679217492,
        "Forgetting_Stream/eval_phase/test_stream": {
            "0": 0.14540020823478694,
            "1": 0.1671539823214213,
            "2": 0.12500084363497221,
            "3": 0.07129797008302485,
            "4": 0.061502609934125596,
            "5": 0.04302583138147986,
            "6": 0.03662867844104767,
            "7": 0.04562108963727951,
            "8": 0.022227386633555057
        },
        "BWT_Stream/eval_phase/test_stream": {
            "0": 0.14540020823478694,
            "1": 0.1671539823214213,
            "2": 0.12500084363497221,
            "3": 0.07129797008302485,
            "4": 0.061502609934125596,
            "5": 0.04302583138147986,
            "6": 0.03662867844104767,
            "7": 0.04562108963727951,
            "8": 0.022227386633555057
        }
    }
}