{
    "0": {
        "Loss_Exp": 94.64184238366913,
        "RelativeDistance_Exp": 0.9947454631328583,
        "R2Score_Exp": 0.783411055803299,
        "Forgetting_Exp": 0.08810240030288696,
        "BWT_Exp": -0.08810240030288696
    },
    "1": {
        "Loss_Exp": 84.59754835372853,
        "RelativeDistance_Exp": 1.686802864074707,
        "R2Score_Exp": 0.7532338500022888,
        "Forgetting_Exp": 0.13747075200080872,
        "BWT_Exp": -0.13747075200080872
    },
    "2": {
        "Loss_Exp": 67.21135881657182,
        "RelativeDistance_Exp": 0.744131604830424,
        "R2Score_Exp": 0.7839340766270956,
        "Forgetting_Exp": 0.04392576217651367,
        "BWT_Exp": -0.04392576217651367
    },
    "3": {
        "Loss_Exp": 59.36072650759299,
        "RelativeDistance_Exp": 0.6472357511520386,
        "R2Score_Exp": 0.8050170242786407,
        "Forgetting_Exp": 0.0496349036693573,
        "BWT_Exp": -0.0496349036693573
    },
    "4": {
        "Loss_Exp": 54.22763679530198,
        "RelativeDistance_Exp": 0.8770369440317154,
        "R2Score_Exp": 0.8174084722995758,
        "Forgetting_Exp": 0.027439847588539124,
        "BWT_Exp": -0.027439847588539124
    },
    "5": {
        "Loss_Exp": 44.65300734146781,
        "RelativeDistance_Exp": 0.6862820386886597,
        "R2Score_Exp": 0.8241247336069742,
        "Forgetting_Exp": 0.015411774317423577,
        "BWT_Exp": -0.015411774317423577
    },
    "6": {
        "Loss_Exp": 53.00858208947148,
        "RelativeDistance_Exp": 0.8141083717346191,
        "R2Score_Exp": 0.8217037916183472,
        "Forgetting_Exp": 0.01738983392715454,
        "BWT_Exp": -0.01738983392715454
    },
    "7": {
        "Loss_Exp": 45.17853546142578,
        "RelativeDistance_Exp": 0.6357728242874146,
        "R2Score_Exp": 0.8218556642532349,
        "Forgetting_Exp": 0.048464685678482056,
        "BWT_Exp": -0.048464685678482056
    },
    "8": {
        "Loss_Exp": 59.785211776030614,
        "RelativeDistance_Exp": 1.2852579355239868,
        "R2Score_Exp": 0.8000977635383606,
        "Forgetting_Exp": 0.01671212911605835,
        "BWT_Exp": -0.01671212911605835
    },
    "9": {
        "Loss_Exp": 63.864796324272376,
        "RelativeDistance_Exp": 0.8678355515003204,
        "R2Score_Exp": 0.8281006813049316
    },
    "stream": {
        "Loss_Stream/eval_phase/test_stream": 61.66944172155545,
        "RelativeDistance_Stream/eval_phase/test_stream": 0.910051740705967,
        "R2Score_Stream/eval_phase/test_stream": 0.805020754535993,
        "Forgetting_Stream/eval_phase/test_stream": {
            "0": 0.08810240030288696,
            "1": 0.13747075200080872,
            "2": 0.04392576217651367,
            "3": 0.0496349036693573,
            "4": 0.027439847588539124,
            "5": 0.015411774317423577,
            "6": 0.01738983392715454,
            "7": 0.048464685678482056,
            "8": 0.01671212911605835
        },
        "BWT_Stream/eval_phase/test_stream": {
            "0": 0.08810240030288696,
            "1": 0.13747075200080872,
            "2": 0.04392576217651367,
            "3": 0.0496349036693573,
            "4": 0.027439847588539124,
            "5": 0.015411774317423577,
            "6": 0.01738983392715454,
            "7": 0.048464685678482056,
            "8": 0.01671212911605835
        }
    }
}