{
    "0": {
        "Loss_Exp": 97.15944495842471,
        "RelativeDistance_Exp": 0.8922205567359924,
        "R2Score_Exp": 0.7779844403266907,
        "Forgetting_Exp": 0.09159347414970398,
        "BWT_Exp": -0.09159347414970398
    },
    "1": {
        "Loss_Exp": 85.41846668952512,
        "RelativeDistance_Exp": 1.266145646572113,
        "R2Score_Exp": 0.7491537630558014,
        "Forgetting_Exp": 0.15703842043876648,
        "BWT_Exp": -0.15703842043876648
    },
    "2": {
        "Loss_Exp": 63.33248962608389,
        "RelativeDistance_Exp": 0.6855218807856241,
        "R2Score_Exp": 0.7928786476453146,
        "Forgetting_Exp": 0.040356457233428955,
        "BWT_Exp": -0.040356457233428955
    },
    "3": {
        "Loss_Exp": 61.434428872301886,
        "RelativeDistance_Exp": 0.592896044254303,
        "R2Score_Exp": 0.7968909442424774,
        "Forgetting_Exp": 0.06930133700370789,
        "BWT_Exp": -0.06930133700370789
    },
    "4": {
        "Loss_Exp": 55.01200516624408,
        "RelativeDistance_Exp": 0.732497975230217,
        "R2Score_Exp": 0.8211592882871628,
        "Forgetting_Exp": 0.01875026524066925,
        "BWT_Exp": -0.01875026524066925
    },
    "5": {
        "Loss_Exp": 49.55590770555579,
        "RelativeDistance_Exp": 0.60108749071757,
        "R2Score_Exp": 0.8062584201494852,
        "Forgetting_Exp": 0.021893660227457756,
        "BWT_Exp": -0.021893660227457756
    },
    "6": {
        "Loss_Exp": 65.59550256390943,
        "RelativeDistance_Exp": 0.7277796665827433,
        "R2Score_Exp": 0.8076043128967285,
        "Forgetting_Exp": -0.02804158131281531,
        "BWT_Exp": 0.02804158131281531
    },
    "7": {
        "Loss_Exp": 50.706138610839844,
        "RelativeDistance_Exp": 0.5638757944107056,
        "R2Score_Exp": 0.8000596761703491,
        "Forgetting_Exp": 0.05835404992103577,
        "BWT_Exp": -0.05835404992103577
    },
    "8": {
        "Loss_Exp": 67.05428262989005,
        "RelativeDistance_Exp": 1.2898250222206116,
        "R2Score_Exp": 0.7707346081733704,
        "Forgetting_Exp": 0.03729543089866638,
        "BWT_Exp": -0.03729543089866638
    },
    "9": {
        "Loss_Exp": 66.39375315759912,
        "RelativeDistance_Exp": 0.6753671765327454,
        "R2Score_Exp": 0.8188430070877075
    },
    "stream": {
        "Loss_Stream/eval_phase/test_stream": 64.67380621026096,
        "RelativeDistance_Stream/eval_phase/test_stream": 0.7904143209258715,
        "R2Score_Stream/eval_phase/test_stream": 0.7971722707152367,
        "Forgetting_Stream/eval_phase/test_stream": {
            "0": 0.09159347414970398,
            "1": 0.15703842043876648,
            "2": 0.040356457233428955,
            "3": 0.06930133700370789,
            "4": 0.01875026524066925,
            "5": 0.021893660227457756,
            "6": -0.02804158131281531,
            "7": 0.05835404992103577,
            "8": 0.03729543089866638
        },
        "BWT_Stream/eval_phase/test_stream": {
            "0": 0.09159347414970398,
            "1": 0.15703842043876648,
            "2": 0.040356457233428955,
            "3": 0.06930133700370789,
            "4": 0.01875026524066925,
            "5": 0.021893660227457756,
            "6": -0.02804158131281531,
            "7": 0.05835404992103577,
            "8": 0.03729543089866638
        }
    }
}