{
    "0": {
        "Loss_Exp": 34.875431060791016,
        "RelativeDistance_Exp": 0.5800411701202393,
        "R2Score_Exp": 0.8505637049674988,
        "Forgetting_Exp": 0.049154460430145264,
        "BWT_Exp": -0.049154460430145264
    },
    "1": {
        "Loss_Exp": 36.000526428222656,
        "RelativeDistance_Exp": 0.6682109236717224,
        "R2Score_Exp": 0.8484898805618286,
        "Forgetting_Exp": 0.04077976942062378,
        "BWT_Exp": -0.04077976942062378
    },
    "2": {
        "Loss_Exp": 40.09754943847656,
        "RelativeDistance_Exp": 0.7425328493118286,
        "R2Score_Exp": 0.8325391411781311,
        "Forgetting_Exp": 0.05451512336730957,
        "BWT_Exp": -0.05451512336730957
    },
    "3": {
        "Loss_Exp": 37.90944290161133,
        "RelativeDistance_Exp": 0.7148783206939697,
        "R2Score_Exp": 0.83000648021698,
        "Forgetting_Exp": 0.05371600389480591,
        "BWT_Exp": -0.05371600389480591
    },
    "4": {
        "Loss_Exp": 46.96554183959961,
        "RelativeDistance_Exp": 0.7909615635871887,
        "R2Score_Exp": 0.8262187242507935,
        "Forgetting_Exp": 0.057097792625427246,
        "BWT_Exp": -0.057097792625427246
    },
    "5": {
        "Loss_Exp": 42.65734100341797,
        "RelativeDistance_Exp": 0.7306183576583862,
        "R2Score_Exp": 0.8378010988235474,
        "Forgetting_Exp": 0.04995805025100708,
        "BWT_Exp": -0.04995805025100708
    },
    "6": {
        "Loss_Exp": 40.68098831176758,
        "RelativeDistance_Exp": 0.6116308569908142,
        "R2Score_Exp": 0.8372597694396973,
        "Forgetting_Exp": 0.04671669006347656,
        "BWT_Exp": -0.04671669006347656
    },
    "7": {
        "Loss_Exp": 38.558616638183594,
        "RelativeDistance_Exp": 0.6381774544715881,
        "R2Score_Exp": 0.8505324125289917,
        "Forgetting_Exp": 0.012919425964355469,
        "BWT_Exp": -0.012919425964355469
    },
    "8": {
        "Loss_Exp": 41.88438415527344,
        "RelativeDistance_Exp": 0.43585482239723206,
        "R2Score_Exp": 0.8472763299942017,
        "Forgetting_Exp": 0.06093418598175049,
        "BWT_Exp": -0.06093418598175049
    },
    "9": {
        "Loss_Exp": 20.150249481201172,
        "RelativeDistance_Exp": 0.5737521052360535,
        "R2Score_Exp": 0.9251590967178345
    },
    "stream": {
        "Loss_Stream/eval_phase/test_stream": 39.590762757292524,
        "RelativeDistance_Stream/eval_phase/test_stream": 0.6486658424139022,
        "R2Score_Stream/eval_phase/test_stream": 0.8485846638679504,
        "Forgetting_Stream/eval_phase/test_stream": {
            "0": 0.049154460430145264,
            "1": 0.04077976942062378,
            "2": 0.05451512336730957,
            "3": 0.05371600389480591,
            "4": 0.057097792625427246,
            "5": 0.04995805025100708,
            "6": 0.04671669006347656,
            "7": 0.012919425964355469,
            "8": 0.06093418598175049
        },
        "BWT_Stream/eval_phase/test_stream": {
            "0": 0.049154460430145264,
            "1": 0.04077976942062378,
            "2": 0.05451512336730957,
            "3": 0.05371600389480591,
            "4": 0.057097792625427246,
            "5": 0.04995805025100708,
            "6": 0.04671669006347656,
            "7": 0.012919425964355469,
            "8": 0.06093418598175049
        }
    }
}