{
    "0": {
        "Loss_Exp": 62.37929916381836,
        "RelativeDistance_Exp": 1.1606810092926025,
        "R2Score_Exp": 0.7480071783065796,
        "Forgetting_Exp": 0.1413975954055786,
        "BWT_Exp": -0.1413975954055786
    },
    "1": {
        "Loss_Exp": 66.90474700927734,
        "RelativeDistance_Exp": 1.1064735651016235,
        "R2Score_Exp": 0.740050196647644,
        "Forgetting_Exp": 0.1410648226737976,
        "BWT_Exp": -0.1410648226737976
    },
    "2": {
        "Loss_Exp": 46.604976654052734,
        "RelativeDistance_Exp": 0.9146580696105957,
        "R2Score_Exp": 0.8103689551353455,
        "Forgetting_Exp": 0.0869186520576477,
        "BWT_Exp": -0.0869186520576477
    },
    "3": {
        "Loss_Exp": 32.72771453857422,
        "RelativeDistance_Exp": 0.8499776721000671,
        "R2Score_Exp": 0.8738361597061157,
        "Forgetting_Exp": 0.05551314353942871,
        "BWT_Exp": -0.05551314353942871
    },
    "4": {
        "Loss_Exp": 40.64337158203125,
        "RelativeDistance_Exp": 0.8242973685264587,
        "R2Score_Exp": 0.8409417271614075,
        "Forgetting_Exp": 0.06272298097610474,
        "BWT_Exp": -0.06272298097610474
    },
    "5": {
        "Loss_Exp": 38.997676849365234,
        "RelativeDistance_Exp": 0.7254473567008972,
        "R2Score_Exp": 0.851664125919342,
        "Forgetting_Exp": 0.033711135387420654,
        "BWT_Exp": -0.033711135387420654
    },
    "6": {
        "Loss_Exp": 33.731544494628906,
        "RelativeDistance_Exp": 0.9034194946289062,
        "R2Score_Exp": 0.8720160722732544,
        "Forgetting_Exp": 0.024745583534240723,
        "BWT_Exp": -0.024745583534240723
    },
    "7": {
        "Loss_Exp": 44.47404479980469,
        "RelativeDistance_Exp": 0.6240305304527283,
        "R2Score_Exp": 0.8442736864089966,
        "Forgetting_Exp": 0.0485459566116333,
        "BWT_Exp": -0.0485459566116333
    },
    "8": {
        "Loss_Exp": 29.24540138244629,
        "RelativeDistance_Exp": 0.5756517648696899,
        "R2Score_Exp": 0.9029005765914917,
        "Forgetting_Exp": 0.00921410322189331,
        "BWT_Exp": -0.00921410322189331
    },
    "9": {
        "Loss_Exp": 20.157400131225586,
        "RelativeDistance_Exp": 0.508027970790863,
        "R2Score_Exp": 0.9301967024803162
    },
    "stream": {
        "Loss_Stream/eval_phase/test_stream": 47.38455669375214,
        "RelativeDistance_Stream/eval_phase/test_stream": 0.8192664802074432,
        "R2Score_Stream/eval_phase/test_stream": 0.8414255380630493,
        "Forgetting_Stream/eval_phase/test_stream": {
            "0": 0.1413975954055786,
            "1": 0.1410648226737976,
            "2": 0.0869186520576477,
            "3": 0.05551314353942871,
            "4": 0.06272298097610474,
            "5": 0.033711135387420654,
            "6": 0.024745583534240723,
            "7": 0.0485459566116333,
            "8": 0.00921410322189331
        },
        "BWT_Stream/eval_phase/test_stream": {
            "0": 0.1413975954055786,
            "1": 0.1410648226737976,
            "2": 0.0869186520576477,
            "3": 0.05551314353942871,
            "4": 0.06272298097610474,
            "5": 0.033711135387420654,
            "6": 0.024745583534240723,
            "7": 0.0485459566116333,
            "8": 0.00921410322189331
        }
    }
}