{
    "0": {
        "Loss_Exp": 48.522661446625335,
        "RelativeDistance_Exp": 1.1081776320934296,
        "R2Score_Exp": 0.7855660200119019,
        "Forgetting_Exp": 0.06051675677299495,
        "BWT_Exp": -0.06051675677299495
    },
    "1": {
        "Loss_Exp": 51.528507445404315,
        "RelativeDistance_Exp": 1.0789804180463156,
        "R2Score_Exp": 0.7837069710095723,
        "Forgetting_Exp": 0.06842557589213061,
        "BWT_Exp": -0.06842557589213061
    },
    "2": {
        "Loss_Exp": 38.73584090274413,
        "RelativeDistance_Exp": 1.0150830562298114,
        "R2Score_Exp": 0.831853618988624,
        "Forgetting_Exp": 0.03593940001267659,
        "BWT_Exp": -0.03593940001267659
    },
    "3": {
        "Loss_Exp": 32.97099425925937,
        "RelativeDistance_Exp": 1.0879713628027174,
        "R2Score_Exp": 0.8648906548817953,
        "Forgetting_Exp": 0.033864398797353035,
        "BWT_Exp": -0.033864398797353035
    },
    "4": {
        "Loss_Exp": 37.96717669395409,
        "RelativeDistance_Exp": 1.0381732668195451,
        "R2Score_Exp": 0.8486597623143878,
        "Forgetting_Exp": 0.026703834533691406,
        "BWT_Exp": -0.026703834533691406
    },
    "5": {
        "Loss_Exp": 37.30995218360625,
        "RelativeDistance_Exp": 0.9597936471303304,
        "R2Score_Exp": 0.8528369466463724,
        "Forgetting_Exp": 0.014735490083694458,
        "BWT_Exp": -0.014735490083694458
    },
    "6": {
        "Loss_Exp": 34.83803835201592,
        "RelativeDistance_Exp": 1.2657428234815598,
        "R2Score_Exp": 0.8661578297615051,
        "Forgetting_Exp": 0.018820777535438538,
        "BWT_Exp": -0.018820777535438538
    },
    "7": {
        "Loss_Exp": 44.99232206015215,
        "RelativeDistance_Exp": 0.8842832744121552,
        "R2Score_Exp": 0.8439535722136497,
        "Forgetting_Exp": 0.027565710246562958,
        "BWT_Exp": -0.027565710246562958
    },
    "8": {
        "Loss_Exp": 32.3904407040796,
        "RelativeDistance_Exp": 0.7909494439760844,
        "R2Score_Exp": 0.8872325420379639,
        "Forgetting_Exp": 0.028631091117858887,
        "BWT_Exp": -0.028631091117858887
    },
    "9": {
        "Loss_Exp": 23.9245172249723,
        "RelativeDistance_Exp": 0.7817506492137909,
        "R2Score_Exp": 0.9109228849411011
    },
    "stream": {
        "Loss_Stream/eval_phase/test_stream": 41.38433412350622,
        "RelativeDistance_Stream/eval_phase/test_stream": 1.0421831821217948,
        "R2Score_Stream/eval_phase/test_stream": 0.8324870658509526,
        "Forgetting_Stream/eval_phase/test_stream": {
            "0": 0.06051675677299495,
            "1": 0.06842557589213061,
            "2": 0.03593940001267659,
            "3": 0.033864398797353035,
            "4": 0.026703834533691406,
            "5": 0.014735490083694458,
            "6": 0.018820777535438538,
            "7": 0.027565710246562958,
            "8": 0.028631091117858887
        },
        "BWT_Stream/eval_phase/test_stream": {
            "0": 0.06051675677299495,
            "1": 0.06842557589213061,
            "2": 0.03593940001267659,
            "3": 0.033864398797353035,
            "4": 0.026703834533691406,
            "5": 0.014735490083694458,
            "6": 0.018820777535438538,
            "7": 0.027565710246562958,
            "8": 0.028631091117858887
        }
    }
}