{
    "0": {
        "Loss_Exp": 58.42044576009115,
        "RelativeDistance_Exp": 0.619886726140976,
        "R2Score_Exp": 0.7993179559707642,
        "Forgetting_Exp": 0.03979289531707764,
        "BWT_Exp": -0.03979289531707764
    },
    "1": {
        "Loss_Exp": 34.05958286052674,
        "RelativeDistance_Exp": 0.7056536078453064,
        "R2Score_Exp": 0.8598194122314453,
        "Forgetting_Exp": 0.035921305418014526,
        "BWT_Exp": -0.035921305418014526
    },
    "2": {
        "Loss_Exp": 41.20641567078431,
        "RelativeDistance_Exp": 0.5371647874514262,
        "R2Score_Exp": 0.8226811289787292,
        "Forgetting_Exp": 0.024833599726359012,
        "BWT_Exp": -0.024833599726359012
    },
    "3": {
        "Loss_Exp": 29.934917162121902,
        "RelativeDistance_Exp": 0.4413309693336487,
        "R2Score_Exp": 0.8825175166130066,
        "Forgetting_Exp": -0.00044846534729003906,
        "BWT_Exp": 0.00044846534729003906
    },
    "4": {
        "Loss_Exp": 24.66333297408208,
        "RelativeDistance_Exp": 0.4898601621389389,
        "R2Score_Exp": 0.8691446483135223,
        "Forgetting_Exp": 0.03528209030628204,
        "BWT_Exp": -0.03528209030628204
    },
    "5": {
        "Loss_Exp": 28.422445371486997,
        "RelativeDistance_Exp": 0.4779241979122162,
        "R2Score_Exp": 0.8540643850962321,
        "Forgetting_Exp": 0.03808784484863281,
        "BWT_Exp": -0.03808784484863281
    },
    "6": {
        "Loss_Exp": 28.747811749684725,
        "RelativeDistance_Exp": 0.5191366175810496,
        "R2Score_Exp": 0.8830280105272929,
        "Forgetting_Exp": -0.029210368792215946,
        "BWT_Exp": 0.029210368792215946
    },
    "7": {
        "Loss_Exp": 27.663999481418532,
        "RelativeDistance_Exp": 0.37905725836753845,
        "R2Score_Exp": 0.8909519910812378,
        "Forgetting_Exp": 0.03133693337440491,
        "BWT_Exp": -0.03133693337440491
    },
    "8": {
        "Loss_Exp": 27.819777007386975,
        "RelativeDistance_Exp": 0.4733858108520508,
        "R2Score_Exp": 0.8756847679615021,
        "Forgetting_Exp": 0.01471450924873352,
        "BWT_Exp": -0.01471450924873352
    },
    "9": {
        "Loss_Exp": 38.07716948889709,
        "RelativeDistance_Exp": 0.5335667580366135,
        "R2Score_Exp": 0.8711560368537903
    },
    "stream": {
        "Loss_Stream/eval_phase/test_stream": 33.37212237504434,
        "RelativeDistance_Stream/eval_phase/test_stream": 0.514715188741684,
        "R2Score_Stream/eval_phase/test_stream": 0.8605917811393737,
        "Forgetting_Stream/eval_phase/test_stream": {
            "0": 0.03979289531707764,
            "1": 0.035921305418014526,
            "2": 0.024833599726359012,
            "3": -0.00044846534729003906,
            "4": 0.03528209030628204,
            "5": 0.03808784484863281,
            "6": -0.029210368792215946,
            "7": 0.03133693337440491,
            "8": 0.01471450924873352
        },
        "BWT_Stream/eval_phase/test_stream": {
            "0": 0.03979289531707764,
            "1": 0.035921305418014526,
            "2": 0.024833599726359012,
            "3": -0.00044846534729003906,
            "4": 0.03528209030628204,
            "5": 0.03808784484863281,
            "6": -0.029210368792215946,
            "7": 0.03133693337440491,
            "8": 0.01471450924873352
        }
    }
}