{
    "0": {
        "Loss_Exp": 32.626136779785156,
        "RelativeDistance_Exp": 0.5756065845489502,
        "R2Score_Exp": 0.8699025511741638,
        "Forgetting_Exp": 0.029334843158721924,
        "BWT_Exp": -0.029334843158721924
    },
    "1": {
        "Loss_Exp": 36.0311279296875,
        "RelativeDistance_Exp": 0.608039915561676,
        "R2Score_Exp": 0.8533241152763367,
        "Forgetting_Exp": 0.03400701284408569,
        "BWT_Exp": -0.03400701284408569
    },
    "2": {
        "Loss_Exp": 39.65391159057617,
        "RelativeDistance_Exp": 0.7132761478424072,
        "R2Score_Exp": 0.8384697437286377,
        "Forgetting_Exp": 0.04737210273742676,
        "BWT_Exp": -0.04737210273742676
    },
    "3": {
        "Loss_Exp": 37.7595100402832,
        "RelativeDistance_Exp": 0.6678606271743774,
        "R2Score_Exp": 0.8351750373840332,
        "Forgetting_Exp": 0.047946929931640625,
        "BWT_Exp": -0.047946929931640625
    },
    "4": {
        "Loss_Exp": 47.63349533081055,
        "RelativeDistance_Exp": 0.7262128591537476,
        "R2Score_Exp": 0.8312810659408569,
        "Forgetting_Exp": 0.05206948518753052,
        "BWT_Exp": -0.05206948518753052
    },
    "5": {
        "Loss_Exp": 41.1190299987793,
        "RelativeDistance_Exp": 0.6478648781776428,
        "R2Score_Exp": 0.8468294143676758,
        "Forgetting_Exp": 0.03939676284790039,
        "BWT_Exp": -0.03939676284790039
    },
    "6": {
        "Loss_Exp": 37.516632080078125,
        "RelativeDistance_Exp": 0.5852362513542175,
        "R2Score_Exp": 0.8534334897994995,
        "Forgetting_Exp": 0.031915485858917236,
        "BWT_Exp": -0.031915485858917236
    },
    "7": {
        "Loss_Exp": 36.64974594116211,
        "RelativeDistance_Exp": 0.5754228234291077,
        "R2Score_Exp": 0.8639557361602783,
        "Forgetting_Exp": 0.0018932819366455078,
        "BWT_Exp": -0.0018932819366455078
    },
    "8": {
        "Loss_Exp": 35.03496551513672,
        "RelativeDistance_Exp": 0.4185449182987213,
        "R2Score_Exp": 0.8766031265258789,
        "Forgetting_Exp": 0.03903162479400635,
        "BWT_Exp": -0.03903162479400635
    },
    "9": {
        "Loss_Exp": 19.3714656829834,
        "RelativeDistance_Exp": 0.5653156638145447,
        "R2Score_Exp": 0.9286856651306152
    },
    "stream": {
        "Loss_Stream/eval_phase/test_stream": 38.75525827515003,
        "RelativeDistance_Stream/eval_phase/test_stream": 0.6083380669355393,
        "R2Score_Stream/eval_phase/test_stream": 0.8597659945487977,
        "Forgetting_Stream/eval_phase/test_stream": {
            "0": 0.029334843158721924,
            "1": 0.03400701284408569,
            "2": 0.04737210273742676,
            "3": 0.047946929931640625,
            "4": 0.05206948518753052,
            "5": 0.03939676284790039,
            "6": 0.031915485858917236,
            "7": 0.0018932819366455078,
            "8": 0.03903162479400635
        },
        "BWT_Stream/eval_phase/test_stream": {
            "0": 0.029334843158721924,
            "1": 0.03400701284408569,
            "2": 0.04737210273742676,
            "3": 0.047946929931640625,
            "4": 0.05206948518753052,
            "5": 0.03939676284790039,
            "6": 0.031915485858917236,
            "7": 0.0018932819366455078,
            "8": 0.03903162479400635
        }
    }
}