{
    "0": {
        "Loss_Exp": 58.062007904052734,
        "RelativeDistance_Exp": 0.6761270761489868,
        "R2Score_Exp": 0.803284227848053,
        "Forgetting_Exp": 0.041194796562194824,
        "BWT_Exp": -0.041194796562194824
    },
    "1": {
        "Loss_Exp": 32.154747009277344,
        "RelativeDistance_Exp": 0.6729422807693481,
        "R2Score_Exp": 0.8674613237380981,
        "Forgetting_Exp": 0.02978670597076416,
        "BWT_Exp": -0.02978670597076416
    },
    "2": {
        "Loss_Exp": 40.50273132324219,
        "RelativeDistance_Exp": 0.5177088379859924,
        "R2Score_Exp": 0.8286375403404236,
        "Forgetting_Exp": 0.00821828842163086,
        "BWT_Exp": -0.00821828842163086
    },
    "3": {
        "Loss_Exp": 29.75234031677246,
        "RelativeDistance_Exp": 0.4288018047809601,
        "R2Score_Exp": 0.883293092250824,
        "Forgetting_Exp": -0.019888460636138916,
        "BWT_Exp": 0.019888460636138916
    },
    "4": {
        "Loss_Exp": 26.094942092895508,
        "RelativeDistance_Exp": 0.4727713167667389,
        "R2Score_Exp": 0.8726264238357544,
        "Forgetting_Exp": 0.016129374504089355,
        "BWT_Exp": -0.016129374504089355
    },
    "5": {
        "Loss_Exp": 31.036800384521484,
        "RelativeDistance_Exp": 0.4817776381969452,
        "R2Score_Exp": 0.8371149301528931,
        "Forgetting_Exp": 0.0312192440032959,
        "BWT_Exp": -0.0312192440032959
    },
    "6": {
        "Loss_Exp": 32.63797378540039,
        "RelativeDistance_Exp": 0.39267420768737793,
        "R2Score_Exp": 0.8462594747543335,
        "Forgetting_Exp": 0.016277432441711426,
        "BWT_Exp": -0.016277432441711426
    },
    "7": {
        "Loss_Exp": 29.710817337036133,
        "RelativeDistance_Exp": 0.3853353261947632,
        "R2Score_Exp": 0.8539425730705261,
        "Forgetting_Exp": 0.045500874519348145,
        "BWT_Exp": -0.045500874519348145
    },
    "8": {
        "Loss_Exp": 34.23237609863281,
        "RelativeDistance_Exp": 0.3838071823120117,
        "R2Score_Exp": 0.8617717027664185,
        "Forgetting_Exp": 0.0169677734375,
        "BWT_Exp": -0.0169677734375
    },
    "9": {
        "Loss_Exp": 40.987770080566406,
        "RelativeDistance_Exp": 0.5599572658538818,
        "R2Score_Exp": 0.859869658946991
    },
    "stream": {
        "Loss_Stream/eval_phase/test_stream": 34.79783835047498,
        "RelativeDistance_Stream/eval_phase/test_stream": 0.49719029366970063,
        "R2Score_Stream/eval_phase/test_stream": 0.8514260947704315,
        "Forgetting_Stream/eval_phase/test_stream": {
            "0": 0.041194796562194824,
            "1": 0.02978670597076416,
            "2": 0.00821828842163086,
            "3": -0.019888460636138916,
            "4": 0.016129374504089355,
            "5": 0.0312192440032959,
            "6": 0.016277432441711426,
            "7": 0.045500874519348145,
            "8": 0.0169677734375
        },
        "BWT_Stream/eval_phase/test_stream": {
            "0": 0.041194796562194824,
            "1": 0.02978670597076416,
            "2": 0.00821828842163086,
            "3": -0.019888460636138916,
            "4": 0.016129374504089355,
            "5": 0.0312192440032959,
            "6": 0.016277432441711426,
            "7": 0.045500874519348145,
            "8": 0.0169677734375
        }
    }
}