{
    "0": {
        "Loss_Exp": 108.08619133129454,
        "RelativeDistance_Exp": 1.0516231954097748,
        "R2Score_Exp": 0.756140947341919,
        "Forgetting_Exp": 0.11659625172615051,
        "BWT_Exp": -0.11659625172615051
    },
    "1": {
        "Loss_Exp": 73.78401074401953,
        "RelativeDistance_Exp": 2.0554298162460327,
        "R2Score_Exp": 0.7844875156879425,
        "Forgetting_Exp": 0.11340135335922241,
        "BWT_Exp": -0.11340135335922241
    },
    "2": {
        "Loss_Exp": 62.82542821794011,
        "RelativeDistance_Exp": 0.8322312037150065,
        "R2Score_Exp": 0.8009136120478312,
        "Forgetting_Exp": 0.03245653708775842,
        "BWT_Exp": -0.03245653708775842
    },
    "3": {
        "Loss_Exp": 48.27042396999632,
        "RelativeDistance_Exp": 0.726233184337616,
        "R2Score_Exp": 0.839615672826767,
        "Forgetting_Exp": 0.028492063283920288,
        "BWT_Exp": -0.028492063283920288
    },
    "4": {
        "Loss_Exp": 46.32048351627595,
        "RelativeDistance_Exp": 0.918517455458641,
        "R2Score_Exp": 0.8468282669782639,
        "Forgetting_Exp": 0.007443934679031372,
        "BWT_Exp": -0.007443934679031372
    },
    "5": {
        "Loss_Exp": 45.00557493126911,
        "RelativeDistance_Exp": 0.7889607350031534,
        "R2Score_Exp": 0.8240102926890055,
        "Forgetting_Exp": 0.01803576946258545,
        "BWT_Exp": -0.01803576946258545
    },
    "6": {
        "Loss_Exp": 59.99647115071615,
        "RelativeDistance_Exp": 0.7398040890693665,
        "R2Score_Exp": 0.8082866271336874,
        "Forgetting_Exp": 0.028103669484456306,
        "BWT_Exp": -0.028103669484456306
    },
    "7": {
        "Loss_Exp": 34.940032958984375,
        "RelativeDistance_Exp": 0.7895798683166504,
        "R2Score_Exp": 0.8622272610664368,
        "Forgetting_Exp": 0.01677533984184265,
        "BWT_Exp": -0.01677533984184265
    },
    "8": {
        "Loss_Exp": 49.304738309027904,
        "RelativeDistance_Exp": 1.304651290178299,
        "R2Score_Exp": 0.8369436264038086,
        "Forgetting_Exp": -0.004170447587966919,
        "BWT_Exp": 0.004170447587966919
    },
    "9": {
        "Loss_Exp": 55.2123511915262,
        "RelativeDistance_Exp": 0.8800804316997528,
        "R2Score_Exp": 0.849472165107727
    },
    "stream": {
        "Loss_Stream/eval_phase/test_stream": 57.73341651763456,
        "RelativeDistance_Stream/eval_phase/test_stream": 0.9826114003856977,
        "R2Score_Stream/eval_phase/test_stream": 0.8201038241386414,
        "Forgetting_Stream/eval_phase/test_stream": {
            "0": 0.11659625172615051,
            "1": 0.11340135335922241,
            "2": 0.03245653708775842,
            "3": 0.028492063283920288,
            "4": 0.007443934679031372,
            "5": 0.01803576946258545,
            "6": 0.028103669484456306,
            "7": 0.01677533984184265,
            "8": -0.004170447587966919
        },
        "BWT_Stream/eval_phase/test_stream": {
            "0": 0.11659625172615051,
            "1": 0.11340135335922241,
            "2": 0.03245653708775842,
            "3": 0.028492063283920288,
            "4": 0.007443934679031372,
            "5": 0.01803576946258545,
            "6": 0.028103669484456306,
            "7": 0.01677533984184265,
            "8": -0.004170447587966919
        }
    }
}