{
    "0": {
        "Loss_Exp": 78.32755066274899,
        "RelativeDistance_Exp": 1.180279403924942,
        "R2Score_Exp": 0.8219685256481171,
        "Forgetting_Exp": 0.04138949513435364,
        "BWT_Exp": -0.04138949513435364
    },
    "1": {
        "Loss_Exp": 84.25919007376159,
        "RelativeDistance_Exp": 1.190141499042511,
        "R2Score_Exp": 0.755465030670166,
        "Forgetting_Exp": 0.1356448233127594,
        "BWT_Exp": -0.1356448233127594
    },
    "2": {
        "Loss_Exp": 56.454830679067165,
        "RelativeDistance_Exp": 0.934122622013092,
        "R2Score_Exp": 0.8165768583615621,
        "Forgetting_Exp": -0.023601969083150265,
        "BWT_Exp": 0.023601969083150265
    },
    "3": {
        "Loss_Exp": 53.74204554014081,
        "RelativeDistance_Exp": 0.7555063664913177,
        "R2Score_Exp": 0.8220488131046295,
        "Forgetting_Exp": -0.005626261234283447,
        "BWT_Exp": 0.005626261234283447
    },
    "4": {
        "Loss_Exp": 53.35191218775047,
        "RelativeDistance_Exp": 0.9383703321218491,
        "R2Score_Exp": 0.825202465057373,
        "Forgetting_Exp": -0.015687957406044006,
        "BWT_Exp": 0.015687957406044006
    },
    "5": {
        "Loss_Exp": 51.91859734576681,
        "RelativeDistance_Exp": 0.8807969093322754,
        "R2Score_Exp": 0.7975901166598002,
        "Forgetting_Exp": 0.00402112801869714,
        "BWT_Exp": -0.00402112801869714
    },
    "6": {
        "Loss_Exp": 55.10253141326544,
        "RelativeDistance_Exp": 0.8866567214330038,
        "R2Score_Exp": 0.8322828610738119,
        "Forgetting_Exp": -0.0432621637980144,
        "BWT_Exp": 0.0432621637980144
    },
    "7": {
        "Loss_Exp": 46.573143005371094,
        "RelativeDistance_Exp": 0.9185490012168884,
        "R2Score_Exp": 0.8163565397262573,
        "Forgetting_Exp": 0.034512102603912354,
        "BWT_Exp": -0.034512102603912354
    },
    "8": {
        "Loss_Exp": 51.47266356671443,
        "RelativeDistance_Exp": 1.088858187198639,
        "R2Score_Exp": 0.8417759537696838,
        "Forgetting_Exp": -0.0495624840259552,
        "BWT_Exp": 0.0495624840259552
    },
    "9": {
        "Loss_Exp": 75.68374557054112,
        "RelativeDistance_Exp": 0.9883623123168945,
        "R2Score_Exp": 0.7941591739654541
    },
    "stream": {
        "Loss_Stream/eval_phase/test_stream": 60.02096030970899,
        "RelativeDistance_Stream/eval_phase/test_stream": 0.9659606094161669,
        "R2Score_Stream/eval_phase/test_stream": 0.8136396209398905,
        "Forgetting_Stream/eval_phase/test_stream": {
            "0": 0.04138949513435364,
            "1": 0.1356448233127594,
            "2": -0.023601969083150265,
            "3": -0.005626261234283447,
            "4": -0.015687957406044006,
            "5": 0.00402112801869714,
            "6": -0.0432621637980144,
            "7": 0.034512102603912354,
            "8": -0.0495624840259552
        },
        "BWT_Stream/eval_phase/test_stream": {
            "0": 0.04138949513435364,
            "1": 0.1356448233127594,
            "2": -0.023601969083150265,
            "3": -0.005626261234283447,
            "4": -0.015687957406044006,
            "5": 0.00402112801869714,
            "6": -0.0432621637980144,
            "7": 0.034512102603912354,
            "8": -0.0495624840259552
        }
    }
}