{
    "0": {
        "Loss_Exp": 30.097445825860685,
        "RelativeDistance_Exp": 0.9082299947738648,
        "R2Score_Exp": 0.8628630101680755,
        "Forgetting_Exp": -0.011473435163497858,
        "BWT_Exp": 0.011473435163497858
    },
    "1": {
        "Loss_Exp": 31.62208576815519,
        "RelativeDistance_Exp": 0.8619319836298625,
        "R2Score_Exp": 0.8639755328496297,
        "Forgetting_Exp": -0.010021770000457786,
        "BWT_Exp": 0.010021770000457786
    },
    "2": {
        "Loss_Exp": 28.285287849124266,
        "RelativeDistance_Exp": 0.8803320527076721,
        "R2Score_Exp": 0.8754746272013738,
        "Forgetting_Exp": -0.011082140298990129,
        "BWT_Exp": 0.011082140298990129
    },
    "3": {
        "Loss_Exp": 23.80530585815408,
        "RelativeDistance_Exp": 0.9627269042862786,
        "R2Score_Exp": 0.9030440979533725,
        "Forgetting_Exp": -0.006169676780700684,
        "BWT_Exp": 0.006169676780700684
    },
    "4": {
        "Loss_Exp": 26.169349827597458,
        "RelativeDistance_Exp": 0.960548290184566,
        "R2Score_Exp": 0.8949519225529262,
        "Forgetting_Exp": -0.03283129419599262,
        "BWT_Exp": 0.03283129419599262
    },
    "5": {
        "Loss_Exp": 28.263790068913444,
        "RelativeDistance_Exp": 0.8950049777825674,
        "R2Score_Exp": 0.8881578842798868,
        "Forgetting_Exp": -0.029252568880716923,
        "BWT_Exp": 0.029252568880716923
    },
    "6": {
        "Loss_Exp": 27.677510420716143,
        "RelativeDistance_Exp": 1.1715346425771713,
        "R2Score_Exp": 0.8932994157075882,
        "Forgetting_Exp": -0.012989863753318787,
        "BWT_Exp": 0.012989863753318787
    },
    "7": {
        "Loss_Exp": 38.60970189112958,
        "RelativeDistance_Exp": 0.8304587081074715,
        "R2Score_Exp": 0.8645668402314186,
        "Forgetting_Exp": -0.005018837749958038,
        "BWT_Exp": 0.005018837749958038
    },
    "8": {
        "Loss_Exp": 30.593930176607564,
        "RelativeDistance_Exp": 0.7852353453636169,
        "R2Score_Exp": 0.8839447697003683,
        "Forgetting_Exp": 0.016168375809987312,
        "BWT_Exp": -0.016168375809987312
    },
    "9": {
        "Loss_Exp": 24.19070692107719,
        "RelativeDistance_Exp": 0.8133849203586578,
        "R2Score_Exp": 0.9140941500663757
    },
    "stream": {
        "Loss_Stream/eval_phase/test_stream": 29.40876492169063,
        "RelativeDistance_Stream/eval_phase/test_stream": 0.9162028284720433,
        "R2Score_Stream/eval_phase/test_stream": 0.8794246117273966,
        "Forgetting_Stream/eval_phase/test_stream": {
            "0": -0.011473435163497858,
            "1": -0.010021770000457786,
            "2": -0.011082140298990129,
            "3": -0.006169676780700684,
            "4": -0.03283129419599262,
            "5": -0.029252568880716923,
            "6": -0.012989863753318787,
            "7": -0.005018837749958038,
            "8": 0.016168375809987312
        },
        "BWT_Stream/eval_phase/test_stream": {
            "0": -0.011473435163497858,
            "1": -0.010021770000457786,
            "2": -0.011082140298990129,
            "3": -0.006169676780700684,
            "4": -0.03283129419599262,
            "5": -0.029252568880716923,
            "6": -0.012989863753318787,
            "7": -0.005018837749958038,
            "8": 0.016168375809987312
        }
    }
}