{
    "0": {
        "Loss_Exp": 106.98961188779239,
        "RelativeDistance_Exp": 1.0986760258674622,
        "R2Score_Exp": 0.7591393291950226,
        "Forgetting_Exp": 0.11515721678733826,
        "BWT_Exp": -0.11515721678733826
    },
    "1": {
        "Loss_Exp": 70.61162571156257,
        "RelativeDistance_Exp": 1.0705811977386475,
        "R2Score_Exp": 0.7958439886569977,
        "Forgetting_Exp": 0.08848410844802856,
        "BWT_Exp": -0.08848410844802856
    },
    "2": {
        "Loss_Exp": 53.02675389420781,
        "RelativeDistance_Exp": 0.7873024145762125,
        "R2Score_Exp": 0.8293716708819071,
        "Forgetting_Exp": -0.02335911989212036,
        "BWT_Exp": 0.02335911989212036
    },
    "3": {
        "Loss_Exp": 49.39523333521592,
        "RelativeDistance_Exp": 0.6615283787250519,
        "R2Score_Exp": 0.8377773761749268,
        "Forgetting_Exp": -0.011608868837356567,
        "BWT_Exp": 0.011608868837356567
    },
    "4": {
        "Loss_Exp": 47.9031533560597,
        "RelativeDistance_Exp": 0.7595445513725281,
        "R2Score_Exp": 0.8428854942321777,
        "Forgetting_Exp": -0.012457087635993958,
        "BWT_Exp": 0.012457087635993958
    },
    "5": {
        "Loss_Exp": 44.3655020672342,
        "RelativeDistance_Exp": 0.668649435043335,
        "R2Score_Exp": 0.8270012935002645,
        "Forgetting_Exp": 0.008046269416809082,
        "BWT_Exp": -0.008046269416809082
    },
    "6": {
        "Loss_Exp": 54.70782705897699,
        "RelativeDistance_Exp": 0.6820733149846395,
        "R2Score_Exp": 0.8338343302408854,
        "Forgetting_Exp": 0.027581969896952385,
        "BWT_Exp": -0.027581969896952385
    },
    "7": {
        "Loss_Exp": 35.81985855102539,
        "RelativeDistance_Exp": 0.6575328707695007,
        "R2Score_Exp": 0.8587580323219299,
        "Forgetting_Exp": 0.013532429933547974,
        "BWT_Exp": -0.013532429933547974
    },
    "8": {
        "Loss_Exp": 48.63070494080781,
        "RelativeDistance_Exp": 0.8486077189445496,
        "R2Score_Exp": 0.8560037016868591,
        "Forgetting_Exp": -0.010444581508636475,
        "BWT_Exp": 0.010444581508636475
    },
    "9": {
        "Loss_Exp": 56.069070787374685,
        "RelativeDistance_Exp": 0.7755948007106781,
        "R2Score_Exp": 0.8482711315155029
    },
    "stream": {
        "Loss_Stream/eval_phase/test_stream": 55.926604810393194,
        "RelativeDistance_Stream/eval_phase/test_stream": 0.792490117251873,
        "R2Score_Stream/eval_phase/test_stream": 0.8289580394824346,
        "Forgetting_Stream/eval_phase/test_stream": {
            "0": 0.11515721678733826,
            "1": 0.08848410844802856,
            "2": -0.02335911989212036,
            "3": -0.011608868837356567,
            "4": -0.012457087635993958,
            "5": 0.008046269416809082,
            "6": 0.027581969896952385,
            "7": 0.013532429933547974,
            "8": -0.010444581508636475
        },
        "BWT_Stream/eval_phase/test_stream": {
            "0": 0.11515721678733826,
            "1": 0.08848410844802856,
            "2": -0.02335911989212036,
            "3": -0.011608868837356567,
            "4": -0.012457087635993958,
            "5": 0.008046269416809082,
            "6": 0.027581969896952385,
            "7": 0.013532429933547974,
            "8": -0.010444581508636475
        }
    }
}