{
    "0": {
        "Loss_Exp": 102.9722151282238,
        "RelativeDistance_Exp": 0.9489924013614655,
        "R2Score_Exp": 0.7674897015094757,
        "Forgetting_Exp": 0.11416953802108765,
        "BWT_Exp": -0.11416953802108765
    },
    "1": {
        "Loss_Exp": 76.764880312437,
        "RelativeDistance_Exp": 1.3385656476020813,
        "R2Score_Exp": 0.7779306173324585,
        "Forgetting_Exp": 0.11315399408340454,
        "BWT_Exp": -0.11315399408340454
    },
    "2": {
        "Loss_Exp": 49.599440910184825,
        "RelativeDistance_Exp": 0.7537670334180196,
        "R2Score_Exp": 0.8403283754984537,
        "Forgetting_Exp": -0.013504723707834843,
        "BWT_Exp": 0.013504723707834843
    },
    "3": {
        "Loss_Exp": 46.49716829748375,
        "RelativeDistance_Exp": 0.6012431383132935,
        "R2Score_Exp": 0.8468870520591736,
        "Forgetting_Exp": 0.003162294626235962,
        "BWT_Exp": -0.003162294626235962
    },
    "4": {
        "Loss_Exp": 47.66617090081147,
        "RelativeDistance_Exp": 0.7439511269330978,
        "R2Score_Exp": 0.8434348106384277,
        "Forgetting_Exp": -0.0013381540775299072,
        "BWT_Exp": 0.0013381540775299072
    },
    "5": {
        "Loss_Exp": 43.310784878938094,
        "RelativeDistance_Exp": 0.6511958837509155,
        "R2Score_Exp": 0.831111470858256,
        "Forgetting_Exp": 0.01447649796803796,
        "BWT_Exp": -0.01447649796803796
    },
    "6": {
        "Loss_Exp": 52.57408184295005,
        "RelativeDistance_Exp": 0.6817990938822428,
        "R2Score_Exp": 0.8409725427627563,
        "Forgetting_Exp": 0.018550316492716434,
        "BWT_Exp": -0.018550316492716434
    },
    "7": {
        "Loss_Exp": 37.21080780029297,
        "RelativeDistance_Exp": 0.6418527364730835,
        "R2Score_Exp": 0.853273332118988,
        "Forgetting_Exp": 0.023720920085906982,
        "BWT_Exp": -0.023720920085906982
    },
    "8": {
        "Loss_Exp": 51.82757035612036,
        "RelativeDistance_Exp": 0.9619960188865662,
        "R2Score_Exp": 0.8450085520744324,
        "Forgetting_Exp": -0.005879342555999756,
        "BWT_Exp": 0.005879342555999756
    },
    "9": {
        "Loss_Exp": 57.2081794694669,
        "RelativeDistance_Exp": 0.7682198584079742,
        "R2Score_Exp": 0.8445855975151062
    },
    "stream": {
        "Loss_Stream/eval_phase/test_stream": 55.39751071740904,
        "RelativeDistance_Stream/eval_phase/test_stream": 0.7964990586042404,
        "R2Score_Stream/eval_phase/test_stream": 0.8303355326255163,
        "Forgetting_Stream/eval_phase/test_stream": {
            "0": 0.11416953802108765,
            "1": 0.11315399408340454,
            "2": -0.013504723707834843,
            "3": 0.003162294626235962,
            "4": -0.0013381540775299072,
            "5": 0.01447649796803796,
            "6": 0.018550316492716434,
            "7": 0.023720920085906982,
            "8": -0.005879342555999756
        },
        "BWT_Stream/eval_phase/test_stream": {
            "0": 0.11416953802108765,
            "1": 0.11315399408340454,
            "2": -0.013504723707834843,
            "3": 0.003162294626235962,
            "4": -0.0013381540775299072,
            "5": 0.01447649796803796,
            "6": 0.018550316492716434,
            "7": 0.023720920085906982,
            "8": -0.005879342555999756
        }
    }
}