{
    "0": {
        "Loss_Exp": 42.61315741069162,
        "RelativeDistance_Exp": 0.6994740813970566,
        "R2Score_Exp": 0.8052528619766235,
        "Forgetting_Exp": 0.08472459912300112,
        "BWT_Exp": -0.08472459912300112
    },
    "1": {
        "Loss_Exp": 46.74319652902721,
        "RelativeDistance_Exp": 0.6685815493265788,
        "R2Score_Exp": 0.8042707085609436,
        "Forgetting_Exp": 0.07821445067723587,
        "BWT_Exp": -0.07821445067723587
    },
    "2": {
        "Loss_Exp": 37.596474921994094,
        "RelativeDistance_Exp": 0.6575249341818002,
        "R2Score_Exp": 0.8376077688657321,
        "Forgetting_Exp": 0.0553198594313401,
        "BWT_Exp": -0.0553198594313401
    },
    "3": {
        "Loss_Exp": 26.80401418790727,
        "RelativeDistance_Exp": 0.6915883090760973,
        "R2Score_Exp": 0.8929126461346945,
        "Forgetting_Exp": 0.03263791402180982,
        "BWT_Exp": -0.03263791402180982
    },
    "4": {
        "Loss_Exp": 29.03924553849595,
        "RelativeDistance_Exp": 0.6917069554328918,
        "R2Score_Exp": 0.8884994047028678,
        "Forgetting_Exp": 0.005235297339303169,
        "BWT_Exp": -0.005235297339303169
    },
    "5": {
        "Loss_Exp": 31.794195911775773,
        "RelativeDistance_Exp": 0.6216854155063629,
        "R2Score_Exp": 0.8755687475204468,
        "Forgetting_Exp": 0.006214996178944943,
        "BWT_Exp": -0.006214996178944943
    },
    "6": {
        "Loss_Exp": 30.68804043986303,
        "RelativeDistance_Exp": 0.7606954351067543,
        "R2Score_Exp": 0.8805122673511505,
        "Forgetting_Exp": 0.010392986238002777,
        "BWT_Exp": -0.010392986238002777
    },
    "7": {
        "Loss_Exp": 40.55457394921264,
        "RelativeDistance_Exp": 0.5521614849567413,
        "R2Score_Exp": 0.8571318909525871,
        "Forgetting_Exp": 0.023355633020401,
        "BWT_Exp": -0.023355633020401
    },
    "8": {
        "Loss_Exp": 26.945102238228365,
        "RelativeDistance_Exp": 0.5095113217830658,
        "R2Score_Exp": 0.889317512512207,
        "Forgetting_Exp": 0.021236181259155273,
        "BWT_Exp": -0.021236181259155273
    },
    "9": {
        "Loss_Exp": 23.72401485654707,
        "RelativeDistance_Exp": 0.4883430451154709,
        "R2Score_Exp": 0.9111014008522034
    },
    "stream": {
        "Loss_Stream/eval_phase/test_stream": 36.6625752819833,
        "RelativeDistance_Stream/eval_phase/test_stream": 0.6589595009515314,
        "R2Score_Stream/eval_phase/test_stream": 0.850690382498282,
        "Forgetting_Stream/eval_phase/test_stream": {
            "0": 0.08472459912300112,
            "1": 0.07821445067723587,
            "2": 0.0553198594313401,
            "3": 0.03263791402180982,
            "4": 0.005235297339303169,
            "5": 0.006214996178944943,
            "6": 0.010392986238002777,
            "7": 0.023355633020401,
            "8": 0.021236181259155273
        },
        "BWT_Stream/eval_phase/test_stream": {
            "0": 0.08472459912300112,
            "1": 0.07821445067723587,
            "2": 0.0553198594313401,
            "3": 0.03263791402180982,
            "4": 0.005235297339303169,
            "5": 0.006214996178944943,
            "6": 0.010392986238002777,
            "7": 0.023355633020401,
            "8": 0.021236181259155273
        }
    }
}