{
    "0": {
        "Loss_Exp": 78.78772165230485,
        "RelativeDistance_Exp": 0.9476651251316071,
        "R2Score_Exp": 0.6596796214580536,
        "Forgetting_Exp": 0.23061956167221065,
        "BWT_Exp": -0.23061956167221065
    },
    "1": {
        "Loss_Exp": 80.43518405097913,
        "RelativeDistance_Exp": 0.8890744924545289,
        "R2Score_Exp": 0.6753358443578085,
        "Forgetting_Exp": 0.2271787444750467,
        "BWT_Exp": -0.2271787444750467
    },
    "2": {
        "Loss_Exp": 57.90336146669262,
        "RelativeDistance_Exp": 0.7059339468295758,
        "R2Score_Exp": 0.7530389290589553,
        "Forgetting_Exp": 0.1604705407069279,
        "BWT_Exp": -0.1604705407069279
    },
    "3": {
        "Loss_Exp": 39.94742742807052,
        "RelativeDistance_Exp": 0.7292842070261637,
        "R2Score_Exp": 0.8418228957388136,
        "Forgetting_Exp": 0.10193448596530486,
        "BWT_Exp": -0.10193448596530486
    },
    "4": {
        "Loss_Exp": 47.05364753658312,
        "RelativeDistance_Exp": 0.6113869675568172,
        "R2Score_Exp": 0.8028780392238072,
        "Forgetting_Exp": 0.11927342414855957,
        "BWT_Exp": -0.11927342414855957
    },
    "5": {
        "Loss_Exp": 47.25600681842437,
        "RelativeDistance_Exp": 0.5785562892754873,
        "R2Score_Exp": 0.8138051132361094,
        "Forgetting_Exp": 0.08980206648508715,
        "BWT_Exp": -0.08980206648508715
    },
    "6": {
        "Loss_Exp": 39.22891274794518,
        "RelativeDistance_Exp": 0.6392517313361168,
        "R2Score_Exp": 0.8495156988501549,
        "Forgetting_Exp": 0.05680336803197861,
        "BWT_Exp": -0.05680336803197861
    },
    "7": {
        "Loss_Exp": 45.45867877801476,
        "RelativeDistance_Exp": 0.4777527414262295,
        "R2Score_Exp": 0.8404515758156776,
        "Forgetting_Exp": 0.0587875172495842,
        "BWT_Exp": -0.0587875172495842
    },
    "8": {
        "Loss_Exp": 27.877997410193448,
        "RelativeDistance_Exp": 0.4281691213448842,
        "R2Score_Exp": 0.9025428692499796,
        "Forgetting_Exp": 0.026950617631276486,
        "BWT_Exp": -0.026950617631276486
    },
    "9": {
        "Loss_Exp": 19.03445133505457,
        "RelativeDistance_Exp": 0.39335423707962036,
        "R2Score_Exp": 0.9204936027526855
    },
    "stream": {
        "Loss_Stream/eval_phase/test_stream": 56.49282372699686,
        "RelativeDistance_Stream/eval_phase/test_stream": 0.7075526659135465,
        "R2Score_Stream/eval_phase/test_stream": 0.7736305800485023,
        "Forgetting_Stream/eval_phase/test_stream": {
            "0": 0.23061956167221065,
            "1": 0.2271787444750467,
            "2": 0.1604705407069279,
            "3": 0.10193448596530486,
            "4": 0.11927342414855957,
            "5": 0.08980206648508715,
            "6": 0.05680336803197861,
            "7": 0.0587875172495842,
            "8": 0.026950617631276486
        },
        "BWT_Stream/eval_phase/test_stream": {
            "0": 0.23061956167221065,
            "1": 0.2271787444750467,
            "2": 0.1604705407069279,
            "3": 0.10193448596530486,
            "4": 0.11927342414855957,
            "5": 0.08980206648508715,
            "6": 0.05680336803197861,
            "7": 0.0587875172495842,
            "8": 0.026950617631276486
        }
    }
}