{
    "0": {
        "Loss_Exp": 135.79933480602955,
        "RelativeDistance_Exp": 0.9790134429931641,
        "R2Score_Exp": 0.6898047626018524,
        "Forgetting_Exp": 0.18390175700187683,
        "BWT_Exp": -0.18390175700187683
    },
    "1": {
        "Loss_Exp": 85.0633619689138,
        "RelativeDistance_Exp": 1.3459407091140747,
        "R2Score_Exp": 0.7522634863853455,
        "Forgetting_Exp": 0.14226961135864258,
        "BWT_Exp": -0.14226961135864258
    },
    "2": {
        "Loss_Exp": 66.13608320941624,
        "RelativeDistance_Exp": 0.7886255979537964,
        "R2Score_Exp": 0.7891173958778381,
        "Forgetting_Exp": 0.033651610215505,
        "BWT_Exp": -0.033651610215505
    },
    "3": {
        "Loss_Exp": 56.610648608472346,
        "RelativeDistance_Exp": 0.6419084072113037,
        "R2Score_Exp": 0.8127138614654541,
        "Forgetting_Exp": 0.04709041118621826,
        "BWT_Exp": -0.04709041118621826
    },
    "4": {
        "Loss_Exp": 56.85214942149406,
        "RelativeDistance_Exp": 0.816894918680191,
        "R2Score_Exp": 0.8147418349981308,
        "Forgetting_Exp": 0.037496015429496765,
        "BWT_Exp": -0.037496015429496765
    },
    "5": {
        "Loss_Exp": 49.279629748800524,
        "RelativeDistance_Exp": 0.6652641693751017,
        "R2Score_Exp": 0.8074597716331482,
        "Forgetting_Exp": 0.027432183424631718,
        "BWT_Exp": -0.027432183424631718
    },
    "6": {
        "Loss_Exp": 67.45313417511348,
        "RelativeDistance_Exp": 0.7250643372535706,
        "R2Score_Exp": 0.7904749313990275,
        "Forgetting_Exp": 0.053655385971069336,
        "BWT_Exp": -0.053655385971069336
    },
    "7": {
        "Loss_Exp": 44.264259338378906,
        "RelativeDistance_Exp": 0.6498830914497375,
        "R2Score_Exp": 0.8254607319831848,
        "Forgetting_Exp": 0.05457121133804321,
        "BWT_Exp": -0.05457121133804321
    },
    "8": {
        "Loss_Exp": 52.193916064700886,
        "RelativeDistance_Exp": 0.9394030869007111,
        "R2Score_Exp": 0.8339720964431763,
        "Forgetting_Exp": -0.004590481519699097,
        "BWT_Exp": 0.004590481519699097
    },
    "9": {
        "Loss_Exp": 62.701676279409774,
        "RelativeDistance_Exp": 0.7918963432312012,
        "R2Score_Exp": 0.828849196434021
    },
    "stream": {
        "Loss_Stream/eval_phase/test_stream": 66.63748082905964,
        "RelativeDistance_Stream/eval_phase/test_stream": 0.8271103774507841,
        "R2Score_Stream/eval_phase/test_stream": 0.795032965640227,
        "Forgetting_Stream/eval_phase/test_stream": {
            "0": 0.18390175700187683,
            "1": 0.14226961135864258,
            "2": 0.033651610215505,
            "3": 0.04709041118621826,
            "4": 0.037496015429496765,
            "5": 0.027432183424631718,
            "6": 0.053655385971069336,
            "7": 0.05457121133804321,
            "8": -0.004590481519699097
        },
        "BWT_Stream/eval_phase/test_stream": {
            "0": 0.18390175700187683,
            "1": 0.14226961135864258,
            "2": 0.033651610215505,
            "3": 0.04709041118621826,
            "4": 0.037496015429496765,
            "5": 0.027432183424631718,
            "6": 0.053655385971069336,
            "7": 0.05457121133804321,
            "8": -0.004590481519699097
        }
    }
}