{
    "0": {
        "Loss_Exp": 48.87247848510742,
        "RelativeDistance_Exp": 0.7217294573783875,
        "R2Score_Exp": 0.7989698648452759,
        "Forgetting_Exp": 0.0986323356628418,
        "BWT_Exp": -0.0986323356628418
    },
    "1": {
        "Loss_Exp": 54.41323471069336,
        "RelativeDistance_Exp": 0.7523266077041626,
        "R2Score_Exp": 0.7788013815879822,
        "Forgetting_Exp": 0.11743682622909546,
        "BWT_Exp": -0.11743682622909546
    },
    "2": {
        "Loss_Exp": 58.0954475402832,
        "RelativeDistance_Exp": 0.8292187452316284,
        "R2Score_Exp": 0.7708986401557922,
        "Forgetting_Exp": 0.12973672151565552,
        "BWT_Exp": -0.12973672151565552
    },
    "3": {
        "Loss_Exp": 55.07741165161133,
        "RelativeDistance_Exp": 0.7738201022148132,
        "R2Score_Exp": 0.7648141980171204,
        "Forgetting_Exp": 0.13514167070388794,
        "BWT_Exp": -0.13514167070388794
    },
    "4": {
        "Loss_Exp": 61.72688293457031,
        "RelativeDistance_Exp": 0.8641963601112366,
        "R2Score_Exp": 0.7786362171173096,
        "Forgetting_Exp": 0.11688339710235596,
        "BWT_Exp": -0.11688339710235596
    },
    "5": {
        "Loss_Exp": 54.746456146240234,
        "RelativeDistance_Exp": 0.7818974852561951,
        "R2Score_Exp": 0.7976618409156799,
        "Forgetting_Exp": 0.0985303521156311,
        "BWT_Exp": -0.0985303521156311
    },
    "6": {
        "Loss_Exp": 42.55445861816406,
        "RelativeDistance_Exp": 0.6387878060340881,
        "R2Score_Exp": 0.8451844453811646,
        "Forgetting_Exp": 0.03719210624694824,
        "BWT_Exp": -0.03719210624694824
    },
    "7": {
        "Loss_Exp": 37.80366516113281,
        "RelativeDistance_Exp": 0.7511593103408813,
        "R2Score_Exp": 0.8568533658981323,
        "Forgetting_Exp": -0.009672462940216064,
        "BWT_Exp": 0.009672462940216064
    },
    "8": {
        "Loss_Exp": 44.795509338378906,
        "RelativeDistance_Exp": 0.46183550357818604,
        "R2Score_Exp": 0.8451660871505737,
        "Forgetting_Exp": 0.050209760665893555,
        "BWT_Exp": -0.050209760665893555
    },
    "9": {
        "Loss_Exp": 17.756309509277344,
        "RelativeDistance_Exp": 0.6366516351699829,
        "R2Score_Exp": 0.9317125082015991
    },
    "stream": {
        "Loss_Stream/eval_phase/test_stream": 53.63767715682387,
        "RelativeDistance_Stream/eval_phase/test_stream": 0.7211623013019561,
        "R2Score_Stream/eval_phase/test_stream": 0.816869854927063,
        "Forgetting_Stream/eval_phase/test_stream": {
            "0": 0.0986323356628418,
            "1": 0.11743682622909546,
            "2": 0.12973672151565552,
            "3": 0.13514167070388794,
            "4": 0.11688339710235596,
            "5": 0.0985303521156311,
            "6": 0.03719210624694824,
            "7": -0.009672462940216064,
            "8": 0.050209760665893555
        },
        "BWT_Stream/eval_phase/test_stream": {
            "0": 0.0986323356628418,
            "1": 0.11743682622909546,
            "2": 0.12973672151565552,
            "3": 0.13514167070388794,
            "4": 0.11688339710235596,
            "5": 0.0985303521156311,
            "6": 0.03719210624694824,
            "7": -0.009672462940216064,
            "8": 0.050209760665893555
        }
    }
}