{
    "0": {
        "Loss_Exp": 35.5409632013029,
        "Time_Exp": 0.16427779999867198,
        "RelativeDistance_Exp": 0.8852777898311615,
        "R2Score_Exp": 0.842649233341217,
        "Forgetting_Exp": 0.045758670568466275,
        "BWT_Exp": -0.045758670568466275
    },
    "1": {
        "Loss_Exp": 47.480645687338026,
        "Time_Exp": 0.3109535000003234,
        "RelativeDistance_Exp": 1.030966297785441,
        "R2Score_Exp": 0.8069105227788289,
        "Forgetting_Exp": 0.005768144130706809,
        "BWT_Exp": -0.005768144130706809
    },
    "2": {
        "Loss_Exp": 38.406110654950666,
        "Time_Exp": 0.418731800000387,
        "RelativeDistance_Exp": 0.9936058842218839,
        "R2Score_Exp": 0.8407915555513822,
        "Forgetting_Exp": -0.0014090308776267824,
        "BWT_Exp": 0.0014090308776267824
    },
    "3": {
        "Loss_Exp": 37.50272964933291,
        "Time_Exp": 0.16544409999914933,
        "RelativeDistance_Exp": 1.1896190577083163,
        "R2Score_Exp": 0.852186017566257,
        "Forgetting_Exp": -0.008272833294338588,
        "BWT_Exp": 0.008272833294338588
    },
    "4": {
        "Loss_Exp": 40.2732232965222,
        "Time_Exp": 0.12756540000191308,
        "RelativeDistance_Exp": 1.1060267857142858,
        "R2Score_Exp": 0.8416521549224854,
        "Forgetting_Exp": -0.022452797208513564,
        "BWT_Exp": 0.022452797208513564
    },
    "5": {
        "Loss_Exp": 39.82271926419346,
        "Time_Exp": 0.12549070000022766,
        "RelativeDistance_Exp": 0.9601788918177286,
        "R2Score_Exp": 0.8471709589163462,
        "Forgetting_Exp": -0.015627334515253666,
        "BWT_Exp": 0.015627334515253666
    },
    "6": {
        "Loss_Exp": 36.410986266894504,
        "Time_Exp": 0.16933830000198213,
        "RelativeDistance_Exp": 1.1952399760484695,
        "R2Score_Exp": 0.8662518933415413,
        "Forgetting_Exp": -0.006006099283695221,
        "BWT_Exp": 0.006006099283695221
    },
    "7": {
        "Loss_Exp": 51.96027926916268,
        "Time_Exp": 0.13963739999962854,
        "RelativeDistance_Exp": 0.9401370286941528,
        "R2Score_Exp": 0.8209355399012566,
        "Forgetting_Exp": 0.00376080721616745,
        "BWT_Exp": -0.00376080721616745
    },
    "8": {
        "Loss_Exp": 38.57322025868038,
        "Time_Exp": 0.058443999998416984,
        "RelativeDistance_Exp": 0.9783642093340555,
        "R2Score_Exp": 0.8687416513760885,
        "Forgetting_Exp": 0.026760737101236942,
        "BWT_Exp": -0.026760737101236942
    },
    "9": {
        "Loss_Exp": 35.60270850518615,
        "Time_Exp": 0.02088990000265767,
        "RelativeDistance_Exp": 1.00330451130867,
        "R2Score_Exp": 0.8791024684906006
    },
    "stream": {
        "Loss_Stream/eval_phase/test_stream": 41.02224536682802,
        "Time_Stream/eval_phase/test_stream": 1.7423473000017111,
        "RelativeDistance_Stream/eval_phase/test_stream": 1.0304777644298695,
        "R2Score_Stream/eval_phase/test_stream": 0.8390942561773607,
        "Forgetting_Stream/eval_phase/test_stream": {
            "0": 0.045758670568466275,
            "1": 0.005768144130706809,
            "2": -0.0014090308776267824,
            "3": -0.008272833294338588,
            "4": -0.022452797208513564,
            "5": -0.015627334515253666,
            "6": -0.006006099283695221,
            "7": 0.00376080721616745,
            "8": 0.026760737101236942
        },
        "BWT_Stream/eval_phase/test_stream": {
            "0": 0.045758670568466275,
            "1": 0.005768144130706809,
            "2": -0.0014090308776267824,
            "3": -0.008272833294338588,
            "4": -0.022452797208513564,
            "5": -0.015627334515253666,
            "6": -0.006006099283695221,
            "7": 0.00376080721616745,
            "8": 0.026760737101236942
        }
    }
}