{
    "0": {
        "Loss_Exp": 178.11260561580548,
        "RelativeDistance_Exp": 1.0924670994281769,
        "R2Score_Exp": 0.5970785617828369,
        "Forgetting_Exp": 0.2883623242378235,
        "BWT_Exp": -0.2883623242378235
    },
    "1": {
        "Loss_Exp": 100.31039187254059,
        "RelativeDistance_Exp": 1.6495407223701477,
        "R2Score_Exp": 0.7110925018787384,
        "Forgetting_Exp": 0.18710723519325256,
        "BWT_Exp": -0.18710723519325256
    },
    "2": {
        "Loss_Exp": 75.38191002218328,
        "RelativeDistance_Exp": 0.9171288013458252,
        "R2Score_Exp": 0.7564120292663574,
        "Forgetting_Exp": 0.07757224639256799,
        "BWT_Exp": -0.07757224639256799
    },
    "3": {
        "Loss_Exp": 69.56447638272036,
        "RelativeDistance_Exp": 0.7702189087867737,
        "R2Score_Exp": 0.7710401713848114,
        "Forgetting_Exp": 0.08647891879081726,
        "BWT_Exp": -0.08647891879081726
    },
    "4": {
        "Loss_Exp": 61.64747553828604,
        "RelativeDistance_Exp": 0.9015430510044098,
        "R2Score_Exp": 0.7915330231189728,
        "Forgetting_Exp": 0.05946941673755646,
        "BWT_Exp": -0.05946941673755646
    },
    "5": {
        "Loss_Exp": 63.47956483260445,
        "RelativeDistance_Exp": 0.8169934352238973,
        "R2Score_Exp": 0.7513419588406881,
        "Forgetting_Exp": 0.08381245533625281,
        "BWT_Exp": -0.08381245533625281
    },
    "6": {
        "Loss_Exp": 85.24937017634687,
        "RelativeDistance_Exp": 0.8327084183692932,
        "R2Score_Exp": 0.73704065879186,
        "Forgetting_Exp": 0.1275380253791809,
        "BWT_Exp": -0.1275380253791809
    },
    "7": {
        "Loss_Exp": 47.27737808227539,
        "RelativeDistance_Exp": 0.8141962885856628,
        "R2Score_Exp": 0.8135796785354614,
        "Forgetting_Exp": 0.047537654638290405,
        "BWT_Exp": -0.047537654638290405
    },
    "8": {
        "Loss_Exp": 62.789010836313146,
        "RelativeDistance_Exp": 1.143870770931244,
        "R2Score_Exp": 0.8196255266666412,
        "Forgetting_Exp": -0.010459452867507935,
        "BWT_Exp": 0.010459452867507935
    },
    "9": {
        "Loss_Exp": 56.63860892146998,
        "RelativeDistance_Exp": 0.8643563687801361,
        "R2Score_Exp": 0.8471739590167999
    },
    "stream": {
        "Loss_Stream/eval_phase/test_stream": 78.80886087103927,
        "RelativeDistance_Stream/eval_phase/test_stream": 0.9650736749172211,
        "R2Score_Stream/eval_phase/test_stream": 0.7585882147153219,
        "Forgetting_Stream/eval_phase/test_stream": {
            "0": 0.2883623242378235,
            "1": 0.18710723519325256,
            "2": 0.07757224639256799,
            "3": 0.08647891879081726,
            "4": 0.05946941673755646,
            "5": 0.08381245533625281,
            "6": 0.1275380253791809,
            "7": 0.047537654638290405,
            "8": -0.010459452867507935
        },
        "BWT_Stream/eval_phase/test_stream": {
            "0": 0.2883623242378235,
            "1": 0.18710723519325256,
            "2": 0.07757224639256799,
            "3": 0.08647891879081726,
            "4": 0.05946941673755646,
            "5": 0.08381245533625281,
            "6": 0.1275380253791809,
            "7": 0.047537654638290405,
            "8": -0.010459452867507935
        }
    }
}