{
    "0": {
        "Loss_Exp": 65.86180153452875,
        "RelativeDistance_Exp": 0.9963231682777405,
        "R2Score_Exp": 0.7194395422935486,
        "Forgetting_Exp": 0.1323870778083801,
        "BWT_Exp": -0.1323870778083801
    },
    "1": {
        "Loss_Exp": 58.856118037535694,
        "RelativeDistance_Exp": 1.0066775321960448,
        "R2Score_Exp": 0.7605820258458456,
        "Forgetting_Exp": 0.08786697387695308,
        "BWT_Exp": -0.08786697387695308
    },
    "2": {
        "Loss_Exp": 45.22263789567791,
        "RelativeDistance_Exp": 0.9928694734206567,
        "R2Score_Exp": 0.8092805513968835,
        "Forgetting_Exp": 0.05319562783608067,
        "BWT_Exp": -0.05319562783608067
    },
    "3": {
        "Loss_Exp": 39.98004220400178,
        "RelativeDistance_Exp": 1.0634847813182406,
        "R2Score_Exp": 0.8401169180870056,
        "Forgetting_Exp": 0.05691307783126831,
        "BWT_Exp": -0.05691307783126831
    },
    "4": {
        "Loss_Exp": 45.75599590195703,
        "RelativeDistance_Exp": 1.0208048394748144,
        "R2Score_Exp": 0.8252610649381366,
        "Forgetting_Exp": 0.03497059856142315,
        "BWT_Exp": -0.03497059856142315
    },
    "5": {
        "Loss_Exp": 41.11319304697311,
        "RelativeDistance_Exp": 0.9459635217984518,
        "R2Score_Exp": 0.8437930643558502,
        "Forgetting_Exp": 0.0153979857762655,
        "BWT_Exp": -0.0153979857762655
    },
    "6": {
        "Loss_Exp": 37.57068099487245,
        "RelativeDistance_Exp": 1.226788803935051,
        "R2Score_Exp": 0.8611781001091003,
        "Forgetting_Exp": 0.00715327262878418,
        "BWT_Exp": -0.00715327262878418
    },
    "7": {
        "Loss_Exp": 49.57029791451486,
        "RelativeDistance_Exp": 0.8753206804394722,
        "R2Score_Exp": 0.8291663900017738,
        "Forgetting_Exp": 0.02526882290840149,
        "BWT_Exp": -0.02526882290840149
    },
    "8": {
        "Loss_Exp": 36.78311951327838,
        "RelativeDistance_Exp": 0.7935212651888529,
        "R2Score_Exp": 0.8698646227518717,
        "Forgetting_Exp": 0.02506619691848755,
        "BWT_Exp": -0.02506619691848755
    },
    "9": {
        "Loss_Exp": 28.84818993279749,
        "RelativeDistance_Exp": 0.77804896235466,
        "R2Score_Exp": 0.9012812674045563
    },
    "stream": {
        "Loss_Stream/eval_phase/test_stream": 48.67316566657348,
        "RelativeDistance_Stream/eval_phase/test_stream": 1.0014446105486081,
        "R2Score_Stream/eval_phase/test_stream": 0.8081397951385121,
        "Forgetting_Stream/eval_phase/test_stream": {
            "0": 0.1323870778083801,
            "1": 0.08786697387695308,
            "2": 0.05319562783608067,
            "3": 0.05691307783126831,
            "4": 0.03497059856142315,
            "5": 0.0153979857762655,
            "6": 0.00715327262878418,
            "7": 0.02526882290840149,
            "8": 0.02506619691848755
        },
        "BWT_Stream/eval_phase/test_stream": {
            "0": 0.1323870778083801,
            "1": 0.08786697387695308,
            "2": 0.05319562783608067,
            "3": 0.05691307783126831,
            "4": 0.03497059856142315,
            "5": 0.0153979857762655,
            "6": 0.00715327262878418,
            "7": 0.02526882290840149,
            "8": 0.02506619691848755
        }
    }
}