{
    "0": {
        "Loss_Exp": 25.09662628173828,
        "RelativeDistance_Exp": 0.631064236164093,
        "R2Score_Exp": 0.8874339461326599,
        "Forgetting_Exp": -0.00016444921493530273,
        "BWT_Exp": 0.00016444921493530273
    },
    "1": {
        "Loss_Exp": 25.655527114868164,
        "RelativeDistance_Exp": 0.5815022587776184,
        "R2Score_Exp": 0.8890490531921387,
        "Forgetting_Exp": -0.007062554359436035,
        "BWT_Exp": 0.007062554359436035
    },
    "2": {
        "Loss_Exp": 24.16739273071289,
        "RelativeDistance_Exp": 0.5896320343017578,
        "R2Score_Exp": 0.8924384117126465,
        "Forgetting_Exp": -0.005469679832458496,
        "BWT_Exp": 0.005469679832458496
    },
    "3": {
        "Loss_Exp": 18.100046157836914,
        "RelativeDistance_Exp": 0.6390916109085083,
        "R2Score_Exp": 0.926956057548523,
        "Forgetting_Exp": -0.008298158645629883,
        "BWT_Exp": 0.008298158645629883
    },
    "4": {
        "Loss_Exp": 20.68367576599121,
        "RelativeDistance_Exp": 0.6445600986480713,
        "R2Score_Exp": 0.9134125709533691,
        "Forgetting_Exp": -0.022671401500701904,
        "BWT_Exp": 0.022671401500701904
    },
    "5": {
        "Loss_Exp": 24.403779983520508,
        "RelativeDistance_Exp": 0.5971904397010803,
        "R2Score_Exp": 0.9019067287445068,
        "Forgetting_Exp": -0.02445322275161743,
        "BWT_Exp": 0.02445322275161743
    },
    "6": {
        "Loss_Exp": 25.024200439453125,
        "RelativeDistance_Exp": 0.7317184209823608,
        "R2Score_Exp": 0.9012761116027832,
        "Forgetting_Exp": -0.006768345832824707,
        "BWT_Exp": 0.006768345832824707
    },
    "7": {
        "Loss_Exp": 33.99779510498047,
        "RelativeDistance_Exp": 0.5276594161987305,
        "R2Score_Exp": 0.8775998950004578,
        "Forgetting_Exp": 0.004382193088531494,
        "BWT_Exp": -0.004382193088531494
    },
    "8": {
        "Loss_Exp": 27.905847549438477,
        "RelativeDistance_Exp": 0.5372756719589233,
        "R2Score_Exp": 0.9055935144424438,
        "Forgetting_Exp": -0.005991935729980469,
        "BWT_Exp": 0.005991935729980469
    },
    "9": {
        "Loss_Exp": 21.073022842407227,
        "RelativeDistance_Exp": 0.5128276348114014,
        "R2Score_Exp": 0.9300812482833862
    },
    "stream": {
        "Loss_Stream/eval_phase/test_stream": 24.718071038293544,
        "RelativeDistance_Stream/eval_phase/test_stream": 0.5992521822452546,
        "R2Score_Stream/eval_phase/test_stream": 0.9025747537612915,
        "Forgetting_Stream/eval_phase/test_stream": {
            "0": -0.00016444921493530273,
            "1": -0.007062554359436035,
            "2": -0.005469679832458496,
            "3": -0.008298158645629883,
            "4": -0.022671401500701904,
            "5": -0.02445322275161743,
            "6": -0.006768345832824707,
            "7": 0.004382193088531494,
            "8": -0.005991935729980469
        },
        "BWT_Stream/eval_phase/test_stream": {
            "0": -0.00016444921493530273,
            "1": -0.007062554359436035,
            "2": -0.005469679832458496,
            "3": -0.008298158645629883,
            "4": -0.022671401500701904,
            "5": -0.02445322275161743,
            "6": -0.006768345832824707,
            "7": 0.004382193088531494,
            "8": -0.005991935729980469
        }
    }
}