{
    "0": {
        "Loss_Exp": 64.80483374748056,
        "RelativeDistance_Exp": 0.6504808664321899,
        "R2Score_Exp": 0.7743064761161804,
        "Forgetting_Exp": 0.07676684856414795,
        "BWT_Exp": -0.07676684856414795
    },
    "1": {
        "Loss_Exp": 32.85788363347952,
        "RelativeDistance_Exp": 0.6379677355289459,
        "R2Score_Exp": 0.869794636964798,
        "Forgetting_Exp": 0.025031298398971558,
        "BWT_Exp": -0.025031298398971558
    },
    "2": {
        "Loss_Exp": 40.715186754980685,
        "RelativeDistance_Exp": 0.5398198962211609,
        "R2Score_Exp": 0.8297479550043741,
        "Forgetting_Exp": 0.010389924049377441,
        "BWT_Exp": -0.010389924049377441
    },
    "3": {
        "Loss_Exp": 30.019678956306198,
        "RelativeDistance_Exp": 0.46430762112140656,
        "R2Score_Exp": 0.8798885643482208,
        "Forgetting_Exp": -0.00503462553024292,
        "BWT_Exp": 0.00503462553024292
    },
    "4": {
        "Loss_Exp": 25.69695546381543,
        "RelativeDistance_Exp": 0.4786067456007004,
        "R2Score_Exp": 0.871698334813118,
        "Forgetting_Exp": 0.02437831461429596,
        "BWT_Exp": -0.02437831461429596
    },
    "5": {
        "Loss_Exp": 29.07143506555749,
        "RelativeDistance_Exp": 0.469775249560674,
        "R2Score_Exp": 0.8507211804389954,
        "Forgetting_Exp": 0.03821875651677453,
        "BWT_Exp": -0.03821875651677453
    },
    "6": {
        "Loss_Exp": 28.70885739498001,
        "RelativeDistance_Exp": 0.46819939215977985,
        "R2Score_Exp": 0.8786367376645406,
        "Forgetting_Exp": -0.02122199535369873,
        "BWT_Exp": 0.02122199535369873
    },
    "7": {
        "Loss_Exp": 29.138610889655798,
        "RelativeDistance_Exp": 0.39432279765605927,
        "R2Score_Exp": 0.8754156827926636,
        "Forgetting_Exp": 0.03506150841712952,
        "BWT_Exp": -0.03506150841712952
    },
    "8": {
        "Loss_Exp": 28.964423983822048,
        "RelativeDistance_Exp": 0.39647699892520905,
        "R2Score_Exp": 0.8787246346473694,
        "Forgetting_Exp": 0.007980495691299438,
        "BWT_Exp": -0.007980495691299438
    },
    "9": {
        "Loss_Exp": 38.406172205795265,
        "RelativeDistance_Exp": 0.5461855381727219,
        "R2Score_Exp": 0.8726536631584167
    },
    "stream": {
        "Loss_Stream/eval_phase/test_stream": 34.174509550767446,
        "RelativeDistance_Stream/eval_phase/test_stream": 0.5010917484760284,
        "R2Score_Stream/eval_phase/test_stream": 0.85862713098526,
        "Forgetting_Stream/eval_phase/test_stream": {
            "0": 0.07676684856414795,
            "1": 0.025031298398971558,
            "2": 0.010389924049377441,
            "3": -0.00503462553024292,
            "4": 0.02437831461429596,
            "5": 0.03821875651677453,
            "6": -0.02122199535369873,
            "7": 0.03506150841712952,
            "8": 0.007980495691299438
        },
        "BWT_Stream/eval_phase/test_stream": {
            "0": 0.07676684856414795,
            "1": 0.025031298398971558,
            "2": 0.010389924049377441,
            "3": -0.00503462553024292,
            "4": 0.02437831461429596,
            "5": 0.03821875651677453,
            "6": -0.02122199535369873,
            "7": 0.03506150841712952,
            "8": 0.007980495691299438
        }
    }
}