{
    "0": {
        "Loss_Exp": 32.92899703979492,
        "RelativeDistance_Exp": 0.7593977451324463,
        "R2Score_Exp": 0.8563826680183411,
        "Forgetting_Exp": 0.03364533185958862,
        "BWT_Exp": -0.03364533185958862
    },
    "1": {
        "Loss_Exp": 36.93351364135742,
        "RelativeDistance_Exp": 0.6811776757240295,
        "R2Score_Exp": 0.844747006893158,
        "Forgetting_Exp": 0.03307288885116577,
        "BWT_Exp": -0.03307288885116577
    },
    "2": {
        "Loss_Exp": 31.19943618774414,
        "RelativeDistance_Exp": 0.6694097518920898,
        "R2Score_Exp": 0.8653949499130249,
        "Forgetting_Exp": 0.026379406452178955,
        "BWT_Exp": -0.026379406452178955
    },
    "3": {
        "Loss_Exp": 23.09849739074707,
        "RelativeDistance_Exp": 0.6934434771537781,
        "R2Score_Exp": 0.9048655033111572,
        "Forgetting_Exp": 0.018350064754486084,
        "BWT_Exp": -0.018350064754486084
    },
    "4": {
        "Loss_Exp": 26.594907760620117,
        "RelativeDistance_Exp": 0.6914376616477966,
        "R2Score_Exp": 0.8886522650718689,
        "Forgetting_Exp": 0.005230247974395752,
        "BWT_Exp": -0.005230247974395752
    },
    "5": {
        "Loss_Exp": 29.632349014282227,
        "RelativeDistance_Exp": 0.626589298248291,
        "R2Score_Exp": 0.8821789026260376,
        "Forgetting_Exp": 0.004466354846954346,
        "BWT_Exp": -0.004466354846954346
    },
    "6": {
        "Loss_Exp": 27.34864616394043,
        "RelativeDistance_Exp": 0.7723758816719055,
        "R2Score_Exp": 0.8928484916687012,
        "Forgetting_Exp": 0.0036019086837768555,
        "BWT_Exp": -0.0036019086837768555
    },
    "7": {
        "Loss_Exp": 37.48414993286133,
        "RelativeDistance_Exp": 0.5535610914230347,
        "R2Score_Exp": 0.8648462295532227,
        "Forgetting_Exp": 0.02104783058166504,
        "BWT_Exp": -0.02104783058166504
    },
    "8": {
        "Loss_Exp": 27.724157333374023,
        "RelativeDistance_Exp": 0.5331669449806213,
        "R2Score_Exp": 0.90659499168396,
        "Forgetting_Exp": 0.003210783004760742,
        "BWT_Exp": -0.003210783004760742
    },
    "9": {
        "Loss_Exp": 21.88867950439453,
        "RelativeDistance_Exp": 0.49492689967155457,
        "R2Score_Exp": 0.9248913526535034
    },
    "stream": {
        "Loss_Stream/eval_phase/test_stream": 31.06907549681837,
        "RelativeDistance_Stream/eval_phase/test_stream": 0.6475486427545547,
        "R2Score_Stream/eval_phase/test_stream": 0.8831402361392975,
        "Forgetting_Stream/eval_phase/test_stream": {
            "0": 0.03364533185958862,
            "1": 0.03307288885116577,
            "2": 0.026379406452178955,
            "3": 0.018350064754486084,
            "4": 0.005230247974395752,
            "5": 0.004466354846954346,
            "6": 0.0036019086837768555,
            "7": 0.02104783058166504,
            "8": 0.003210783004760742
        },
        "BWT_Stream/eval_phase/test_stream": {
            "0": 0.03364533185958862,
            "1": 0.03307288885116577,
            "2": 0.026379406452178955,
            "3": 0.018350064754486084,
            "4": 0.005230247974395752,
            "5": 0.004466354846954346,
            "6": 0.0036019086837768555,
            "7": 0.02104783058166504,
            "8": 0.003210783004760742
        }
    }
}