{
    "0": {
        "Loss_Exp": 62.272987365722656,
        "RelativeDistance_Exp": 0.608582615852356,
        "R2Score_Exp": 0.7952671647071838,
        "Forgetting_Exp": 0.05098670721054077,
        "BWT_Exp": -0.05098670721054077
    },
    "1": {
        "Loss_Exp": 33.00346374511719,
        "RelativeDistance_Exp": 0.6708999872207642,
        "R2Score_Exp": 0.8697502017021179,
        "Forgetting_Exp": 0.027917563915252686,
        "BWT_Exp": -0.027917563915252686
    },
    "2": {
        "Loss_Exp": 40.67975616455078,
        "RelativeDistance_Exp": 0.5273615121841431,
        "R2Score_Exp": 0.8231891393661499,
        "Forgetting_Exp": 0.019211649894714355,
        "BWT_Exp": -0.019211649894714355
    },
    "3": {
        "Loss_Exp": 31.31502914428711,
        "RelativeDistance_Exp": 0.4773463010787964,
        "R2Score_Exp": 0.8747062683105469,
        "Forgetting_Exp": -0.0030733346939086914,
        "BWT_Exp": 0.0030733346939086914
    },
    "4": {
        "Loss_Exp": 24.529884338378906,
        "RelativeDistance_Exp": 0.4647524952888489,
        "R2Score_Exp": 0.8838403224945068,
        "Forgetting_Exp": 0.02205759286880493,
        "BWT_Exp": -0.02205759286880493
    },
    "5": {
        "Loss_Exp": 29.422651290893555,
        "RelativeDistance_Exp": 0.48268207907676697,
        "R2Score_Exp": 0.851127028465271,
        "Forgetting_Exp": 0.03589332103729248,
        "BWT_Exp": -0.03589332103729248
    },
    "6": {
        "Loss_Exp": 28.94496726989746,
        "RelativeDistance_Exp": 0.43175941705703735,
        "R2Score_Exp": 0.868224024772644,
        "Forgetting_Exp": 0.01424342393875122,
        "BWT_Exp": -0.01424342393875122
    },
    "7": {
        "Loss_Exp": 28.2645320892334,
        "RelativeDistance_Exp": 0.5152142643928528,
        "R2Score_Exp": 0.8597564101219177,
        "Forgetting_Exp": 0.043862760066986084,
        "BWT_Exp": -0.043862760066986084
    },
    "8": {
        "Loss_Exp": 34.35273742675781,
        "RelativeDistance_Exp": 0.40808627009391785,
        "R2Score_Exp": 0.8519362211227417,
        "Forgetting_Exp": 0.04247540235519409,
        "BWT_Exp": -0.04247540235519409
    },
    "9": {
        "Loss_Exp": 35.46364974975586,
        "RelativeDistance_Exp": 0.5425573587417603,
        "R2Score_Exp": 0.8779251575469971
    },
    "stream": {
        "Loss_Stream/eval_phase/test_stream": 34.01189994994254,
        "RelativeDistance_Stream/eval_phase/test_stream": 0.5129242300987243,
        "R2Score_Stream/eval_phase/test_stream": 0.8555721938610077,
        "Forgetting_Stream/eval_phase/test_stream": {
            "0": 0.05098670721054077,
            "1": 0.027917563915252686,
            "2": 0.019211649894714355,
            "3": -0.0030733346939086914,
            "4": 0.02205759286880493,
            "5": 0.03589332103729248,
            "6": 0.01424342393875122,
            "7": 0.043862760066986084,
            "8": 0.04247540235519409
        },
        "BWT_Stream/eval_phase/test_stream": {
            "0": 0.05098670721054077,
            "1": 0.027917563915252686,
            "2": 0.019211649894714355,
            "3": -0.0030733346939086914,
            "4": 0.02205759286880493,
            "5": 0.03589332103729248,
            "6": 0.01424342393875122,
            "7": 0.043862760066986084,
            "8": 0.04247540235519409
        }
    }
}