{
    "0": {
        "Loss_Exp": 50.31142056559958,
        "RelativeDistance_Exp": 0.7408770024776459,
        "R2Score_Exp": 0.8860090970993042
    },
    "1": {
        "Loss_Exp": 41.64256033312339,
        "RelativeDistance_Exp": 1.0920769572257996,
        "R2Score_Exp": 0.8781260848045349
    },
    "2": {
        "Loss_Exp": 39.42180951484056,
        "RelativeDistance_Exp": 0.6400351921717325,
        "R2Score_Exp": 0.8737322489420573
    },
    "3": {
        "Loss_Exp": 33.833484276272095,
        "RelativeDistance_Exp": 0.5470775663852692,
        "R2Score_Exp": 0.8869442045688629
    },
    "4": {
        "Loss_Exp": 34.6049835114764,
        "RelativeDistance_Exp": 0.6623594760894775,
        "R2Score_Exp": 0.887659877538681
    },
    "5": {
        "Loss_Exp": 34.13020308121391,
        "RelativeDistance_Exp": 0.6247786084810892,
        "R2Score_Exp": 0.8673576911290487
    },
    "6": {
        "Loss_Exp": 38.854668294848,
        "RelativeDistance_Exp": 0.5539045135180155,
        "R2Score_Exp": 0.8808555603027344
    },
    "7": {
        "Loss_Exp": 32.62910079956055,
        "RelativeDistance_Exp": 0.6330373883247375,
        "R2Score_Exp": 0.8713395595550537
    },
    "8": {
        "Loss_Exp": 41.55921854440539,
        "RelativeDistance_Exp": 0.5416216552257538,
        "R2Score_Exp": 0.8634486198425293
    },
    "9": {
        "Loss_Exp": 56.42205129193433,
        "RelativeDistance_Exp": 0.8050306737422943,
        "R2Score_Exp": 0.8471192419528961
    },
    "stream": {
        "Loss_Stream/eval_phase/test_stream": 39.573507050074845,
        "RelativeDistance_Stream/eval_phase/test_stream": 0.6746665810545286,
        "R2Score_Stream/eval_phase/test_stream": 0.8754629194736481,
        "Forgetting_Stream/eval_phase/test_stream": {},
        "BWT_Stream/eval_phase/test_stream": {}
    }
}