{
    "0": {
        "Loss_Exp": 76.61670992667214,
        "RelativeDistance_Exp": 0.9104559123516083,
        "R2Score_Exp": 0.8283593654632568,
        "Forgetting_Exp": 0.03702622652053833,
        "BWT_Exp": -0.03702622652053833
    },
    "1": {
        "Loss_Exp": 66.10305870100346,
        "RelativeDistance_Exp": 1.6975576281547546,
        "R2Score_Exp": 0.8082585632801056,
        "Forgetting_Exp": 0.08363005518913269,
        "BWT_Exp": -0.08363005518913269
    },
    "2": {
        "Loss_Exp": 52.343239772078334,
        "RelativeDistance_Exp": 0.7875663042068481,
        "R2Score_Exp": 0.831606944402059,
        "Forgetting_Exp": -0.016338308652242062,
        "BWT_Exp": 0.016338308652242062
    },
    "3": {
        "Loss_Exp": 46.40882767678269,
        "RelativeDistance_Exp": 0.662570595741272,
        "R2Score_Exp": 0.8459010124206543,
        "Forgetting_Exp": 0.011456906795501709,
        "BWT_Exp": -0.011456906795501709
    },
    "4": {
        "Loss_Exp": 45.89091304619928,
        "RelativeDistance_Exp": 0.824449360370636,
        "R2Score_Exp": 0.8508698791265488,
        "Forgetting_Exp": 0.0029730647802352905,
        "BWT_Exp": -0.0029730647802352905
    },
    "5": {
        "Loss_Exp": 42.62294901972232,
        "RelativeDistance_Exp": 0.7066840728123983,
        "R2Score_Exp": 0.8337170680363973,
        "Forgetting_Exp": 0.0055376489957172925,
        "BWT_Exp": -0.0055376489957172925
    },
    "6": {
        "Loss_Exp": 52.27335023632004,
        "RelativeDistance_Exp": 0.6976682543754578,
        "R2Score_Exp": 0.8367247184117635,
        "Forgetting_Exp": -0.03748154640197754,
        "BWT_Exp": 0.03748154640197754
    },
    "7": {
        "Loss_Exp": 35.37868881225586,
        "RelativeDistance_Exp": 0.676510214805603,
        "R2Score_Exp": 0.8604975938796997,
        "Forgetting_Exp": 0.007577776908874512,
        "BWT_Exp": -0.007577776908874512
    },
    "8": {
        "Loss_Exp": 51.44614248997899,
        "RelativeDistance_Exp": 1.1565720438957214,
        "R2Score_Exp": 0.829800933599472,
        "Forgetting_Exp": 0.021590113639831543,
        "BWT_Exp": -0.021590113639831543
    },
    "9": {
        "Loss_Exp": 59.025198223136066,
        "RelativeDistance_Exp": 0.7983317673206329,
        "R2Score_Exp": 0.8388236165046692
    },
    "stream": {
        "Loss_Stream/eval_phase/test_stream": 52.221671270218074,
        "RelativeDistance_Stream/eval_phase/test_stream": 0.8750433102250099,
        "R2Score_Stream/eval_phase/test_stream": 0.8363504285613695,
        "Forgetting_Stream/eval_phase/test_stream": {
            "0": 0.03702622652053833,
            "1": 0.08363005518913269,
            "2": -0.016338308652242062,
            "3": 0.011456906795501709,
            "4": 0.0029730647802352905,
            "5": 0.0055376489957172925,
            "6": -0.03748154640197754,
            "7": 0.007577776908874512,
            "8": 0.021590113639831543
        },
        "BWT_Stream/eval_phase/test_stream": {
            "0": 0.03702622652053833,
            "1": 0.08363005518913269,
            "2": -0.016338308652242062,
            "3": 0.011456906795501709,
            "4": 0.0029730647802352905,
            "5": 0.0055376489957172925,
            "6": -0.03748154640197754,
            "7": 0.007577776908874512,
            "8": 0.021590113639831543
        }
    }
}