{
    "0": {
        "Loss_Exp": 36.079158782958984,
        "RelativeDistance_Exp": 0.7300881743431091,
        "R2Score_Exp": 0.8433127403259277,
        "Forgetting_Exp": 0.04465359449386597,
        "BWT_Exp": -0.04465359449386597
    },
    "1": {
        "Loss_Exp": 40.27537155151367,
        "RelativeDistance_Exp": 0.6818246245384216,
        "R2Score_Exp": 0.8297363519668579,
        "Forgetting_Exp": 0.046892404556274414,
        "BWT_Exp": -0.046892404556274414
    },
    "2": {
        "Loss_Exp": 33.049415588378906,
        "RelativeDistance_Exp": 0.6917353868484497,
        "R2Score_Exp": 0.8571722507476807,
        "Forgetting_Exp": 0.03245818614959717,
        "BWT_Exp": -0.03245818614959717
    },
    "3": {
        "Loss_Exp": 24.672903060913086,
        "RelativeDistance_Exp": 0.7050529718399048,
        "R2Score_Exp": 0.9003078937530518,
        "Forgetting_Exp": 0.024825453758239746,
        "BWT_Exp": -0.024825453758239746
    },
    "4": {
        "Loss_Exp": 25.887651443481445,
        "RelativeDistance_Exp": 0.678604006767273,
        "R2Score_Exp": 0.8938997983932495,
        "Forgetting_Exp": 0.0030191540718078613,
        "BWT_Exp": -0.0030191540718078613
    },
    "5": {
        "Loss_Exp": 28.112791061401367,
        "RelativeDistance_Exp": 0.6306677460670471,
        "R2Score_Exp": 0.8894170522689819,
        "Forgetting_Exp": -0.003983855247497559,
        "BWT_Exp": 0.003983855247497559
    },
    "6": {
        "Loss_Exp": 26.147335052490234,
        "RelativeDistance_Exp": 0.7934749722480774,
        "R2Score_Exp": 0.8996962904930115,
        "Forgetting_Exp": -0.002309858798980713,
        "BWT_Exp": 0.002309858798980713
    },
    "7": {
        "Loss_Exp": 37.41773986816406,
        "RelativeDistance_Exp": 0.5643436908721924,
        "R2Score_Exp": 0.8669623136520386,
        "Forgetting_Exp": 0.019647717475891113,
        "BWT_Exp": -0.019647717475891113
    },
    "8": {
        "Loss_Exp": 27.246597290039062,
        "RelativeDistance_Exp": 0.5417368412017822,
        "R2Score_Exp": 0.9085645079612732,
        "Forgetting_Exp": 0.0015525221824645996,
        "BWT_Exp": -0.0015525221824645996
    },
    "9": {
        "Loss_Exp": 21.108469009399414,
        "RelativeDistance_Exp": 0.5312232971191406,
        "R2Score_Exp": 0.9275705814361572
    },
    "stream": {
        "Loss_Stream/eval_phase/test_stream": 32.25181691321615,
        "RelativeDistance_Stream/eval_phase/test_stream": 0.6548751711845398,
        "R2Score_Stream/eval_phase/test_stream": 0.881663978099823,
        "Forgetting_Stream/eval_phase/test_stream": {
            "0": 0.04465359449386597,
            "1": 0.046892404556274414,
            "2": 0.03245818614959717,
            "3": 0.024825453758239746,
            "4": 0.0030191540718078613,
            "5": -0.003983855247497559,
            "6": -0.002309858798980713,
            "7": 0.019647717475891113,
            "8": 0.0015525221824645996
        },
        "BWT_Stream/eval_phase/test_stream": {
            "0": 0.04465359449386597,
            "1": 0.046892404556274414,
            "2": 0.03245818614959717,
            "3": 0.024825453758239746,
            "4": 0.0030191540718078613,
            "5": -0.003983855247497559,
            "6": -0.002309858798980713,
            "7": 0.019647717475891113,
            "8": 0.0015525221824645996
        }
    }
}