{
    "0": {
        "Loss_Exp": 50.50584053663338,
        "RelativeDistance_Exp": 0.8189284563064575,
        "R2Score_Exp": 0.7833199203014374,
        "Forgetting_Exp": 0.10232878923416133,
        "BWT_Exp": -0.10232878923416133
    },
    "1": {
        "Loss_Exp": 45.8832714489647,
        "RelativeDistance_Exp": 0.7043388883272806,
        "R2Score_Exp": 0.8099753697713216,
        "Forgetting_Exp": 0.07926704486211145,
        "BWT_Exp": -0.07926704486211145
    },
    "2": {
        "Loss_Exp": 37.11121644405592,
        "RelativeDistance_Exp": 0.672720152598161,
        "R2Score_Exp": 0.8377797832855811,
        "Forgetting_Exp": 0.0585479415380038,
        "BWT_Exp": -0.0585479415380038
    },
    "3": {
        "Loss_Exp": 26.48214644682531,
        "RelativeDistance_Exp": 0.7295033269458346,
        "R2Score_Exp": 0.8942377964655558,
        "Forgetting_Exp": 0.03495693869060945,
        "BWT_Exp": -0.03495693869060945
    },
    "4": {
        "Loss_Exp": 27.493588605522632,
        "RelativeDistance_Exp": 0.6734363266399929,
        "R2Score_Exp": 0.8894763163157872,
        "Forgetting_Exp": 0.01255533524921959,
        "BWT_Exp": -0.01255533524921959
    },
    "5": {
        "Loss_Exp": 29.768433292726687,
        "RelativeDistance_Exp": 0.6119422813256582,
        "R2Score_Exp": 0.8808499872684479,
        "Forgetting_Exp": 0.008004824320475223,
        "BWT_Exp": -0.008004824320475223
    },
    "6": {
        "Loss_Exp": 28.63407798966183,
        "RelativeDistance_Exp": 0.7617441117763519,
        "R2Score_Exp": 0.885298103094101,
        "Forgetting_Exp": 0.011056102812290192,
        "BWT_Exp": -0.011056102812290192
    },
    "7": {
        "Loss_Exp": 37.4649232465481,
        "RelativeDistance_Exp": 0.541010744869709,
        "R2Score_Exp": 0.8701833859086037,
        "Forgetting_Exp": 0.0169815793633461,
        "BWT_Exp": -0.0169815793633461
    },
    "8": {
        "Loss_Exp": 26.72382275256174,
        "RelativeDistance_Exp": 0.49780595302581787,
        "R2Score_Exp": 0.9029099742571512,
        "Forgetting_Exp": 0.01068423191706347,
        "BWT_Exp": -0.01068423191706347
    },
    "9": {
        "Loss_Exp": 22.112766211459828,
        "RelativeDistance_Exp": 0.4616381525993347,
        "R2Score_Exp": 0.9173144698143005
    },
    "stream": {
        "Loss_Stream/eval_phase/test_stream": 36.53141004145184,
        "RelativeDistance_Stream/eval_phase/test_stream": 0.6825888988412456,
        "R2Score_Stream/eval_phase/test_stream": 0.8521080495398722,
        "Forgetting_Stream/eval_phase/test_stream": {
            "0": 0.10232878923416133,
            "1": 0.07926704486211145,
            "2": 0.0585479415380038,
            "3": 0.03495693869060945,
            "4": 0.01255533524921959,
            "5": 0.008004824320475223,
            "6": 0.011056102812290192,
            "7": 0.0169815793633461,
            "8": 0.01068423191706347
        },
        "BWT_Stream/eval_phase/test_stream": {
            "0": 0.10232878923416133,
            "1": 0.07926704486211145,
            "2": 0.0585479415380038,
            "3": 0.03495693869060945,
            "4": 0.01255533524921959,
            "5": 0.008004824320475223,
            "6": 0.011056102812290192,
            "7": 0.0169815793633461,
            "8": 0.01068423191706347
        }
    }
}