{
    "0": {
        "Loss_Exp": 60.564483642578125,
        "RelativeDistance_Exp": 0.674572229385376,
        "R2Score_Exp": 0.7870765328407288,
        "Forgetting_Exp": 0.06835794448852539,
        "BWT_Exp": -0.06835794448852539
    },
    "1": {
        "Loss_Exp": 45.10101318359375,
        "RelativeDistance_Exp": 0.734325647354126,
        "R2Score_Exp": 0.8252384662628174,
        "Forgetting_Exp": -0.0033632516860961914,
        "BWT_Exp": 0.0033632516860961914
    },
    "2": {
        "Loss_Exp": 52.45791244506836,
        "RelativeDistance_Exp": 0.575235903263092,
        "R2Score_Exp": 0.8006591796875,
        "Forgetting_Exp": -0.03147315979003906,
        "BWT_Exp": 0.03147315979003906
    },
    "3": {
        "Loss_Exp": 38.10493850708008,
        "RelativeDistance_Exp": 0.5363076329231262,
        "R2Score_Exp": 0.8444880843162537,
        "Forgetting_Exp": -0.06934982538223267,
        "BWT_Exp": 0.06934982538223267
    },
    "4": {
        "Loss_Exp": 32.81111526489258,
        "RelativeDistance_Exp": 0.5892558097839355,
        "R2Score_Exp": 0.834837794303894,
        "Forgetting_Exp": 0.0012979507446289062,
        "BWT_Exp": -0.0012979507446289062
    },
    "5": {
        "Loss_Exp": 35.30910873413086,
        "RelativeDistance_Exp": 0.5689735412597656,
        "R2Score_Exp": 0.7975900173187256,
        "Forgetting_Exp": 0.03135406970977783,
        "BWT_Exp": -0.03135406970977783
    },
    "6": {
        "Loss_Exp": 40.71412658691406,
        "RelativeDistance_Exp": 0.4920879900455475,
        "R2Score_Exp": 0.8179413080215454,
        "Forgetting_Exp": 0.02506178617477417,
        "BWT_Exp": -0.02506178617477417
    },
    "7": {
        "Loss_Exp": 37.51181411743164,
        "RelativeDistance_Exp": 0.5299917459487915,
        "R2Score_Exp": 0.7986856698989868,
        "Forgetting_Exp": 0.06272315979003906,
        "BWT_Exp": -0.06272315979003906
    },
    "8": {
        "Loss_Exp": 38.49398422241211,
        "RelativeDistance_Exp": 0.5022542476654053,
        "R2Score_Exp": 0.8435482978820801,
        "Forgetting_Exp": -0.01066744327545166,
        "BWT_Exp": 0.01066744327545166
    },
    "9": {
        "Loss_Exp": 50.852169036865234,
        "RelativeDistance_Exp": 0.6880861520767212,
        "R2Score_Exp": 0.8290103673934937
    },
    "stream": {
        "Loss_Stream/eval_phase/test_stream": 42.50755251413,
        "RelativeDistance_Stream/eval_phase/test_stream": 0.5891090899705886,
        "R2Score_Stream/eval_phase/test_stream": 0.8179075717926025,
        "Forgetting_Stream/eval_phase/test_stream": {
            "0": 0.06835794448852539,
            "1": -0.0033632516860961914,
            "2": -0.03147315979003906,
            "3": -0.06934982538223267,
            "4": 0.0012979507446289062,
            "5": 0.03135406970977783,
            "6": 0.02506178617477417,
            "7": 0.06272315979003906,
            "8": -0.01066744327545166
        },
        "BWT_Stream/eval_phase/test_stream": {
            "0": 0.06835794448852539,
            "1": -0.0033632516860961914,
            "2": -0.03147315979003906,
            "3": -0.06934982538223267,
            "4": 0.0012979507446289062,
            "5": 0.03135406970977783,
            "6": 0.02506178617477417,
            "7": 0.06272315979003906,
            "8": -0.01066744327545166
        }
    }
}