{
    "0": {
        "Loss_Exp": 112.97515833447551,
        "RelativeDistance_Exp": 1.2863041162490845,
        "R2Score_Exp": 0.7440295815467834,
        "Forgetting_Exp": 0.1358974575996399,
        "BWT_Exp": -0.1358974575996399
    },
    "1": {
        "Loss_Exp": 70.31345144857414,
        "RelativeDistance_Exp": 1.6418481469154358,
        "R2Score_Exp": 0.7967354357242584,
        "Forgetting_Exp": 0.09760960936546326,
        "BWT_Exp": -0.09760960936546326
    },
    "2": {
        "Loss_Exp": 63.66120167164899,
        "RelativeDistance_Exp": 1.0514902273813884,
        "R2Score_Exp": 0.7961263060569763,
        "Forgetting_Exp": 0.03198198477427161,
        "BWT_Exp": -0.03198198477427161
    },
    "3": {
        "Loss_Exp": 49.665418241868466,
        "RelativeDistance_Exp": 0.8756281733512878,
        "R2Score_Exp": 0.8358511328697205,
        "Forgetting_Exp": 0.02487236261367798,
        "BWT_Exp": -0.02487236261367798
    },
    "4": {
        "Loss_Exp": 44.4169975934464,
        "RelativeDistance_Exp": 1.0590664446353912,
        "R2Score_Exp": 0.8529089391231537,
        "Forgetting_Exp": 0.0014251917600631714,
        "BWT_Exp": -0.0014251917600631714
    },
    "5": {
        "Loss_Exp": 45.09339208188264,
        "RelativeDistance_Exp": 0.9196325341860453,
        "R2Score_Exp": 0.8242719968159994,
        "Forgetting_Exp": 0.026501675446828132,
        "BWT_Exp": -0.026501675446828132
    },
    "6": {
        "Loss_Exp": 56.9434372994353,
        "RelativeDistance_Exp": 0.7844393452008566,
        "R2Score_Exp": 0.8344239195187887,
        "Forgetting_Exp": 0.016901731491088867,
        "BWT_Exp": -0.016901731491088867
    },
    "7": {
        "Loss_Exp": 36.28940200805664,
        "RelativeDistance_Exp": 0.9230911135673523,
        "R2Score_Exp": 0.856906533241272,
        "Forgetting_Exp": 0.02067503333091736,
        "BWT_Exp": -0.02067503333091736
    },
    "8": {
        "Loss_Exp": 45.638272001815906,
        "RelativeDistance_Exp": 0.8457885980606079,
        "R2Score_Exp": 0.849302351474762,
        "Forgetting_Exp": -0.02938804030418396,
        "BWT_Exp": 0.02938804030418396
    },
    "9": {
        "Loss_Exp": 53.605130159234726,
        "RelativeDistance_Exp": 1.0610286891460419,
        "R2Score_Exp": 0.8539611399173737
    },
    "stream": {
        "Loss_Stream/eval_phase/test_stream": 57.14447205178659,
        "RelativeDistance_Stream/eval_phase/test_stream": 1.035301610827446,
        "R2Score_Stream/eval_phase/test_stream": 0.824698676665624,
        "Forgetting_Stream/eval_phase/test_stream": {
            "0": 0.1358974575996399,
            "1": 0.09760960936546326,
            "2": 0.03198198477427161,
            "3": 0.02487236261367798,
            "4": 0.0014251917600631714,
            "5": 0.026501675446828132,
            "6": 0.016901731491088867,
            "7": 0.02067503333091736,
            "8": -0.02938804030418396
        },
        "BWT_Stream/eval_phase/test_stream": {
            "0": 0.1358974575996399,
            "1": 0.09760960936546326,
            "2": 0.03198198477427161,
            "3": 0.02487236261367798,
            "4": 0.0014251917600631714,
            "5": 0.026501675446828132,
            "6": 0.016901731491088867,
            "7": 0.02067503333091736,
            "8": -0.02938804030418396
        }
    }
}