{
    "0": {
        "Loss_Exp": 62.16275769759524,
        "RelativeDistance_Exp": 1.4037547945976256,
        "R2Score_Exp": 0.7390936255455017,
        "Forgetting_Exp": 0.11279910802841187,
        "BWT_Exp": -0.11279910802841187
    },
    "1": {
        "Loss_Exp": 70.30108952827881,
        "RelativeDistance_Exp": 1.4476312557856241,
        "R2Score_Exp": 0.7323244373003642,
        "Forgetting_Exp": 0.1222874442736307,
        "BWT_Exp": -0.1222874442736307
    },
    "2": {
        "Loss_Exp": 48.60765866687993,
        "RelativeDistance_Exp": 1.2177823415169349,
        "R2Score_Exp": 0.8002708279169523,
        "Forgetting_Exp": 0.07657156082300043,
        "BWT_Exp": -0.07657156082300043
    },
    "3": {
        "Loss_Exp": 33.624172404743994,
        "RelativeDistance_Exp": 1.2225870490074158,
        "R2Score_Exp": 0.86819546090232,
        "Forgetting_Exp": 0.04354103406270349,
        "BWT_Exp": -0.04354103406270349
    },
    "4": {
        "Loss_Exp": 42.739904142829,
        "RelativeDistance_Exp": 1.1383018749100822,
        "R2Score_Exp": 0.8381865194865635,
        "Forgetting_Exp": 0.047062354428427544,
        "BWT_Exp": -0.047062354428427544
    },
    "5": {
        "Loss_Exp": 42.36289184427826,
        "RelativeDistance_Exp": 1.0042130450407665,
        "R2Score_Exp": 0.8394013941287994,
        "Forgetting_Exp": 0.03415725628534949,
        "BWT_Exp": -0.03415725628534949
    },
    "6": {
        "Loss_Exp": 36.37744704847087,
        "RelativeDistance_Exp": 1.3239312916994095,
        "R2Score_Exp": 0.8626041114330292,
        "Forgetting_Exp": 0.026060238480567932,
        "BWT_Exp": -0.026060238480567932
    },
    "7": {
        "Loss_Exp": 45.11953158737818,
        "RelativeDistance_Exp": 0.9164790064096451,
        "R2Score_Exp": 0.844637855887413,
        "Forgetting_Exp": 0.034051015973091125,
        "BWT_Exp": -0.034051015973091125
    },
    "8": {
        "Loss_Exp": 32.97833017714257,
        "RelativeDistance_Exp": 0.7959533333778381,
        "R2Score_Exp": 0.8821048140525818,
        "Forgetting_Exp": 0.03286047776540124,
        "BWT_Exp": -0.03286047776540124
    },
    "9": {
        "Loss_Exp": 22.605145897238078,
        "RelativeDistance_Exp": 0.7587697803974152,
        "R2Score_Exp": 0.9149531126022339
    },
    "stream": {
        "Loss_Stream/eval_phase/test_stream": 49.366984896686596,
        "RelativeDistance_Stream/eval_phase/test_stream": 1.2149202963452281,
        "R2Score_Stream/eval_phase/test_stream": 0.8102586806556324,
        "Forgetting_Stream/eval_phase/test_stream": {
            "0": 0.11279910802841187,
            "1": 0.1222874442736307,
            "2": 0.07657156082300043,
            "3": 0.04354103406270349,
            "4": 0.047062354428427544,
            "5": 0.03415725628534949,
            "6": 0.026060238480567932,
            "7": 0.034051015973091125,
            "8": 0.03286047776540124
        },
        "BWT_Stream/eval_phase/test_stream": {
            "0": 0.11279910802841187,
            "1": 0.1222874442736307,
            "2": 0.07657156082300043,
            "3": 0.04354103406270349,
            "4": 0.047062354428427544,
            "5": 0.03415725628534949,
            "6": 0.026060238480567932,
            "7": 0.034051015973091125,
            "8": 0.03286047776540124
        }
    }
}