{
    "0": {
        "Loss_Exp": 0.15710655850892496,
        "BinaryAccuracy_Exp": 0.9528808444738388
    },
    "1": {
        "Loss_Exp": 0.2017824267518607,
        "BinaryAccuracy_Exp": 0.9303094297647476
    },
    "2": {
        "Loss_Exp": 0.16735255781076702,
        "BinaryAccuracy_Exp": 0.9396581888198853
    },
    "3": {
        "Loss_Exp": 0.14207416301800535,
        "BinaryAccuracy_Exp": 0.9491705298423767
    },
    "4": {
        "Loss_Exp": 0.08580851591633686,
        "BinaryAccuracy_Exp": 0.9649278436388288
    },
    "5": {
        "Loss_Exp": 0.11305933669959085,
        "BinaryAccuracy_Exp": 0.9582344392935435
    },
    "6": {
        "Loss_Exp": 0.08389853784699994,
        "BinaryAccuracy_Exp": 0.9682029128074646
    },
    "7": {
        "Loss_Exp": 0.08293869716442184,
        "BinaryAccuracy_Exp": 0.9660184582074484
    },
    "8": {
        "Loss_Exp": 0.09013070931044628,
        "BinaryAccuracy_Exp": 0.9669253826141357
    },
    "9": {
        "Loss_Exp": 0.0725238370236797,
        "BinaryAccuracy_Exp": 0.9713931232690811
    },
    "stream": {
        "Loss_Stream/eval_phase/test_stream": 0.11769697402749682,
        "BinaryAccuracy_Stream/eval_phase/test_stream": 0.9566570611103721
    }
}