{
    "0": {
        "Loss_Exp": 113.74997021400765,
        "RelativeDistance_Exp": 0.9522144794464111,
        "R2Score_Exp": 0.6300588250160217,
        "Forgetting_Exp": 0.21938472986221313,
        "BWT_Exp": -0.21938472986221313
    },
    "1": {
        "Loss_Exp": 60.78889220058127,
        "RelativeDistance_Exp": 0.9708727300167084,
        "R2Score_Exp": 0.7845680713653564,
        "Forgetting_Exp": 0.11113178730010986,
        "BWT_Exp": -0.11113178730010986
    },
    "2": {
        "Loss_Exp": 64.98748209858614,
        "RelativeDistance_Exp": 0.7465205788612366,
        "R2Score_Exp": 0.7643414735794067,
        "Forgetting_Exp": 0.0719997684160868,
        "BWT_Exp": -0.0719997684160868
    },
    "3": {
        "Loss_Exp": 44.051022596762216,
        "RelativeDistance_Exp": 0.6695622801780701,
        "R2Score_Exp": 0.842865526676178,
        "Forgetting_Exp": 0.029390394687652588,
        "BWT_Exp": -0.029390394687652588
    },
    "4": {
        "Loss_Exp": 34.20655711294768,
        "RelativeDistance_Exp": 0.6903290003538132,
        "R2Score_Exp": 0.8400759696960449,
        "Forgetting_Exp": 0.06703072786331177,
        "BWT_Exp": -0.06703072786331177
    },
    "5": {
        "Loss_Exp": 38.98479176463697,
        "RelativeDistance_Exp": 0.6387407382329305,
        "R2Score_Exp": 0.816327432791392,
        "Forgetting_Exp": 0.0771034757296245,
        "BWT_Exp": -0.0771034757296245
    },
    "6": {
        "Loss_Exp": 46.89667155862712,
        "RelativeDistance_Exp": 0.6534436146418253,
        "R2Score_Exp": 0.8236752351125082,
        "Forgetting_Exp": 0.014141559600830078,
        "BWT_Exp": -0.014141559600830078
    },
    "7": {
        "Loss_Exp": 37.51627650084319,
        "RelativeDistance_Exp": 0.5363794714212418,
        "R2Score_Exp": 0.8546191453933716,
        "Forgetting_Exp": 0.055056869983673096,
        "BWT_Exp": -0.055056869983673096
    },
    "8": {
        "Loss_Exp": 36.39934091358723,
        "RelativeDistance_Exp": 0.5539624094963074,
        "R2Score_Exp": 0.8601657152175903,
        "Forgetting_Exp": 0.012030452489852905,
        "BWT_Exp": -0.012030452489852905
    },
    "9": {
        "Loss_Exp": 41.5299161282465,
        "RelativeDistance_Exp": 0.6414251625537872,
        "R2Score_Exp": 0.8619079291820526
    },
    "stream": {
        "Loss_Stream/eval_phase/test_stream": 51.00651709659364,
        "RelativeDistance_Stream/eval_phase/test_stream": 0.7010505545139313,
        "R2Score_Stream/eval_phase/test_stream": 0.8096682691574096,
        "Forgetting_Stream/eval_phase/test_stream": {
            "0": 0.21938472986221313,
            "1": 0.11113178730010986,
            "2": 0.0719997684160868,
            "3": 0.029390394687652588,
            "4": 0.06703072786331177,
            "5": 0.0771034757296245,
            "6": 0.014141559600830078,
            "7": 0.055056869983673096,
            "8": 0.012030452489852905
        },
        "BWT_Stream/eval_phase/test_stream": {
            "0": 0.21938472986221313,
            "1": 0.11113178730010986,
            "2": 0.0719997684160868,
            "3": 0.029390394687652588,
            "4": 0.06703072786331177,
            "5": 0.0771034757296245,
            "6": 0.014141559600830078,
            "7": 0.055056869983673096,
            "8": 0.012030452489852905
        }
    }
}