{
    "0": {
        "Loss_Exp": 33.29762268066406,
        "RelativeDistance_Exp": 0.7583575248718262,
        "R2Score_Exp": 0.8576664924621582,
        "Forgetting_Exp": 0.027185261249542236,
        "BWT_Exp": -0.027185261249542236
    },
    "1": {
        "Loss_Exp": 37.205047607421875,
        "RelativeDistance_Exp": 0.6706380248069763,
        "R2Score_Exp": 0.8400641083717346,
        "Forgetting_Exp": 0.03786581754684448,
        "BWT_Exp": -0.03786581754684448
    },
    "2": {
        "Loss_Exp": 31.74793243408203,
        "RelativeDistance_Exp": 0.684138834476471,
        "R2Score_Exp": 0.8616924285888672,
        "Forgetting_Exp": 0.027719557285308838,
        "BWT_Exp": -0.027719557285308838
    },
    "3": {
        "Loss_Exp": 24.276369094848633,
        "RelativeDistance_Exp": 0.7032422423362732,
        "R2Score_Exp": 0.9022682905197144,
        "Forgetting_Exp": 0.019347071647644043,
        "BWT_Exp": -0.019347071647644043
    },
    "4": {
        "Loss_Exp": 25.785133361816406,
        "RelativeDistance_Exp": 0.6972837448120117,
        "R2Score_Exp": 0.8931705951690674,
        "Forgetting_Exp": 0.006289422512054443,
        "BWT_Exp": -0.006289422512054443
    },
    "5": {
        "Loss_Exp": 30.424518585205078,
        "RelativeDistance_Exp": 0.6319478154182434,
        "R2Score_Exp": 0.8795812726020813,
        "Forgetting_Exp": -0.0003706812858581543,
        "BWT_Exp": 0.0003706812858581543
    },
    "6": {
        "Loss_Exp": 27.651264190673828,
        "RelativeDistance_Exp": 0.7854235768318176,
        "R2Score_Exp": 0.892386794090271,
        "Forgetting_Exp": 0.007745504379272461,
        "BWT_Exp": -0.007745504379272461
    },
    "7": {
        "Loss_Exp": 38.765357971191406,
        "RelativeDistance_Exp": 0.5620303153991699,
        "R2Score_Exp": 0.8620731234550476,
        "Forgetting_Exp": 0.025642693042755127,
        "BWT_Exp": -0.025642693042755127
    },
    "8": {
        "Loss_Exp": 26.158248901367188,
        "RelativeDistance_Exp": 0.5419985055923462,
        "R2Score_Exp": 0.9129831790924072,
        "Forgetting_Exp": -0.005573868751525879,
        "BWT_Exp": 0.005573868751525879
    },
    "9": {
        "Loss_Exp": 20.63640594482422,
        "RelativeDistance_Exp": 0.5216705203056335,
        "R2Score_Exp": 0.9301208257675171
    },
    "stream": {
        "Loss_Stream/eval_phase/test_stream": 31.47478003871943,
        "RelativeDistance_Stream/eval_phase/test_stream": 0.6556731104850769,
        "R2Score_Stream/eval_phase/test_stream": 0.8832007110118866,
        "Forgetting_Stream/eval_phase/test_stream": {
            "0": 0.027185261249542236,
            "1": 0.03786581754684448,
            "2": 0.027719557285308838,
            "3": 0.019347071647644043,
            "4": 0.006289422512054443,
            "5": -0.0003706812858581543,
            "6": 0.007745504379272461,
            "7": 0.025642693042755127,
            "8": -0.005573868751525879
        },
        "BWT_Stream/eval_phase/test_stream": {
            "0": 0.027185261249542236,
            "1": 0.03786581754684448,
            "2": 0.027719557285308838,
            "3": 0.019347071647644043,
            "4": 0.006289422512054443,
            "5": -0.0003706812858581543,
            "6": 0.007745504379272461,
            "7": 0.025642693042755127,
            "8": -0.005573868751525879
        }
    }
}