{
    "0": {
        "Loss_Exp": 53.17644756325136,
        "RelativeDistance_Exp": 1.048190176486969,
        "R2Score_Exp": 0.7650127232074737,
        "Forgetting_Exp": 0.08515788316726691,
        "BWT_Exp": -0.08515788316726691
    },
    "1": {
        "Loss_Exp": 52.85016752938986,
        "RelativeDistance_Exp": 1.0046213626861573,
        "R2Score_Exp": 0.7805327773094177,
        "Forgetting_Exp": 0.06631712913513188,
        "BWT_Exp": -0.06631712913513188
    },
    "2": {
        "Loss_Exp": 43.502019257757105,
        "RelativeDistance_Exp": 0.9909321161416861,
        "R2Score_Exp": 0.8149708326046283,
        "Forgetting_Exp": 0.04233018710063052,
        "BWT_Exp": -0.04233018710063052
    },
    "3": {
        "Loss_Exp": 35.835547201414535,
        "RelativeDistance_Exp": 1.1156595216857061,
        "R2Score_Exp": 0.8539871507220798,
        "Forgetting_Exp": 0.040065599812401764,
        "BWT_Exp": -0.040065599812401764
    },
    "4": {
        "Loss_Exp": 36.43485829217399,
        "RelativeDistance_Exp": 1.060371994972229,
        "R2Score_Exp": 0.8591619219098773,
        "Forgetting_Exp": 0.0010870269366672902,
        "BWT_Exp": -0.0010870269366672902
    },
    "5": {
        "Loss_Exp": 37.94534657592671,
        "RelativeDistance_Exp": 0.9818676114082336,
        "R2Score_Exp": 0.854063351949056,
        "Forgetting_Exp": 0.0037748316923776892,
        "BWT_Exp": -0.0037748316923776892
    },
    "6": {
        "Loss_Exp": 37.085150671263506,
        "RelativeDistance_Exp": 1.2984462231397629,
        "R2Score_Exp": 0.8598120585083961,
        "Forgetting_Exp": 0.011905156075954437,
        "BWT_Exp": -0.011905156075954437
    },
    "7": {
        "Loss_Exp": 47.988121139572016,
        "RelativeDistance_Exp": 0.911147378385067,
        "R2Score_Exp": 0.8286595270037651,
        "Forgetting_Exp": 0.021272651851177216,
        "BWT_Exp": -0.021272651851177216
    },
    "8": {
        "Loss_Exp": 37.47068651294752,
        "RelativeDistance_Exp": 0.8330782254536947,
        "R2Score_Exp": 0.8600407640139262,
        "Forgetting_Exp": 0.037373244762420654,
        "BWT_Exp": -0.037373244762420654
    },
    "9": {
        "Loss_Exp": 26.649159142785894,
        "RelativeDistance_Exp": 0.7970423698425293,
        "R2Score_Exp": 0.9060640931129456
    },
    "stream": {
        "Loss_Stream/eval_phase/test_stream": 43.95760542895813,
        "RelativeDistance_Stream/eval_phase/test_stream": 1.0315821391564828,
        "R2Score_Stream/eval_phase/test_stream": 0.8231748246852263,
        "Forgetting_Stream/eval_phase/test_stream": {
            "0": 0.08515788316726691,
            "1": 0.06631712913513188,
            "2": 0.04233018710063052,
            "3": 0.040065599812401764,
            "4": 0.0010870269366672902,
            "5": 0.0037748316923776892,
            "6": 0.011905156075954437,
            "7": 0.021272651851177216,
            "8": 0.037373244762420654
        },
        "BWT_Stream/eval_phase/test_stream": {
            "0": 0.08515788316726691,
            "1": 0.06631712913513188,
            "2": 0.04233018710063052,
            "3": 0.040065599812401764,
            "4": 0.0010870269366672902,
            "5": 0.0037748316923776892,
            "6": 0.011905156075954437,
            "7": 0.021272651851177216,
            "8": 0.037373244762420654
        }
    }
}