{
    "0": {
        "Loss_Exp": 61.3738103370144,
        "RelativeDistance_Exp": 0.6837783753871918,
        "R2Score_Exp": 0.794793426990509,
        "Forgetting_Exp": 0.055670857429504395,
        "BWT_Exp": -0.055670857429504395
    },
    "1": {
        "Loss_Exp": 35.44750106771049,
        "RelativeDistance_Exp": 0.692788153886795,
        "R2Score_Exp": 0.8632691502571106,
        "Forgetting_Exp": 0.019831210374832153,
        "BWT_Exp": -0.019831210374832153
    },
    "2": {
        "Loss_Exp": 45.606361726794205,
        "RelativeDistance_Exp": 0.5355015198389689,
        "R2Score_Exp": 0.8273595968882242,
        "Forgetting_Exp": 0.005404293537139893,
        "BWT_Exp": -0.005404293537139893
    },
    "3": {
        "Loss_Exp": 35.056055226316396,
        "RelativeDistance_Exp": 0.4720146954059601,
        "R2Score_Exp": 0.8612977266311646,
        "Forgetting_Exp": -0.0041377246379852295,
        "BWT_Exp": 0.0041377246379852295
    },
    "4": {
        "Loss_Exp": 29.621620622738863,
        "RelativeDistance_Exp": 0.49362044036388397,
        "R2Score_Exp": 0.8508931994438171,
        "Forgetting_Exp": 0.03295972943305969,
        "BWT_Exp": -0.03295972943305969
    },
    "5": {
        "Loss_Exp": 35.187927753013255,
        "RelativeDistance_Exp": 0.47715385754903156,
        "R2Score_Exp": 0.8063969214757284,
        "Forgetting_Exp": 0.06584674119949341,
        "BWT_Exp": -0.06584674119949341
    },
    "6": {
        "Loss_Exp": 37.14768523072167,
        "RelativeDistance_Exp": 0.4230063259601593,
        "R2Score_Exp": 0.8306735157966614,
        "Forgetting_Exp": 0.02490146954854333,
        "BWT_Exp": -0.02490146954854333
    },
    "7": {
        "Loss_Exp": 34.10844208734554,
        "RelativeDistance_Exp": 0.3595823496580124,
        "R2Score_Exp": 0.836286872625351,
        "Forgetting_Exp": 0.06916666030883789,
        "BWT_Exp": -0.06916666030883789
    },
    "8": {
        "Loss_Exp": 37.0008114542707,
        "RelativeDistance_Exp": 0.43408843874931335,
        "R2Score_Exp": 0.851855993270874,
        "Forgetting_Exp": 0.00612291693687439,
        "BWT_Exp": -0.00612291693687439
    },
    "9": {
        "Loss_Exp": 43.336028384022505,
        "RelativeDistance_Exp": 0.5421470254659653,
        "R2Score_Exp": 0.8580521941184998
    },
    "stream": {
        "Loss_Stream/eval_phase/test_stream": 38.742314810327336,
        "RelativeDistance_Stream/eval_phase/test_stream": 0.5060105979442596,
        "R2Score_Stream/eval_phase/test_stream": 0.8371189451217651,
        "Forgetting_Stream/eval_phase/test_stream": {
            "0": 0.055670857429504395,
            "1": 0.019831210374832153,
            "2": 0.005404293537139893,
            "3": -0.0041377246379852295,
            "4": 0.03295972943305969,
            "5": 0.06584674119949341,
            "6": 0.02490146954854333,
            "7": 0.06916666030883789,
            "8": 0.00612291693687439
        },
        "BWT_Stream/eval_phase/test_stream": {
            "0": 0.055670857429504395,
            "1": 0.019831210374832153,
            "2": 0.005404293537139893,
            "3": -0.0041377246379852295,
            "4": 0.03295972943305969,
            "5": 0.06584674119949341,
            "6": 0.02490146954854333,
            "7": 0.06916666030883789,
            "8": 0.00612291693687439
        }
    }
}