{
    "0": {
        "Loss_Exp": 39.23547496355805,
        "RelativeDistance_Exp": 1.0299904644489288,
        "R2Score_Exp": 0.8191718518733978,
        "Forgetting_Exp": 0.031802570819854714,
        "BWT_Exp": -0.031802570819854714
    },
    "1": {
        "Loss_Exp": 48.626015838956874,
        "RelativeDistance_Exp": 0.9357926885286967,
        "R2Score_Exp": 0.7969227194786072,
        "Forgetting_Exp": 0.004054796695709295,
        "BWT_Exp": -0.004054796695709295
    },
    "2": {
        "Loss_Exp": 41.27749635924439,
        "RelativeDistance_Exp": 0.9300318497877854,
        "R2Score_Exp": 0.8240669919894292,
        "Forgetting_Exp": 0.004962503910064697,
        "BWT_Exp": -0.004962503910064697
    },
    "3": {
        "Loss_Exp": 44.02332174790502,
        "RelativeDistance_Exp": 1.206420726246304,
        "R2Score_Exp": 0.8239202830526564,
        "Forgetting_Exp": 0.012401196691725014,
        "BWT_Exp": -0.012401196691725014
    },
    "4": {
        "Loss_Exp": 49.86234414151259,
        "RelativeDistance_Exp": 1.015521058014461,
        "R2Score_Exp": 0.8055550370897565,
        "Forgetting_Exp": -0.015221672398703423,
        "BWT_Exp": 0.015221672398703423
    },
    "5": {
        "Loss_Exp": 44.87262297416103,
        "RelativeDistance_Exp": 0.8665010233720144,
        "R2Score_Exp": 0.8305356701215109,
        "Forgetting_Exp": -0.011903782685597775,
        "BWT_Exp": 0.011903782685597775
    },
    "6": {
        "Loss_Exp": 43.292940634685685,
        "RelativeDistance_Exp": 1.0608022287487984,
        "R2Score_Exp": 0.8414162918925285,
        "Forgetting_Exp": 0.005241751670837402,
        "BWT_Exp": -0.005241751670837402
    },
    "7": {
        "Loss_Exp": 60.218263185701844,
        "RelativeDistance_Exp": 0.8466645553708076,
        "R2Score_Exp": 0.7959622889757156,
        "Forgetting_Exp": 0.001358024775981903,
        "BWT_Exp": -0.001358024775981903
    },
    "8": {
        "Loss_Exp": 42.340730314355426,
        "RelativeDistance_Exp": 0.8097746968269348,
        "R2Score_Exp": 0.8537116050720215,
        "Forgetting_Exp": 0.03210383653640747,
        "BWT_Exp": -0.03210383653640747
    },
    "9": {
        "Loss_Exp": 38.9679596987088,
        "RelativeDistance_Exp": 0.8234335780143738,
        "R2Score_Exp": 0.875823974609375
    },
    "stream": {
        "Loss_Stream/eval_phase/test_stream": 45.76065227478195,
        "RelativeDistance_Stream/eval_phase/test_stream": 0.9744268471812024,
        "R2Score_Stream/eval_phase/test_stream": 0.8186126351356506,
        "Forgetting_Stream/eval_phase/test_stream": {
            "0": 0.031802570819854714,
            "1": 0.004054796695709295,
            "2": 0.004962503910064697,
            "3": 0.012401196691725014,
            "4": -0.015221672398703423,
            "5": -0.011903782685597775,
            "6": 0.005241751670837402,
            "7": 0.001358024775981903,
            "8": 0.03210383653640747
        },
        "BWT_Stream/eval_phase/test_stream": {
            "0": 0.031802570819854714,
            "1": 0.004054796695709295,
            "2": 0.004962503910064697,
            "3": 0.012401196691725014,
            "4": -0.015221672398703423,
            "5": -0.011903782685597775,
            "6": 0.005241751670837402,
            "7": 0.001358024775981903,
            "8": 0.03210383653640747
        }
    }
}