{
    "0": {
        "Loss_Exp": 0.08756296639786045,
        "BinaryAccuracy_Exp": 0.9724120944738388
    },
    "1": {
        "Loss_Exp": 0.09338355726404525,
        "BinaryAccuracy_Exp": 0.9714895188808441
    },
    "2": {
        "Loss_Exp": 0.0774632923232639,
        "BinaryAccuracy_Exp": 0.9669136285781861
    },
    "3": {
        "Loss_Exp": 0.07157638825444673,
        "BinaryAccuracy_Exp": 0.972796106338501
    },
    "4": {
        "Loss_Exp": 0.06106659066983839,
        "BinaryAccuracy_Exp": 0.9757730449948993
    },
    "5": {
        "Loss_Exp": 0.07323324502143612,
        "BinaryAccuracy_Exp": 0.9703256587187449
    },
    "6": {
        "Loss_Exp": 0.05514970025362697,
        "BinaryAccuracy_Exp": 0.9785210251808166
    },
    "7": {
        "Loss_Exp": 0.06955977026003086,
        "BinaryAccuracy_Exp": 0.9748499790827433
    },
    "8": {
        "Loss_Exp": 0.06746097905585483,
        "BinaryAccuracy_Exp": 0.9760909676551819
    },
    "9": {
        "Loss_Exp": 0.0746302898355306,
        "BinaryAccuracy_Exp": 0.9724413156509399
    },
    "stream": {
        "Loss_Stream/eval_phase/test_stream": 0.07170599201146335,
        "BinaryAccuracy_Stream/eval_phase/test_stream": 0.9730807309565337
    }
}