{
    "0": {
        "Loss_Exp": 36.962493896484375,
        "RelativeDistance_Exp": 0.6165786981582642,
        "R2Score_Exp": 0.8494558334350586,
        "Forgetting_Exp": 0.04658842086791992,
        "BWT_Exp": -0.04658842086791992
    },
    "1": {
        "Loss_Exp": 41.025657653808594,
        "RelativeDistance_Exp": 0.6666596531867981,
        "R2Score_Exp": 0.8296818733215332,
        "Forgetting_Exp": 0.06283688545227051,
        "BWT_Exp": -0.06283688545227051
    },
    "2": {
        "Loss_Exp": 43.16232681274414,
        "RelativeDistance_Exp": 0.7423936724662781,
        "R2Score_Exp": 0.8223890662193298,
        "Forgetting_Exp": 0.0715758204460144,
        "BWT_Exp": -0.0715758204460144
    },
    "3": {
        "Loss_Exp": 39.24578094482422,
        "RelativeDistance_Exp": 0.6675705313682556,
        "R2Score_Exp": 0.8318570852279663,
        "Forgetting_Exp": 0.06435716152191162,
        "BWT_Exp": -0.06435716152191162
    },
    "4": {
        "Loss_Exp": 41.75538635253906,
        "RelativeDistance_Exp": 0.774752140045166,
        "R2Score_Exp": 0.8468422889709473,
        "Forgetting_Exp": 0.049764037132263184,
        "BWT_Exp": -0.049764037132263184
    },
    "5": {
        "Loss_Exp": 45.29723358154297,
        "RelativeDistance_Exp": 0.7299906611442566,
        "R2Score_Exp": 0.8287839889526367,
        "Forgetting_Exp": 0.06577062606811523,
        "BWT_Exp": -0.06577062606811523
    },
    "6": {
        "Loss_Exp": 34.984046936035156,
        "RelativeDistance_Exp": 0.5480800867080688,
        "R2Score_Exp": 0.8636201024055481,
        "Forgetting_Exp": 0.021151602268218994,
        "BWT_Exp": -0.021151602268218994
    },
    "7": {
        "Loss_Exp": 36.71751022338867,
        "RelativeDistance_Exp": 0.6591446399688721,
        "R2Score_Exp": 0.8491469025611877,
        "Forgetting_Exp": 0.01853322982788086,
        "BWT_Exp": -0.01853322982788086
    },
    "8": {
        "Loss_Exp": 33.3444938659668,
        "RelativeDistance_Exp": 0.46684637665748596,
        "R2Score_Exp": 0.8826684355735779,
        "Forgetting_Exp": 0.019260525703430176,
        "BWT_Exp": -0.019260525703430176
    },
    "9": {
        "Loss_Exp": 18.37982940673828,
        "RelativeDistance_Exp": 0.7693696618080139,
        "R2Score_Exp": 0.9305262565612793
    },
    "stream": {
        "Loss_Stream/eval_phase/test_stream": 40.634085998719875,
        "RelativeDistance_Stream/eval_phase/test_stream": 0.6641386121511459,
        "R2Score_Stream/eval_phase/test_stream": 0.8534971833229065,
        "Forgetting_Stream/eval_phase/test_stream": {
            "0": 0.04658842086791992,
            "1": 0.06283688545227051,
            "2": 0.0715758204460144,
            "3": 0.06435716152191162,
            "4": 0.049764037132263184,
            "5": 0.06577062606811523,
            "6": 0.021151602268218994,
            "7": 0.01853322982788086,
            "8": 0.019260525703430176
        },
        "BWT_Stream/eval_phase/test_stream": {
            "0": 0.04658842086791992,
            "1": 0.06283688545227051,
            "2": 0.0715758204460144,
            "3": 0.06435716152191162,
            "4": 0.049764037132263184,
            "5": 0.06577062606811523,
            "6": 0.021151602268218994,
            "7": 0.01853322982788086,
            "8": 0.019260525703430176
        }
    }
}