{
    "0": {
        "Loss_Exp": 43.94221628536968,
        "RelativeDistance_Exp": 0.8418034970760345,
        "R2Score_Exp": 0.8144921362400055,
        "Forgetting_Exp": 0.0753702759742737,
        "BWT_Exp": -0.0753702759742737
    },
    "1": {
        "Loss_Exp": 41.58723361104473,
        "RelativeDistance_Exp": 0.7130714178085327,
        "R2Score_Exp": 0.826786216100057,
        "Forgetting_Exp": 0.05896469354629519,
        "BWT_Exp": -0.05896469354629519
    },
    "2": {
        "Loss_Exp": 33.078456830158565,
        "RelativeDistance_Exp": 0.6660436345980718,
        "R2Score_Exp": 0.8558910030585068,
        "Forgetting_Exp": 0.03725315974308896,
        "BWT_Exp": -0.03725315974308896
    },
    "3": {
        "Loss_Exp": 24.35863890073191,
        "RelativeDistance_Exp": 0.7148700422710843,
        "R2Score_Exp": 0.9029455979665121,
        "Forgetting_Exp": 0.020436525344848633,
        "BWT_Exp": -0.020436525344848633
    },
    "4": {
        "Loss_Exp": 23.685693488855744,
        "RelativeDistance_Exp": 0.6597922103745597,
        "R2Score_Exp": 0.9074676888329642,
        "Forgetting_Exp": -0.009260714054107666,
        "BWT_Exp": 0.009260714054107666
    },
    "5": {
        "Loss_Exp": 29.381746205922582,
        "RelativeDistance_Exp": 0.6341927746931711,
        "R2Score_Exp": 0.880789448817571,
        "Forgetting_Exp": 0.0038781662782032544,
        "BWT_Exp": -0.0038781662782032544
    },
    "6": {
        "Loss_Exp": 25.997604108103268,
        "RelativeDistance_Exp": 0.7756045460700989,
        "R2Score_Exp": 0.8979998528957367,
        "Forgetting_Exp": 0.0032581835985183716,
        "BWT_Exp": -0.0032581835985183716
    },
    "7": {
        "Loss_Exp": 37.12419661458887,
        "RelativeDistance_Exp": 0.5542640537023544,
        "R2Score_Exp": 0.8727715834975243,
        "Forgetting_Exp": 0.013123109936714172,
        "BWT_Exp": -0.013123109936714172
    },
    "8": {
        "Loss_Exp": 25.557926624397883,
        "RelativeDistance_Exp": 0.4984070658683777,
        "R2Score_Exp": 0.9054755767186483,
        "Forgetting_Exp": 0.01203831036885572,
        "BWT_Exp": -0.01203831036885572
    },
    "9": {
        "Loss_Exp": 20.955698675285618,
        "RelativeDistance_Exp": 0.49498118460178375,
        "R2Score_Exp": 0.9221298694610596
    },
    "stream": {
        "Loss_Stream/eval_phase/test_stream": 33.28038087762504,
        "RelativeDistance_Stream/eval_phase/test_stream": 0.688325164862621,
        "R2Score_Stream/eval_phase/test_stream": 0.8662182283990177,
        "Forgetting_Stream/eval_phase/test_stream": {
            "0": 0.0753702759742737,
            "1": 0.05896469354629519,
            "2": 0.03725315974308896,
            "3": 0.020436525344848633,
            "4": -0.009260714054107666,
            "5": 0.0038781662782032544,
            "6": 0.0032581835985183716,
            "7": 0.013123109936714172,
            "8": 0.01203831036885572
        },
        "BWT_Stream/eval_phase/test_stream": {
            "0": 0.0753702759742737,
            "1": 0.05896469354629519,
            "2": 0.03725315974308896,
            "3": 0.020436525344848633,
            "4": -0.009260714054107666,
            "5": 0.0038781662782032544,
            "6": 0.0032581835985183716,
            "7": 0.013123109936714172,
            "8": 0.01203831036885572
        }
    }
}