{
    "0": {
        "Loss_Exp": 49.5888161793195,
        "RelativeDistance_Exp": 0.8593710660934448,
        "R2Score_Exp": 0.7905954718589783,
        "Forgetting_Exp": 0.09684380292892458,
        "BWT_Exp": -0.09684380292892458
    },
    "1": {
        "Loss_Exp": 42.61256299531826,
        "RelativeDistance_Exp": 0.7477445363998413,
        "R2Score_Exp": 0.8236878275871277,
        "Forgetting_Exp": 0.0632483839988709,
        "BWT_Exp": -0.0632483839988709
    },
    "2": {
        "Loss_Exp": 36.00740300040872,
        "RelativeDistance_Exp": 0.691778471836677,
        "R2Score_Exp": 0.8481413492789636,
        "Forgetting_Exp": 0.04757592769769514,
        "BWT_Exp": -0.04757592769769514
    },
    "3": {
        "Loss_Exp": 27.861234700077542,
        "RelativeDistance_Exp": 0.72929847240448,
        "R2Score_Exp": 0.8875080479515923,
        "Forgetting_Exp": 0.040637850761413574,
        "BWT_Exp": -0.040637850761413574
    },
    "4": {
        "Loss_Exp": 26.782165821534768,
        "RelativeDistance_Exp": 0.7158151524407523,
        "R2Score_Exp": 0.8949322189603534,
        "Forgetting_Exp": 0.00943812302180691,
        "BWT_Exp": -0.00943812302180691
    },
    "5": {
        "Loss_Exp": 29.256251951684867,
        "RelativeDistance_Exp": 0.6378926038742065,
        "R2Score_Exp": 0.8848071992397308,
        "Forgetting_Exp": 0.000698248545328739,
        "BWT_Exp": -0.000698248545328739
    },
    "6": {
        "Loss_Exp": 27.589978405432653,
        "RelativeDistance_Exp": 0.7993600741028786,
        "R2Score_Exp": 0.8927068114280701,
        "Forgetting_Exp": 0.00545114278793335,
        "BWT_Exp": -0.00545114278793335
    },
    "7": {
        "Loss_Exp": 37.128400458179485,
        "RelativeDistance_Exp": 0.555353332310915,
        "R2Score_Exp": 0.872075617313385,
        "Forgetting_Exp": 0.014373227953910828,
        "BWT_Exp": -0.014373227953910828
    },
    "8": {
        "Loss_Exp": 27.299229932192436,
        "RelativeDistance_Exp": 0.4974554975827535,
        "R2Score_Exp": 0.8937689463297526,
        "Forgetting_Exp": 0.019395112991333008,
        "BWT_Exp": -0.019395112991333008
    },
    "9": {
        "Loss_Exp": 20.561705285509113,
        "RelativeDistance_Exp": 0.4696815609931946,
        "R2Score_Exp": 0.9199127554893494
    },
    "stream": {
        "Loss_Stream/eval_phase/test_stream": 35.50574633480284,
        "RelativeDistance_Stream/eval_phase/test_stream": 0.7095578228249962,
        "R2Score_Stream/eval_phase/test_stream": 0.8578696618845434,
        "Forgetting_Stream/eval_phase/test_stream": {
            "0": 0.09684380292892458,
            "1": 0.0632483839988709,
            "2": 0.04757592769769514,
            "3": 0.040637850761413574,
            "4": 0.00943812302180691,
            "5": 0.000698248545328739,
            "6": 0.00545114278793335,
            "7": 0.014373227953910828,
            "8": 0.019395112991333008
        },
        "BWT_Stream/eval_phase/test_stream": {
            "0": 0.09684380292892458,
            "1": 0.0632483839988709,
            "2": 0.04757592769769514,
            "3": 0.040637850761413574,
            "4": 0.00943812302180691,
            "5": 0.000698248545328739,
            "6": 0.00545114278793335,
            "7": 0.014373227953910828,
            "8": 0.019395112991333008
        }
    }
}