{
    "0": {
        "Loss_Exp": 232.54075622558594,
        "RelativeDistance_Exp": 1.118988037109375,
        "R2Score_Exp": 0.1590321958065033,
        "Forgetting_Exp": 0.7386168539524078,
        "BWT_Exp": -0.7386168539524078
    },
    "1": {
        "Loss_Exp": 258.1763916015625,
        "RelativeDistance_Exp": 1.039216160774231,
        "R2Score_Exp": 0.06743651628494263,
        "Forgetting_Exp": 0.8295122981071472,
        "BWT_Exp": -0.8295122981071472
    },
    "2": {
        "Loss_Exp": 268.83233642578125,
        "RelativeDistance_Exp": 1.326533555984497,
        "R2Score_Exp": -0.0040055811405181885,
        "Forgetting_Exp": 0.8958671987056732,
        "BWT_Exp": -0.8958671987056732
    },
    "3": {
        "Loss_Exp": 242.5223388671875,
        "RelativeDistance_Exp": 1.2388213872909546,
        "R2Score_Exp": 0.014651849865913391,
        "Forgetting_Exp": 0.8801887482404709,
        "BWT_Exp": -0.8801887482404709
    },
    "4": {
        "Loss_Exp": 356.3556213378906,
        "RelativeDistance_Exp": 1.34401273727417,
        "R2Score_Exp": -0.14020127058029175,
        "Forgetting_Exp": 1.029535174369812,
        "BWT_Exp": -1.029535174369812
    },
    "5": {
        "Loss_Exp": 252.34783935546875,
        "RelativeDistance_Exp": 1.162333369255066,
        "R2Score_Exp": 0.1613301932811737,
        "Forgetting_Exp": 0.7252567112445831,
        "BWT_Exp": -0.7252567112445831
    },
    "6": {
        "Loss_Exp": 277.9306640625,
        "RelativeDistance_Exp": 1.5143932104110718,
        "R2Score_Exp": 0.1143115758895874,
        "Forgetting_Exp": 0.773191511631012,
        "BWT_Exp": -0.773191511631012
    },
    "7": {
        "Loss_Exp": 247.19085693359375,
        "RelativeDistance_Exp": 0.9577617049217224,
        "R2Score_Exp": 0.143997460603714,
        "Forgetting_Exp": 0.6926480233669281,
        "BWT_Exp": -0.6926480233669281
    },
    "8": {
        "Loss_Exp": 285.9603271484375,
        "RelativeDistance_Exp": 1.2588655948638916,
        "R2Score_Exp": 0.10921595990657806,
        "Forgetting_Exp": 0.7106524854898453,
        "BWT_Exp": -0.7106524854898453
    },
    "9": {
        "Loss_Exp": 34.654727935791016,
        "RelativeDistance_Exp": 0.7135159373283386,
        "R2Score_Exp": 0.8650374412536621
    },
    "stream": {
        "Loss_Stream/eval_phase/test_stream": 264.4765991851522,
        "RelativeDistance_Stream/eval_phase/test_stream": 1.1674441695213318,
        "R2Score_Stream/eval_phase/test_stream": 0.14908063411712646,
        "Forgetting_Stream/eval_phase/test_stream": {
            "0": 0.7386168539524078,
            "1": 0.8295122981071472,
            "2": 0.8958671987056732,
            "3": 0.8801887482404709,
            "4": 1.029535174369812,
            "5": 0.7252567112445831,
            "6": 0.773191511631012,
            "7": 0.6926480233669281,
            "8": 0.7106524854898453
        },
        "BWT_Stream/eval_phase/test_stream": {
            "0": 0.7386168539524078,
            "1": 0.8295122981071472,
            "2": 0.8958671987056732,
            "3": 0.8801887482404709,
            "4": 1.029535174369812,
            "5": 0.7252567112445831,
            "6": 0.773191511631012,
            "7": 0.6926480233669281,
            "8": 0.7106524854898453
        }
    }
}