{
    "0": {
        "Loss_Exp": 41.72714614868164,
        "RelativeDistance_Exp": 0.9515312910079956,
        "R2Score_Exp": 0.8121775388717651,
        "Forgetting_Exp": 0.07469648122787476,
        "BWT_Exp": -0.07469648122787476
    },
    "1": {
        "Loss_Exp": 54.09312438964844,
        "RelativeDistance_Exp": 1.0209859609603882,
        "R2Score_Exp": 0.7817615270614624,
        "Forgetting_Exp": 0.008821725845336914,
        "BWT_Exp": -0.008821725845336914
    },
    "2": {
        "Loss_Exp": 40.24125289916992,
        "RelativeDistance_Exp": 0.9184654355049133,
        "R2Score_Exp": 0.8284506797790527,
        "Forgetting_Exp": 0.00019735097885131836,
        "BWT_Exp": -0.00019735097885131836
    },
    "3": {
        "Loss_Exp": 36.125205993652344,
        "RelativeDistance_Exp": 1.0429527759552002,
        "R2Score_Exp": 0.8586863875389099,
        "Forgetting_Exp": -0.020851314067840576,
        "BWT_Exp": 0.020851314067840576
    },
    "4": {
        "Loss_Exp": 39.06884002685547,
        "RelativeDistance_Exp": 0.8588128089904785,
        "R2Score_Exp": 0.8474199175834656,
        "Forgetting_Exp": 0.004369616508483887,
        "BWT_Exp": -0.004369616508483887
    },
    "5": {
        "Loss_Exp": 38.02395248413086,
        "RelativeDistance_Exp": 0.6776067614555359,
        "R2Score_Exp": 0.8546806573867798,
        "Forgetting_Exp": -0.012037158012390137,
        "BWT_Exp": 0.012037158012390137
    },
    "6": {
        "Loss_Exp": 34.48047637939453,
        "RelativeDistance_Exp": 0.8443500399589539,
        "R2Score_Exp": 0.8718881607055664,
        "Forgetting_Exp": 0.00736314058303833,
        "BWT_Exp": -0.00736314058303833
    },
    "7": {
        "Loss_Exp": 52.0328483581543,
        "RelativeDistance_Exp": 0.6222295165061951,
        "R2Score_Exp": 0.8214151263237,
        "Forgetting_Exp": 0.021521925926208496,
        "BWT_Exp": -0.021521925926208496
    },
    "8": {
        "Loss_Exp": 36.833805084228516,
        "RelativeDistance_Exp": 0.6799457669258118,
        "R2Score_Exp": 0.8792718648910522,
        "Forgetting_Exp": 0.018230676651000977,
        "BWT_Exp": -0.018230676651000977
    },
    "9": {
        "Loss_Exp": 28.581146240234375,
        "RelativeDistance_Exp": 0.685310959815979,
        "R2Score_Exp": 0.908135175704956
    },
    "stream": {
        "Loss_Stream/eval_phase/test_stream": 42.62117975642228,
        "RelativeDistance_Stream/eval_phase/test_stream": 0.8302191317081451,
        "R2Score_Stream/eval_phase/test_stream": 0.846388703584671,
        "Forgetting_Stream/eval_phase/test_stream": {
            "0": 0.07469648122787476,
            "1": 0.008821725845336914,
            "2": 0.00019735097885131836,
            "3": -0.020851314067840576,
            "4": 0.004369616508483887,
            "5": -0.012037158012390137,
            "6": 0.00736314058303833,
            "7": 0.021521925926208496,
            "8": 0.018230676651000977
        },
        "BWT_Stream/eval_phase/test_stream": {
            "0": 0.07469648122787476,
            "1": 0.008821725845336914,
            "2": 0.00019735097885131836,
            "3": -0.020851314067840576,
            "4": 0.004369616508483887,
            "5": -0.012037158012390137,
            "6": 0.00736314058303833,
            "7": 0.021521925926208496,
            "8": 0.018230676651000977
        }
    }
}