{
    "0": {
        "Loss_Exp": 0.08762366266854874,
        "BinaryAccuracy_Exp": 0.9741210788488388
    },
    "1": {
        "Loss_Exp": 0.095954687433699,
        "BinaryAccuracy_Exp": 0.9642732441425323
    },
    "2": {
        "Loss_Exp": 0.0786124650532977,
        "BinaryAccuracy_Exp": 0.965621042251587
    },
    "3": {
        "Loss_Exp": 0.07317803590831873,
        "BinaryAccuracy_Exp": 0.971428918838501
    },
    "4": {
        "Loss_Exp": 0.061922107144155816,
        "BinaryAccuracy_Exp": 0.9754369684628078
    },
    "5": {
        "Loss_Exp": 0.07572732690697788,
        "BinaryAccuracy_Exp": 0.9691164394219717
    },
    "6": {
        "Loss_Exp": 0.05692963769927641,
        "BinaryAccuracy_Exp": 0.9775444626808166
    },
    "7": {
        "Loss_Exp": 0.07033568161804944,
        "BinaryAccuracy_Exp": 0.97550102074941
    },
    "8": {
        "Loss_Exp": 0.06892998044514664,
        "BinaryAccuracy_Exp": 0.9736258188883463
    },
    "9": {
        "Loss_Exp": 0.07518268312625172,
        "BinaryAccuracy_Exp": 0.9728176146745682
    },
    "stream": {
        "Loss_Stream/eval_phase/test_stream": 0.07308527401075574,
        "BinaryAccuracy_Stream/eval_phase/test_stream": 0.9719121261783268
    }
}