{
    "0": {
        "Loss_Exp": 51.348113308733666,
        "RelativeDistance_Exp": 0.8215174674987793,
        "R2Score_Exp": 0.8834899365901947
    },
    "1": {
        "Loss_Exp": 42.539805098418626,
        "RelativeDistance_Exp": 1.061568558216095,
        "R2Score_Exp": 0.8757626116275787
    },
    "2": {
        "Loss_Exp": 38.583764198572226,
        "RelativeDistance_Exp": 0.7419469952583313,
        "R2Score_Exp": 0.8764086365699768
    },
    "3": {
        "Loss_Exp": 33.95120009837069,
        "RelativeDistance_Exp": 0.5666055977344513,
        "R2Score_Exp": 0.8864122629165649
    },
    "4": {
        "Loss_Exp": 34.28519119727168,
        "RelativeDistance_Exp": 0.7036263793706894,
        "R2Score_Exp": 0.8887030333280563
    },
    "5": {
        "Loss_Exp": 33.70400967805282,
        "RelativeDistance_Exp": 0.6749305923779806,
        "R2Score_Exp": 0.8690439065297445
    },
    "6": {
        "Loss_Exp": 40.58493587232369,
        "RelativeDistance_Exp": 0.6064481933911642,
        "R2Score_Exp": 0.8775255680084229
    },
    "7": {
        "Loss_Exp": 32.56586456298828,
        "RelativeDistance_Exp": 0.6898302435874939,
        "R2Score_Exp": 0.871588945388794
    },
    "8": {
        "Loss_Exp": 40.43717293661149,
        "RelativeDistance_Exp": 0.7898107171058655,
        "R2Score_Exp": 0.8659839630126953
    },
    "9": {
        "Loss_Exp": 55.680905927536806,
        "RelativeDistance_Exp": 0.8528790175914764,
        "R2Score_Exp": 0.8486036062240601
    },
    "stream": {
        "Loss_Stream/eval_phase/test_stream": 39.571704914178675,
        "RelativeDistance_Stream/eval_phase/test_stream": 0.7399614925185839,
        "R2Score_Stream/eval_phase/test_stream": 0.8756600071986517,
        "Forgetting_Stream/eval_phase/test_stream": {},
        "BWT_Stream/eval_phase/test_stream": {}
    }
}