{
    "0": {
        "Loss_Exp": 67.31487274169922,
        "RelativeDistance_Exp": 1.1783324480056763,
        "R2Score_Exp": 0.7326688766479492,
        "Forgetting_Exp": 0.15017753839492798,
        "BWT_Exp": -0.15017753839492798
    },
    "1": {
        "Loss_Exp": 71.36286163330078,
        "RelativeDistance_Exp": 1.1376793384552002,
        "R2Score_Exp": 0.730255126953125,
        "Forgetting_Exp": 0.14696204662322998,
        "BWT_Exp": -0.14696204662322998
    },
    "2": {
        "Loss_Exp": 47.968223571777344,
        "RelativeDistance_Exp": 0.9602585434913635,
        "R2Score_Exp": 0.8074387907981873,
        "Forgetting_Exp": 0.08931368589401245,
        "BWT_Exp": -0.08931368589401245
    },
    "3": {
        "Loss_Exp": 33.35100173950195,
        "RelativeDistance_Exp": 0.8913242220878601,
        "R2Score_Exp": 0.8717848062515259,
        "Forgetting_Exp": 0.05816221237182617,
        "BWT_Exp": -0.05816221237182617
    },
    "4": {
        "Loss_Exp": 41.465023040771484,
        "RelativeDistance_Exp": 0.85512775182724,
        "R2Score_Exp": 0.8376873731613159,
        "Forgetting_Exp": 0.06458872556686401,
        "BWT_Exp": -0.06458872556686401
    },
    "5": {
        "Loss_Exp": 39.14329528808594,
        "RelativeDistance_Exp": 0.7476964592933655,
        "R2Score_Exp": 0.8484301567077637,
        "Forgetting_Exp": 0.042653441429138184,
        "BWT_Exp": -0.042653441429138184
    },
    "6": {
        "Loss_Exp": 34.008949279785156,
        "RelativeDistance_Exp": 0.9155937433242798,
        "R2Score_Exp": 0.8701619505882263,
        "Forgetting_Exp": 0.027756214141845703,
        "BWT_Exp": -0.027756214141845703
    },
    "7": {
        "Loss_Exp": 43.66613006591797,
        "RelativeDistance_Exp": 0.6327702403068542,
        "R2Score_Exp": 0.8471856117248535,
        "Forgetting_Exp": 0.046307921409606934,
        "BWT_Exp": -0.046307921409606934
    },
    "8": {
        "Loss_Exp": 29.17262077331543,
        "RelativeDistance_Exp": 0.5920494198799133,
        "R2Score_Exp": 0.9032307863235474,
        "Forgetting_Exp": 0.01006782054901123,
        "BWT_Exp": -0.01006782054901123
    },
    "9": {
        "Loss_Exp": 20.55516242980957,
        "RelativeDistance_Exp": 0.5401936769485474,
        "R2Score_Exp": 0.9295547008514404
    },
    "stream": {
        "Loss_Stream/eval_phase/test_stream": 49.19176769898428,
        "RelativeDistance_Stream/eval_phase/test_stream": 0.84510258436203,
        "R2Score_Stream/eval_phase/test_stream": 0.8378398180007934,
        "Forgetting_Stream/eval_phase/test_stream": {
            "0": 0.15017753839492798,
            "1": 0.14696204662322998,
            "2": 0.08931368589401245,
            "3": 0.05816221237182617,
            "4": 0.06458872556686401,
            "5": 0.042653441429138184,
            "6": 0.027756214141845703,
            "7": 0.046307921409606934,
            "8": 0.01006782054901123
        },
        "BWT_Stream/eval_phase/test_stream": {
            "0": 0.15017753839492798,
            "1": 0.14696204662322998,
            "2": 0.08931368589401245,
            "3": 0.05816221237182617,
            "4": 0.06458872556686401,
            "5": 0.042653441429138184,
            "6": 0.027756214141845703,
            "7": 0.046307921409606934,
            "8": 0.01006782054901123
        }
    }
}