{
    "0": {
        "Loss_Exp": 49.758174896240234,
        "RelativeDistance_Exp": 0.5619240999221802,
        "R2Score_Exp": 0.8279448747634888,
        "Forgetting_Exp": 0.020014822483062744,
        "BWT_Exp": -0.020014822483062744
    },
    "1": {
        "Loss_Exp": 23.902420043945312,
        "RelativeDistance_Exp": 0.5372397303581238,
        "R2Score_Exp": 0.9024735689163208,
        "Forgetting_Exp": -0.005023956298828125,
        "BWT_Exp": 0.005023956298828125
    },
    "2": {
        "Loss_Exp": 31.997756958007812,
        "RelativeDistance_Exp": 0.4739207923412323,
        "R2Score_Exp": 0.8600428104400635,
        "Forgetting_Exp": -0.018768310546875,
        "BWT_Exp": 0.018768310546875
    },
    "3": {
        "Loss_Exp": 24.23799705505371,
        "RelativeDistance_Exp": 0.43160131573677063,
        "R2Score_Exp": 0.9026568531990051,
        "Forgetting_Exp": -0.02754819393157959,
        "BWT_Exp": 0.02754819393157959
    },
    "4": {
        "Loss_Exp": 22.093128204345703,
        "RelativeDistance_Exp": 0.4270991384983063,
        "R2Score_Exp": 0.8908058404922485,
        "Forgetting_Exp": 0.007244408130645752,
        "BWT_Exp": -0.007244408130645752
    },
    "5": {
        "Loss_Exp": 27.933774948120117,
        "RelativeDistance_Exp": 0.448125958442688,
        "R2Score_Exp": 0.8565529584884644,
        "Forgetting_Exp": 0.02589172124862671,
        "BWT_Exp": -0.02589172124862671
    },
    "6": {
        "Loss_Exp": 25.135087966918945,
        "RelativeDistance_Exp": 0.3975380063056946,
        "R2Score_Exp": 0.8768976926803589,
        "Forgetting_Exp": 0.004851222038269043,
        "BWT_Exp": -0.004851222038269043
    },
    "7": {
        "Loss_Exp": 24.745229721069336,
        "RelativeDistance_Exp": 0.4969474673271179,
        "R2Score_Exp": 0.8809776306152344,
        "Forgetting_Exp": 0.030018389225006104,
        "BWT_Exp": -0.030018389225006104
    },
    "8": {
        "Loss_Exp": 29.52637481689453,
        "RelativeDistance_Exp": 0.3643988072872162,
        "R2Score_Exp": 0.8756698369979858,
        "Forgetting_Exp": 0.021351337432861328,
        "BWT_Exp": -0.021351337432861328
    },
    "9": {
        "Loss_Exp": 36.975677490234375,
        "RelativeDistance_Exp": 0.559607744216919,
        "R2Score_Exp": 0.8734164237976074
    },
    "stream": {
        "Loss_Stream/eval_phase/test_stream": 29.01797824194799,
        "RelativeDistance_Stream/eval_phase/test_stream": 0.46984030604362487,
        "R2Score_Stream/eval_phase/test_stream": 0.8747438490390778,
        "Forgetting_Stream/eval_phase/test_stream": {
            "0": 0.020014822483062744,
            "1": -0.005023956298828125,
            "2": -0.018768310546875,
            "3": -0.02754819393157959,
            "4": 0.007244408130645752,
            "5": 0.02589172124862671,
            "6": 0.004851222038269043,
            "7": 0.030018389225006104,
            "8": 0.021351337432861328
        },
        "BWT_Stream/eval_phase/test_stream": {
            "0": 0.020014822483062744,
            "1": -0.005023956298828125,
            "2": -0.018768310546875,
            "3": -0.02754819393157959,
            "4": 0.007244408130645752,
            "5": 0.02589172124862671,
            "6": 0.004851222038269043,
            "7": 0.030018389225006104,
            "8": 0.021351337432861328
        }
    }
}