{
    "0": {
        "Loss_Exp": 60.25519561767578,
        "RelativeDistance_Exp": 0.639976978302002,
        "R2Score_Exp": 0.7927052974700928,
        "Forgetting_Exp": 0.05075639486312866,
        "BWT_Exp": -0.05075639486312866
    },
    "1": {
        "Loss_Exp": 30.37552261352539,
        "RelativeDistance_Exp": 0.6887685060501099,
        "R2Score_Exp": 0.8777564764022827,
        "Forgetting_Exp": 0.018479466438293457,
        "BWT_Exp": -0.018479466438293457
    },
    "2": {
        "Loss_Exp": 43.074729919433594,
        "RelativeDistance_Exp": 0.5163162350654602,
        "R2Score_Exp": 0.8270688056945801,
        "Forgetting_Exp": 0.007043600082397461,
        "BWT_Exp": -0.007043600082397461
    },
    "3": {
        "Loss_Exp": 30.476539611816406,
        "RelativeDistance_Exp": 0.44336172938346863,
        "R2Score_Exp": 0.8795878887176514,
        "Forgetting_Exp": -0.014305710792541504,
        "BWT_Exp": 0.014305710792541504
    },
    "4": {
        "Loss_Exp": 26.908039093017578,
        "RelativeDistance_Exp": 0.4998818337917328,
        "R2Score_Exp": 0.8685210347175598,
        "Forgetting_Exp": 0.019922852516174316,
        "BWT_Exp": -0.019922852516174316
    },
    "5": {
        "Loss_Exp": 30.6806583404541,
        "RelativeDistance_Exp": 0.49603012204170227,
        "R2Score_Exp": 0.8382683992385864,
        "Forgetting_Exp": 0.029393672943115234,
        "BWT_Exp": -0.029393672943115234
    },
    "6": {
        "Loss_Exp": 32.50688934326172,
        "RelativeDistance_Exp": 0.4031899869441986,
        "R2Score_Exp": 0.8522629141807556,
        "Forgetting_Exp": 0.009635746479034424,
        "BWT_Exp": -0.009635746479034424
    },
    "7": {
        "Loss_Exp": 30.444795608520508,
        "RelativeDistance_Exp": 0.4149467647075653,
        "R2Score_Exp": 0.85478675365448,
        "Forgetting_Exp": 0.042585015296936035,
        "BWT_Exp": -0.042585015296936035
    },
    "8": {
        "Loss_Exp": 33.29887008666992,
        "RelativeDistance_Exp": 0.4164997935295105,
        "R2Score_Exp": 0.8688423037528992,
        "Forgetting_Exp": 0.00841987133026123,
        "BWT_Exp": -0.00841987133026123
    },
    "9": {
        "Loss_Exp": 40.4559211730957,
        "RelativeDistance_Exp": 0.5691723227500916,
        "R2Score_Exp": 0.8622639775276184
    },
    "stream": {
        "Loss_Stream/eval_phase/test_stream": 35.2266602106129,
        "RelativeDistance_Stream/eval_phase/test_stream": 0.5088144272565842,
        "R2Score_Stream/eval_phase/test_stream": 0.8522063851356506,
        "Forgetting_Stream/eval_phase/test_stream": {
            "0": 0.05075639486312866,
            "1": 0.018479466438293457,
            "2": 0.007043600082397461,
            "3": -0.014305710792541504,
            "4": 0.019922852516174316,
            "5": 0.029393672943115234,
            "6": 0.009635746479034424,
            "7": 0.042585015296936035,
            "8": 0.00841987133026123
        },
        "BWT_Stream/eval_phase/test_stream": {
            "0": 0.05075639486312866,
            "1": 0.018479466438293457,
            "2": 0.007043600082397461,
            "3": -0.014305710792541504,
            "4": 0.019922852516174316,
            "5": 0.029393672943115234,
            "6": 0.009635746479034424,
            "7": 0.042585015296936035,
            "8": 0.00841987133026123
        }
    }
}