{
    "0": {
        "Loss_Exp": 101.7338817395662,
        "RelativeDistance_Exp": 1.04475736618042,
        "R2Score_Exp": 0.7695207893848419,
        "Forgetting_Exp": 0.10368397831916809,
        "BWT_Exp": -0.10368397831916809
    },
    "1": {
        "Loss_Exp": 80.62345311715768,
        "RelativeDistance_Exp": 1.3089166283607483,
        "R2Score_Exp": 0.7651921510696411,
        "Forgetting_Exp": 0.1342925727367401,
        "BWT_Exp": -0.1342925727367401
    },
    "2": {
        "Loss_Exp": 62.85309514405579,
        "RelativeDistance_Exp": 0.83055579662323,
        "R2Score_Exp": 0.7973660031954447,
        "Forgetting_Exp": 0.041232287883758545,
        "BWT_Exp": -0.041232287883758545
    },
    "3": {
        "Loss_Exp": 53.34584355667068,
        "RelativeDistance_Exp": 0.7096112966537476,
        "R2Score_Exp": 0.822439968585968,
        "Forgetting_Exp": 0.040788114070892334,
        "BWT_Exp": -0.040788114070892334
    },
    "4": {
        "Loss_Exp": 51.431021822614355,
        "RelativeDistance_Exp": 0.8969385325908661,
        "R2Score_Exp": 0.8327040374279022,
        "Forgetting_Exp": 0.01804250478744507,
        "BWT_Exp": -0.01804250478744507
    },
    "5": {
        "Loss_Exp": 47.515988059665844,
        "RelativeDistance_Exp": 0.7459721565246582,
        "R2Score_Exp": 0.8137448231379191,
        "Forgetting_Exp": 0.021380801995595333,
        "BWT_Exp": -0.021380801995595333
    },
    "6": {
        "Loss_Exp": 62.21035088072432,
        "RelativeDistance_Exp": 0.7951654593149821,
        "R2Score_Exp": 0.8094684680302938,
        "Forgetting_Exp": 0.02915966510772705,
        "BWT_Exp": -0.02915966510772705
    },
    "7": {
        "Loss_Exp": 39.92906188964844,
        "RelativeDistance_Exp": 0.708419144153595,
        "R2Score_Exp": 0.8425549268722534,
        "Forgetting_Exp": 0.033432722091674805,
        "BWT_Exp": -0.033432722091674805
    },
    "8": {
        "Loss_Exp": 52.161604661666075,
        "RelativeDistance_Exp": 0.8397184014320374,
        "R2Score_Exp": 0.8298749029636383,
        "Forgetting_Exp": -0.01745086908340454,
        "BWT_Exp": 0.01745086908340454
    },
    "9": {
        "Loss_Exp": 59.38351257853425,
        "RelativeDistance_Exp": 0.7970205247402191,
        "R2Score_Exp": 0.8374575674533844
    },
    "stream": {
        "Loss_Stream/eval_phase/test_stream": 60.52887528986074,
        "RelativeDistance_Stream/eval_phase/test_stream": 0.8671375811100006,
        "R2Score_Stream/eval_phase/test_stream": 0.8118366549412409,
        "Forgetting_Stream/eval_phase/test_stream": {
            "0": 0.10368397831916809,
            "1": 0.1342925727367401,
            "2": 0.041232287883758545,
            "3": 0.040788114070892334,
            "4": 0.01804250478744507,
            "5": 0.021380801995595333,
            "6": 0.02915966510772705,
            "7": 0.033432722091674805,
            "8": -0.01745086908340454
        },
        "BWT_Stream/eval_phase/test_stream": {
            "0": 0.10368397831916809,
            "1": 0.1342925727367401,
            "2": 0.041232287883758545,
            "3": 0.040788114070892334,
            "4": 0.01804250478744507,
            "5": 0.021380801995595333,
            "6": 0.02915966510772705,
            "7": 0.033432722091674805,
            "8": -0.01745086908340454
        }
    }
}