{
    "0": {
        "Loss_Exp": 50.544669270654865,
        "RelativeDistance_Exp": 0.7578637003898621,
        "R2Score_Exp": 0.8857883810997009
    },
    "1": {
        "Loss_Exp": 42.783809541337675,
        "RelativeDistance_Exp": 1.0408366918563843,
        "R2Score_Exp": 0.874986082315445
    },
    "2": {
        "Loss_Exp": 39.04041399887783,
        "RelativeDistance_Exp": 0.684037963549296,
        "R2Score_Exp": 0.8747779528299967
    },
    "3": {
        "Loss_Exp": 33.35842435126589,
        "RelativeDistance_Exp": 0.5460337400436401,
        "R2Score_Exp": 0.8883433043956757
    },
    "4": {
        "Loss_Exp": 34.32094457426361,
        "RelativeDistance_Exp": 0.6631952971220016,
        "R2Score_Exp": 0.8877754956483841
    },
    "5": {
        "Loss_Exp": 33.27217085465141,
        "RelativeDistance_Exp": 0.6366976896921793,
        "R2Score_Exp": 0.8707780241966248
    },
    "6": {
        "Loss_Exp": 39.31373328621506,
        "RelativeDistance_Exp": 0.5605631868044535,
        "R2Score_Exp": 0.8791374762852987
    },
    "7": {
        "Loss_Exp": 32.70589065551758,
        "RelativeDistance_Exp": 0.657523512840271,
        "R2Score_Exp": 0.8710367679595947
    },
    "8": {
        "Loss_Exp": 41.82837147530311,
        "RelativeDistance_Exp": 0.6378441452980042,
        "R2Score_Exp": 0.8634393215179443
    },
    "9": {
        "Loss_Exp": 56.106414345096304,
        "RelativeDistance_Exp": 0.8044482171535492,
        "R2Score_Exp": 0.8480465412139893
    },
    "stream": {
        "Loss_Stream/eval_phase/test_stream": 39.47398428798903,
        "RelativeDistance_Stream/eval_phase/test_stream": 0.6886772587895393,
        "R2Score_Stream/eval_phase/test_stream": 0.8757260988156,
        "Forgetting_Stream/eval_phase/test_stream": {},
        "BWT_Stream/eval_phase/test_stream": {}
    }
}