{
    "0": {
        "Loss_Exp": 85.97732528775757,
        "RelativeDistance_Exp": 0.830204576253891,
        "R2Score_Exp": 0.8049727380275726,
        "Forgetting_Exp": 0.07277470827102661,
        "BWT_Exp": -0.07277470827102661
    },
    "1": {
        "Loss_Exp": 76.6418119473731,
        "RelativeDistance_Exp": 1.5786468386650085,
        "R2Score_Exp": 0.7762579023838043,
        "Forgetting_Exp": 0.11635947227478027,
        "BWT_Exp": -0.11635947227478027
    },
    "2": {
        "Loss_Exp": 67.6621209306996,
        "RelativeDistance_Exp": 0.7266893982887268,
        "R2Score_Exp": 0.7812018791834513,
        "Forgetting_Exp": 0.04704330364863085,
        "BWT_Exp": -0.04704330364863085
    },
    "3": {
        "Loss_Exp": 53.684073447218815,
        "RelativeDistance_Exp": 0.6024121046066284,
        "R2Score_Exp": 0.8230648338794708,
        "Forgetting_Exp": 0.03581595420837402,
        "BWT_Exp": -0.03581595420837402
    },
    "4": {
        "Loss_Exp": 50.716459272141655,
        "RelativeDistance_Exp": 0.7921950370073318,
        "R2Score_Exp": 0.8309947848320007,
        "Forgetting_Exp": 0.01708655059337616,
        "BWT_Exp": -0.01708655059337616
    },
    "5": {
        "Loss_Exp": 46.124539250912875,
        "RelativeDistance_Exp": 0.6713441014289856,
        "R2Score_Exp": 0.8196889559427897,
        "Forgetting_Exp": 0.017000575860341427,
        "BWT_Exp": -0.017000575860341427
    },
    "6": {
        "Loss_Exp": 59.22099069545737,
        "RelativeDistance_Exp": 0.6734322607517242,
        "R2Score_Exp": 0.829095701376597,
        "Forgetting_Exp": -0.017903844515482548,
        "BWT_Exp": 0.017903844515482548
    },
    "7": {
        "Loss_Exp": 39.070228576660156,
        "RelativeDistance_Exp": 0.6477624177932739,
        "R2Score_Exp": 0.845941424369812,
        "Forgetting_Exp": 0.025574058294296265,
        "BWT_Exp": -0.025574058294296265
    },
    "8": {
        "Loss_Exp": 55.24463292642276,
        "RelativeDistance_Exp": 1.0872083008289337,
        "R2Score_Exp": 0.8257705867290497,
        "Forgetting_Exp": -0.0287245512008667,
        "BWT_Exp": 0.0287245512008667
    },
    "9": {
        "Loss_Exp": 60.86755718606056,
        "RelativeDistance_Exp": 0.7940233051776886,
        "R2Score_Exp": 0.8356375694274902
    },
    "stream": {
        "Loss_Stream/eval_phase/test_stream": 59.17299906674537,
        "RelativeDistance_Stream/eval_phase/test_stream": 0.8256637540956339,
        "R2Score_Stream/eval_phase/test_stream": 0.816303643087546,
        "Forgetting_Stream/eval_phase/test_stream": {
            "0": 0.07277470827102661,
            "1": 0.11635947227478027,
            "2": 0.04704330364863085,
            "3": 0.03581595420837402,
            "4": 0.01708655059337616,
            "5": 0.017000575860341427,
            "6": -0.017903844515482548,
            "7": 0.025574058294296265,
            "8": -0.0287245512008667
        },
        "BWT_Stream/eval_phase/test_stream": {
            "0": 0.07277470827102661,
            "1": 0.11635947227478027,
            "2": 0.04704330364863085,
            "3": 0.03581595420837402,
            "4": 0.01708655059337616,
            "5": 0.017000575860341427,
            "6": -0.017903844515482548,
            "7": 0.025574058294296265,
            "8": -0.0287245512008667
        }
    }
}