{
    "0": {
        "Loss_Exp": 38.22894786138954,
        "RelativeDistance_Exp": 0.9563772960713035,
        "R2Score_Exp": 0.8308363337265817,
        "Forgetting_Exp": 0.019295475984874577,
        "BWT_Exp": -0.019295475984874577
    },
    "1": {
        "Loss_Exp": 42.25259895368227,
        "RelativeDistance_Exp": 0.9193686059976028,
        "R2Score_Exp": 0.82318583686473,
        "Forgetting_Exp": 0.030161376726829392,
        "BWT_Exp": -0.030161376726829392
    },
    "2": {
        "Loss_Exp": 35.61410857516734,
        "RelativeDistance_Exp": 0.9130203225174729,
        "R2Score_Exp": 0.8449147343635559,
        "Forgetting_Exp": 0.018512593240154085,
        "BWT_Exp": -0.018512593240154085
    },
    "3": {
        "Loss_Exp": 28.140272451161977,
        "RelativeDistance_Exp": 0.950845224015853,
        "R2Score_Exp": 0.8847758209004122,
        "Forgetting_Exp": 0.01043694159563846,
        "BWT_Exp": -0.01043694159563846
    },
    "4": {
        "Loss_Exp": 29.910058756258426,
        "RelativeDistance_Exp": 0.9618641829490662,
        "R2Score_Exp": 0.8762265276908875,
        "Forgetting_Exp": -0.011819474697113086,
        "BWT_Exp": 0.011819474697113086
    },
    "5": {
        "Loss_Exp": 33.888013249738066,
        "RelativeDistance_Exp": 0.8858156303564707,
        "R2Score_Exp": 0.8680917372306188,
        "Forgetting_Exp": -0.005510057012240166,
        "BWT_Exp": 0.005510057012240166
    },
    "6": {
        "Loss_Exp": 32.885034826927615,
        "RelativeDistance_Exp": 1.156264416873455,
        "R2Score_Exp": 0.8742639049887657,
        "Forgetting_Exp": -9.694881737232208e-05,
        "BWT_Exp": 9.694881737232208e-05
    },
    "7": {
        "Loss_Exp": 42.49078594993112,
        "RelativeDistance_Exp": 0.7928323684067562,
        "R2Score_Exp": 0.8480075659423039,
        "Forgetting_Exp": 0.0076052690374440735,
        "BWT_Exp": -0.0076052690374440735
    },
    "8": {
        "Loss_Exp": 32.941692814470265,
        "RelativeDistance_Exp": 0.8329807619253794,
        "R2Score_Exp": 0.8885472350650363,
        "Forgetting_Exp": 0.006941669517093296,
        "BWT_Exp": -0.006941669517093296
    },
    "9": {
        "Loss_Exp": 24.94083179649196,
        "RelativeDistance_Exp": 0.7801185369491577,
        "R2Score_Exp": 0.9143270969390869
    },
    "stream": {
        "Loss_Stream/eval_phase/test_stream": 35.91392768513072,
        "RelativeDistance_Stream/eval_phase/test_stream": 0.9353553213571247,
        "R2Score_Stream/eval_phase/test_stream": 0.8536185355562913,
        "Forgetting_Stream/eval_phase/test_stream": {
            "0": 0.019295475984874577,
            "1": 0.030161376726829392,
            "2": 0.018512593240154085,
            "3": 0.01043694159563846,
            "4": -0.011819474697113086,
            "5": -0.005510057012240166,
            "6": -9.694881737232208e-05,
            "7": 0.0076052690374440735,
            "8": 0.006941669517093296
        },
        "BWT_Stream/eval_phase/test_stream": {
            "0": 0.019295475984874577,
            "1": 0.030161376726829392,
            "2": 0.018512593240154085,
            "3": 0.01043694159563846,
            "4": -0.011819474697113086,
            "5": -0.005510057012240166,
            "6": -9.694881737232208e-05,
            "7": 0.0076052690374440735,
            "8": 0.006941669517093296
        }
    }
}