{
    "0": {
        "Loss_Exp": 88.76463948746174,
        "RelativeDistance_Exp": 0.8942888677120209,
        "R2Score_Exp": 0.7981314063072205,
        "Forgetting_Exp": 0.07890522480010986,
        "BWT_Exp": -0.07890522480010986
    },
    "1": {
        "Loss_Exp": 76.83121531056128,
        "RelativeDistance_Exp": 2.111773371696472,
        "R2Score_Exp": 0.7754038572311401,
        "Forgetting_Exp": 0.12432414293289185,
        "BWT_Exp": -0.12432414293289185
    },
    "2": {
        "Loss_Exp": 57.53319298586091,
        "RelativeDistance_Exp": 0.7540554602940878,
        "R2Score_Exp": 0.8138113816579183,
        "Forgetting_Exp": 0.010346710681915283,
        "BWT_Exp": -0.010346710681915283
    },
    "3": {
        "Loss_Exp": 58.668370782907985,
        "RelativeDistance_Exp": 0.6266958713531494,
        "R2Score_Exp": 0.8062931597232819,
        "Forgetting_Exp": 0.042539358139038086,
        "BWT_Exp": -0.042539358139038086
    },
    "4": {
        "Loss_Exp": 53.871173867243925,
        "RelativeDistance_Exp": 0.8168587684631348,
        "R2Score_Exp": 0.825231060385704,
        "Forgetting_Exp": 0.02306002378463745,
        "BWT_Exp": -0.02306002378463745
    },
    "5": {
        "Loss_Exp": 44.43934001093326,
        "RelativeDistance_Exp": 0.6947815219561259,
        "R2Score_Exp": 0.8264515399932861,
        "Forgetting_Exp": 0.020450055599212646,
        "BWT_Exp": -0.020450055599212646
    },
    "6": {
        "Loss_Exp": 62.61225220700528,
        "RelativeDistance_Exp": 0.7757698893547058,
        "R2Score_Exp": 0.8098847270011902,
        "Forgetting_Exp": 0.03946409622828162,
        "BWT_Exp": -0.03946409622828162
    },
    "7": {
        "Loss_Exp": 38.7955207824707,
        "RelativeDistance_Exp": 0.6943507790565491,
        "R2Score_Exp": 0.8470246195793152,
        "Forgetting_Exp": 0.026993930339813232,
        "BWT_Exp": -0.026993930339813232
    },
    "8": {
        "Loss_Exp": 53.41416517223445,
        "RelativeDistance_Exp": 1.1662417650222778,
        "R2Score_Exp": 0.8298594057559967,
        "Forgetting_Exp": 0.002849489450454712,
        "BWT_Exp": -0.002849489450454712
    },
    "9": {
        "Loss_Exp": 58.42773615666208,
        "RelativeDistance_Exp": 0.8034104406833649,
        "R2Score_Exp": 0.8408935964107513
    },
    "stream": {
        "Loss_Stream/eval_phase/test_stream": 58.91262824962165,
        "RelativeDistance_Stream/eval_phase/test_stream": 0.9100177958607674,
        "R2Score_Stream/eval_phase/test_stream": 0.8166481107473373,
        "Forgetting_Stream/eval_phase/test_stream": {
            "0": 0.07890522480010986,
            "1": 0.12432414293289185,
            "2": 0.010346710681915283,
            "3": 0.042539358139038086,
            "4": 0.02306002378463745,
            "5": 0.020450055599212646,
            "6": 0.03946409622828162,
            "7": 0.026993930339813232,
            "8": 0.002849489450454712
        },
        "BWT_Stream/eval_phase/test_stream": {
            "0": 0.07890522480010986,
            "1": 0.12432414293289185,
            "2": 0.010346710681915283,
            "3": 0.042539358139038086,
            "4": 0.02306002378463745,
            "5": 0.020450055599212646,
            "6": 0.03946409622828162,
            "7": 0.026993930339813232,
            "8": 0.002849489450454712
        }
    }
}