{
    "0": {
        "Loss_Exp": 46.27497482299805,
        "RelativeDistance_Exp": 0.5483472943305969,
        "R2Score_Exp": 0.8421418070793152
    },
    "1": {
        "Loss_Exp": 22.9311580657959,
        "RelativeDistance_Exp": 0.5371469259262085,
        "R2Score_Exp": 0.9080376625061035
    },
    "2": {
        "Loss_Exp": 28.71143341064453,
        "RelativeDistance_Exp": 0.4387386739253998,
        "R2Score_Exp": 0.8705521821975708
    },
    "3": {
        "Loss_Exp": 21.467052459716797,
        "RelativeDistance_Exp": 0.38967660069465637,
        "R2Score_Exp": 0.9111332297325134
    },
    "4": {
        "Loss_Exp": 18.72653579711914,
        "RelativeDistance_Exp": 0.38968920707702637,
        "R2Score_Exp": 0.9034483432769775
    },
    "5": {
        "Loss_Exp": 23.595205307006836,
        "RelativeDistance_Exp": 0.4104607403278351,
        "R2Score_Exp": 0.8731994032859802
    },
    "6": {
        "Loss_Exp": 24.710163116455078,
        "RelativeDistance_Exp": 0.36602774262428284,
        "R2Score_Exp": 0.8772222399711609
    },
    "7": {
        "Loss_Exp": 24.781049728393555,
        "RelativeDistance_Exp": 0.42204901576042175,
        "R2Score_Exp": 0.8826298117637634
    },
    "8": {
        "Loss_Exp": 27.8248233795166,
        "RelativeDistance_Exp": 0.34674328565597534,
        "R2Score_Exp": 0.8750816583633423
    },
    "9": {
        "Loss_Exp": 39.74705505371094,
        "RelativeDistance_Exp": 0.5569900870323181,
        "R2Score_Exp": 0.8627934455871582
    },
    "stream": {
        "Loss_Stream/eval_phase/test_stream": 26.86672706009894,
        "RelativeDistance_Stream/eval_phase/test_stream": 0.4405869573354721,
        "R2Score_Stream/eval_phase/test_stream": 0.8806239783763885,
        "Forgetting_Stream/eval_phase/test_stream": {},
        "BWT_Stream/eval_phase/test_stream": {}
    }
}