{
    "0": {
        "Loss_Exp": 33.90867233276367,
        "RelativeDistance_Exp": 0.629859983921051,
        "R2Score_Exp": 0.8654910326004028,
        "Forgetting_Exp": 0.035364747047424316,
        "BWT_Exp": -0.035364747047424316
    },
    "1": {
        "Loss_Exp": 43.36567306518555,
        "RelativeDistance_Exp": 0.7997309565544128,
        "R2Score_Exp": 0.8265185952186584,
        "Forgetting_Exp": 0.018810391426086426,
        "BWT_Exp": -0.018810391426086426
    },
    "2": {
        "Loss_Exp": 46.37169647216797,
        "RelativeDistance_Exp": 0.8560406565666199,
        "R2Score_Exp": 0.8117828965187073,
        "Forgetting_Exp": 0.035997629165649414,
        "BWT_Exp": -0.035997629165649414
    },
    "3": {
        "Loss_Exp": 44.889976501464844,
        "RelativeDistance_Exp": 0.8139501214027405,
        "R2Score_Exp": 0.8081381320953369,
        "Forgetting_Exp": 0.0354994535446167,
        "BWT_Exp": -0.0354994535446167
    },
    "4": {
        "Loss_Exp": 56.39935302734375,
        "RelativeDistance_Exp": 0.9083300232887268,
        "R2Score_Exp": 0.8040623068809509,
        "Forgetting_Exp": 0.036214470863342285,
        "BWT_Exp": -0.036214470863342285
    },
    "5": {
        "Loss_Exp": 51.7064208984375,
        "RelativeDistance_Exp": 0.8576818108558655,
        "R2Score_Exp": 0.8121986985206604,
        "Forgetting_Exp": 0.0373343825340271,
        "BWT_Exp": -0.0373343825340271
    },
    "6": {
        "Loss_Exp": 44.49354934692383,
        "RelativeDistance_Exp": 0.8037635684013367,
        "R2Score_Exp": 0.8315130472183228,
        "Forgetting_Exp": 0.008878111839294434,
        "BWT_Exp": -0.008878111839294434
    },
    "7": {
        "Loss_Exp": 40.32146072387695,
        "RelativeDistance_Exp": 0.7531761527061462,
        "R2Score_Exp": 0.8475558757781982,
        "Forgetting_Exp": -0.01845329999923706,
        "BWT_Exp": 0.01845329999923706
    },
    "8": {
        "Loss_Exp": 47.71103286743164,
        "RelativeDistance_Exp": 0.5668383240699768,
        "R2Score_Exp": 0.8414769172668457,
        "Forgetting_Exp": 0.023411154747009277,
        "BWT_Exp": -0.023411154747009277
    },
    "9": {
        "Loss_Exp": 39.59470748901367,
        "RelativeDistance_Exp": 0.953753650188446,
        "R2Score_Exp": 0.8588497638702393
    },
    "stream": {
        "Loss_Stream/eval_phase/test_stream": 46.042006564217495,
        "RelativeDistance_Stream/eval_phase/test_stream": 0.7943125247955323,
        "R2Score_Stream/eval_phase/test_stream": 0.8307587265968323,
        "Forgetting_Stream/eval_phase/test_stream": {
            "0": 0.035364747047424316,
            "1": 0.018810391426086426,
            "2": 0.035997629165649414,
            "3": 0.0354994535446167,
            "4": 0.036214470863342285,
            "5": 0.0373343825340271,
            "6": 0.008878111839294434,
            "7": -0.01845329999923706,
            "8": 0.023411154747009277
        },
        "BWT_Stream/eval_phase/test_stream": {
            "0": 0.035364747047424316,
            "1": 0.018810391426086426,
            "2": 0.035997629165649414,
            "3": 0.0354994535446167,
            "4": 0.036214470863342285,
            "5": 0.0373343825340271,
            "6": 0.008878111839294434,
            "7": -0.01845329999923706,
            "8": 0.023411154747009277
        }
    }
}