{
    "0": {
        "Loss_Exp": 45.70912551879883,
        "RelativeDistance_Exp": 0.5442338585853577,
        "R2Score_Exp": 0.8437818884849548,
        "Forgetting_Exp": 1.4007091522216797e-05,
        "BWT_Exp": -1.4007091522216797e-05
    },
    "1": {
        "Loss_Exp": 21.15046501159668,
        "RelativeDistance_Exp": 0.5387089848518372,
        "R2Score_Exp": 0.9138940572738647,
        "Forgetting_Exp": -0.012672185897827148,
        "BWT_Exp": 0.012672185897827148
    },
    "2": {
        "Loss_Exp": 27.695425033569336,
        "RelativeDistance_Exp": 0.4442538619041443,
        "R2Score_Exp": 0.873469889163971,
        "Forgetting_Exp": -0.024441063404083252,
        "BWT_Exp": 0.024441063404083252
    },
    "3": {
        "Loss_Exp": 20.335256576538086,
        "RelativeDistance_Exp": 0.3655776083469391,
        "R2Score_Exp": 0.9168204069137573,
        "Forgetting_Exp": -0.03857088088989258,
        "BWT_Exp": 0.03857088088989258
    },
    "4": {
        "Loss_Exp": 17.92803955078125,
        "RelativeDistance_Exp": 0.37954169511795044,
        "R2Score_Exp": 0.9109492301940918,
        "Forgetting_Exp": -0.0029397010803222656,
        "BWT_Exp": 0.0029397010803222656
    },
    "5": {
        "Loss_Exp": 20.47364044189453,
        "RelativeDistance_Exp": 0.396971195936203,
        "R2Score_Exp": 0.886070728302002,
        "Forgetting_Exp": 0.00821220874786377,
        "BWT_Exp": -0.00821220874786377
    },
    "6": {
        "Loss_Exp": 22.319406509399414,
        "RelativeDistance_Exp": 0.3615644574165344,
        "R2Score_Exp": 0.8864068984985352,
        "Forgetting_Exp": -0.0008391141891479492,
        "BWT_Exp": 0.0008391141891479492
    },
    "7": {
        "Loss_Exp": 21.829524993896484,
        "RelativeDistance_Exp": 0.418454110622406,
        "R2Score_Exp": 0.89752596616745,
        "Forgetting_Exp": 0.012976646423339844,
        "BWT_Exp": -0.012976646423339844
    },
    "8": {
        "Loss_Exp": 25.712682723999023,
        "RelativeDistance_Exp": 0.3568064570426941,
        "R2Score_Exp": 0.8871316909790039,
        "Forgetting_Exp": 0.00019872188568115234,
        "BWT_Exp": -0.00019872188568115234
    },
    "9": {
        "Loss_Exp": 40.688175201416016,
        "RelativeDistance_Exp": 0.5407311320304871,
        "R2Score_Exp": 0.8628265857696533
    },
    "stream": {
        "Loss_Stream/eval_phase/test_stream": 25.407960226447866,
        "RelativeDistance_Stream/eval_phase/test_stream": 0.4346843361854553,
        "R2Score_Stream/eval_phase/test_stream": 0.8878877341747284,
        "Forgetting_Stream/eval_phase/test_stream": {
            "0": 1.4007091522216797e-05,
            "1": -0.012672185897827148,
            "2": -0.024441063404083252,
            "3": -0.03857088088989258,
            "4": -0.0029397010803222656,
            "5": 0.00821220874786377,
            "6": -0.0008391141891479492,
            "7": 0.012976646423339844,
            "8": 0.00019872188568115234
        },
        "BWT_Stream/eval_phase/test_stream": {
            "0": 1.4007091522216797e-05,
            "1": -0.012672185897827148,
            "2": -0.024441063404083252,
            "3": -0.03857088088989258,
            "4": -0.0029397010803222656,
            "5": 0.00821220874786377,
            "6": -0.0008391141891479492,
            "7": 0.012976646423339844,
            "8": 0.00019872188568115234
        }
    }
}