{
    "0": {
        "Loss_Exp": 46.19605912502457,
        "RelativeDistance_Exp": 1.0565181732177735,
        "R2Score_Exp": 0.8020792007446289,
        "Forgetting_Exp": 0.045064836740493774,
        "BWT_Exp": -0.045064836740493774
    },
    "1": {
        "Loss_Exp": 45.83903883274878,
        "RelativeDistance_Exp": 1.001305385430654,
        "R2Score_Exp": 0.8074599186579386,
        "Forgetting_Exp": 0.04355082114537556,
        "BWT_Exp": -0.04355082114537556
    },
    "2": {
        "Loss_Exp": 34.3520388077374,
        "RelativeDistance_Exp": 0.9706585957453802,
        "R2Score_Exp": 0.8516775828141433,
        "Forgetting_Exp": 0.015674288456256513,
        "BWT_Exp": -0.015674288456256513
    },
    "3": {
        "Loss_Exp": 28.271837874953185,
        "RelativeDistance_Exp": 1.0614580909411113,
        "R2Score_Exp": 0.8857687910397848,
        "Forgetting_Exp": 0.011077072885301353,
        "BWT_Exp": -0.011077072885301353
    },
    "4": {
        "Loss_Exp": 29.206905767744466,
        "RelativeDistance_Exp": 1.0152684961046492,
        "R2Score_Exp": 0.8841445871761867,
        "Forgetting_Exp": -0.008119268076760444,
        "BWT_Exp": 0.008119268076760444
    },
    "5": {
        "Loss_Exp": 31.72676019730599,
        "RelativeDistance_Exp": 0.9340534408887228,
        "R2Score_Exp": 0.8749942183494568,
        "Forgetting_Exp": -0.00526229540506995,
        "BWT_Exp": 0.00526229540506995
    },
    "6": {
        "Loss_Exp": 30.977561982613604,
        "RelativeDistance_Exp": 1.2664148062467575,
        "R2Score_Exp": 0.8799447640776634,
        "Forgetting_Exp": 0.004774652421474457,
        "BWT_Exp": -0.004774652421474457
    },
    "7": {
        "Loss_Exp": 41.65720240292356,
        "RelativeDistance_Exp": 0.8834926709532738,
        "R2Score_Exp": 0.8555552065372467,
        "Forgetting_Exp": 0.014272890985012054,
        "BWT_Exp": -0.014272890985012054
    },
    "8": {
        "Loss_Exp": 29.990446795340578,
        "RelativeDistance_Exp": 0.7672259211540222,
        "R2Score_Exp": 0.8886500199635824,
        "Forgetting_Exp": 0.01921548446019483,
        "BWT_Exp": -0.01921548446019483
    },
    "9": {
        "Loss_Exp": 22.559259599059963,
        "RelativeDistance_Exp": 0.7800133526325226,
        "R2Score_Exp": 0.9178995490074158
    },
    "stream": {
        "Loss_Stream/eval_phase/test_stream": 36.77976641179188,
        "RelativeDistance_Stream/eval_phase/test_stream": 1.006526067669009,
        "R2Score_Stream/eval_phase/test_stream": 0.8518659855112617,
        "Forgetting_Stream/eval_phase/test_stream": {
            "0": 0.045064836740493774,
            "1": 0.04355082114537556,
            "2": 0.015674288456256513,
            "3": 0.011077072885301353,
            "4": -0.008119268076760444,
            "5": -0.00526229540506995,
            "6": 0.004774652421474457,
            "7": 0.014272890985012054,
            "8": 0.01921548446019483
        },
        "BWT_Stream/eval_phase/test_stream": {
            "0": 0.045064836740493774,
            "1": 0.04355082114537556,
            "2": 0.015674288456256513,
            "3": 0.011077072885301353,
            "4": -0.008119268076760444,
            "5": -0.00526229540506995,
            "6": 0.004774652421474457,
            "7": 0.014272890985012054,
            "8": 0.01921548446019483
        }
    }
}