{
    "0": {
        "Loss_Exp": 17.568976334026427,
        "RelativeDistance_Exp": 1.1514852643013,
        "R2Score_Exp": 0.7611000537872314,
        "Forgetting_Exp": 0.10250592231750488,
        "BWT_Exp": -0.10250592231750488
    },
    "1": {
        "Loss_Exp": 12.375527390809816,
        "RelativeDistance_Exp": 1.3695629835128784,
        "R2Score_Exp": 0.8009981215000153,
        "Forgetting_Exp": 0.08608865737915039,
        "BWT_Exp": -0.08608865737915039
    },
    "2": {
        "Loss_Exp": 10.289443156602083,
        "RelativeDistance_Exp": 1.0440579652786255,
        "R2Score_Exp": 0.7532991766929626,
        "Forgetting_Exp": 0.10878068208694458,
        "BWT_Exp": -0.10878068208694458
    },
    "3": {
        "Loss_Exp": 5.214825846656044,
        "RelativeDistance_Exp": 0.9104788601398468,
        "R2Score_Exp": 0.8017208576202393,
        "Forgetting_Exp": 0.09003305435180664,
        "BWT_Exp": -0.09003305435180664
    },
    "4": {
        "Loss_Exp": 3.139180834271377,
        "RelativeDistance_Exp": 0.8746501803398132,
        "R2Score_Exp": 0.8531242807706197,
        "Forgetting_Exp": 0.07726760705312086,
        "BWT_Exp": -0.07726760705312086
    },
    "5": {
        "Loss_Exp": 2.8458335885111685,
        "RelativeDistance_Exp": 0.8370699485143026,
        "R2Score_Exp": 0.834250291188558,
        "Forgetting_Exp": 0.06127434968948364,
        "BWT_Exp": -0.06127434968948364
    },
    "6": {
        "Loss_Exp": 4.410820712570995,
        "RelativeDistance_Exp": 0.7199121713638306,
        "R2Score_Exp": 0.8604652285575867,
        "Forgetting_Exp": 0.06076875329017639,
        "BWT_Exp": -0.06076875329017639
    },
    "7": {
        "Loss_Exp": 2.2549960613250732,
        "RelativeDistance_Exp": 1.5023177862167358,
        "R2Score_Exp": 0.8670958280563354,
        "Forgetting_Exp": 0.053888559341430664,
        "BWT_Exp": -0.053888559341430664
    },
    "8": {
        "Loss_Exp": 2.0272609445058047,
        "RelativeDistance_Exp": 0.6801010072231293,
        "R2Score_Exp": 0.8720540106296539,
        "Forgetting_Exp": 0.0263119637966156,
        "BWT_Exp": -0.0263119637966156
    },
    "9": {
        "Loss_Exp": 4.460370022690948,
        "RelativeDistance_Exp": 0.6801224052906036,
        "R2Score_Exp": 0.9155590832233429
    },
    "stream": {
        "Loss_Stream/eval_phase/test_stream": 6.370397174241629,
        "RelativeDistance_Stream/eval_phase/test_stream": 0.9451353387399153,
        "R2Score_Stream/eval_phase/test_stream": 0.8278596265749498,
        "Forgetting_Stream/eval_phase/test_stream": {
            "0": 0.10250592231750488,
            "1": 0.08608865737915039,
            "2": 0.10878068208694458,
            "3": 0.09003305435180664,
            "4": 0.07726760705312086,
            "5": 0.06127434968948364,
            "6": 0.06076875329017639,
            "7": 0.053888559341430664,
            "8": 0.0263119637966156
        },
        "BWT_Stream/eval_phase/test_stream": {
            "0": 0.10250592231750488,
            "1": 0.08608865737915039,
            "2": 0.10878068208694458,
            "3": 0.09003305435180664,
            "4": 0.07726760705312086,
            "5": 0.06127434968948364,
            "6": 0.06076875329017639,
            "7": 0.053888559341430664,
            "8": 0.0263119637966156
        }
    }
}