{
    "0": {
        "Loss_Exp": 67.77232791412801,
        "RelativeDistance_Exp": 1.3350194215774536,
        "R2Score_Exp": 0.7180208027362823,
        "Forgetting_Exp": 0.13622295260429385,
        "BWT_Exp": -0.13622295260429385
    },
    "1": {
        "Loss_Exp": 75.92253614916801,
        "RelativeDistance_Exp": 1.4005220492680868,
        "R2Score_Exp": 0.714450724919637,
        "Forgetting_Exp": 0.14399898052215576,
        "BWT_Exp": -0.14399898052215576
    },
    "2": {
        "Loss_Exp": 49.269985889311265,
        "RelativeDistance_Exp": 1.1144332656493554,
        "R2Score_Exp": 0.7935801423512973,
        "Forgetting_Exp": 0.07940917290174043,
        "BWT_Exp": -0.07940917290174043
    },
    "3": {
        "Loss_Exp": 35.78955791483625,
        "RelativeDistance_Exp": 1.0596694747606914,
        "R2Score_Exp": 0.8610217240121629,
        "Forgetting_Exp": 0.04870670371585428,
        "BWT_Exp": -0.04870670371585428
    },
    "4": {
        "Loss_Exp": 43.88979749020541,
        "RelativeDistance_Exp": 1.0130820274353027,
        "R2Score_Exp": 0.8313667518751962,
        "Forgetting_Exp": 0.05472344160079956,
        "BWT_Exp": -0.05472344160079956
    },
    "5": {
        "Loss_Exp": 40.508119535104264,
        "RelativeDistance_Exp": 0.9214309751987457,
        "R2Score_Exp": 0.846674640973409,
        "Forgetting_Exp": 0.028247316678364998,
        "BWT_Exp": -0.028247316678364998
    },
    "6": {
        "Loss_Exp": 36.21075509041768,
        "RelativeDistance_Exp": 1.1223763823509216,
        "R2Score_Exp": 0.8630110323429108,
        "Forgetting_Exp": 0.025630146265029907,
        "BWT_Exp": -0.025630146265029907
    },
    "7": {
        "Loss_Exp": 46.87883702003992,
        "RelativeDistance_Exp": 0.8241544663906097,
        "R2Score_Exp": 0.8382322564721107,
        "Forgetting_Exp": 0.04056596755981445,
        "BWT_Exp": -0.04056596755981445
    },
    "8": {
        "Loss_Exp": 34.032618028519074,
        "RelativeDistance_Exp": 0.7660873333613077,
        "R2Score_Exp": 0.8811036944389343,
        "Forgetting_Exp": 0.03418374061584473,
        "BWT_Exp": -0.03418374061584473
    },
    "9": {
        "Loss_Exp": 21.82838901816004,
        "RelativeDistance_Exp": 0.7237138152122498,
        "R2Score_Exp": 0.918984055519104
    },
    "stream": {
        "Loss_Stream/eval_phase/test_stream": 51.62434716469091,
        "RelativeDistance_Stream/eval_phase/test_stream": 1.1150713474662215,
        "R2Score_Stream/eval_phase/test_stream": 0.8018956405145151,
        "Forgetting_Stream/eval_phase/test_stream": {
            "0": 0.13622295260429385,
            "1": 0.14399898052215576,
            "2": 0.07940917290174043,
            "3": 0.04870670371585428,
            "4": 0.05472344160079956,
            "5": 0.028247316678364998,
            "6": 0.025630146265029907,
            "7": 0.04056596755981445,
            "8": 0.03418374061584473
        },
        "BWT_Stream/eval_phase/test_stream": {
            "0": 0.13622295260429385,
            "1": 0.14399898052215576,
            "2": 0.07940917290174043,
            "3": 0.04870670371585428,
            "4": 0.05472344160079956,
            "5": 0.028247316678364998,
            "6": 0.025630146265029907,
            "7": 0.04056596755981445,
            "8": 0.03418374061584473
        }
    }
}