{
    "0": {
        "Loss_Exp": 91.27107854475055,
        "RelativeDistance_Exp": 0.8607569932937622,
        "R2Score_Exp": 0.7938633561134338,
        "Forgetting_Exp": 0.07013827562332153,
        "BWT_Exp": -0.07013827562332153
    },
    "1": {
        "Loss_Exp": 56.703984960121126,
        "RelativeDistance_Exp": 1.0861638486385345,
        "R2Score_Exp": 0.8359103500843048,
        "Forgetting_Exp": 0.039582788944244385,
        "BWT_Exp": -0.039582788944244385
    },
    "2": {
        "Loss_Exp": 45.2937877165672,
        "RelativeDistance_Exp": 0.6589464743932089,
        "R2Score_Exp": 0.8549012541770935,
        "Forgetting_Exp": -0.048236966133117676,
        "BWT_Exp": 0.048236966133117676
    },
    "3": {
        "Loss_Exp": 48.52121119879329,
        "RelativeDistance_Exp": 0.5516966581344604,
        "R2Score_Exp": 0.8399625420570374,
        "Forgetting_Exp": -0.01610875129699707,
        "BWT_Exp": 0.01610875129699707
    },
    "4": {
        "Loss_Exp": 46.864599956869405,
        "RelativeDistance_Exp": 0.7060804814100266,
        "R2Score_Exp": 0.843170553445816,
        "Forgetting_Exp": -0.013391509652137756,
        "BWT_Exp": 0.013391509652137756
    },
    "5": {
        "Loss_Exp": 47.46175815748132,
        "RelativeDistance_Exp": 0.6258726517359415,
        "R2Score_Exp": 0.8139793475468954,
        "Forgetting_Exp": 0.010236481825510624,
        "BWT_Exp": -0.010236481825510624
    },
    "6": {
        "Loss_Exp": 51.266284908357804,
        "RelativeDistance_Exp": 0.6784153779347738,
        "R2Score_Exp": 0.8377869129180908,
        "Forgetting_Exp": 0.026802082856496212,
        "BWT_Exp": -0.026802082856496212
    },
    "7": {
        "Loss_Exp": 36.19065856933594,
        "RelativeDistance_Exp": 0.6153329610824585,
        "R2Score_Exp": 0.8572959303855896,
        "Forgetting_Exp": 0.007469296455383301,
        "BWT_Exp": -0.007469296455383301
    },
    "8": {
        "Loss_Exp": 52.688916026941044,
        "RelativeDistance_Exp": 0.7440311312675476,
        "R2Score_Exp": 0.8441928029060364,
        "Forgetting_Exp": -0.013553202152252197,
        "BWT_Exp": 0.013553202152252197
    },
    "9": {
        "Loss_Exp": 63.21279237780268,
        "RelativeDistance_Exp": 0.7701580226421356,
        "R2Score_Exp": 0.8289407789707184
    },
    "stream": {
        "Loss_Stream/eval_phase/test_stream": 53.07538078035249,
        "RelativeDistance_Stream/eval_phase/test_stream": 0.7231238211194674,
        "R2Score_Stream/eval_phase/test_stream": 0.8348216811815897,
        "Forgetting_Stream/eval_phase/test_stream": {
            "0": 0.07013827562332153,
            "1": 0.039582788944244385,
            "2": -0.048236966133117676,
            "3": -0.01610875129699707,
            "4": -0.013391509652137756,
            "5": 0.010236481825510624,
            "6": 0.026802082856496212,
            "7": 0.007469296455383301,
            "8": -0.013553202152252197
        },
        "BWT_Stream/eval_phase/test_stream": {
            "0": 0.07013827562332153,
            "1": 0.039582788944244385,
            "2": -0.048236966133117676,
            "3": -0.01610875129699707,
            "4": -0.013391509652137756,
            "5": 0.010236481825510624,
            "6": 0.026802082856496212,
            "7": 0.007469296455383301,
            "8": -0.013553202152252197
        }
    }
}