{
    "0": {
        "Loss_Exp": 73.22791190797177,
        "RelativeDistance_Exp": 1.116664457321167,
        "R2Score_Exp": 0.6828768253326416,
        "Forgetting_Exp": 0.1673773765563965,
        "BWT_Exp": -0.1673773765563965
    },
    "1": {
        "Loss_Exp": 75.70358837986063,
        "RelativeDistance_Exp": 1.0327481269836425,
        "R2Score_Exp": 0.7026263395945231,
        "Forgetting_Exp": 0.17832539081573484,
        "BWT_Exp": -0.17832539081573484
    },
    "2": {
        "Loss_Exp": 54.47840287011416,
        "RelativeDistance_Exp": 0.8467026261182932,
        "R2Score_Exp": 0.7747189265031081,
        "Forgetting_Exp": 0.12713088439061082,
        "BWT_Exp": -0.12713088439061082
    },
    "3": {
        "Loss_Exp": 39.99332052606252,
        "RelativeDistance_Exp": 0.9734006060494317,
        "R2Score_Exp": 0.842090454366472,
        "Forgetting_Exp": 0.08750192324320483,
        "BWT_Exp": -0.08750192324320483
    },
    "4": {
        "Loss_Exp": 45.068637420069585,
        "RelativeDistance_Exp": 0.7887051956994193,
        "R2Score_Exp": 0.8215831688472203,
        "Forgetting_Exp": 0.08699566125869751,
        "BWT_Exp": -0.08699566125869751
    },
    "5": {
        "Loss_Exp": 40.98616911948711,
        "RelativeDistance_Exp": 0.6873583594957987,
        "R2Score_Exp": 0.8395930627981821,
        "Forgetting_Exp": 0.049955785274505615,
        "BWT_Exp": -0.049955785274505615
    },
    "6": {
        "Loss_Exp": 36.183932433511046,
        "RelativeDistance_Exp": 0.7917144298553467,
        "R2Score_Exp": 0.8629328086972237,
        "Forgetting_Exp": 0.03973974287509918,
        "BWT_Exp": -0.03973974287509918
    },
    "7": {
        "Loss_Exp": 43.68634705884579,
        "RelativeDistance_Exp": 0.5713934525847435,
        "R2Score_Exp": 0.8443099558353424,
        "Forgetting_Exp": 0.046817339956760406,
        "BWT_Exp": -0.046817339956760406
    },
    "8": {
        "Loss_Exp": 29.50177115571231,
        "RelativeDistance_Exp": 0.5299040277798971,
        "R2Score_Exp": 0.9043871760368347,
        "Forgetting_Exp": 0.026114821434020996,
        "BWT_Exp": -0.026114821434020996
    },
    "9": {
        "Loss_Exp": 18.664546289459082,
        "RelativeDistance_Exp": 0.4893758147954941,
        "R2Score_Exp": 0.9245662689208984
    },
    "stream": {
        "Loss_Stream/eval_phase/test_stream": 53.22345710310085,
        "RelativeDistance_Stream/eval_phase/test_stream": 0.8585681403860633,
        "R2Score_Stream/eval_phase/test_stream": 0.7904592620001899,
        "Forgetting_Stream/eval_phase/test_stream": {
            "0": 0.1673773765563965,
            "1": 0.17832539081573484,
            "2": 0.12713088439061082,
            "3": 0.08750192324320483,
            "4": 0.08699566125869751,
            "5": 0.049955785274505615,
            "6": 0.03973974287509918,
            "7": 0.046817339956760406,
            "8": 0.026114821434020996
        },
        "BWT_Stream/eval_phase/test_stream": {
            "0": 0.1673773765563965,
            "1": 0.17832539081573484,
            "2": 0.12713088439061082,
            "3": 0.08750192324320483,
            "4": 0.08699566125869751,
            "5": 0.049955785274505615,
            "6": 0.03973974287509918,
            "7": 0.046817339956760406,
            "8": 0.026114821434020996
        }
    }
}