{
    "0": {
        "Loss_Exp": 47.503421783447266,
        "RelativeDistance_Exp": 0.5718231797218323,
        "R2Score_Exp": 0.8349894285202026,
        "Forgetting_Exp": 0.015208005905151367,
        "BWT_Exp": -0.015208005905151367
    },
    "1": {
        "Loss_Exp": 23.609357833862305,
        "RelativeDistance_Exp": 0.5376711487770081,
        "R2Score_Exp": 0.9060278534889221,
        "Forgetting_Exp": -0.01160365343093872,
        "BWT_Exp": 0.01160365343093872
    },
    "2": {
        "Loss_Exp": 31.814414978027344,
        "RelativeDistance_Exp": 0.47999107837677,
        "R2Score_Exp": 0.8635181188583374,
        "Forgetting_Exp": -0.019969284534454346,
        "BWT_Exp": 0.019969284534454346
    },
    "3": {
        "Loss_Exp": 23.76191520690918,
        "RelativeDistance_Exp": 0.427105575799942,
        "R2Score_Exp": 0.9022095799446106,
        "Forgetting_Exp": -0.02981466054916382,
        "BWT_Exp": 0.02981466054916382
    },
    "4": {
        "Loss_Exp": 20.768417358398438,
        "RelativeDistance_Exp": 0.44253888726234436,
        "R2Score_Exp": 0.898077130317688,
        "Forgetting_Exp": 0.003931760787963867,
        "BWT_Exp": -0.003931760787963867
    },
    "5": {
        "Loss_Exp": 25.835817337036133,
        "RelativeDistance_Exp": 0.45176929235458374,
        "R2Score_Exp": 0.8633741140365601,
        "Forgetting_Exp": 0.02612018585205078,
        "BWT_Exp": -0.02612018585205078
    },
    "6": {
        "Loss_Exp": 26.33259391784668,
        "RelativeDistance_Exp": 0.4074161648750305,
        "R2Score_Exp": 0.8691892623901367,
        "Forgetting_Exp": 0.015076220035552979,
        "BWT_Exp": -0.015076220035552979
    },
    "7": {
        "Loss_Exp": 25.693702697753906,
        "RelativeDistance_Exp": 0.4917120635509491,
        "R2Score_Exp": 0.8739948272705078,
        "Forgetting_Exp": 0.034338176250457764,
        "BWT_Exp": -0.034338176250457764
    },
    "8": {
        "Loss_Exp": 28.59186363220215,
        "RelativeDistance_Exp": 0.36397963762283325,
        "R2Score_Exp": 0.8740106821060181,
        "Forgetting_Exp": 0.016725003719329834,
        "BWT_Exp": -0.016725003719329834
    },
    "9": {
        "Loss_Exp": 37.37598419189453,
        "RelativeDistance_Exp": 0.5396713018417358,
        "R2Score_Exp": 0.869528591632843
    },
    "stream": {
        "Loss_Stream/eval_phase/test_stream": 28.35963462229648,
        "RelativeDistance_Stream/eval_phase/test_stream": 0.47136783301830293,
        "R2Score_Stream/eval_phase/test_stream": 0.8754919588565826,
        "Forgetting_Stream/eval_phase/test_stream": {
            "0": 0.015208005905151367,
            "1": -0.01160365343093872,
            "2": -0.019969284534454346,
            "3": -0.02981466054916382,
            "4": 0.003931760787963867,
            "5": 0.02612018585205078,
            "6": 0.015076220035552979,
            "7": 0.034338176250457764,
            "8": 0.016725003719329834
        },
        "BWT_Stream/eval_phase/test_stream": {
            "0": 0.015208005905151367,
            "1": -0.01160365343093872,
            "2": -0.019969284534454346,
            "3": -0.02981466054916382,
            "4": 0.003931760787963867,
            "5": 0.02612018585205078,
            "6": 0.015076220035552979,
            "7": 0.034338176250457764,
            "8": 0.016725003719329834
        }
    }
}