{
    "0": {
        "Loss_Exp": 0.08864548885624506,
        "BinaryAccuracy_Exp": 0.9731445163488388
    },
    "1": {
        "Loss_Exp": 0.09401504600842292,
        "BinaryAccuracy_Exp": 0.9681255221366882
    },
    "2": {
        "Loss_Exp": 0.07765893554340002,
        "BinaryAccuracy_Exp": 0.9669882297515869
    },
    "3": {
        "Loss_Exp": 0.07222761692520373,
        "BinaryAccuracy_Exp": 0.972210168838501
    },
    "4": {
        "Loss_Exp": 0.06180406473371613,
        "BinaryAccuracy_Exp": 0.9751864756856646
    },
    "5": {
        "Loss_Exp": 0.07539104166084758,
        "BinaryAccuracy_Exp": 0.968288650115331
    },
    "6": {
        "Loss_Exp": 0.05513690466695487,
        "BinaryAccuracy_Exp": 0.9783591628074646
    },
    "7": {
        "Loss_Exp": 0.06993223050769591,
        "BinaryAccuracy_Exp": 0.9738734165827433
    },
    "8": {
        "Loss_Exp": 0.06898465169308671,
        "BinaryAccuracy_Exp": 0.9752534230550131
    },
    "9": {
        "Loss_Exp": 0.07461834761694619,
        "BinaryAccuracy_Exp": 0.9730617552995682
    },
    "stream": {
        "Loss_Stream/eval_phase/test_stream": 0.07247764759056502,
        "BinaryAccuracy_Stream/eval_phase/test_stream": 0.9723594072072402
    }
}