{
    "0": {
        "Loss_Exp": 25.30558204650879,
        "RelativeDistance_Exp": 0.6324242353439331,
        "R2Score_Exp": 0.8867971897125244,
        "Forgetting_Exp": -0.00570833683013916,
        "BWT_Exp": 0.00570833683013916
    },
    "1": {
        "Loss_Exp": 25.42453384399414,
        "RelativeDistance_Exp": 0.5785712003707886,
        "R2Score_Exp": 0.8905661106109619,
        "Forgetting_Exp": -0.006392240524291992,
        "BWT_Exp": 0.006392240524291992
    },
    "2": {
        "Loss_Exp": 23.7985897064209,
        "RelativeDistance_Exp": 0.5979177355766296,
        "R2Score_Exp": 0.8939772844314575,
        "Forgetting_Exp": -0.005884289741516113,
        "BWT_Exp": 0.005884289741516113
    },
    "3": {
        "Loss_Exp": 18.00096893310547,
        "RelativeDistance_Exp": 0.647830069065094,
        "R2Score_Exp": 0.9270201921463013,
        "Forgetting_Exp": -0.006464660167694092,
        "BWT_Exp": 0.006464660167694092
    },
    "4": {
        "Loss_Exp": 20.33513069152832,
        "RelativeDistance_Exp": 0.6443198919296265,
        "R2Score_Exp": 0.9151232242584229,
        "Forgetting_Exp": -0.02702033519744873,
        "BWT_Exp": 0.02702033519744873
    },
    "5": {
        "Loss_Exp": 24.330928802490234,
        "RelativeDistance_Exp": 0.6049805283546448,
        "R2Score_Exp": 0.9023663401603699,
        "Forgetting_Exp": -0.02509993314743042,
        "BWT_Exp": 0.02509993314743042
    },
    "6": {
        "Loss_Exp": 24.652996063232422,
        "RelativeDistance_Exp": 0.7382205724716187,
        "R2Score_Exp": 0.9029061794281006,
        "Forgetting_Exp": -0.008977413177490234,
        "BWT_Exp": 0.008977413177490234
    },
    "7": {
        "Loss_Exp": 33.90284729003906,
        "RelativeDistance_Exp": 0.5263863801956177,
        "R2Score_Exp": 0.8782234191894531,
        "Forgetting_Exp": 0.003441035747528076,
        "BWT_Exp": -0.003441035747528076
    },
    "8": {
        "Loss_Exp": 27.39035987854004,
        "RelativeDistance_Exp": 0.5410539507865906,
        "R2Score_Exp": 0.9074454307556152,
        "Forgetting_Exp": -0.0056378841400146484,
        "BWT_Exp": 0.0056378841400146484
    },
    "9": {
        "Loss_Exp": 21.505367279052734,
        "RelativeDistance_Exp": 0.534446656703949,
        "R2Score_Exp": 0.928463339805603
    },
    "stream": {
        "Loss_Stream/eval_phase/test_stream": 24.5379227515226,
        "RelativeDistance_Stream/eval_phase/test_stream": 0.6046151220798492,
        "R2Score_Stream/eval_phase/test_stream": 0.903288871049881,
        "Forgetting_Stream/eval_phase/test_stream": {
            "0": -0.00570833683013916,
            "1": -0.006392240524291992,
            "2": -0.005884289741516113,
            "3": -0.006464660167694092,
            "4": -0.02702033519744873,
            "5": -0.02509993314743042,
            "6": -0.008977413177490234,
            "7": 0.003441035747528076,
            "8": -0.0056378841400146484
        },
        "BWT_Stream/eval_phase/test_stream": {
            "0": -0.00570833683013916,
            "1": -0.006392240524291992,
            "2": -0.005884289741516113,
            "3": -0.006464660167694092,
            "4": -0.02702033519744873,
            "5": -0.02509993314743042,
            "6": -0.008977413177490234,
            "7": 0.003441035747528076,
            "8": -0.0056378841400146484
        }
    }
}