{
    "0": {
        "Loss_Exp": 75.55023740770385,
        "RelativeDistance_Exp": Infinity,
        "R2Score_Exp": 0.6092684268951416,
        "Forgetting_Exp": 0.2664575338363647,
        "BWT_Exp": -0.2664575338363647
    },
    "1": {
        "Loss_Exp": 49.63674421168318,
        "RelativeDistance_Exp": Infinity,
        "R2Score_Exp": 0.7043807029724121,
        "Forgetting_Exp": 0.19555424451828007,
        "BWT_Exp": -0.19555424451828007
    },
    "2": {
        "Loss_Exp": 53.45179800846406,
        "RelativeDistance_Exp": Infinity,
        "R2Score_Exp": 0.6875006556510925,
        "Forgetting_Exp": 0.11977502703666687,
        "BWT_Exp": -0.11977502703666687
    },
    "3": {
        "Loss_Exp": 24.67297126710472,
        "RelativeDistance_Exp": Infinity,
        "R2Score_Exp": 0.7773446962237358,
        "Forgetting_Exp": 0.0357535257935524,
        "BWT_Exp": -0.0357535257935524
    },
    "4": {
        "Loss_Exp": 20.39398380923413,
        "RelativeDistance_Exp": Infinity,
        "R2Score_Exp": 0.8037930826346079,
        "Forgetting_Exp": 0.04975104331970215,
        "BWT_Exp": -0.04975104331970215
    },
    "5": {
        "Loss_Exp": 24.515321744484392,
        "RelativeDistance_Exp": Infinity,
        "R2Score_Exp": 0.7657036125659943,
        "Forgetting_Exp": 0.06177694743329831,
        "BWT_Exp": -0.06177694743329831
    },
    "6": {
        "Loss_Exp": 33.71300932612732,
        "RelativeDistance_Exp": Infinity,
        "R2Score_Exp": 0.7030939161777496,
        "Forgetting_Exp": 0.11769571155309677,
        "BWT_Exp": -0.11769571155309677
    },
    "7": {
        "Loss_Exp": 25.570904148031968,
        "RelativeDistance_Exp": Infinity,
        "R2Score_Exp": 0.8056177049875259,
        "Forgetting_Exp": 0.04702413082122803,
        "BWT_Exp": -0.04702413082122803
    },
    "8": {
        "Loss_Exp": 22.01754971310832,
        "RelativeDistance_Exp": Infinity,
        "R2Score_Exp": 0.8195370674133301,
        "Forgetting_Exp": 0.02444238662719722,
        "BWT_Exp": -0.02444238662719722
    },
    "9": {
        "Loss_Exp": 25.475569873882765,
        "RelativeDistance_Exp": Infinity,
        "R2Score_Exp": 0.8260844435010638
    },
    "stream": {
        "Loss_Stream/eval_phase/test_stream": 33.372126006854444,
        "RelativeDistance_Stream/eval_phase/test_stream": Infinity,
        "R2Score_Stream/eval_phase/test_stream": 0.7544036135077477,
        "Forgetting_Stream/eval_phase/test_stream": {
            "0": 0.2664575338363647,
            "1": 0.19555424451828007,
            "2": 0.11977502703666687,
            "3": 0.0357535257935524,
            "4": 0.04975104331970215,
            "5": 0.06177694743329831,
            "6": 0.11769571155309677,
            "7": 0.04702413082122803,
            "8": 0.02444238662719722
        },
        "BWT_Stream/eval_phase/test_stream": {
            "0": 0.2664575338363647,
            "1": 0.19555424451828007,
            "2": 0.11977502703666687,
            "3": 0.0357535257935524,
            "4": 0.04975104331970215,
            "5": 0.06177694743329831,
            "6": 0.11769571155309677,
            "7": 0.04702413082122803,
            "8": 0.02444238662719722
        }
    }
}