{
    "0": {
        "Loss_Exp": 50.210030372987504,
        "RelativeDistance_Exp": 0.9954016745090485,
        "R2Score_Exp": 0.7844552993774414,
        "Forgetting_Exp": 0.06233954429626465,
        "BWT_Exp": -0.06233954429626465
    },
    "1": {
        "Loss_Exp": 56.919404533083636,
        "RelativeDistance_Exp": 0.993679134051005,
        "R2Score_Exp": 0.7674570918083191,
        "Forgetting_Exp": 0.08108513752619428,
        "BWT_Exp": -0.08108513752619428
    },
    "2": {
        "Loss_Exp": 43.271534836687884,
        "RelativeDistance_Exp": 0.9766639333504897,
        "R2Score_Exp": 0.8144492002633902,
        "Forgetting_Exp": 0.044493138790130615,
        "BWT_Exp": -0.044493138790130615
    },
    "3": {
        "Loss_Exp": 34.3378046351989,
        "RelativeDistance_Exp": 1.0864341126547918,
        "R2Score_Exp": 0.862275070614285,
        "Forgetting_Exp": 0.0333246191342671,
        "BWT_Exp": -0.0333246191342671
    },
    "4": {
        "Loss_Exp": 38.78544439603565,
        "RelativeDistance_Exp": 1.0377125229154314,
        "R2Score_Exp": 0.8535153695515224,
        "Forgetting_Exp": 0.010514608451298257,
        "BWT_Exp": -0.010514608451298257
    },
    "5": {
        "Loss_Exp": 38.809598556653405,
        "RelativeDistance_Exp": 0.9332847595214844,
        "R2Score_Exp": 0.8469285468260447,
        "Forgetting_Exp": 0.010669787724812863,
        "BWT_Exp": -0.010669787724812863
    },
    "6": {
        "Loss_Exp": 37.489218251215654,
        "RelativeDistance_Exp": 1.2498503029346466,
        "R2Score_Exp": 0.8576362058520317,
        "Forgetting_Exp": 0.013394132256507874,
        "BWT_Exp": -0.013394132256507874
    },
    "7": {
        "Loss_Exp": 44.92994378291948,
        "RelativeDistance_Exp": 0.8860602006316185,
        "R2Score_Exp": 0.8464623466134071,
        "Forgetting_Exp": 0.004911012947559357,
        "BWT_Exp": -0.004911012947559357
    },
    "8": {
        "Loss_Exp": 33.72059560620823,
        "RelativeDistance_Exp": 0.8144873976707458,
        "R2Score_Exp": 0.8746803402900696,
        "Forgetting_Exp": 0.01867091655731201,
        "BWT_Exp": -0.01867091655731201
    },
    "9": {
        "Loss_Exp": 27.961940892335917,
        "RelativeDistance_Exp": 0.7861399948596954,
        "R2Score_Exp": 0.8950693607330322
    },
    "stream": {
        "Loss_Stream/eval_phase/test_stream": 44.097664607978324,
        "RelativeDistance_Stream/eval_phase/test_stream": 1.0037094361988115,
        "R2Score_Stream/eval_phase/test_stream": 0.8247885387620808,
        "Forgetting_Stream/eval_phase/test_stream": {
            "0": 0.06233954429626465,
            "1": 0.08108513752619428,
            "2": 0.044493138790130615,
            "3": 0.0333246191342671,
            "4": 0.010514608451298257,
            "5": 0.010669787724812863,
            "6": 0.013394132256507874,
            "7": 0.004911012947559357,
            "8": 0.01867091655731201
        },
        "BWT_Stream/eval_phase/test_stream": {
            "0": 0.06233954429626465,
            "1": 0.08108513752619428,
            "2": 0.044493138790130615,
            "3": 0.0333246191342671,
            "4": 0.010514608451298257,
            "5": 0.010669787724812863,
            "6": 0.013394132256507874,
            "7": 0.004911012947559357,
            "8": 0.01867091655731201
        }
    }
}