{
    "0": {
        "Loss_Exp": 47.8464352909624,
        "RelativeDistance_Exp": 0.8311858952045441,
        "R2Score_Exp": 0.7971126139163971,
        "Forgetting_Exp": 0.0915922224521637,
        "BWT_Exp": -0.0915922224521637
    },
    "1": {
        "Loss_Exp": 41.32124377381809,
        "RelativeDistance_Exp": 0.7427719275156657,
        "R2Score_Exp": 0.8273383339246114,
        "Forgetting_Exp": 0.06207699378331499,
        "BWT_Exp": -0.06207699378331499
    },
    "2": {
        "Loss_Exp": 33.647717164965066,
        "RelativeDistance_Exp": 0.6870331305723923,
        "R2Score_Exp": 0.8524975272325369,
        "Forgetting_Exp": 0.03928751670397246,
        "BWT_Exp": -0.03928751670397246
    },
    "3": {
        "Loss_Exp": 25.003541468850734,
        "RelativeDistance_Exp": 0.7245762414402432,
        "R2Score_Exp": 0.8990927404827542,
        "Forgetting_Exp": 0.02685456805759001,
        "BWT_Exp": -0.02685456805759001
    },
    "4": {
        "Loss_Exp": 25.259545839843945,
        "RelativeDistance_Exp": 0.6563439454351153,
        "R2Score_Exp": 0.8990880165781293,
        "Forgetting_Exp": 0.0027659450258528118,
        "BWT_Exp": -0.0027659450258528118
    },
    "5": {
        "Loss_Exp": 31.276022967525734,
        "RelativeDistance_Exp": 0.6110126078128815,
        "R2Score_Exp": 0.8743858138720194,
        "Forgetting_Exp": 0.012298037608464596,
        "BWT_Exp": -0.012298037608464596
    },
    "6": {
        "Loss_Exp": 27.09185607605882,
        "RelativeDistance_Exp": 0.7599595338106155,
        "R2Score_Exp": 0.8937563747167587,
        "Forgetting_Exp": -0.000395849347114563,
        "BWT_Exp": 0.000395849347114563
    },
    "7": {
        "Loss_Exp": 36.59371095770949,
        "RelativeDistance_Exp": 0.5452326461672783,
        "R2Score_Exp": 0.8694192618131638,
        "Forgetting_Exp": 0.0162617489695549,
        "BWT_Exp": -0.0162617489695549
    },
    "8": {
        "Loss_Exp": 26.530333863425113,
        "RelativeDistance_Exp": 0.4951886634031932,
        "R2Score_Exp": 0.8928172389666239,
        "Forgetting_Exp": 0.02074352900187182,
        "BWT_Exp": -0.02074352900187182
    },
    "9": {
        "Loss_Exp": 21.32255180588615,
        "RelativeDistance_Exp": 0.4741365611553192,
        "R2Score_Exp": 0.9191130101680756
    },
    "stream": {
        "Loss_Stream/eval_phase/test_stream": 34.254363471743055,
        "RelativeDistance_Stream/eval_phase/test_stream": 0.6918754883018541,
        "R2Score_Stream/eval_phase/test_stream": 0.8607100925327819,
        "Forgetting_Stream/eval_phase/test_stream": {
            "0": 0.0915922224521637,
            "1": 0.06207699378331499,
            "2": 0.03928751670397246,
            "3": 0.02685456805759001,
            "4": 0.0027659450258528118,
            "5": 0.012298037608464596,
            "6": -0.000395849347114563,
            "7": 0.0162617489695549,
            "8": 0.02074352900187182
        },
        "BWT_Stream/eval_phase/test_stream": {
            "0": 0.0915922224521637,
            "1": 0.06207699378331499,
            "2": 0.03928751670397246,
            "3": 0.02685456805759001,
            "4": 0.0027659450258528118,
            "5": 0.012298037608464596,
            "6": -0.000395849347114563,
            "7": 0.0162617489695549,
            "8": 0.02074352900187182
        }
    }
}