{
    "0": {
        "Loss_Exp": 74.55455904466801,
        "RelativeDistance_Exp": 1.1306430101394653,
        "R2Score_Exp": 0.6895576059818268,
        "Forgetting_Exp": 0.1589429318904877,
        "BWT_Exp": -0.1589429318904877
    },
    "1": {
        "Loss_Exp": 74.77420499015835,
        "RelativeDistance_Exp": 1.0170941909154256,
        "R2Score_Exp": 0.7035826047261556,
        "Forgetting_Exp": 0.16967276732126868,
        "BWT_Exp": -0.16967276732126868
    },
    "2": {
        "Loss_Exp": 49.5843557990012,
        "RelativeDistance_Exp": 0.8099157580962548,
        "R2Score_Exp": 0.7932174205780029,
        "Forgetting_Exp": 0.10459524393081665,
        "BWT_Exp": -0.10459524393081665
    },
    "3": {
        "Loss_Exp": 39.30969633370127,
        "RelativeDistance_Exp": 0.9126285910606384,
        "R2Score_Exp": 0.8462911446889242,
        "Forgetting_Exp": 0.08261136213938391,
        "BWT_Exp": -0.08261136213938391
    },
    "4": {
        "Loss_Exp": 42.982881198924034,
        "RelativeDistance_Exp": 0.8167806693485805,
        "R2Score_Exp": 0.8286926065172467,
        "Forgetting_Exp": 0.0807357175009592,
        "BWT_Exp": -0.0807357175009592
    },
    "5": {
        "Loss_Exp": 44.968431291171505,
        "RelativeDistance_Exp": 0.6622446378072103,
        "R2Score_Exp": 0.8228467305501302,
        "Forgetting_Exp": 0.0689988533655802,
        "BWT_Exp": -0.0689988533655802
    },
    "6": {
        "Loss_Exp": 34.521162173009635,
        "RelativeDistance_Exp": 0.8145354688167572,
        "R2Score_Exp": 0.8671981766819954,
        "Forgetting_Exp": 0.03213314712047577,
        "BWT_Exp": -0.03213314712047577
    },
    "7": {
        "Loss_Exp": 44.482902846389536,
        "RelativeDistance_Exp": 0.6422764807939529,
        "R2Score_Exp": 0.8484920784831047,
        "Forgetting_Exp": 0.04196617007255554,
        "BWT_Exp": -0.04196617007255554
    },
    "8": {
        "Loss_Exp": 27.681218902251764,
        "RelativeDistance_Exp": 0.5173643628756205,
        "R2Score_Exp": 0.9017465313275655,
        "Forgetting_Exp": 0.02410016457239783,
        "BWT_Exp": -0.02410016457239783
    },
    "9": {
        "Loss_Exp": 19.581475869978288,
        "RelativeDistance_Exp": 0.5109847187995911,
        "R2Score_Exp": 0.9210948646068573
    },
    "stream": {
        "Loss_Stream/eval_phase/test_stream": 52.33863308255887,
        "RelativeDistance_Stream/eval_phase/test_stream": 0.8546283429051623,
        "R2Score_Stream/eval_phase/test_stream": 0.7949215048625146,
        "Forgetting_Stream/eval_phase/test_stream": {
            "0": 0.1589429318904877,
            "1": 0.16967276732126868,
            "2": 0.10459524393081665,
            "3": 0.08261136213938391,
            "4": 0.0807357175009592,
            "5": 0.0689988533655802,
            "6": 0.03213314712047577,
            "7": 0.04196617007255554,
            "8": 0.02410016457239783
        },
        "BWT_Stream/eval_phase/test_stream": {
            "0": 0.1589429318904877,
            "1": 0.16967276732126868,
            "2": 0.10459524393081665,
            "3": 0.08261136213938391,
            "4": 0.0807357175009592,
            "5": 0.0689988533655802,
            "6": 0.03213314712047577,
            "7": 0.04196617007255554,
            "8": 0.02410016457239783
        }
    }
}