{
    "0": {
        "Loss_Exp": 76.59148791811002,
        "RelativeDistance_Exp": 1.0793760001659394,
        "R2Score_Exp": 0.6735012650489807,
        "Forgetting_Exp": 0.17849197387695315,
        "BWT_Exp": -0.17849197387695315
    },
    "1": {
        "Loss_Exp": 89.70491247533607,
        "RelativeDistance_Exp": 1.004831890265147,
        "R2Score_Exp": 0.6538320104281108,
        "Forgetting_Exp": 0.22622920274734493,
        "BWT_Exp": -0.22622920274734493
    },
    "2": {
        "Loss_Exp": 52.71523750973243,
        "RelativeDistance_Exp": 0.8141272985018216,
        "R2Score_Exp": 0.7834422725897568,
        "Forgetting_Exp": 0.1147770698253926,
        "BWT_Exp": -0.1147770698253926
    },
    "3": {
        "Loss_Exp": 40.86778012619401,
        "RelativeDistance_Exp": 0.8556803862253824,
        "R2Score_Exp": 0.8414914011955261,
        "Forgetting_Exp": 0.0883489780955844,
        "BWT_Exp": -0.0883489780955844
    },
    "4": {
        "Loss_Exp": 45.471693828240866,
        "RelativeDistance_Exp": 0.7410167285374233,
        "R2Score_Exp": 0.8169668998037066,
        "Forgetting_Exp": 0.09217964751379826,
        "BWT_Exp": -0.09217964751379826
    },
    "5": {
        "Loss_Exp": 41.88303502591546,
        "RelativeDistance_Exp": 0.6679012179374695,
        "R2Score_Exp": 0.8391140699386597,
        "Forgetting_Exp": 0.05424352486928308,
        "BWT_Exp": -0.05424352486928308
    },
    "6": {
        "Loss_Exp": 37.28273603588651,
        "RelativeDistance_Exp": 0.8204478845000267,
        "R2Score_Exp": 0.8582474365830421,
        "Forgetting_Exp": 0.043870896100997925,
        "BWT_Exp": -0.043870896100997925
    },
    "7": {
        "Loss_Exp": 42.40785226310956,
        "RelativeDistance_Exp": 0.6260078176856041,
        "R2Score_Exp": 0.8523063287138939,
        "Forgetting_Exp": 0.04193347692489624,
        "BWT_Exp": -0.04193347692489624
    },
    "8": {
        "Loss_Exp": 28.770148931593454,
        "RelativeDistance_Exp": 0.5131148993968964,
        "R2Score_Exp": 0.900914708773295,
        "Forgetting_Exp": 0.022102614243825314,
        "BWT_Exp": -0.022102614243825314
    },
    "9": {
        "Loss_Exp": 18.373178424623614,
        "RelativeDistance_Exp": 0.4882417768239975,
        "R2Score_Exp": 0.9258372485637665
    },
    "stream": {
        "Loss_Stream/eval_phase/test_stream": 56.24450760798207,
        "RelativeDistance_Stream/eval_phase/test_stream": 0.8325063578876448,
        "R2Score_Stream/eval_phase/test_stream": 0.7813946472273933,
        "Forgetting_Stream/eval_phase/test_stream": {
            "0": 0.17849197387695315,
            "1": 0.22622920274734493,
            "2": 0.1147770698253926,
            "3": 0.0883489780955844,
            "4": 0.09217964751379826,
            "5": 0.05424352486928308,
            "6": 0.043870896100997925,
            "7": 0.04193347692489624,
            "8": 0.022102614243825314
        },
        "BWT_Stream/eval_phase/test_stream": {
            "0": 0.17849197387695315,
            "1": 0.22622920274734493,
            "2": 0.1147770698253926,
            "3": 0.0883489780955844,
            "4": 0.09217964751379826,
            "5": 0.05424352486928308,
            "6": 0.043870896100997925,
            "7": 0.04193347692489624,
            "8": 0.022102614243825314
        }
    }
}