{
    "0": {
        "Loss_Exp": 60.56383735128919,
        "RelativeDistance_Exp": 1.2854303061962127,
        "R2Score_Exp": 0.7349143266677857,
        "Forgetting_Exp": 0.11435533761978145,
        "BWT_Exp": -0.11435533761978145
    },
    "1": {
        "Loss_Exp": 66.45719534342308,
        "RelativeDistance_Exp": 1.2617804527282714,
        "R2Score_Exp": 0.7420089721679688,
        "Forgetting_Exp": 0.10325252215067537,
        "BWT_Exp": -0.10325252215067537
    },
    "2": {
        "Loss_Exp": 44.3272131278104,
        "RelativeDistance_Exp": 0.9666830759782058,
        "R2Score_Exp": 0.8158974234874432,
        "Forgetting_Exp": 0.04715009836050177,
        "BWT_Exp": -0.04715009836050177
    },
    "3": {
        "Loss_Exp": 35.28978998382038,
        "RelativeDistance_Exp": 0.9794030653105842,
        "R2Score_Exp": 0.8623233106401231,
        "Forgetting_Exp": 0.03549741374121773,
        "BWT_Exp": -0.03549741374121773
    },
    "4": {
        "Loss_Exp": 41.84571718622978,
        "RelativeDistance_Exp": 0.8958394357136318,
        "R2Score_Exp": 0.8417458363941738,
        "Forgetting_Exp": 0.026372458253588027,
        "BWT_Exp": -0.026372458253588027
    },
    "5": {
        "Loss_Exp": 43.30726684982506,
        "RelativeDistance_Exp": 0.7540443440278372,
        "R2Score_Exp": 0.8372635742028555,
        "Forgetting_Exp": 0.03376601139704383,
        "BWT_Exp": -0.03376601139704383
    },
    "6": {
        "Loss_Exp": 37.82835588779196,
        "RelativeDistance_Exp": 0.93330879509449,
        "R2Score_Exp": 0.8579818829894066,
        "Forgetting_Exp": 0.02629365772008896,
        "BWT_Exp": -0.02629365772008896
    },
    "7": {
        "Loss_Exp": 49.95136017497221,
        "RelativeDistance_Exp": 0.7008995190262794,
        "R2Score_Exp": 0.8306253403425217,
        "Forgetting_Exp": 0.0380929559469223,
        "BWT_Exp": -0.0380929559469223
    },
    "8": {
        "Loss_Exp": 34.368710983997644,
        "RelativeDistance_Exp": 0.6311119198799133,
        "R2Score_Exp": 0.87777711947759,
        "Forgetting_Exp": 0.03790060679117835,
        "BWT_Exp": -0.03790060679117835
    },
    "9": {
        "Loss_Exp": 23.473892876916754,
        "RelativeDistance_Exp": 0.5581144541501999,
        "R2Score_Exp": 0.9145529270172119
    },
    "stream": {
        "Loss_Stream/eval_phase/test_stream": 48.58115330182761,
        "RelativeDistance_Stream/eval_phase/test_stream": 0.9881591447341589,
        "R2Score_Stream/eval_phase/test_stream": 0.8115302648073361,
        "Forgetting_Stream/eval_phase/test_stream": {
            "0": 0.11435533761978145,
            "1": 0.10325252215067537,
            "2": 0.04715009836050177,
            "3": 0.03549741374121773,
            "4": 0.026372458253588027,
            "5": 0.03376601139704383,
            "6": 0.02629365772008896,
            "7": 0.0380929559469223,
            "8": 0.03790060679117835
        },
        "BWT_Stream/eval_phase/test_stream": {
            "0": 0.11435533761978145,
            "1": 0.10325252215067537,
            "2": 0.04715009836050177,
            "3": 0.03549741374121773,
            "4": 0.026372458253588027,
            "5": 0.03376601139704383,
            "6": 0.02629365772008896,
            "7": 0.0380929559469223,
            "8": 0.03790060679117835
        }
    }
}