{
    "0": {
        "Loss_Exp": 47.297527634722634,
        "RelativeDistance_Exp": 0.8438738644123077,
        "R2Score_Exp": 0.7979154944419861,
        "Forgetting_Exp": 0.09190723299980164,
        "BWT_Exp": -0.09190723299980164
    },
    "1": {
        "Loss_Exp": 44.409432255736164,
        "RelativeDistance_Exp": 0.7135946154594421,
        "R2Score_Exp": 0.8145243207613627,
        "Forgetting_Exp": 0.07489688396453853,
        "BWT_Exp": -0.07489688396453853
    },
    "2": {
        "Loss_Exp": 34.23133415990903,
        "RelativeDistance_Exp": 0.6939368614783654,
        "R2Score_Exp": 0.8498772015938392,
        "Forgetting_Exp": 0.04245480207296526,
        "BWT_Exp": -0.04245480207296526
    },
    "3": {
        "Loss_Exp": 23.981816099204924,
        "RelativeDistance_Exp": 0.7397533059120178,
        "R2Score_Exp": 0.9016021821233962,
        "Forgetting_Exp": 0.021801696883307575,
        "BWT_Exp": -0.021801696883307575
    },
    "4": {
        "Loss_Exp": 25.366826430830375,
        "RelativeDistance_Exp": 0.6828773702893939,
        "R2Score_Exp": 0.9012968625341143,
        "Forgetting_Exp": -0.0023462687219892864,
        "BWT_Exp": 0.0023462687219892864
    },
    "5": {
        "Loss_Exp": 26.976675421908954,
        "RelativeDistance_Exp": 0.6292580564816793,
        "R2Score_Exp": 0.8926071921984354,
        "Forgetting_Exp": -0.004846463600794437,
        "BWT_Exp": 0.004846463600794437
    },
    "6": {
        "Loss_Exp": 27.161784418576577,
        "RelativeDistance_Exp": 0.7985319048166275,
        "R2Score_Exp": 0.8935849666595459,
        "Forgetting_Exp": 0.005462191998958588,
        "BWT_Exp": -0.005462191998958588
    },
    "7": {
        "Loss_Exp": 36.47961208280221,
        "RelativeDistance_Exp": 0.5586605630815029,
        "R2Score_Exp": 0.8755221292376518,
        "Forgetting_Exp": 0.012173809111118317,
        "BWT_Exp": -0.012173809111118317
    },
    "8": {
        "Loss_Exp": 26.10736239093222,
        "RelativeDistance_Exp": 0.5029764274756113,
        "R2Score_Exp": 0.9000879923502604,
        "Forgetting_Exp": 0.012510915597279904,
        "BWT_Exp": -0.012510915597279904
    },
    "9": {
        "Loss_Exp": 20.264173546986044,
        "RelativeDistance_Exp": 0.49921128153800964,
        "R2Score_Exp": 0.9244924783706665
    },
    "stream": {
        "Loss_Stream/eval_phase/test_stream": 34.406692260698904,
        "RelativeDistance_Stream/eval_phase/test_stream": 0.7005209672598192,
        "R2Score_Stream/eval_phase/test_stream": 0.8608230852786406,
        "Forgetting_Stream/eval_phase/test_stream": {
            "0": 0.09190723299980164,
            "1": 0.07489688396453853,
            "2": 0.04245480207296526,
            "3": 0.021801696883307575,
            "4": -0.0023462687219892864,
            "5": -0.004846463600794437,
            "6": 0.005462191998958588,
            "7": 0.012173809111118317,
            "8": 0.012510915597279904
        },
        "BWT_Stream/eval_phase/test_stream": {
            "0": 0.09190723299980164,
            "1": 0.07489688396453853,
            "2": 0.04245480207296526,
            "3": 0.021801696883307575,
            "4": -0.0023462687219892864,
            "5": -0.004846463600794437,
            "6": 0.005462191998958588,
            "7": 0.012173809111118317,
            "8": 0.012510915597279904
        }
    }
}