{
    "0": {
        "Loss_Exp": 62.3279877380755,
        "RelativeDistance_Exp": 1.3635633707046508,
        "R2Score_Exp": 0.7340741038322449,
        "Forgetting_Exp": 0.10870930552482605,
        "BWT_Exp": -0.10870930552482605
    },
    "1": {
        "Loss_Exp": 73.1950235990828,
        "RelativeDistance_Exp": 1.433740512530009,
        "R2Score_Exp": 0.7179901639620463,
        "Forgetting_Exp": 0.12953353325525918,
        "BWT_Exp": -0.12953353325525918
    },
    "2": {
        "Loss_Exp": 48.21740150466913,
        "RelativeDistance_Exp": 1.1879271268844604,
        "R2Score_Exp": 0.795820217866164,
        "Forgetting_Exp": 0.07669007778167725,
        "BWT_Exp": -0.07669007778167725
    },
    "3": {
        "Loss_Exp": 34.85806779168253,
        "RelativeDistance_Exp": 1.2198097573386297,
        "R2Score_Exp": 0.8631609280904134,
        "Forgetting_Exp": 0.045535729991065144,
        "BWT_Exp": -0.045535729991065144
    },
    "4": {
        "Loss_Exp": 42.50355189263639,
        "RelativeDistance_Exp": 1.1439458898135595,
        "R2Score_Exp": 0.8364237717219761,
        "Forgetting_Exp": 0.04549286195210045,
        "BWT_Exp": -0.04549286195210045
    },
    "5": {
        "Loss_Exp": 41.46637015750612,
        "RelativeDistance_Exp": 0.9964894950389862,
        "R2Score_Exp": 0.8404143949349722,
        "Forgetting_Exp": 0.03317360083262122,
        "BWT_Exp": -0.03317360083262122
    },
    "6": {
        "Loss_Exp": 35.40324814785648,
        "RelativeDistance_Exp": 1.3114480823278427,
        "R2Score_Exp": 0.8641707003116608,
        "Forgetting_Exp": 0.025321461260318756,
        "BWT_Exp": -0.025321461260318756
    },
    "7": {
        "Loss_Exp": 45.19661370599792,
        "RelativeDistance_Exp": 0.9122748821973801,
        "R2Score_Exp": 0.8437531217932701,
        "Forgetting_Exp": 0.03573036193847656,
        "BWT_Exp": -0.03573036193847656
    },
    "8": {
        "Loss_Exp": 34.511818739185095,
        "RelativeDistance_Exp": 0.8079329530398051,
        "R2Score_Exp": 0.8792354861895243,
        "Forgetting_Exp": 0.03543323278427124,
        "BWT_Exp": -0.03543323278427124
    },
    "9": {
        "Loss_Exp": 21.817241511518716,
        "RelativeDistance_Exp": 0.7359365224838257,
        "R2Score_Exp": 0.9180606305599213
    },
    "stream": {
        "Loss_Stream/eval_phase/test_stream": 49.8697029670774,
        "RelativeDistance_Stream/eval_phase/test_stream": 1.2004332799970368,
        "R2Score_Stream/eval_phase/test_stream": 0.8056713055681299,
        "Forgetting_Stream/eval_phase/test_stream": {
            "0": 0.10870930552482605,
            "1": 0.12953353325525918,
            "2": 0.07669007778167725,
            "3": 0.045535729991065144,
            "4": 0.04549286195210045,
            "5": 0.03317360083262122,
            "6": 0.025321461260318756,
            "7": 0.03573036193847656,
            "8": 0.03543323278427124
        },
        "BWT_Stream/eval_phase/test_stream": {
            "0": 0.10870930552482605,
            "1": 0.12953353325525918,
            "2": 0.07669007778167725,
            "3": 0.045535729991065144,
            "4": 0.04549286195210045,
            "5": 0.03317360083262122,
            "6": 0.025321461260318756,
            "7": 0.03573036193847656,
            "8": 0.03543323278427124
        }
    }
}