{
    "0": {
        "Loss_Exp": 78.13441467285156,
        "RelativeDistance_Exp": 0.7568187713623047,
        "R2Score_Exp": 0.7377109527587891,
        "Forgetting_Exp": 0.10554236173629761,
        "BWT_Exp": -0.10554236173629761
    },
    "1": {
        "Loss_Exp": 41.25507736206055,
        "RelativeDistance_Exp": 0.7157034277915955,
        "R2Score_Exp": 0.845547080039978,
        "Forgetting_Exp": 0.05013042688369751,
        "BWT_Exp": -0.05013042688369751
    },
    "2": {
        "Loss_Exp": 52.21092987060547,
        "RelativeDistance_Exp": 0.5874012112617493,
        "R2Score_Exp": 0.8050872087478638,
        "Forgetting_Exp": 0.02590709924697876,
        "BWT_Exp": -0.02590709924697876
    },
    "3": {
        "Loss_Exp": 37.041595458984375,
        "RelativeDistance_Exp": 0.5191975831985474,
        "R2Score_Exp": 0.8502391576766968,
        "Forgetting_Exp": 0.02243053913116455,
        "BWT_Exp": -0.02243053913116455
    },
    "4": {
        "Loss_Exp": 32.19117736816406,
        "RelativeDistance_Exp": 0.5581106543540955,
        "R2Score_Exp": 0.8435450792312622,
        "Forgetting_Exp": 0.05241870880126953,
        "BWT_Exp": -0.05241870880126953
    },
    "5": {
        "Loss_Exp": 37.4456901550293,
        "RelativeDistance_Exp": 0.5466002225875854,
        "R2Score_Exp": 0.8099442720413208,
        "Forgetting_Exp": 0.07227635383605957,
        "BWT_Exp": -0.07227635383605957
    },
    "6": {
        "Loss_Exp": 37.8652229309082,
        "RelativeDistance_Exp": 0.4647681713104248,
        "R2Score_Exp": 0.8295958042144775,
        "Forgetting_Exp": 0.042035818099975586,
        "BWT_Exp": -0.042035818099975586
    },
    "7": {
        "Loss_Exp": 31.120447158813477,
        "RelativeDistance_Exp": 0.44528457522392273,
        "R2Score_Exp": 0.8507450819015503,
        "Forgetting_Exp": 0.05208694934844971,
        "BWT_Exp": -0.05208694934844971
    },
    "8": {
        "Loss_Exp": 35.00141525268555,
        "RelativeDistance_Exp": 0.391701340675354,
        "R2Score_Exp": 0.8643482327461243,
        "Forgetting_Exp": 0.020934879779815674,
        "BWT_Exp": -0.020934879779815674
    },
    "9": {
        "Loss_Exp": 38.72525405883789,
        "RelativeDistance_Exp": 0.5555222034454346,
        "R2Score_Exp": 0.8695849776268005
    },
    "stream": {
        "Loss_Stream/eval_phase/test_stream": 41.864468948940875,
        "RelativeDistance_Stream/eval_phase/test_stream": 0.5541108161211014,
        "R2Score_Stream/eval_phase/test_stream": 0.8306347846984863,
        "Forgetting_Stream/eval_phase/test_stream": {
            "0": 0.10554236173629761,
            "1": 0.05013042688369751,
            "2": 0.02590709924697876,
            "3": 0.02243053913116455,
            "4": 0.05241870880126953,
            "5": 0.07227635383605957,
            "6": 0.042035818099975586,
            "7": 0.05208694934844971,
            "8": 0.020934879779815674
        },
        "BWT_Stream/eval_phase/test_stream": {
            "0": 0.10554236173629761,
            "1": 0.05013042688369751,
            "2": 0.02590709924697876,
            "3": 0.02243053913116455,
            "4": 0.05241870880126953,
            "5": 0.07227635383605957,
            "6": 0.042035818099975586,
            "7": 0.05208694934844971,
            "8": 0.020934879779815674
        }
    }
}