{
    "0": {
        "Loss_Exp": 65.77449308831237,
        "RelativeDistance_Exp": 1.3153451561927796,
        "R2Score_Exp": 0.7221715390682221,
        "Forgetting_Exp": 0.12505915164947512,
        "BWT_Exp": -0.12505915164947512
    },
    "1": {
        "Loss_Exp": 72.91654259876455,
        "RelativeDistance_Exp": 1.2609246571858723,
        "R2Score_Exp": 0.7213266452153524,
        "Forgetting_Exp": 0.13140131632486973,
        "BWT_Exp": -0.13140131632486973
    },
    "2": {
        "Loss_Exp": 49.08290935060302,
        "RelativeDistance_Exp": 1.0754761191514821,
        "R2Score_Exp": 0.7935568461051354,
        "Forgetting_Exp": 0.08087097222988415,
        "BWT_Exp": -0.08087097222988415
    },
    "3": {
        "Loss_Exp": 34.301363274620236,
        "RelativeDistance_Exp": 1.0977747175428603,
        "R2Score_Exp": 0.8655263914002312,
        "Forgetting_Exp": 0.04455653826395667,
        "BWT_Exp": -0.04455653826395667
    },
    "4": {
        "Loss_Exp": 43.14213592011863,
        "RelativeDistance_Exp": 0.9895066108022418,
        "R2Score_Exp": 0.8341614859444755,
        "Forgetting_Exp": 0.05303305387496948,
        "BWT_Exp": -0.05303305387496948
    },
    "5": {
        "Loss_Exp": 41.92085070066975,
        "RelativeDistance_Exp": 0.8522509435812632,
        "R2Score_Exp": 0.8397910793622335,
        "Forgetting_Exp": 0.03433761994043982,
        "BWT_Exp": -0.03433761994043982
    },
    "6": {
        "Loss_Exp": 36.42829385454111,
        "RelativeDistance_Exp": 1.0288753807544708,
        "R2Score_Exp": 0.861026793718338,
        "Forgetting_Exp": 0.028843849897384644,
        "BWT_Exp": -0.028843849897384644
    },
    "7": {
        "Loss_Exp": 45.262136560501794,
        "RelativeDistance_Exp": 0.7753927856683731,
        "R2Score_Exp": 0.8441277146339417,
        "Forgetting_Exp": 0.03513689339160919,
        "BWT_Exp": -0.03513689339160919
    },
    "8": {
        "Loss_Exp": 33.53432392122112,
        "RelativeDistance_Exp": 0.7156380812327067,
        "R2Score_Exp": 0.8790313005447388,
        "Forgetting_Exp": 0.03350210189819336,
        "BWT_Exp": -0.03350210189819336
    },
    "9": {
        "Loss_Exp": 21.95934549564416,
        "RelativeDistance_Exp": 0.6385482251644135,
        "R2Score_Exp": 0.9176562428474426
    },
    "stream": {
        "Loss_Stream/eval_phase/test_stream": 50.50031136231269,
        "RelativeDistance_Stream/eval_phase/test_stream": 1.0595887825812822,
        "R2Score_Stream/eval_phase/test_stream": 0.8041865546026348,
        "Forgetting_Stream/eval_phase/test_stream": {
            "0": 0.12505915164947512,
            "1": 0.13140131632486973,
            "2": 0.08087097222988415,
            "3": 0.04455653826395667,
            "4": 0.05303305387496948,
            "5": 0.03433761994043982,
            "6": 0.028843849897384644,
            "7": 0.03513689339160919,
            "8": 0.03350210189819336
        },
        "BWT_Stream/eval_phase/test_stream": {
            "0": 0.12505915164947512,
            "1": 0.13140131632486973,
            "2": 0.08087097222988415,
            "3": 0.04455653826395667,
            "4": 0.05303305387496948,
            "5": 0.03433761994043982,
            "6": 0.028843849897384644,
            "7": 0.03513689339160919,
            "8": 0.03350210189819336
        }
    }
}