{
    "0": {
        "Loss_Exp": 82.39448169095245,
        "RelativeDistance_Exp": Infinity,
        "R2Score_Exp": 0.5763273000717163,
        "Forgetting_Exp": 0.3023626446723938,
        "BWT_Exp": -0.3023626446723938
    },
    "1": {
        "Loss_Exp": 45.17612038118106,
        "RelativeDistance_Exp": Infinity,
        "R2Score_Exp": 0.7309967875480652,
        "Forgetting_Exp": 0.16910048723220827,
        "BWT_Exp": -0.16910048723220827
    },
    "2": {
        "Loss_Exp": 54.624900922493595,
        "RelativeDistance_Exp": Infinity,
        "R2Score_Exp": 0.6813607513904572,
        "Forgetting_Exp": 0.1257408708333969,
        "BWT_Exp": -0.1257408708333969
    },
    "3": {
        "Loss_Exp": 28.080401992954556,
        "RelativeDistance_Exp": Infinity,
        "R2Score_Exp": 0.7444472387433052,
        "Forgetting_Exp": 0.07108788192272186,
        "BWT_Exp": -0.07108788192272186
    },
    "4": {
        "Loss_Exp": 21.172078241181637,
        "RelativeDistance_Exp": Infinity,
        "R2Score_Exp": 0.7963203887144724,
        "Forgetting_Exp": 0.05239073435465502,
        "BWT_Exp": -0.05239073435465502
    },
    "5": {
        "Loss_Exp": 24.77046761267238,
        "RelativeDistance_Exp": Infinity,
        "R2Score_Exp": 0.7632974028587342,
        "Forgetting_Exp": 0.06673218228600242,
        "BWT_Exp": -0.06673218228600242
    },
    "6": {
        "Loss_Exp": 34.725597894726256,
        "RelativeDistance_Exp": Infinity,
        "R2Score_Exp": 0.6958756744861603,
        "Forgetting_Exp": 0.11824250966310501,
        "BWT_Exp": -0.11824250966310501
    },
    "7": {
        "Loss_Exp": 26.48068544169808,
        "RelativeDistance_Exp": Infinity,
        "R2Score_Exp": 0.7980401068925858,
        "Forgetting_Exp": 0.03514668345451355,
        "BWT_Exp": -0.03514668345451355
    },
    "8": {
        "Loss_Exp": 23.587074081447344,
        "RelativeDistance_Exp": Infinity,
        "R2Score_Exp": 0.8094515919685363,
        "Forgetting_Exp": 0.025283300876617454,
        "BWT_Exp": -0.025283300876617454
    },
    "9": {
        "Loss_Exp": 26.067352117247818,
        "RelativeDistance_Exp": Infinity,
        "R2Score_Exp": 0.82375397000994
    },
    "stream": {
        "Loss_Stream/eval_phase/test_stream": 34.520871250688174,
        "RelativeDistance_Stream/eval_phase/test_stream": Infinity,
        "R2Score_Stream/eval_phase/test_stream": 0.745897286468082,
        "Forgetting_Stream/eval_phase/test_stream": {
            "0": 0.3023626446723938,
            "1": 0.16910048723220827,
            "2": 0.1257408708333969,
            "3": 0.07108788192272186,
            "4": 0.05239073435465502,
            "5": 0.06673218228600242,
            "6": 0.11824250966310501,
            "7": 0.03514668345451355,
            "8": 0.025283300876617454
        },
        "BWT_Stream/eval_phase/test_stream": {
            "0": 0.3023626446723938,
            "1": 0.16910048723220827,
            "2": 0.1257408708333969,
            "3": 0.07108788192272186,
            "4": 0.05239073435465502,
            "5": 0.06673218228600242,
            "6": 0.11824250966310501,
            "7": 0.03514668345451355,
            "8": 0.025283300876617454
        }
    }
}