{
    "0": {
        "Loss_Exp": 68.70903015136719,
        "RelativeDistance_Exp": 0.7308008074760437,
        "R2Score_Exp": 0.7681752443313599,
        "Forgetting_Exp": 0.08502650260925293,
        "BWT_Exp": -0.08502650260925293
    },
    "1": {
        "Loss_Exp": 39.21798324584961,
        "RelativeDistance_Exp": 0.7163644433021545,
        "R2Score_Exp": 0.849748969078064,
        "Forgetting_Exp": 0.04669332504272461,
        "BWT_Exp": -0.04669332504272461
    },
    "2": {
        "Loss_Exp": 51.01689910888672,
        "RelativeDistance_Exp": 0.5623806715011597,
        "R2Score_Exp": 0.8077181577682495,
        "Forgetting_Exp": 0.030052661895751953,
        "BWT_Exp": -0.030052661895751953
    },
    "3": {
        "Loss_Exp": 37.33427810668945,
        "RelativeDistance_Exp": 0.49765488505363464,
        "R2Score_Exp": 0.849826455116272,
        "Forgetting_Exp": 0.020697414875030518,
        "BWT_Exp": -0.020697414875030518
    },
    "4": {
        "Loss_Exp": 31.468704223632812,
        "RelativeDistance_Exp": 0.5370414853096008,
        "R2Score_Exp": 0.843568742275238,
        "Forgetting_Exp": 0.053279101848602295,
        "BWT_Exp": -0.053279101848602295
    },
    "5": {
        "Loss_Exp": 37.83432388305664,
        "RelativeDistance_Exp": 0.5317462682723999,
        "R2Score_Exp": 0.805949866771698,
        "Forgetting_Exp": 0.07256895303726196,
        "BWT_Exp": -0.07256895303726196
    },
    "6": {
        "Loss_Exp": 37.821189880371094,
        "RelativeDistance_Exp": 0.4540850520133972,
        "R2Score_Exp": 0.8301880359649658,
        "Forgetting_Exp": 0.037928223609924316,
        "BWT_Exp": -0.037928223609924316
    },
    "7": {
        "Loss_Exp": 31.657577514648438,
        "RelativeDistance_Exp": 0.4204787015914917,
        "R2Score_Exp": 0.8473226428031921,
        "Forgetting_Exp": 0.05735737085342407,
        "BWT_Exp": -0.05735737085342407
    },
    "8": {
        "Loss_Exp": 34.14771270751953,
        "RelativeDistance_Exp": 0.3822719156742096,
        "R2Score_Exp": 0.8675491809844971,
        "Forgetting_Exp": 0.017682135105133057,
        "BWT_Exp": -0.017682135105133057
    },
    "9": {
        "Loss_Exp": 38.61751937866211,
        "RelativeDistance_Exp": 0.5473678708076477,
        "R2Score_Exp": 0.8696842193603516
    },
    "stream": {
        "Loss_Stream/eval_phase/test_stream": 40.66374266792296,
        "RelativeDistance_Stream/eval_phase/test_stream": 0.538019210100174,
        "R2Score_Stream/eval_phase/test_stream": 0.8339731514453887,
        "Forgetting_Stream/eval_phase/test_stream": {
            "0": 0.08502650260925293,
            "1": 0.04669332504272461,
            "2": 0.030052661895751953,
            "3": 0.020697414875030518,
            "4": 0.053279101848602295,
            "5": 0.07256895303726196,
            "6": 0.037928223609924316,
            "7": 0.05735737085342407,
            "8": 0.017682135105133057
        },
        "BWT_Stream/eval_phase/test_stream": {
            "0": 0.08502650260925293,
            "1": 0.04669332504272461,
            "2": 0.030052661895751953,
            "3": 0.020697414875030518,
            "4": 0.053279101848602295,
            "5": 0.07256895303726196,
            "6": 0.037928223609924316,
            "7": 0.05735737085342407,
            "8": 0.017682135105133057
        }
    }
}