{
    "0": {
        "Loss_Exp": 105.96601867675781,
        "RelativeDistance_Exp": 0.9316079616546631,
        "R2Score_Exp": 0.6651595830917358,
        "Forgetting_Exp": 0.17961877584457397,
        "BWT_Exp": -0.17961877584457397
    },
    "1": {
        "Loss_Exp": 64.05815887451172,
        "RelativeDistance_Exp": 0.9204937219619751,
        "R2Score_Exp": 0.7760948538780212,
        "Forgetting_Exp": 0.11564797163009644,
        "BWT_Exp": -0.11564797163009644
    },
    "2": {
        "Loss_Exp": 84.4596939086914,
        "RelativeDistance_Exp": 0.7632619142532349,
        "R2Score_Exp": 0.7256902456283569,
        "Forgetting_Exp": 0.07879555225372314,
        "BWT_Exp": -0.07879555225372314
    },
    "3": {
        "Loss_Exp": 49.223785400390625,
        "RelativeDistance_Exp": 0.661793053150177,
        "R2Score_Exp": 0.8105177879333496,
        "Forgetting_Exp": 0.048461079597473145,
        "BWT_Exp": -0.048461079597473145
    },
    "4": {
        "Loss_Exp": 43.226566314697266,
        "RelativeDistance_Exp": 0.7471596002578735,
        "R2Score_Exp": 0.8020355701446533,
        "Forgetting_Exp": 0.07162189483642578,
        "BWT_Exp": -0.07162189483642578
    },
    "5": {
        "Loss_Exp": 50.183265686035156,
        "RelativeDistance_Exp": 0.6865178346633911,
        "R2Score_Exp": 0.7518064379692078,
        "Forgetting_Exp": 0.08987736701965332,
        "BWT_Exp": -0.08987736701965332
    },
    "6": {
        "Loss_Exp": 54.10417938232422,
        "RelativeDistance_Exp": 0.6042774319648743,
        "R2Score_Exp": 0.7834123373031616,
        "Forgetting_Exp": 0.037771403789520264,
        "BWT_Exp": -0.037771403789520264
    },
    "7": {
        "Loss_Exp": 43.27054977416992,
        "RelativeDistance_Exp": 0.5940620303153992,
        "R2Score_Exp": 0.7852350473403931,
        "Forgetting_Exp": 0.00585627555847168,
        "BWT_Exp": -0.00585627555847168
    },
    "8": {
        "Loss_Exp": 49.909366607666016,
        "RelativeDistance_Exp": 0.5765659213066101,
        "R2Score_Exp": 0.8112876415252686,
        "Forgetting_Exp": -0.01747298240661621,
        "BWT_Exp": 0.01747298240661621
    },
    "9": {
        "Loss_Exp": 45.05941390991211,
        "RelativeDistance_Exp": 0.6453021168708801,
        "R2Score_Exp": 0.8482224941253662
    },
    "stream": {
        "Loss_Stream/eval_phase/test_stream": 58.85766188655965,
        "RelativeDistance_Stream/eval_phase/test_stream": 0.7131041586399078,
        "R2Score_Stream/eval_phase/test_stream": 0.7759461998939514,
        "Forgetting_Stream/eval_phase/test_stream": {
            "0": 0.17961877584457397,
            "1": 0.11564797163009644,
            "2": 0.07879555225372314,
            "3": 0.048461079597473145,
            "4": 0.07162189483642578,
            "5": 0.08987736701965332,
            "6": 0.037771403789520264,
            "7": 0.00585627555847168,
            "8": -0.01747298240661621
        },
        "BWT_Stream/eval_phase/test_stream": {
            "0": 0.17961877584457397,
            "1": 0.11564797163009644,
            "2": 0.07879555225372314,
            "3": 0.048461079597473145,
            "4": 0.07162189483642578,
            "5": 0.08987736701965332,
            "6": 0.037771403789520264,
            "7": 0.00585627555847168,
            "8": -0.01747298240661621
        }
    }
}