{
    "0": {
        "Loss_Exp": 127.40536450837787,
        "RelativeDistance_Exp": 1.4553656578063965,
        "R2Score_Exp": 0.7126227915287018,
        "Forgetting_Exp": 0.16394218802452087,
        "BWT_Exp": -0.16394218802452087
    },
    "1": {
        "Loss_Exp": 73.3004112625323,
        "RelativeDistance_Exp": 1.5766478180885315,
        "R2Score_Exp": 0.7879974246025085,
        "Forgetting_Exp": 0.10362434387207031,
        "BWT_Exp": -0.10362434387207031
    },
    "2": {
        "Loss_Exp": 63.59019566941601,
        "RelativeDistance_Exp": 1.2343331575393677,
        "R2Score_Exp": 0.7954061428705851,
        "Forgetting_Exp": 0.034781138102213616,
        "BWT_Exp": -0.034781138102213616
    },
    "3": {
        "Loss_Exp": 48.77383541411276,
        "RelativeDistance_Exp": 0.9444612264633179,
        "R2Score_Exp": 0.8383418619632721,
        "Forgetting_Exp": 0.02233824133872986,
        "BWT_Exp": -0.02233824133872986
    },
    "4": {
        "Loss_Exp": 46.481617838312296,
        "RelativeDistance_Exp": 1.1333909034729004,
        "R2Score_Exp": 0.8468042761087418,
        "Forgetting_Exp": 0.007663235068321228,
        "BWT_Exp": -0.007663235068321228
    },
    "5": {
        "Loss_Exp": 48.57318845002548,
        "RelativeDistance_Exp": 1.0536309878031414,
        "R2Score_Exp": 0.8106739123662313,
        "Forgetting_Exp": 0.04034425814946485,
        "BWT_Exp": -0.04034425814946485
    },
    "6": {
        "Loss_Exp": 56.9869980110908,
        "RelativeDistance_Exp": 0.9363611539204916,
        "R2Score_Exp": 0.8276852567990621,
        "Forgetting_Exp": 0.012203991413116455,
        "BWT_Exp": -0.012203991413116455
    },
    "7": {
        "Loss_Exp": 39.45427703857422,
        "RelativeDistance_Exp": 1.0654771327972412,
        "R2Score_Exp": 0.8444271087646484,
        "Forgetting_Exp": 0.042705148458480835,
        "BWT_Exp": -0.042705148458480835
    },
    "8": {
        "Loss_Exp": 50.7035975876867,
        "RelativeDistance_Exp": 1.1043827831745148,
        "R2Score_Exp": 0.8354890048503876,
        "Forgetting_Exp": -0.025585442781448364,
        "BWT_Exp": 0.025585442781448364
    },
    "9": {
        "Loss_Exp": 55.64821837761499,
        "RelativeDistance_Exp": 1.1485887169837952,
        "R2Score_Exp": 0.8486519753932953
    },
    "stream": {
        "Loss_Stream/eval_phase/test_stream": 59.98257576909615,
        "RelativeDistance_Stream/eval_phase/test_stream": 1.155454543729623,
        "R2Score_Stream/eval_phase/test_stream": 0.8157977610826492,
        "Forgetting_Stream/eval_phase/test_stream": {
            "0": 0.16394218802452087,
            "1": 0.10362434387207031,
            "2": 0.034781138102213616,
            "3": 0.02233824133872986,
            "4": 0.007663235068321228,
            "5": 0.04034425814946485,
            "6": 0.012203991413116455,
            "7": 0.042705148458480835,
            "8": -0.025585442781448364
        },
        "BWT_Stream/eval_phase/test_stream": {
            "0": 0.16394218802452087,
            "1": 0.10362434387207031,
            "2": 0.034781138102213616,
            "3": 0.02233824133872986,
            "4": 0.007663235068321228,
            "5": 0.04034425814946485,
            "6": 0.012203991413116455,
            "7": 0.042705148458480835,
            "8": -0.025585442781448364
        }
    }
}