{
    "0": {
        "Loss_Exp": 220.1841278076172,
        "RelativeDistance_Exp": 1.124727487564087,
        "R2Score_Exp": 0.19642211496829987,
        "Forgetting_Exp": 0.6980843991041183,
        "BWT_Exp": -0.6980843991041183
    },
    "1": {
        "Loss_Exp": 250.3197784423828,
        "RelativeDistance_Exp": 1.0791900157928467,
        "R2Score_Exp": 0.08964329957962036,
        "Forgetting_Exp": 0.8095107674598694,
        "BWT_Exp": -0.8095107674598694
    },
    "2": {
        "Loss_Exp": 267.45892333984375,
        "RelativeDistance_Exp": 1.4339652061462402,
        "R2Score_Exp": -0.011234015226364136,
        "Forgetting_Exp": 0.9021475613117218,
        "BWT_Exp": -0.9021475613117218
    },
    "3": {
        "Loss_Exp": 239.17918395996094,
        "RelativeDistance_Exp": 1.3994084596633911,
        "R2Score_Exp": 0.01659560203552246,
        "Forgetting_Exp": 0.8740540742874146,
        "BWT_Exp": -0.8740540742874146
    },
    "4": {
        "Loss_Exp": 363.9678039550781,
        "RelativeDistance_Exp": 1.490021824836731,
        "R2Score_Exp": -0.18149329721927643,
        "Forgetting_Exp": 1.0714528113603592,
        "BWT_Exp": -1.0714528113603592
    },
    "5": {
        "Loss_Exp": 244.16339111328125,
        "RelativeDistance_Exp": 1.221431851387024,
        "R2Score_Exp": 0.18223725259304047,
        "Forgetting_Exp": 0.7060914784669876,
        "BWT_Exp": -0.7060914784669876
    },
    "6": {
        "Loss_Exp": 282.86810302734375,
        "RelativeDistance_Exp": 1.8329952955245972,
        "R2Score_Exp": 0.08469480276107788,
        "Forgetting_Exp": 0.8035483956336975,
        "BWT_Exp": -0.8035483956336975
    },
    "7": {
        "Loss_Exp": 245.1774139404297,
        "RelativeDistance_Exp": 0.9925253987312317,
        "R2Score_Exp": 0.15649498999118805,
        "Forgetting_Exp": 0.6828897446393967,
        "BWT_Exp": -0.6828897446393967
    },
    "8": {
        "Loss_Exp": 282.78497314453125,
        "RelativeDistance_Exp": 1.3456593751907349,
        "R2Score_Exp": 0.12077121436595917,
        "Forgetting_Exp": 0.7060458213090897,
        "BWT_Exp": -0.7060458213090897
    },
    "9": {
        "Loss_Exp": 37.13473129272461,
        "RelativeDistance_Exp": 0.8353684544563293,
        "R2Score_Exp": 0.8521698713302612
    },
    "stream": {
        "Loss_Stream/eval_phase/test_stream": 261.13217828321393,
        "RelativeDistance_Stream/eval_phase/test_stream": 1.2755293369293212,
        "R2Score_Stream/eval_phase/test_stream": 0.1506301835179329,
        "Forgetting_Stream/eval_phase/test_stream": {
            "0": 0.6980843991041183,
            "1": 0.8095107674598694,
            "2": 0.9021475613117218,
            "3": 0.8740540742874146,
            "4": 1.0714528113603592,
            "5": 0.7060914784669876,
            "6": 0.8035483956336975,
            "7": 0.6828897446393967,
            "8": 0.7060458213090897
        },
        "BWT_Stream/eval_phase/test_stream": {
            "0": 0.6980843991041183,
            "1": 0.8095107674598694,
            "2": 0.9021475613117218,
            "3": 0.8740540742874146,
            "4": 1.0714528113603592,
            "5": 0.7060914784669876,
            "6": 0.8035483956336975,
            "7": 0.6828897446393967,
            "8": 0.7060458213090897
        }
    }
}