{
    "0": {
        "Loss_Exp": 0.12951714473705753,
        "BinaryAccuracy_Exp": 0.9619140475988388
    },
    "1": {
        "Loss_Exp": 0.1909619435964415,
        "BinaryAccuracy_Exp": 0.9193487912416458
    },
    "2": {
        "Loss_Exp": 0.13006892406006404,
        "BinaryAccuracy_Exp": 0.9485787749290466
    },
    "3": {
        "Loss_Exp": 0.12131718295233078,
        "BinaryAccuracy_Exp": 0.9520375251770019
    },
    "4": {
        "Loss_Exp": 0.08270759195000855,
        "BinaryAccuracy_Exp": 0.9658219644001552
    },
    "5": {
        "Loss_Exp": 0.10586066961499817,
        "BinaryAccuracy_Exp": 0.9588994681835175
    },
    "6": {
        "Loss_Exp": 0.07821678511293655,
        "BinaryAccuracy_Exp": 0.9721091628074646
    },
    "7": {
        "Loss_Exp": 0.08144131302833557,
        "BinaryAccuracy_Exp": 0.9675752917925516
    },
    "8": {
        "Loss_Exp": 0.08731908705078614,
        "BinaryAccuracy_Exp": 0.9706011215845743
    },
    "9": {
        "Loss_Exp": 0.07165126010941397,
        "BinaryAccuracy_Exp": 0.9700805991888046
    },
    "stream": {
        "Loss_Stream/eval_phase/test_stream": 0.10588608709500863,
        "BinaryAccuracy_Stream/eval_phase/test_stream": 0.9586452362330063
    }
}