{
    "0": {
        "Loss_Exp": 119.95863362808673,
        "RelativeDistance_Exp": 1.1181314289569855,
        "R2Score_Exp": 0.7295592427253723,
        "Forgetting_Exp": 0.1504541039466858,
        "BWT_Exp": -0.1504541039466858
    },
    "1": {
        "Loss_Exp": 90.42447801361968,
        "RelativeDistance_Exp": 1.8212185502052307,
        "R2Score_Exp": 0.7358523607254028,
        "Forgetting_Exp": 0.15499994158744812,
        "BWT_Exp": -0.15499994158744812
    },
    "2": {
        "Loss_Exp": 75.96299138108502,
        "RelativeDistance_Exp": 0.8555933038393656,
        "R2Score_Exp": 0.7578948934872946,
        "Forgetting_Exp": 0.07287603616714478,
        "BWT_Exp": -0.07287603616714478
    },
    "3": {
        "Loss_Exp": 51.233583586969,
        "RelativeDistance_Exp": 0.6990208625793457,
        "R2Score_Exp": 0.8304650485515594,
        "Forgetting_Exp": 0.03426697850227356,
        "BWT_Exp": -0.03426697850227356
    },
    "4": {
        "Loss_Exp": 49.572307522159825,
        "RelativeDistance_Exp": 0.955522209405899,
        "R2Score_Exp": 0.8340858221054077,
        "Forgetting_Exp": 0.021935924887657166,
        "BWT_Exp": -0.021935924887657166
    },
    "5": {
        "Loss_Exp": 47.97202649323837,
        "RelativeDistance_Exp": 0.7650631666183472,
        "R2Score_Exp": 0.8127542734146118,
        "Forgetting_Exp": 0.027822931607564327,
        "BWT_Exp": -0.027822931607564327
    },
    "6": {
        "Loss_Exp": 57.72830267831789,
        "RelativeDistance_Exp": 0.822034478187561,
        "R2Score_Exp": 0.8283723791440328,
        "Forgetting_Exp": 0.018681704998016357,
        "BWT_Exp": -0.018681704998016357
    },
    "7": {
        "Loss_Exp": 36.742183685302734,
        "RelativeDistance_Exp": 0.6919202208518982,
        "R2Score_Exp": 0.8551211953163147,
        "Forgetting_Exp": 0.027041643857955933,
        "BWT_Exp": -0.027041643857955933
    },
    "8": {
        "Loss_Exp": 51.559307935180186,
        "RelativeDistance_Exp": 1.3193524479866028,
        "R2Score_Exp": 0.8355841636657715,
        "Forgetting_Exp": -0.028673440217971802,
        "BWT_Exp": 0.028673440217971802
    },
    "9": {
        "Loss_Exp": 55.917639010214394,
        "RelativeDistance_Exp": 0.7733168303966522,
        "R2Score_Exp": 0.8464583158493042
    },
    "stream": {
        "Loss_Stream/eval_phase/test_stream": 63.20119102957627,
        "RelativeDistance_Stream/eval_phase/test_stream": 0.9710067560275396,
        "R2Score_Stream/eval_phase/test_stream": 0.8060153077046076,
        "Forgetting_Stream/eval_phase/test_stream": {
            "0": 0.1504541039466858,
            "1": 0.15499994158744812,
            "2": 0.07287603616714478,
            "3": 0.03426697850227356,
            "4": 0.021935924887657166,
            "5": 0.027822931607564327,
            "6": 0.018681704998016357,
            "7": 0.027041643857955933,
            "8": -0.028673440217971802
        },
        "BWT_Stream/eval_phase/test_stream": {
            "0": 0.1504541039466858,
            "1": 0.15499994158744812,
            "2": 0.07287603616714478,
            "3": 0.03426697850227356,
            "4": 0.021935924887657166,
            "5": 0.027822931607564327,
            "6": 0.018681704998016357,
            "7": 0.027041643857955933,
            "8": -0.028673440217971802
        }
    }
}