{
    "0": {
        "Loss_Exp": 81.35269419991995,
        "RelativeDistance_Exp": 1.007641577720642,
        "R2Score_Exp": 0.629440861940384,
        "Forgetting_Exp": 0.2588344275951385,
        "BWT_Exp": -0.2588344275951385
    },
    "1": {
        "Loss_Exp": 82.15928079016169,
        "RelativeDistance_Exp": 0.9402616222699484,
        "R2Score_Exp": 0.659693968296051,
        "Forgetting_Exp": 0.2410142858823141,
        "BWT_Exp": -0.2410142858823141
    },
    "2": {
        "Loss_Exp": 58.41226618117401,
        "RelativeDistance_Exp": 0.7241244682898889,
        "R2Score_Exp": 0.7512160768875709,
        "Forgetting_Exp": 0.16250320581289446,
        "BWT_Exp": -0.16250320581289446
    },
    "3": {
        "Loss_Exp": 45.181267315191725,
        "RelativeDistance_Exp": 0.7349398930867513,
        "R2Score_Exp": 0.8218017220497131,
        "Forgetting_Exp": 0.12178336249457467,
        "BWT_Exp": -0.12178336249457467
    },
    "4": {
        "Loss_Exp": 51.401769101361694,
        "RelativeDistance_Exp": 0.6730062706129891,
        "R2Score_Exp": 0.7662494097437177,
        "Forgetting_Exp": 0.154241681098938,
        "BWT_Exp": -0.154241681098938
    },
    "5": {
        "Loss_Exp": 44.035092879399194,
        "RelativeDistance_Exp": 0.5863638321558634,
        "R2Score_Exp": 0.8253355125586191,
        "Forgetting_Exp": 0.08154680331548059,
        "BWT_Exp": -0.08154680331548059
    },
    "6": {
        "Loss_Exp": 42.12513249452216,
        "RelativeDistance_Exp": 0.6639139354228973,
        "R2Score_Exp": 0.8370993509888649,
        "Forgetting_Exp": 0.07014185190200806,
        "BWT_Exp": -0.07014185190200806
    },
    "7": {
        "Loss_Exp": 47.040261344090084,
        "RelativeDistance_Exp": 0.5026526525616646,
        "R2Score_Exp": 0.8363383933901787,
        "Forgetting_Exp": 0.06251072138547897,
        "BWT_Exp": -0.06251072138547897
    },
    "8": {
        "Loss_Exp": 27.99478829722166,
        "RelativeDistance_Exp": 0.39741535981496173,
        "R2Score_Exp": 0.9009280602137247,
        "Forgetting_Exp": 0.029061416784922356,
        "BWT_Exp": -0.029061416784922356
    },
    "9": {
        "Loss_Exp": 19.041817189018623,
        "RelativeDistance_Exp": 0.4057537317276001,
        "R2Score_Exp": 0.9221173226833344
    },
    "stream": {
        "Loss_Stream/eval_phase/test_stream": 58.37896879692968,
        "RelativeDistance_Stream/eval_phase/test_stream": 0.7379497576642919,
        "R2Score_Stream/eval_phase/test_stream": 0.7605200292151651,
        "Forgetting_Stream/eval_phase/test_stream": {
            "0": 0.2588344275951385,
            "1": 0.2410142858823141,
            "2": 0.16250320581289446,
            "3": 0.12178336249457467,
            "4": 0.154241681098938,
            "5": 0.08154680331548059,
            "6": 0.07014185190200806,
            "7": 0.06251072138547897,
            "8": 0.029061416784922356
        },
        "BWT_Stream/eval_phase/test_stream": {
            "0": 0.2588344275951385,
            "1": 0.2410142858823141,
            "2": 0.16250320581289446,
            "3": 0.12178336249457467,
            "4": 0.154241681098938,
            "5": 0.08154680331548059,
            "6": 0.07014185190200806,
            "7": 0.06251072138547897,
            "8": 0.029061416784922356
        }
    }
}