{
    "0": {
        "Loss_Exp": 70.47198820767338,
        "RelativeDistance_Exp": 0.7355107963085175,
        "R2Score_Exp": 0.7723889350891113,
        "Forgetting_Exp": 0.0677374005317688,
        "BWT_Exp": -0.0677374005317688
    },
    "1": {
        "Loss_Exp": 36.26454756152408,
        "RelativeDistance_Exp": 0.7211033701896667,
        "R2Score_Exp": 0.864966481924057,
        "Forgetting_Exp": 0.025154411792755127,
        "BWT_Exp": -0.025154411792755127
    },
    "2": {
        "Loss_Exp": 48.714153462867834,
        "RelativeDistance_Exp": 0.5544257760047913,
        "R2Score_Exp": 0.8112704753875732,
        "Forgetting_Exp": 0.022087057431538937,
        "BWT_Exp": -0.022087057431538937
    },
    "3": {
        "Loss_Exp": 35.587664905448314,
        "RelativeDistance_Exp": 0.4477621614933014,
        "R2Score_Exp": 0.8562814593315125,
        "Forgetting_Exp": 0.000512927770614624,
        "BWT_Exp": -0.000512927770614624
    },
    "4": {
        "Loss_Exp": 28.321741121180434,
        "RelativeDistance_Exp": 0.5148173794150352,
        "R2Score_Exp": 0.8545404523611069,
        "Forgetting_Exp": 0.03024396300315857,
        "BWT_Exp": -0.03024396300315857
    },
    "5": {
        "Loss_Exp": 34.10584115662031,
        "RelativeDistance_Exp": 0.48684871196746826,
        "R2Score_Exp": 0.8135709365208944,
        "Forgetting_Exp": 0.05162545045216871,
        "BWT_Exp": -0.05162545045216871
    },
    "6": {
        "Loss_Exp": 37.18957707979124,
        "RelativeDistance_Exp": 0.46198443571726483,
        "R2Score_Exp": 0.8443706035614014,
        "Forgetting_Exp": 0.001623551050821903,
        "BWT_Exp": -0.001623551050821903
    },
    "7": {
        "Loss_Exp": 35.01792224021832,
        "RelativeDistance_Exp": 0.3606678396463394,
        "R2Score_Exp": 0.8799146115779877,
        "Forgetting_Exp": 0.029626131057739258,
        "BWT_Exp": -0.029626131057739258
    },
    "8": {
        "Loss_Exp": 35.56465437120779,
        "RelativeDistance_Exp": 0.45903612673282623,
        "R2Score_Exp": 0.8538682758808136,
        "Forgetting_Exp": 0.01800704002380371,
        "BWT_Exp": -0.01800704002380371
    },
    "9": {
        "Loss_Exp": 41.88833312250093,
        "RelativeDistance_Exp": 0.5461603701114655,
        "R2Score_Exp": 0.8613835275173187
    },
    "stream": {
        "Loss_Stream/eval_phase/test_stream": 39.498641109548565,
        "RelativeDistance_Stream/eval_phase/test_stream": 0.5243811047077179,
        "R2Score_Stream/eval_phase/test_stream": 0.8401361775398254,
        "Forgetting_Stream/eval_phase/test_stream": {
            "0": 0.0677374005317688,
            "1": 0.025154411792755127,
            "2": 0.022087057431538937,
            "3": 0.000512927770614624,
            "4": 0.03024396300315857,
            "5": 0.05162545045216871,
            "6": 0.001623551050821903,
            "7": 0.029626131057739258,
            "8": 0.01800704002380371
        },
        "BWT_Stream/eval_phase/test_stream": {
            "0": 0.0677374005317688,
            "1": 0.025154411792755127,
            "2": 0.022087057431538937,
            "3": 0.000512927770614624,
            "4": 0.03024396300315857,
            "5": 0.05162545045216871,
            "6": 0.001623551050821903,
            "7": 0.029626131057739258,
            "8": 0.01800704002380371
        }
    }
}