{
    "0": {
        "Loss_Exp": 236.7364501953125,
        "RelativeDistance_Exp": 1.0785341262817383,
        "R2Score_Exp": 0.13905878365039825,
        "Forgetting_Exp": 0.7603187412023544,
        "BWT_Exp": -0.7603187412023544
    },
    "1": {
        "Loss_Exp": 259.6249084472656,
        "RelativeDistance_Exp": 1.0211036205291748,
        "R2Score_Exp": 0.058190494775772095,
        "Forgetting_Exp": 0.8355196416378021,
        "BWT_Exp": -0.8355196416378021
    },
    "2": {
        "Loss_Exp": 271.2837829589844,
        "RelativeDistance_Exp": 1.3011062145233154,
        "R2Score_Exp": -0.014441832900047302,
        "Forgetting_Exp": 0.9056852906942368,
        "BWT_Exp": -0.9056852906942368
    },
    "3": {
        "Loss_Exp": 246.6962127685547,
        "RelativeDistance_Exp": 1.2335751056671143,
        "R2Score_Exp": -0.001846417784690857,
        "Forgetting_Exp": 0.8991591781377792,
        "BWT_Exp": -0.8991591781377792
    },
    "4": {
        "Loss_Exp": 352.7346496582031,
        "RelativeDistance_Exp": 1.296127438545227,
        "R2Score_Exp": -0.13422276079654694,
        "Forgetting_Exp": 1.0246992260217667,
        "BWT_Exp": -1.0246992260217667
    },
    "5": {
        "Loss_Exp": 260.00335693359375,
        "RelativeDistance_Exp": 1.122897744178772,
        "R2Score_Exp": 0.1305725872516632,
        "Forgetting_Exp": 0.7560239732265472,
        "BWT_Exp": -0.7560239732265472
    },
    "6": {
        "Loss_Exp": 279.2557678222656,
        "RelativeDistance_Exp": 1.4595762491226196,
        "R2Score_Exp": 0.10696569085121155,
        "Forgetting_Exp": 0.7804656326770782,
        "BWT_Exp": -0.7804656326770782
    },
    "7": {
        "Loss_Exp": 256.733154296875,
        "RelativeDistance_Exp": 0.9398486018180847,
        "R2Score_Exp": 0.10752733051776886,
        "Forgetting_Exp": 0.7263293713331223,
        "BWT_Exp": -0.7263293713331223
    },
    "8": {
        "Loss_Exp": 288.12750244140625,
        "RelativeDistance_Exp": 1.2549940347671509,
        "R2Score_Exp": 0.10158304870128632,
        "Forgetting_Exp": 0.7241916209459305,
        "BWT_Exp": -0.7241916209459305
    },
    "9": {
        "Loss_Exp": 33.75437927246094,
        "RelativeDistance_Exp": 0.7271979451179504,
        "R2Score_Exp": 0.8695485591888428
    },
    "stream": {
        "Loss_Stream/eval_phase/test_stream": 267.6076426614338,
        "RelativeDistance_Stream/eval_phase/test_stream": 1.1434961080551147,
        "R2Score_Stream/eval_phase/test_stream": 0.13629354834556578,
        "Forgetting_Stream/eval_phase/test_stream": {
            "0": 0.7603187412023544,
            "1": 0.8355196416378021,
            "2": 0.9056852906942368,
            "3": 0.8991591781377792,
            "4": 1.0246992260217667,
            "5": 0.7560239732265472,
            "6": 0.7804656326770782,
            "7": 0.7263293713331223,
            "8": 0.7241916209459305
        },
        "BWT_Stream/eval_phase/test_stream": {
            "0": 0.7603187412023544,
            "1": 0.8355196416378021,
            "2": 0.9056852906942368,
            "3": 0.8991591781377792,
            "4": 1.0246992260217667,
            "5": 0.7560239732265472,
            "6": 0.7804656326770782,
            "7": 0.7263293713331223,
            "8": 0.7241916209459305
        }
    }
}