{
    "0": {
        "Loss_Exp": 44.635862207312755,
        "RelativeDistance_Exp": 1.134780180454254,
        "R2Score_Exp": 0.8072112977504731,
        "Forgetting_Exp": 0.04525770545005792,
        "BWT_Exp": -0.04525770545005792
    },
    "1": {
        "Loss_Exp": 48.24839152410426,
        "RelativeDistance_Exp": 1.052182388305664,
        "R2Score_Exp": 0.8035638570785523,
        "Forgetting_Exp": 0.04771490097045894,
        "BWT_Exp": -0.04771490097045894
    },
    "2": {
        "Loss_Exp": 37.8892033718434,
        "RelativeDistance_Exp": 1.0174752794779265,
        "R2Score_Exp": 0.8378145694732666,
        "Forgetting_Exp": 0.03230060522372902,
        "BWT_Exp": -0.03230060522372902
    },
    "3": {
        "Loss_Exp": 30.930376273388763,
        "RelativeDistance_Exp": 1.1182692978117201,
        "R2Score_Exp": 0.875427140129937,
        "Forgetting_Exp": 0.028758976194593666,
        "BWT_Exp": -0.028758976194593666
    },
    "4": {
        "Loss_Exp": 33.57134785880755,
        "RelativeDistance_Exp": 1.0840674894196647,
        "R2Score_Exp": 0.8691125597272601,
        "Forgetting_Exp": 0.010641532284872857,
        "BWT_Exp": -0.010641532284872857
    },
    "5": {
        "Loss_Exp": 33.92029894290814,
        "RelativeDistance_Exp": 0.9506806234518687,
        "R2Score_Exp": 0.8651917775472006,
        "Forgetting_Exp": 0.005591024955113655,
        "BWT_Exp": -0.005591024955113655
    },
    "6": {
        "Loss_Exp": 33.095938225675255,
        "RelativeDistance_Exp": 1.274885654449463,
        "R2Score_Exp": 0.8736809641122818,
        "Forgetting_Exp": 0.012682758271694183,
        "BWT_Exp": -0.012682758271694183
    },
    "7": {
        "Loss_Exp": 42.255690973804214,
        "RelativeDistance_Exp": 0.8864960819482803,
        "R2Score_Exp": 0.8527546972036362,
        "Forgetting_Exp": 0.02066103368997574,
        "BWT_Exp": -0.02066103368997574
    },
    "8": {
        "Loss_Exp": 30.650080988526398,
        "RelativeDistance_Exp": 0.7826109329859415,
        "R2Score_Exp": 0.8888926108678182,
        "Forgetting_Exp": 0.020051300525665283,
        "BWT_Exp": -0.020051300525665283
    },
    "9": {
        "Loss_Exp": 22.32238371134182,
        "RelativeDistance_Exp": 0.7692122459411621,
        "R2Score_Exp": 0.9193814992904663
    },
    "stream": {
        "Loss_Stream/eval_phase/test_stream": 38.751347442324445,
        "RelativeDistance_Stream/eval_phase/test_stream": 1.0480494727323084,
        "R2Score_Stream/eval_phase/test_stream": 0.8455292494208725,
        "Forgetting_Stream/eval_phase/test_stream": {
            "0": 0.04525770545005792,
            "1": 0.04771490097045894,
            "2": 0.03230060522372902,
            "3": 0.028758976194593666,
            "4": 0.010641532284872857,
            "5": 0.005591024955113655,
            "6": 0.012682758271694183,
            "7": 0.02066103368997574,
            "8": 0.020051300525665283
        },
        "BWT_Stream/eval_phase/test_stream": {
            "0": 0.04525770545005792,
            "1": 0.04771490097045894,
            "2": 0.03230060522372902,
            "3": 0.028758976194593666,
            "4": 0.010641532284872857,
            "5": 0.005591024955113655,
            "6": 0.012682758271694183,
            "7": 0.02066103368997574,
            "8": 0.020051300525665283
        }
    }
}