{
    "0": {
        "Loss_Exp": 65.42369842529297,
        "RelativeDistance_Exp": 0.692919135093689,
        "R2Score_Exp": 0.7830621004104614,
        "Forgetting_Exp": 0.07166755199432373,
        "BWT_Exp": -0.07166755199432373
    },
    "1": {
        "Loss_Exp": 38.06355285644531,
        "RelativeDistance_Exp": 0.6637041568756104,
        "R2Score_Exp": 0.8342411518096924,
        "Forgetting_Exp": 0.06551218032836914,
        "BWT_Exp": -0.06551218032836914
    },
    "2": {
        "Loss_Exp": 46.98823547363281,
        "RelativeDistance_Exp": 0.5576432347297668,
        "R2Score_Exp": 0.78993821144104,
        "Forgetting_Exp": 0.05062514543533325,
        "BWT_Exp": -0.05062514543533325
    },
    "3": {
        "Loss_Exp": 32.564205169677734,
        "RelativeDistance_Exp": 0.4615958333015442,
        "R2Score_Exp": 0.8650214076042175,
        "Forgetting_Exp": 0.015940427780151367,
        "BWT_Exp": -0.015940427780151367
    },
    "4": {
        "Loss_Exp": 27.302331924438477,
        "RelativeDistance_Exp": 0.48032093048095703,
        "R2Score_Exp": 0.871876060962677,
        "Forgetting_Exp": 0.04245394468307495,
        "BWT_Exp": -0.04245394468307495
    },
    "5": {
        "Loss_Exp": 31.01553726196289,
        "RelativeDistance_Exp": 0.4952433407306671,
        "R2Score_Exp": 0.8415679335594177,
        "Forgetting_Exp": 0.054882049560546875,
        "BWT_Exp": -0.054882049560546875
    },
    "6": {
        "Loss_Exp": 32.03213119506836,
        "RelativeDistance_Exp": 0.4496738314628601,
        "R2Score_Exp": 0.8513143062591553,
        "Forgetting_Exp": 0.03240710496902466,
        "BWT_Exp": -0.03240710496902466
    },
    "7": {
        "Loss_Exp": 29.437774658203125,
        "RelativeDistance_Exp": 0.4780014753341675,
        "R2Score_Exp": 0.8486567735671997,
        "Forgetting_Exp": 0.04521375894546509,
        "BWT_Exp": -0.04521375894546509
    },
    "8": {
        "Loss_Exp": 35.92970657348633,
        "RelativeDistance_Exp": 0.4191342294216156,
        "R2Score_Exp": 0.8574134111404419,
        "Forgetting_Exp": 0.028246045112609863,
        "BWT_Exp": -0.028246045112609863
    },
    "9": {
        "Loss_Exp": 39.54269027709961,
        "RelativeDistance_Exp": 0.5878328680992126,
        "R2Score_Exp": 0.8658931851387024
    },
    "stream": {
        "Loss_Stream/eval_phase/test_stream": 37.151365866880674,
        "RelativeDistance_Stream/eval_phase/test_stream": 0.528606903553009,
        "R2Score_Stream/eval_phase/test_stream": 0.8408984541893005,
        "Forgetting_Stream/eval_phase/test_stream": {
            "0": 0.07166755199432373,
            "1": 0.06551218032836914,
            "2": 0.05062514543533325,
            "3": 0.015940427780151367,
            "4": 0.04245394468307495,
            "5": 0.054882049560546875,
            "6": 0.03240710496902466,
            "7": 0.04521375894546509,
            "8": 0.028246045112609863
        },
        "BWT_Stream/eval_phase/test_stream": {
            "0": 0.07166755199432373,
            "1": 0.06551218032836914,
            "2": 0.05062514543533325,
            "3": 0.015940427780151367,
            "4": 0.04245394468307495,
            "5": 0.054882049560546875,
            "6": 0.03240710496902466,
            "7": 0.04521375894546509,
            "8": 0.028246045112609863
        }
    }
}