{
    "0": {
        "Loss_Exp": 45.62870958596156,
        "RelativeDistance_Exp": 0.9132148146629333,
        "R2Score_Exp": 0.8085508584976197,
        "Forgetting_Exp": 0.08047797679901125,
        "BWT_Exp": -0.08047797679901125
    },
    "1": {
        "Loss_Exp": 47.58701085177102,
        "RelativeDistance_Exp": 0.7783474167188008,
        "R2Score_Exp": 0.8023160179456075,
        "Forgetting_Exp": 0.08382736444473271,
        "BWT_Exp": -0.08382736444473271
    },
    "2": {
        "Loss_Exp": 34.61625482588947,
        "RelativeDistance_Exp": 0.715891971037938,
        "R2Score_Exp": 0.852279543876648,
        "Forgetting_Exp": 0.04440172360493588,
        "BWT_Exp": -0.04440172360493588
    },
    "3": {
        "Loss_Exp": 25.08788259904786,
        "RelativeDistance_Exp": 0.7706135776307848,
        "R2Score_Exp": 0.8985578682687547,
        "Forgetting_Exp": 0.02910096115536165,
        "BWT_Exp": -0.02910096115536165
    },
    "4": {
        "Loss_Exp": 27.068549933409834,
        "RelativeDistance_Exp": 0.673735499382019,
        "R2Score_Exp": 0.8921672786985125,
        "Forgetting_Exp": 0.010910247053418809,
        "BWT_Exp": -0.010910247053418809
    },
    "5": {
        "Loss_Exp": 30.061036720740233,
        "RelativeDistance_Exp": 0.6262216170628866,
        "R2Score_Exp": 0.8804603318373362,
        "Forgetting_Exp": 0.009138117233912224,
        "BWT_Exp": -0.009138117233912224
    },
    "6": {
        "Loss_Exp": 28.051752308329476,
        "RelativeDistance_Exp": 0.8016074225306511,
        "R2Score_Exp": 0.8903446868062019,
        "Forgetting_Exp": 0.009402669966220856,
        "BWT_Exp": -0.009402669966220856
    },
    "7": {
        "Loss_Exp": 37.31988837870042,
        "RelativeDistance_Exp": 0.5480609908699989,
        "R2Score_Exp": 0.8730171397328377,
        "Forgetting_Exp": 0.015475369989871979,
        "BWT_Exp": -0.015475369989871979
    },
    "8": {
        "Loss_Exp": 25.64719706163761,
        "RelativeDistance_Exp": 0.5043317476908366,
        "R2Score_Exp": 0.9019216696421305,
        "Forgetting_Exp": 0.012105544408162472,
        "BWT_Exp": -0.012105544408162472
    },
    "9": {
        "Loss_Exp": 21.132277112377427,
        "RelativeDistance_Exp": 0.47930024564266205,
        "R2Score_Exp": 0.9207281470298767
    },
    "stream": {
        "Loss_Stream/eval_phase/test_stream": 35.55883788520173,
        "RelativeDistance_Stream/eval_phase/test_stream": 0.7258259069036554,
        "R2Score_Stream/eval_phase/test_stream": 0.8576413900763901,
        "Forgetting_Stream/eval_phase/test_stream": {
            "0": 0.08047797679901125,
            "1": 0.08382736444473271,
            "2": 0.04440172360493588,
            "3": 0.02910096115536165,
            "4": 0.010910247053418809,
            "5": 0.009138117233912224,
            "6": 0.009402669966220856,
            "7": 0.015475369989871979,
            "8": 0.012105544408162472
        },
        "BWT_Stream/eval_phase/test_stream": {
            "0": 0.08047797679901125,
            "1": 0.08382736444473271,
            "2": 0.04440172360493588,
            "3": 0.02910096115536165,
            "4": 0.010910247053418809,
            "5": 0.009138117233912224,
            "6": 0.009402669966220856,
            "7": 0.015475369989871979,
            "8": 0.012105544408162472
        }
    }
}