{
    "0": {
        "Loss_Exp": 107.38930528893319,
        "RelativeDistance_Exp": 0.9922272861003876,
        "R2Score_Exp": 0.6534244120121002,
        "Forgetting_Exp": 0.19358649849891663,
        "BWT_Exp": -0.19358649849891663
    },
    "1": {
        "Loss_Exp": 54.39425228533757,
        "RelativeDistance_Exp": 0.9838478863239288,
        "R2Score_Exp": 0.8034586608409882,
        "Forgetting_Exp": 0.09356456995010376,
        "BWT_Exp": -0.09356456995010376
    },
    "2": {
        "Loss_Exp": 59.3271374870916,
        "RelativeDistance_Exp": 0.7259385784467062,
        "R2Score_Exp": 0.779229740301768,
        "Forgetting_Exp": 0.06067758798599243,
        "BWT_Exp": -0.06067758798599243
    },
    "3": {
        "Loss_Exp": 42.78541894218092,
        "RelativeDistance_Exp": 0.6445812284946442,
        "R2Score_Exp": 0.8403487503528595,
        "Forgetting_Exp": 0.03991764783859253,
        "BWT_Exp": -0.03991764783859253
    },
    "4": {
        "Loss_Exp": 33.380872262669186,
        "RelativeDistance_Exp": 0.6725837886333466,
        "R2Score_Exp": 0.8432997465133667,
        "Forgetting_Exp": 0.06302136182785034,
        "BWT_Exp": -0.06302136182785034
    },
    "5": {
        "Loss_Exp": 37.800141481745165,
        "RelativeDistance_Exp": 0.6444032390912374,
        "R2Score_Exp": 0.8194109400113424,
        "Forgetting_Exp": 0.06892454624176025,
        "BWT_Exp": -0.06892454624176025
    },
    "6": {
        "Loss_Exp": 44.64742170375028,
        "RelativeDistance_Exp": 0.6819555958112081,
        "R2Score_Exp": 0.8227029045422872,
        "Forgetting_Exp": 0.018118878205617195,
        "BWT_Exp": -0.018118878205617195
    },
    "7": {
        "Loss_Exp": 34.118782430179664,
        "RelativeDistance_Exp": 0.5272812694311142,
        "R2Score_Exp": 0.8761883080005646,
        "Forgetting_Exp": 0.041742950677871704,
        "BWT_Exp": -0.041742950677871704
    },
    "8": {
        "Loss_Exp": 35.72550151191162,
        "RelativeDistance_Exp": 0.5045522153377533,
        "R2Score_Exp": 0.8645186424255371,
        "Forgetting_Exp": 0.016142159700393677,
        "BWT_Exp": -0.016142159700393677
    },
    "9": {
        "Loss_Exp": 40.20164204892206,
        "RelativeDistance_Exp": 0.6280766427516937,
        "R2Score_Exp": 0.8658859729766846
    },
    "stream": {
        "Loss_Stream/eval_phase/test_stream": 48.19798379966777,
        "RelativeDistance_Stream/eval_phase/test_stream": 0.6963344180583954,
        "R2Score_Stream/eval_phase/test_stream": 0.8177951693534851,
        "Forgetting_Stream/eval_phase/test_stream": {
            "0": 0.19358649849891663,
            "1": 0.09356456995010376,
            "2": 0.06067758798599243,
            "3": 0.03991764783859253,
            "4": 0.06302136182785034,
            "5": 0.06892454624176025,
            "6": 0.018118878205617195,
            "7": 0.041742950677871704,
            "8": 0.016142159700393677
        },
        "BWT_Stream/eval_phase/test_stream": {
            "0": 0.19358649849891663,
            "1": 0.09356456995010376,
            "2": 0.06067758798599243,
            "3": 0.03991764783859253,
            "4": 0.06302136182785034,
            "5": 0.06892454624176025,
            "6": 0.018118878205617195,
            "7": 0.041742950677871704,
            "8": 0.016142159700393677
        }
    }
}