{
    "0": {
        "Loss_Exp": 48.982601065005895,
        "RelativeDistance_Exp": 0.8065819084644318,
        "R2Score_Exp": 0.7913959801197052,
        "Forgetting_Exp": 0.09487695097923277,
        "BWT_Exp": -0.09487695097923277
    },
    "1": {
        "Loss_Exp": 45.22077029654263,
        "RelativeDistance_Exp": 0.7170453349749247,
        "R2Score_Exp": 0.8125116507212321,
        "Forgetting_Exp": 0.07858221530914311,
        "BWT_Exp": -0.07858221530914311
    },
    "2": {
        "Loss_Exp": 32.883766054125225,
        "RelativeDistance_Exp": 0.686798421236185,
        "R2Score_Exp": 0.8595971190012418,
        "Forgetting_Exp": 0.031227987546187164,
        "BWT_Exp": -0.031227987546187164
    },
    "3": {
        "Loss_Exp": 23.3498847633409,
        "RelativeDistance_Exp": 0.7174469894833035,
        "R2Score_Exp": 0.9046926630867852,
        "Forgetting_Exp": 0.018075333701239704,
        "BWT_Exp": -0.018075333701239704
    },
    "4": {
        "Loss_Exp": 24.26094190252884,
        "RelativeDistance_Exp": 0.6874347840036664,
        "R2Score_Exp": 0.9076629791940961,
        "Forgetting_Exp": -0.0108351792607988,
        "BWT_Exp": 0.0108351792607988
    },
    "5": {
        "Loss_Exp": 28.156618809409792,
        "RelativeDistance_Exp": 0.6358248889446259,
        "R2Score_Exp": 0.8866909146308899,
        "Forgetting_Exp": -0.0018350382645925256,
        "BWT_Exp": 0.0018350382645925256
    },
    "6": {
        "Loss_Exp": 27.378680237169515,
        "RelativeDistance_Exp": 0.774421364068985,
        "R2Score_Exp": 0.8935546949505806,
        "Forgetting_Exp": 0.0017039775848388672,
        "BWT_Exp": -0.0017039775848388672
    },
    "7": {
        "Loss_Exp": 36.52930078151144,
        "RelativeDistance_Exp": 0.5632498040795326,
        "R2Score_Exp": 0.8717599287629128,
        "Forgetting_Exp": 0.016060352325439453,
        "BWT_Exp": -0.016060352325439453
    },
    "8": {
        "Loss_Exp": 27.13931425846515,
        "RelativeDistance_Exp": 0.5014008581638336,
        "R2Score_Exp": 0.8941125671068827,
        "Forgetting_Exp": 0.016186197598775265,
        "BWT_Exp": -0.016186197598775265
    },
    "9": {
        "Loss_Exp": 20.635322153662727,
        "RelativeDistance_Exp": 0.49789974093437195,
        "R2Score_Exp": 0.9231371879577637
    },
    "stream": {
        "Loss_Stream/eval_phase/test_stream": 34.54913297677827,
        "RelativeDistance_Stream/eval_phase/test_stream": 0.6917934038756807,
        "R2Score_Stream/eval_phase/test_stream": 0.8610314380975417,
        "Forgetting_Stream/eval_phase/test_stream": {
            "0": 0.09487695097923277,
            "1": 0.07858221530914311,
            "2": 0.031227987546187164,
            "3": 0.018075333701239704,
            "4": -0.0108351792607988,
            "5": -0.0018350382645925256,
            "6": 0.0017039775848388672,
            "7": 0.016060352325439453,
            "8": 0.016186197598775265
        },
        "BWT_Stream/eval_phase/test_stream": {
            "0": 0.09487695097923277,
            "1": 0.07858221530914311,
            "2": 0.031227987546187164,
            "3": 0.018075333701239704,
            "4": -0.0108351792607988,
            "5": -0.0018350382645925256,
            "6": 0.0017039775848388672,
            "7": 0.016060352325439453,
            "8": 0.016186197598775265
        }
    }
}