{
    "0": {
        "Loss_Exp": 44.290252685546875,
        "RelativeDistance_Exp": 0.7513771057128906,
        "R2Score_Exp": 0.8190405368804932,
        "Forgetting_Exp": 0.07803189754486084,
        "BWT_Exp": -0.07803189754486084
    },
    "1": {
        "Loss_Exp": 52.60366439819336,
        "RelativeDistance_Exp": 0.7982233166694641,
        "R2Score_Exp": 0.7833483219146729,
        "Forgetting_Exp": 0.11381393671035767,
        "BWT_Exp": -0.11381393671035767
    },
    "2": {
        "Loss_Exp": 54.29340744018555,
        "RelativeDistance_Exp": 0.8787140846252441,
        "R2Score_Exp": 0.7742102146148682,
        "Forgetting_Exp": 0.12778723239898682,
        "BWT_Exp": -0.12778723239898682
    },
    "3": {
        "Loss_Exp": 52.42247772216797,
        "RelativeDistance_Exp": 0.7888844609260559,
        "R2Score_Exp": 0.7734180688858032,
        "Forgetting_Exp": 0.12567996978759766,
        "BWT_Exp": -0.12567996978759766
    },
    "4": {
        "Loss_Exp": 56.61454391479492,
        "RelativeDistance_Exp": 0.9263750314712524,
        "R2Score_Exp": 0.7972127199172974,
        "Forgetting_Exp": 0.09326070547103882,
        "BWT_Exp": -0.09326070547103882
    },
    "5": {
        "Loss_Exp": 48.91596984863281,
        "RelativeDistance_Exp": 0.860773503780365,
        "R2Score_Exp": 0.8172781467437744,
        "Forgetting_Exp": 0.07454824447631836,
        "BWT_Exp": -0.07454824447631836
    },
    "6": {
        "Loss_Exp": 43.62969970703125,
        "RelativeDistance_Exp": 0.6667346358299255,
        "R2Score_Exp": 0.8350651860237122,
        "Forgetting_Exp": 0.054968833923339844,
        "BWT_Exp": -0.054968833923339844
    },
    "7": {
        "Loss_Exp": 42.18620300292969,
        "RelativeDistance_Exp": 0.7462964057922363,
        "R2Score_Exp": 0.8349766731262207,
        "Forgetting_Exp": 0.02156013250350952,
        "BWT_Exp": -0.02156013250350952
    },
    "8": {
        "Loss_Exp": 45.202083587646484,
        "RelativeDistance_Exp": 0.5269063115119934,
        "R2Score_Exp": 0.8404564261436462,
        "Forgetting_Exp": 0.05707716941833496,
        "BWT_Exp": -0.05707716941833496
    },
    "9": {
        "Loss_Exp": 19.329429626464844,
        "RelativeDistance_Exp": 0.7888664603233337,
        "R2Score_Exp": 0.9279520511627197
    },
    "stream": {
        "Loss_Stream/eval_phase/test_stream": 50.68020120923552,
        "RelativeDistance_Stream/eval_phase/test_stream": 0.7733151316642761,
        "R2Score_Stream/eval_phase/test_stream": 0.8202958345413208,
        "Forgetting_Stream/eval_phase/test_stream": {
            "0": 0.07803189754486084,
            "1": 0.11381393671035767,
            "2": 0.12778723239898682,
            "3": 0.12567996978759766,
            "4": 0.09326070547103882,
            "5": 0.07454824447631836,
            "6": 0.054968833923339844,
            "7": 0.02156013250350952,
            "8": 0.05707716941833496
        },
        "BWT_Stream/eval_phase/test_stream": {
            "0": 0.07803189754486084,
            "1": 0.11381393671035767,
            "2": 0.12778723239898682,
            "3": 0.12567996978759766,
            "4": 0.09326070547103882,
            "5": 0.07454824447631836,
            "6": 0.054968833923339844,
            "7": 0.02156013250350952,
            "8": 0.05707716941833496
        }
    }
}