{
    "0": {
        "Loss_Exp": 151.20552280716032,
        "RelativeDistance_Exp": 1.3115140795707703,
        "R2Score_Exp": 0.6590596735477448,
        "Forgetting_Exp": 0.19564121961593628,
        "BWT_Exp": -0.19564121961593628
    },
    "1": {
        "Loss_Exp": 85.94233864316695,
        "RelativeDistance_Exp": 1.8046042323112488,
        "R2Score_Exp": 0.7509416043758392,
        "Forgetting_Exp": 0.15498948097229004,
        "BWT_Exp": -0.15498948097229004
    },
    "2": {
        "Loss_Exp": 69.0831669823889,
        "RelativeDistance_Exp": 0.9164098302523295,
        "R2Score_Exp": 0.7763110200564066,
        "Forgetting_Exp": 0.04794500271479296,
        "BWT_Exp": -0.04794500271479296
    },
    "3": {
        "Loss_Exp": 60.4528617704913,
        "RelativeDistance_Exp": 0.7672272622585297,
        "R2Score_Exp": 0.8015733957290649,
        "Forgetting_Exp": 0.04801452159881592,
        "BWT_Exp": -0.04801452159881592
    },
    "4": {
        "Loss_Exp": 49.72973454334556,
        "RelativeDistance_Exp": 0.9743823260068893,
        "R2Score_Exp": 0.8348604291677475,
        "Forgetting_Exp": 0.02488894760608673,
        "BWT_Exp": -0.02488894760608673
    },
    "5": {
        "Loss_Exp": 48.954731153405234,
        "RelativeDistance_Exp": 0.7913256684939066,
        "R2Score_Exp": 0.8084629972775778,
        "Forgetting_Exp": 0.02078644434610999,
        "BWT_Exp": -0.02078644434610999
    },
    "6": {
        "Loss_Exp": 68.73980823634082,
        "RelativeDistance_Exp": 0.7668838103612264,
        "R2Score_Exp": 0.7912266453107198,
        "Forgetting_Exp": 0.05568220218022657,
        "BWT_Exp": -0.05568220218022657
    },
    "7": {
        "Loss_Exp": 40.234580993652344,
        "RelativeDistance_Exp": 0.7353569865226746,
        "R2Score_Exp": 0.841350257396698,
        "Forgetting_Exp": 0.022400587797164917,
        "BWT_Exp": -0.022400587797164917
    },
    "8": {
        "Loss_Exp": 55.49636841415894,
        "RelativeDistance_Exp": 1.0523930191993713,
        "R2Score_Exp": 0.8152931332588196,
        "Forgetting_Exp": -0.023271799087524414,
        "BWT_Exp": 0.023271799087524414
    },
    "9": {
        "Loss_Exp": 57.86471253323417,
        "RelativeDistance_Exp": 0.8468732237815857,
        "R2Score_Exp": 0.8412916660308838
    },
    "stream": {
        "Loss_Stream/eval_phase/test_stream": 67.20074486377486,
        "RelativeDistance_Stream/eval_phase/test_stream": 0.984248660504818,
        "R2Score_Stream/eval_phase/test_stream": 0.7935463711619377,
        "Forgetting_Stream/eval_phase/test_stream": {
            "0": 0.19564121961593628,
            "1": 0.15498948097229004,
            "2": 0.04794500271479296,
            "3": 0.04801452159881592,
            "4": 0.02488894760608673,
            "5": 0.02078644434610999,
            "6": 0.05568220218022657,
            "7": 0.022400587797164917,
            "8": -0.023271799087524414
        },
        "BWT_Stream/eval_phase/test_stream": {
            "0": 0.19564121961593628,
            "1": 0.15498948097229004,
            "2": 0.04794500271479296,
            "3": 0.04801452159881592,
            "4": 0.02488894760608673,
            "5": 0.02078644434610999,
            "6": 0.05568220218022657,
            "7": 0.022400587797164917,
            "8": -0.023271799087524414
        }
    }
}