{
    "0": {
        "Loss_Exp": 70.22770429567221,
        "RelativeDistance_Exp": 1.1901610016822814,
        "R2Score_Exp": 0.7124067366123199,
        "Forgetting_Exp": 0.12414878010749819,
        "BWT_Exp": -0.12414878010749819
    },
    "1": {
        "Loss_Exp": 79.98246094409463,
        "RelativeDistance_Exp": 1.1564707159996033,
        "R2Score_Exp": 0.7021648804346721,
        "Forgetting_Exp": 0.14160709778467806,
        "BWT_Exp": -0.14160709778467806
    },
    "2": {
        "Loss_Exp": 51.302971463087125,
        "RelativeDistance_Exp": 0.8995640690510089,
        "R2Score_Exp": 0.7999568398182209,
        "Forgetting_Exp": 0.07081562739152181,
        "BWT_Exp": -0.07081562739152181
    },
    "3": {
        "Loss_Exp": 37.97839780510856,
        "RelativeDistance_Exp": 0.9059723549418979,
        "R2Score_Exp": 0.8617829349305894,
        "Forgetting_Exp": 0.04791220691468978,
        "BWT_Exp": -0.04791220691468978
    },
    "4": {
        "Loss_Exp": 46.377952118494846,
        "RelativeDistance_Exp": 0.8450621707098824,
        "R2Score_Exp": 0.8339296494211469,
        "Forgetting_Exp": 0.04807292563574661,
        "BWT_Exp": -0.04807292563574661
    },
    "5": {
        "Loss_Exp": 45.95021595397512,
        "RelativeDistance_Exp": 0.7075415154298147,
        "R2Score_Exp": 0.8332730929056803,
        "Forgetting_Exp": 0.039072106281916374,
        "BWT_Exp": -0.039072106281916374
    },
    "6": {
        "Loss_Exp": 39.257682768362955,
        "RelativeDistance_Exp": 0.8659585565328598,
        "R2Score_Exp": 0.8594042658805847,
        "Forgetting_Exp": 0.029301077127456665,
        "BWT_Exp": -0.029301077127456665
    },
    "7": {
        "Loss_Exp": 48.05465886435302,
        "RelativeDistance_Exp": 0.6750025004148483,
        "R2Score_Exp": 0.8390197977423668,
        "Forgetting_Exp": 0.03972354531288147,
        "BWT_Exp": -0.03972354531288147
    },
    "8": {
        "Loss_Exp": 34.85440832368274,
        "RelativeDistance_Exp": 0.5690695544083914,
        "R2Score_Exp": 0.8752377231915792,
        "Forgetting_Exp": 0.04027760028839111,
        "BWT_Exp": -0.04027760028839111
    },
    "9": {
        "Loss_Exp": 22.94546941645361,
        "RelativeDistance_Exp": 0.5801490545272827,
        "R2Score_Exp": 0.9168819487094879
    },
    "stream": {
        "Loss_Stream/eval_phase/test_stream": 54.400658692065996,
        "RelativeDistance_Stream/eval_phase/test_stream": 0.9191683254860066,
        "R2Score_Stream/eval_phase/test_stream": 0.798716562765616,
        "Forgetting_Stream/eval_phase/test_stream": {
            "0": 0.12414878010749819,
            "1": 0.14160709778467806,
            "2": 0.07081562739152181,
            "3": 0.04791220691468978,
            "4": 0.04807292563574661,
            "5": 0.039072106281916374,
            "6": 0.029301077127456665,
            "7": 0.03972354531288147,
            "8": 0.04027760028839111
        },
        "BWT_Stream/eval_phase/test_stream": {
            "0": 0.12414878010749819,
            "1": 0.14160709778467806,
            "2": 0.07081562739152181,
            "3": 0.04791220691468978,
            "4": 0.04807292563574661,
            "5": 0.039072106281916374,
            "6": 0.029301077127456665,
            "7": 0.03972354531288147,
            "8": 0.04027760028839111
        }
    }
}