{
    "0": {
        "Loss_Exp": 48.73577162864573,
        "RelativeDistance_Exp": 1.1072145640850066,
        "R2Score_Exp": 0.778691416978836,
        "Forgetting_Exp": 0.07085686922073364,
        "BWT_Exp": -0.07085686922073364
    },
    "1": {
        "Loss_Exp": 56.95429542622913,
        "RelativeDistance_Exp": 1.0487762649854024,
        "R2Score_Exp": 0.7680669705073039,
        "Forgetting_Exp": 0.07968936761220291,
        "BWT_Exp": -0.07968936761220291
    },
    "2": {
        "Loss_Exp": 42.667550104897,
        "RelativeDistance_Exp": 0.9919912219047546,
        "R2Score_Exp": 0.8160947928061852,
        "Forgetting_Exp": 0.0507202790333674,
        "BWT_Exp": -0.0507202790333674
    },
    "3": {
        "Loss_Exp": 33.455122998764686,
        "RelativeDistance_Exp": 1.124192734559377,
        "R2Score_Exp": 0.8636821243498061,
        "Forgetting_Exp": 0.039066625965966106,
        "BWT_Exp": -0.039066625965966106
    },
    "4": {
        "Loss_Exp": 40.90941048647055,
        "RelativeDistance_Exp": 1.0363755907331194,
        "R2Score_Exp": 0.8393447058541434,
        "Forgetting_Exp": 0.0382106644766671,
        "BWT_Exp": -0.0382106644766671
    },
    "5": {
        "Loss_Exp": 36.08518794029379,
        "RelativeDistance_Exp": 0.9297442336877187,
        "R2Score_Exp": 0.8594637314478556,
        "Forgetting_Exp": 0.008687456448872921,
        "BWT_Exp": -0.008687456448872921
    },
    "6": {
        "Loss_Exp": 33.41515772099685,
        "RelativeDistance_Exp": 1.2499123439192772,
        "R2Score_Exp": 0.8728267773985863,
        "Forgetting_Exp": 0.0130084827542305,
        "BWT_Exp": -0.0130084827542305
    },
    "7": {
        "Loss_Exp": 42.54392157879607,
        "RelativeDistance_Exp": 0.857997439801693,
        "R2Score_Exp": 0.8516778349876404,
        "Forgetting_Exp": 0.02158524841070175,
        "BWT_Exp": -0.02158524841070175
    },
    "8": {
        "Loss_Exp": 29.581632319148827,
        "RelativeDistance_Exp": 0.7962150375048319,
        "R2Score_Exp": 0.8919656276702881,
        "Forgetting_Exp": 0.02088862657546997,
        "BWT_Exp": -0.02088862657546997
    },
    "9": {
        "Loss_Exp": 23.212796515027996,
        "RelativeDistance_Exp": 0.7636830806732178,
        "R2Score_Exp": 0.9148052334785461
    },
    "stream": {
        "Loss_Stream/eval_phase/test_stream": 42.82714650699053,
        "RelativeDistance_Stream/eval_phase/test_stream": 1.0299974591643721,
        "R2Score_Stream/eval_phase/test_stream": 0.8274571571821048,
        "Forgetting_Stream/eval_phase/test_stream": {
            "0": 0.07085686922073364,
            "1": 0.07968936761220291,
            "2": 0.0507202790333674,
            "3": 0.039066625965966106,
            "4": 0.0382106644766671,
            "5": 0.008687456448872921,
            "6": 0.0130084827542305,
            "7": 0.02158524841070175,
            "8": 0.02088862657546997
        },
        "BWT_Stream/eval_phase/test_stream": {
            "0": 0.07085686922073364,
            "1": 0.07968936761220291,
            "2": 0.0507202790333674,
            "3": 0.039066625965966106,
            "4": 0.0382106644766671,
            "5": 0.008687456448872921,
            "6": 0.0130084827542305,
            "7": 0.02158524841070175,
            "8": 0.02088862657546997
        }
    }
}