{
    "0": {
        "Loss_Exp": 49.57579806665704,
        "RelativeDistance_Exp": 1.0975869417190551,
        "R2Score_Exp": 0.7756951749324799,
        "Forgetting_Exp": 0.07490429282188416,
        "BWT_Exp": -0.07490429282188416
    },
    "1": {
        "Loss_Exp": 56.22717953605081,
        "RelativeDistance_Exp": 1.0624035954475404,
        "R2Score_Exp": 0.7669878085454305,
        "Forgetting_Exp": 0.029415698846181226,
        "BWT_Exp": -0.029415698846181226
    },
    "2": {
        "Loss_Exp": 42.45953101501709,
        "RelativeDistance_Exp": 0.939603314949916,
        "R2Score_Exp": 0.820118940793551,
        "Forgetting_Exp": 0.0035197643133310086,
        "BWT_Exp": -0.0035197643133310086
    },
    "3": {
        "Loss_Exp": 38.518464931959365,
        "RelativeDistance_Exp": 0.9415854414304098,
        "R2Score_Exp": 0.8477886054250929,
        "Forgetting_Exp": 0.002542780505286335,
        "BWT_Exp": -0.002542780505286335
    },
    "4": {
        "Loss_Exp": 43.43426279175333,
        "RelativeDistance_Exp": 0.8675401040485927,
        "R2Score_Exp": 0.8341283627918789,
        "Forgetting_Exp": -0.012819451945168647,
        "BWT_Exp": 0.012819451945168647
    },
    "5": {
        "Loss_Exp": 40.66292904256999,
        "RelativeDistance_Exp": 0.7589659591515859,
        "R2Score_Exp": 0.8463478287061056,
        "Forgetting_Exp": -0.008234093586603874,
        "BWT_Exp": 0.008234093586603874
    },
    "6": {
        "Loss_Exp": 38.817437116058514,
        "RelativeDistance_Exp": 0.9177803546190262,
        "R2Score_Exp": 0.8549406975507736,
        "Forgetting_Exp": 0.0005824863910675049,
        "BWT_Exp": -0.0005824863910675049
    },
    "7": {
        "Loss_Exp": 52.1354477389338,
        "RelativeDistance_Exp": 0.711710587143898,
        "R2Score_Exp": 0.8189137056469917,
        "Forgetting_Exp": 0.007075473666191101,
        "BWT_Exp": -0.007075473666191101
    },
    "8": {
        "Loss_Exp": 41.7435396885095,
        "RelativeDistance_Exp": 0.7501667936642965,
        "R2Score_Exp": 0.854769229888916,
        "Forgetting_Exp": 0.040920257568359375,
        "BWT_Exp": -0.040920257568359375
    },
    "9": {
        "Loss_Exp": 29.869367989420702,
        "RelativeDistance_Exp": 0.6388660967350006,
        "R2Score_Exp": 0.8970826268196106
    },
    "stream": {
        "Loss_Stream/eval_phase/test_stream": 45.833557503385435,
        "RelativeDistance_Stream/eval_phase/test_stream": 0.9233552099745951,
        "R2Score_Stream/eval_phase/test_stream": 0.81752723749773,
        "Forgetting_Stream/eval_phase/test_stream": {
            "0": 0.07490429282188416,
            "1": 0.029415698846181226,
            "2": 0.0035197643133310086,
            "3": 0.002542780505286335,
            "4": -0.012819451945168647,
            "5": -0.008234093586603874,
            "6": 0.0005824863910675049,
            "7": 0.007075473666191101,
            "8": 0.040920257568359375
        },
        "BWT_Stream/eval_phase/test_stream": {
            "0": 0.07490429282188416,
            "1": 0.029415698846181226,
            "2": 0.0035197643133310086,
            "3": 0.002542780505286335,
            "4": -0.012819451945168647,
            "5": -0.008234093586603874,
            "6": 0.0005824863910675049,
            "7": 0.007075473666191101,
            "8": 0.040920257568359375
        }
    }
}