{
    "0": {
        "Loss_Exp": 64.10594468346682,
        "RelativeDistance_Exp": 1.3969505190849305,
        "R2Score_Exp": 0.7293793797492981,
        "Forgetting_Exp": 0.11763665676116941,
        "BWT_Exp": -0.11763665676116941
    },
    "1": {
        "Loss_Exp": 73.03715058786182,
        "RelativeDistance_Exp": 1.4637450536092123,
        "R2Score_Exp": 0.7212438305219014,
        "Forgetting_Exp": 0.13591227134068806,
        "BWT_Exp": -0.13591227134068806
    },
    "2": {
        "Loss_Exp": 48.67829681207351,
        "RelativeDistance_Exp": 1.1837440591592054,
        "R2Score_Exp": 0.7962295367167547,
        "Forgetting_Exp": 0.0785285096902113,
        "BWT_Exp": -0.0785285096902113
    },
    "3": {
        "Loss_Exp": 34.62208112815258,
        "RelativeDistance_Exp": 1.2066064940558539,
        "R2Score_Exp": 0.864750431643592,
        "Forgetting_Exp": 0.04722873369852698,
        "BWT_Exp": -0.04722873369852698
    },
    "4": {
        "Loss_Exp": 43.15940221670596,
        "RelativeDistance_Exp": 1.1284438627106803,
        "R2Score_Exp": 0.8355839167322431,
        "Forgetting_Exp": 0.047004180295126874,
        "BWT_Exp": -0.047004180295126874
    },
    "5": {
        "Loss_Exp": 43.573699712634024,
        "RelativeDistance_Exp": 1.0054202477137248,
        "R2Score_Exp": 0.8369458715120951,
        "Forgetting_Exp": 0.03525010744730639,
        "BWT_Exp": -0.03525010744730639
    },
    "6": {
        "Loss_Exp": 36.75610033577149,
        "RelativeDistance_Exp": 1.3153495341539383,
        "R2Score_Exp": 0.8615067601203918,
        "Forgetting_Exp": 0.029381871223449707,
        "BWT_Exp": -0.029381871223449707
    },
    "7": {
        "Loss_Exp": 46.09515721038661,
        "RelativeDistance_Exp": 0.9152512103319168,
        "R2Score_Exp": 0.8430980294942856,
        "Forgetting_Exp": 0.03759859502315521,
        "BWT_Exp": -0.03759859502315521
    },
    "8": {
        "Loss_Exp": 35.022630860467416,
        "RelativeDistance_Exp": 0.8092938661575317,
        "R2Score_Exp": 0.8748506506284078,
        "Forgetting_Exp": 0.04019057750701904,
        "BWT_Exp": -0.04019057750701904
    },
    "9": {
        "Loss_Exp": 22.26801796987204,
        "RelativeDistance_Exp": 0.769580751657486,
        "R2Score_Exp": 0.9164672791957855
    },
    "stream": {
        "Loss_Stream/eval_phase/test_stream": 50.57869854640102,
        "RelativeDistance_Stream/eval_phase/test_stream": 1.2088554295492762,
        "R2Score_Stream/eval_phase/test_stream": 0.8050774887756065,
        "Forgetting_Stream/eval_phase/test_stream": {
            "0": 0.11763665676116941,
            "1": 0.13591227134068806,
            "2": 0.0785285096902113,
            "3": 0.04722873369852698,
            "4": 0.047004180295126874,
            "5": 0.03525010744730639,
            "6": 0.029381871223449707,
            "7": 0.03759859502315521,
            "8": 0.04019057750701904
        },
        "BWT_Stream/eval_phase/test_stream": {
            "0": 0.11763665676116941,
            "1": 0.13591227134068806,
            "2": 0.0785285096902113,
            "3": 0.04722873369852698,
            "4": 0.047004180295126874,
            "5": 0.03525010744730639,
            "6": 0.029381871223449707,
            "7": 0.03759859502315521,
            "8": 0.04019057750701904
        }
    }
}