{
    "0": {
        "Loss_Exp": 60.763299493369814,
        "Time_Exp": 0.22867759999644477,
        "RelativeDistance_Exp": 1.2621394634246825,
        "R2Score_Exp": 0.7312323808670044,
        "Forgetting_Exp": 0.16042202711105347,
        "BWT_Exp": -0.16042202711105347
    },
    "1": {
        "Loss_Exp": 65.76130425284416,
        "Time_Exp": 0.3477582999985316,
        "RelativeDistance_Exp": 1.331654437383016,
        "R2Score_Exp": 0.7324882586797078,
        "Forgetting_Exp": 0.07432096799214682,
        "BWT_Exp": -0.07432096799214682
    },
    "2": {
        "Loss_Exp": 56.87547311123158,
        "Time_Exp": 0.44362189999810653,
        "RelativeDistance_Exp": 1.4853376058431773,
        "R2Score_Exp": 0.7634657254585853,
        "Forgetting_Exp": 0.07451905654026914,
        "BWT_Exp": -0.07451905654026914
    },
    "3": {
        "Loss_Exp": 42.89270885771512,
        "Time_Exp": 0.1974354999983916,
        "RelativeDistance_Exp": 1.621596998638577,
        "R2Score_Exp": 0.8324762317869399,
        "Forgetting_Exp": 0.04343336820602417,
        "BWT_Exp": -0.04343336820602417
    },
    "4": {
        "Loss_Exp": 51.51247518177653,
        "Time_Exp": 0.15233969999826513,
        "RelativeDistance_Exp": 1.59938759463174,
        "R2Score_Exp": 0.7919050795691354,
        "Forgetting_Exp": 0.07063813720430645,
        "BWT_Exp": -0.07063813720430645
    },
    "5": {
        "Loss_Exp": 47.447105394356726,
        "Time_Exp": 0.14388570000301115,
        "RelativeDistance_Exp": 1.540158251921336,
        "R2Score_Exp": 0.8212059537569681,
        "Forgetting_Exp": 0.023125886917114258,
        "BWT_Exp": -0.023125886917114258
    },
    "6": {
        "Loss_Exp": 45.35422341381018,
        "Time_Exp": 0.1874441999971168,
        "RelativeDistance_Exp": 1.852618157863617,
        "R2Score_Exp": 0.8319292962551117,
        "Forgetting_Exp": 0.03708241879940033,
        "BWT_Exp": -0.03708241879940033
    },
    "7": {
        "Loss_Exp": 57.584984330920896,
        "Time_Exp": 0.35732930000085616,
        "RelativeDistance_Exp": 1.3663591891527176,
        "R2Score_Exp": 0.7990331649780273,
        "Forgetting_Exp": 0.048407040536403656,
        "BWT_Exp": -0.048407040536403656
    },
    "8": {
        "Loss_Exp": 47.18654715724908,
        "Time_Exp": 0.04557049999857554,
        "RelativeDistance_Exp": 1.2755953073501587,
        "R2Score_Exp": 0.838280439376831,
        "Forgetting_Exp": 0.06750601530075073,
        "BWT_Exp": -0.06750601530075073
    },
    "9": {
        "Loss_Exp": 29.544030710936728,
        "Time_Exp": 0.02642290000221692,
        "RelativeDistance_Exp": 1.521485686302185,
        "R2Score_Exp": 0.9004383087158203
    },
    "stream": {
        "Loss_Stream/eval_phase/test_stream": 54.47133961482637,
        "Time_Stream/eval_phase/test_stream": 2.1827812000046833,
        "RelativeDistance_Stream/eval_phase/test_stream": 1.4760273062152627,
        "R2Score_Stream/eval_phase/test_stream": 0.7845799643316387,
        "Forgetting_Stream/eval_phase/test_stream": {
            "0": 0.16042202711105347,
            "1": 0.07432096799214682,
            "2": 0.07451905654026914,
            "3": 0.04343336820602417,
            "4": 0.07063813720430645,
            "5": 0.023125886917114258,
            "6": 0.03708241879940033,
            "7": 0.048407040536403656,
            "8": 0.06750601530075073
        },
        "BWT_Stream/eval_phase/test_stream": {
            "0": 0.16042202711105347,
            "1": 0.07432096799214682,
            "2": 0.07451905654026914,
            "3": 0.04343336820602417,
            "4": 0.07063813720430645,
            "5": 0.023125886917114258,
            "6": 0.03708241879940033,
            "7": 0.048407040536403656,
            "8": 0.06750601530075073
        }
    }
}