{
    "0": {
        "Loss_Exp": 78.64011354906255,
        "RelativeDistance_Exp": 0.9471263706684112,
        "R2Score_Exp": 0.6709360599517822,
        "Forgetting_Exp": 0.2150419890880585,
        "BWT_Exp": -0.2150419890880585
    },
    "1": {
        "Loss_Exp": 79.07962612036643,
        "RelativeDistance_Exp": 0.8672956228256226,
        "R2Score_Exp": 0.6849860668182373,
        "Forgetting_Exp": 0.21526383161544804,
        "BWT_Exp": -0.21526383161544804
    },
    "2": {
        "Loss_Exp": 56.94648991691165,
        "RelativeDistance_Exp": 0.6874099327967718,
        "R2Score_Exp": 0.7645852840863742,
        "Forgetting_Exp": 0.1491347046998831,
        "BWT_Exp": -0.1491347046998831
    },
    "3": {
        "Loss_Exp": 40.93445492803306,
        "RelativeDistance_Exp": 0.6828987929556105,
        "R2Score_Exp": 0.8455983135435317,
        "Forgetting_Exp": 0.0984749330414666,
        "BWT_Exp": -0.0984749330414666
    },
    "4": {
        "Loss_Exp": 51.38951283929362,
        "RelativeDistance_Exp": 0.611019913639341,
        "R2Score_Exp": 0.7819843973432269,
        "Forgetting_Exp": 0.13953833069120125,
        "BWT_Exp": -0.13953833069120125
    },
    "5": {
        "Loss_Exp": 45.48394761269184,
        "RelativeDistance_Exp": 0.5505420565605164,
        "R2Score_Exp": 0.8159952362378439,
        "Forgetting_Exp": 0.08664720257123304,
        "BWT_Exp": -0.08664720257123304
    },
    "6": {
        "Loss_Exp": 41.23176444545278,
        "RelativeDistance_Exp": 0.6064828410744667,
        "R2Score_Exp": 0.8441689759492874,
        "Forgetting_Exp": 0.061898067593574524,
        "BWT_Exp": -0.061898067593574524
    },
    "7": {
        "Loss_Exp": 45.75109624979384,
        "RelativeDistance_Exp": 0.4637700282037258,
        "R2Score_Exp": 0.8426781222224236,
        "Forgetting_Exp": 0.05634027719497681,
        "BWT_Exp": -0.05634027719497681
    },
    "8": {
        "Loss_Exp": 29.399496159897097,
        "RelativeDistance_Exp": 0.40121373534202576,
        "R2Score_Exp": 0.8958018024762472,
        "Forgetting_Exp": 0.03307509422302246,
        "BWT_Exp": -0.03307509422302246
    },
    "9": {
        "Loss_Exp": 19.662641135335157,
        "RelativeDistance_Exp": 0.3936447352170944,
        "R2Score_Exp": 0.9161412417888641
    },
    "stream": {
        "Loss_Stream/eval_phase/test_stream": 56.67323670940168,
        "RelativeDistance_Stream/eval_phase/test_stream": 0.6876106379944601,
        "R2Score_Stream/eval_phase/test_stream": 0.7767712591606893,
        "Forgetting_Stream/eval_phase/test_stream": {
            "0": 0.2150419890880585,
            "1": 0.21526383161544804,
            "2": 0.1491347046998831,
            "3": 0.0984749330414666,
            "4": 0.13953833069120125,
            "5": 0.08664720257123304,
            "6": 0.061898067593574524,
            "7": 0.05634027719497681,
            "8": 0.03307509422302246
        },
        "BWT_Stream/eval_phase/test_stream": {
            "0": 0.2150419890880585,
            "1": 0.21526383161544804,
            "2": 0.1491347046998831,
            "3": 0.0984749330414666,
            "4": 0.13953833069120125,
            "5": 0.08664720257123304,
            "6": 0.061898067593574524,
            "7": 0.05634027719497681,
            "8": 0.03307509422302246
        }
    }
}