{
    "0": {
        "Loss_Exp": 18.08099638769858,
        "RelativeDistance_Exp": 1.1575469374656677,
        "R2Score_Exp": 0.7456012964248657,
        "Forgetting_Exp": 0.1216920018196106,
        "BWT_Exp": -0.1216920018196106
    },
    "1": {
        "Loss_Exp": 13.486027263035284,
        "RelativeDistance_Exp": 1.3108978271484375,
        "R2Score_Exp": 0.7833887338638306,
        "Forgetting_Exp": 0.1073368489742279,
        "BWT_Exp": -0.1073368489742279
    },
    "2": {
        "Loss_Exp": 11.10474873581695,
        "RelativeDistance_Exp": 0.9359563589096069,
        "R2Score_Exp": 0.7433704733848572,
        "Forgetting_Exp": 0.12166827917098999,
        "BWT_Exp": -0.12166827917098999
    },
    "3": {
        "Loss_Exp": 4.846576282863474,
        "RelativeDistance_Exp": 0.8978894054889679,
        "R2Score_Exp": 0.8130968809127808,
        "Forgetting_Exp": 0.07833343744277954,
        "BWT_Exp": -0.07833343744277954
    },
    "4": {
        "Loss_Exp": 2.744177576738541,
        "RelativeDistance_Exp": 0.8810419837633768,
        "R2Score_Exp": 0.8708666364351908,
        "Forgetting_Exp": 0.05945752064387011,
        "BWT_Exp": -0.05945752064387011
    },
    "5": {
        "Loss_Exp": 2.716283759036783,
        "RelativeDistance_Exp": 0.8104854822158813,
        "R2Score_Exp": 0.8431964119275411,
        "Forgetting_Exp": 0.0569729208946228,
        "BWT_Exp": -0.0569729208946228
    },
    "6": {
        "Loss_Exp": 3.8972399191142926,
        "RelativeDistance_Exp": 0.7343096435070038,
        "R2Score_Exp": 0.8770530819892883,
        "Forgetting_Exp": 0.04106369614601135,
        "BWT_Exp": -0.04106369614601135
    },
    "7": {
        "Loss_Exp": 2.317257881164551,
        "RelativeDistance_Exp": 1.5141222476959229,
        "R2Score_Exp": 0.8634262681007385,
        "Forgetting_Exp": 0.04945927858352661,
        "BWT_Exp": -0.04945927858352661
    },
    "8": {
        "Loss_Exp": 1.9578351923319848,
        "RelativeDistance_Exp": 0.7050704658031464,
        "R2Score_Exp": 0.9115702211856842,
        "Forgetting_Exp": -0.016966283321380615,
        "BWT_Exp": 0.016966283321380615
    },
    "9": {
        "Loss_Exp": 4.3942933490422,
        "RelativeDistance_Exp": 0.687843918800354,
        "R2Score_Exp": 0.9164784848690033
    },
    "stream": {
        "Loss_Stream/eval_phase/test_stream": 6.444704009548434,
        "RelativeDistance_Stream/eval_phase/test_stream": 0.9265313690358942,
        "R2Score_Stream/eval_phase/test_stream": 0.8331865559924733,
        "Forgetting_Stream/eval_phase/test_stream": {
            "0": 0.1216920018196106,
            "1": 0.1073368489742279,
            "2": 0.12166827917098999,
            "3": 0.07833343744277954,
            "4": 0.05945752064387011,
            "5": 0.0569729208946228,
            "6": 0.04106369614601135,
            "7": 0.04945927858352661,
            "8": -0.016966283321380615
        },
        "BWT_Stream/eval_phase/test_stream": {
            "0": 0.1216920018196106,
            "1": 0.1073368489742279,
            "2": 0.12166827917098999,
            "3": 0.07833343744277954,
            "4": 0.05945752064387011,
            "5": 0.0569729208946228,
            "6": 0.04106369614601135,
            "7": 0.04945927858352661,
            "8": -0.016966283321380615
        }
    }
}