{
    "0": {
        "Loss_Exp": 66.72033880141797,
        "RelativeDistance_Exp": 1.1345974564552308,
        "R2Score_Exp": 0.7174668490886689,
        "Forgetting_Exp": 0.16690872907638543,
        "BWT_Exp": -0.16690872907638543
    },
    "1": {
        "Loss_Exp": 70.70531809713191,
        "RelativeDistance_Exp": 1.0902440508206686,
        "R2Score_Exp": 0.7263497392336528,
        "Forgetting_Exp": 0.15959746440251665,
        "BWT_Exp": -0.15959746440251665
    },
    "2": {
        "Loss_Exp": 51.12082141417115,
        "RelativeDistance_Exp": 0.9412847482241117,
        "R2Score_Exp": 0.7910149051592901,
        "Forgetting_Exp": 0.1074571242699256,
        "BWT_Exp": -0.1074571242699256
    },
    "3": {
        "Loss_Exp": 38.47733249159152,
        "RelativeDistance_Exp": 0.9411942097875807,
        "R2Score_Exp": 0.8508204023043314,
        "Forgetting_Exp": 0.07845146788491142,
        "BWT_Exp": -0.07845146788491142
    },
    "4": {
        "Loss_Exp": 45.73282030260638,
        "RelativeDistance_Exp": 0.856783560344151,
        "R2Score_Exp": 0.8167915344238281,
        "Forgetting_Exp": 0.09452556712286808,
        "BWT_Exp": -0.09452556712286808
    },
    "5": {
        "Loss_Exp": 43.34733288046001,
        "RelativeDistance_Exp": 0.759205182393392,
        "R2Score_Exp": 0.8344966868559519,
        "Forgetting_Exp": 0.05601826310157776,
        "BWT_Exp": -0.05601826310157776
    },
    "6": {
        "Loss_Exp": 37.656346299036684,
        "RelativeDistance_Exp": 0.9305712878704071,
        "R2Score_Exp": 0.8563495054841042,
        "Forgetting_Exp": 0.03893949091434479,
        "BWT_Exp": -0.03893949091434479
    },
    "7": {
        "Loss_Exp": 47.56608492841142,
        "RelativeDistance_Exp": 0.6528352499008179,
        "R2Score_Exp": 0.8395507782697678,
        "Forgetting_Exp": 0.047166839241981506,
        "BWT_Exp": -0.047166839241981506
    },
    "8": {
        "Loss_Exp": 33.48032134407537,
        "RelativeDistance_Exp": 0.5783519446849823,
        "R2Score_Exp": 0.8828097581863403,
        "Forgetting_Exp": 0.035596271355946896,
        "BWT_Exp": -0.035596271355946896
    },
    "9": {
        "Loss_Exp": 22.521913126418028,
        "RelativeDistance_Exp": 0.5061611533164978,
        "R2Score_Exp": 0.910713404417038
    },
    "stream": {
        "Loss_Stream/eval_phase/test_stream": 51.66863234228769,
        "RelativeDistance_Stream/eval_phase/test_stream": 0.9182028568085329,
        "R2Score_Stream/eval_phase/test_stream": 0.7996551997867631,
        "Forgetting_Stream/eval_phase/test_stream": {
            "0": 0.16690872907638543,
            "1": 0.15959746440251665,
            "2": 0.1074571242699256,
            "3": 0.07845146788491142,
            "4": 0.09452556712286808,
            "5": 0.05601826310157776,
            "6": 0.03893949091434479,
            "7": 0.047166839241981506,
            "8": 0.035596271355946896
        },
        "BWT_Stream/eval_phase/test_stream": {
            "0": 0.16690872907638543,
            "1": 0.15959746440251665,
            "2": 0.1074571242699256,
            "3": 0.07845146788491142,
            "4": 0.09452556712286808,
            "5": 0.05601826310157776,
            "6": 0.03893949091434479,
            "7": 0.047166839241981506,
            "8": 0.035596271355946896
        }
    }
}