{
    "0": {
        "Loss_Exp": 63.200563102856016,
        "RelativeDistance_Exp": 0.9196702837944031,
        "R2Score_Exp": 0.8573724031448364,
        "Forgetting_Exp": 0.016802847385406494,
        "BWT_Exp": -0.016802847385406494
    },
    "1": {
        "Loss_Exp": 49.864058074228005,
        "RelativeDistance_Exp": 1.5917956233024597,
        "R2Score_Exp": 0.8544492721557617,
        "Forgetting_Exp": 0.04294121265411377,
        "BWT_Exp": -0.04294121265411377
    },
    "2": {
        "Loss_Exp": 45.91425215026443,
        "RelativeDistance_Exp": 0.763881504535675,
        "R2Score_Exp": 0.8523036241531372,
        "Forgetting_Exp": -0.019539614518483517,
        "BWT_Exp": 0.019539614518483517
    },
    "3": {
        "Loss_Exp": 37.514395989996395,
        "RelativeDistance_Exp": 0.6422339975833893,
        "R2Score_Exp": 0.8753583431243896,
        "Forgetting_Exp": -0.013628870248794556,
        "BWT_Exp": 0.013628870248794556
    },
    "4": {
        "Loss_Exp": 39.20328756760315,
        "RelativeDistance_Exp": 0.8418131172657013,
        "R2Score_Exp": 0.873092845082283,
        "Forgetting_Exp": -0.023283466696739197,
        "BWT_Exp": 0.023283466696739197
    },
    "5": {
        "Loss_Exp": 40.25325244405995,
        "RelativeDistance_Exp": 0.7136884927749634,
        "R2Score_Exp": 0.8430863618850708,
        "Forgetting_Exp": 0.010104835033416748,
        "BWT_Exp": -0.010104835033416748
    },
    "6": {
        "Loss_Exp": 44.568549301832846,
        "RelativeDistance_Exp": 0.7064448197682699,
        "R2Score_Exp": 0.8591717878977457,
        "Forgetting_Exp": -0.029784778753916386,
        "BWT_Exp": 0.029784778753916386
    },
    "7": {
        "Loss_Exp": 32.19153594970703,
        "RelativeDistance_Exp": 0.7169845104217529,
        "R2Score_Exp": 0.8730649352073669,
        "Forgetting_Exp": 0.018370628356933594,
        "BWT_Exp": -0.018370628356933594
    },
    "8": {
        "Loss_Exp": 44.59532554739625,
        "RelativeDistance_Exp": 1.0801047384738922,
        "R2Score_Exp": 0.8546338081359863,
        "Forgetting_Exp": 0.011035770177841187,
        "BWT_Exp": -0.011035770177841187
    },
    "9": {
        "Loss_Exp": 55.24771481111559,
        "RelativeDistance_Exp": 0.858746200799942,
        "R2Score_Exp": 0.8496837019920349
    },
    "stream": {
        "Loss_Stream/eval_phase/test_stream": 44.844642723354895,
        "RelativeDistance_Stream/eval_phase/test_stream": 0.867557629942894,
        "R2Score_Stream/eval_phase/test_stream": 0.8588381956020991,
        "Forgetting_Stream/eval_phase/test_stream": {
            "0": 0.016802847385406494,
            "1": 0.04294121265411377,
            "2": -0.019539614518483517,
            "3": -0.013628870248794556,
            "4": -0.023283466696739197,
            "5": 0.010104835033416748,
            "6": -0.029784778753916386,
            "7": 0.018370628356933594,
            "8": 0.011035770177841187
        },
        "BWT_Stream/eval_phase/test_stream": {
            "0": 0.016802847385406494,
            "1": 0.04294121265411377,
            "2": -0.019539614518483517,
            "3": -0.013628870248794556,
            "4": -0.023283466696739197,
            "5": 0.010104835033416748,
            "6": -0.029784778753916386,
            "7": 0.018370628356933594,
            "8": 0.011035770177841187
        }
    }
}