{
    "0": {
        "Loss_Exp": 63.235856164576376,
        "RelativeDistance_Exp": 1.38496276140213,
        "R2Score_Exp": 0.7307366967201233,
        "Forgetting_Exp": 0.11099368333816528,
        "BWT_Exp": -0.11099368333816528
    },
    "1": {
        "Loss_Exp": 71.83901767744793,
        "RelativeDistance_Exp": 1.4045492966969808,
        "R2Score_Exp": 0.7233074307441711,
        "Forgetting_Exp": 0.12535231908162436,
        "BWT_Exp": -0.12535231908162436
    },
    "2": {
        "Loss_Exp": 48.91156398128005,
        "RelativeDistance_Exp": 1.1789377194184523,
        "R2Score_Exp": 0.7973596774614774,
        "Forgetting_Exp": 0.07340374818215001,
        "BWT_Exp": -0.07340374818215001
    },
    "3": {
        "Loss_Exp": 35.44651480570041,
        "RelativeDistance_Exp": 1.1902544498443604,
        "R2Score_Exp": 0.8607154488563538,
        "Forgetting_Exp": 0.047974639468722824,
        "BWT_Exp": -0.047974639468722824
    },
    "4": {
        "Loss_Exp": 44.03118377062914,
        "RelativeDistance_Exp": 1.1316272616386414,
        "R2Score_Exp": 0.8319650973592486,
        "Forgetting_Exp": 0.05312533038003098,
        "BWT_Exp": -0.05312533038003098
    },
    "5": {
        "Loss_Exp": 43.21428456703225,
        "RelativeDistance_Exp": 1.0111824870109558,
        "R2Score_Exp": 0.8371728459993998,
        "Forgetting_Exp": 0.03737603624661767,
        "BWT_Exp": -0.03737603624661767
    },
    "6": {
        "Loss_Exp": 37.662153814063174,
        "RelativeDistance_Exp": 1.3135206550359726,
        "R2Score_Exp": 0.858288124203682,
        "Forgetting_Exp": 0.03300129622220993,
        "BWT_Exp": -0.03300129622220993
    },
    "7": {
        "Loss_Exp": 46.35815803583854,
        "RelativeDistance_Exp": 0.9250196889042854,
        "R2Score_Exp": 0.8418284505605698,
        "Forgetting_Exp": 0.03691601753234863,
        "BWT_Exp": -0.03691601753234863
    },
    "8": {
        "Loss_Exp": 33.38725320326729,
        "RelativeDistance_Exp": 0.8293797572453817,
        "R2Score_Exp": 0.8787075479825338,
        "Forgetting_Exp": 0.03802615404129028,
        "BWT_Exp": -0.03802615404129028
    },
    "9": {
        "Loss_Exp": 21.296698671513237,
        "RelativeDistance_Exp": 0.7607526481151581,
        "R2Score_Exp": 0.9202807545661926
    },
    "stream": {
        "Loss_Stream/eval_phase/test_stream": 50.46935573454489,
        "RelativeDistance_Stream/eval_phase/test_stream": 1.1958370436856776,
        "R2Score_Stream/eval_phase/test_stream": 0.8048580590589547,
        "Forgetting_Stream/eval_phase/test_stream": {
            "0": 0.11099368333816528,
            "1": 0.12535231908162436,
            "2": 0.07340374818215001,
            "3": 0.047974639468722824,
            "4": 0.05312533038003098,
            "5": 0.03737603624661767,
            "6": 0.03300129622220993,
            "7": 0.03691601753234863,
            "8": 0.03802615404129028
        },
        "BWT_Stream/eval_phase/test_stream": {
            "0": 0.11099368333816528,
            "1": 0.12535231908162436,
            "2": 0.07340374818215001,
            "3": 0.047974639468722824,
            "4": 0.05312533038003098,
            "5": 0.03737603624661767,
            "6": 0.03300129622220993,
            "7": 0.03691601753234863,
            "8": 0.03802615404129028
        }
    }
}