{
    "0": {
        "Loss_Exp": 40.97522814288829,
        "Time_Exp": 0.14899760000116657,
        "RelativeDistance_Exp": 0.8340258240699768,
        "R2Score_Exp": 0.817805290222168,
        "Forgetting_Exp": 0.07077953219413757,
        "BWT_Exp": -0.07077953219413757
    },
    "1": {
        "Loss_Exp": 45.825740609918775,
        "Time_Exp": 0.23849169999994047,
        "RelativeDistance_Exp": 0.7190054337183635,
        "R2Score_Exp": 0.8125994006792704,
        "Forgetting_Exp": 0.012910787264506007,
        "BWT_Exp": -0.012910787264506007
    },
    "2": {
        "Loss_Exp": 37.89104413364659,
        "Time_Exp": 0.33332320000045,
        "RelativeDistance_Exp": 0.7357217486088092,
        "R2Score_Exp": 0.8423106762079092,
        "Forgetting_Exp": 0.003407372878147963,
        "BWT_Exp": -0.003407372878147963
    },
    "3": {
        "Loss_Exp": 33.59797047405979,
        "Time_Exp": 0.13717039999937697,
        "RelativeDistance_Exp": 0.7700158026483324,
        "R2Score_Exp": 0.8671135637495253,
        "Forgetting_Exp": 0.016646477911207436,
        "BWT_Exp": -0.016646477911207436
    },
    "4": {
        "Loss_Exp": 35.97646189278778,
        "Time_Exp": 0.10541849999935948,
        "RelativeDistance_Exp": 0.7671062265123639,
        "R2Score_Exp": 0.8613521456718445,
        "Forgetting_Exp": -0.0011384742600577535,
        "BWT_Exp": 0.0011384742600577535
    },
    "5": {
        "Loss_Exp": 34.8385579349479,
        "Time_Exp": 0.0874535000002652,
        "RelativeDistance_Exp": 0.6356335083643595,
        "R2Score_Exp": 0.8634999295075735,
        "Forgetting_Exp": -0.011822541554768917,
        "BWT_Exp": 0.011822541554768917
    },
    "6": {
        "Loss_Exp": 33.63084971523238,
        "Time_Exp": 0.13910960000066552,
        "RelativeDistance_Exp": 0.7883068770170212,
        "R2Score_Exp": 0.8742668703198433,
        "Forgetting_Exp": 0.004220619797706604,
        "BWT_Exp": -0.004220619797706604
    },
    "7": {
        "Loss_Exp": 45.68505845576938,
        "Time_Exp": 0.27515909999965515,
        "RelativeDistance_Exp": 0.6123058721423149,
        "R2Score_Exp": 0.8396541401743889,
        "Forgetting_Exp": 0.009476996958255768,
        "BWT_Exp": -0.009476996958255768
    },
    "8": {
        "Loss_Exp": 30.867539997984917,
        "Time_Exp": 0.035661600000821636,
        "RelativeDistance_Exp": 0.5851229329903921,
        "R2Score_Exp": 0.9021417101224264,
        "Forgetting_Exp": 0.0025828083356220777,
        "BWT_Exp": -0.0025828083356220777
    },
    "9": {
        "Loss_Exp": 24.691637078480184,
        "Time_Exp": 0.017112400000769412,
        "RelativeDistance_Exp": 0.5179656594991684,
        "R2Score_Exp": 0.910334050655365
    },
    "stream": {
        "Loss_Stream/eval_phase/test_stream": 38.82179382439152,
        "Time_Stream/eval_phase/test_stream": 1.5478390999996918,
        "RelativeDistance_Stream/eval_phase/test_stream": 0.7259211290029832,
        "R2Score_Stream/eval_phase/test_stream": 0.8465435887560432,
        "Forgetting_Stream/eval_phase/test_stream": {
            "0": 0.07077953219413757,
            "1": 0.012910787264506007,
            "2": 0.003407372878147963,
            "3": 0.016646477911207436,
            "4": -0.0011384742600577535,
            "5": -0.011822541554768917,
            "6": 0.004220619797706604,
            "7": 0.009476996958255768,
            "8": 0.0025828083356220777
        },
        "BWT_Stream/eval_phase/test_stream": {
            "0": 0.07077953219413757,
            "1": 0.012910787264506007,
            "2": 0.003407372878147963,
            "3": 0.016646477911207436,
            "4": -0.0011384742600577535,
            "5": -0.011822541554768917,
            "6": 0.004220619797706604,
            "7": 0.009476996958255768,
            "8": 0.0025828083356220777
        }
    }
}