{
    "0": {
        "Loss_Exp": 81.03126525878906,
        "RelativeDistance_Exp": 0.774139940738678,
        "R2Score_Exp": 0.7264750003814697,
        "Forgetting_Exp": 0.11711853742599487,
        "BWT_Exp": -0.11711853742599487
    },
    "1": {
        "Loss_Exp": 42.87389373779297,
        "RelativeDistance_Exp": 0.767583966255188,
        "R2Score_Exp": 0.8398782014846802,
        "Forgetting_Exp": 0.05664098262786865,
        "BWT_Exp": -0.05664098262786865
    },
    "2": {
        "Loss_Exp": 50.26091384887695,
        "RelativeDistance_Exp": 0.6116684079170227,
        "R2Score_Exp": 0.8078540563583374,
        "Forgetting_Exp": 0.032160043716430664,
        "BWT_Exp": -0.032160043716430664
    },
    "3": {
        "Loss_Exp": 38.312538146972656,
        "RelativeDistance_Exp": 0.5392147898674011,
        "R2Score_Exp": 0.8532267808914185,
        "Forgetting_Exp": 0.02676999568939209,
        "BWT_Exp": -0.02676999568939209
    },
    "4": {
        "Loss_Exp": 31.82589340209961,
        "RelativeDistance_Exp": 0.5352379083633423,
        "R2Score_Exp": 0.8536279201507568,
        "Forgetting_Exp": 0.053061723709106445,
        "BWT_Exp": -0.053061723709106445
    },
    "5": {
        "Loss_Exp": 35.46795654296875,
        "RelativeDistance_Exp": 0.5287107825279236,
        "R2Score_Exp": 0.8309093117713928,
        "Forgetting_Exp": 0.06358283758163452,
        "BWT_Exp": -0.06358283758163452
    },
    "6": {
        "Loss_Exp": 38.981773376464844,
        "RelativeDistance_Exp": 0.48544588685035706,
        "R2Score_Exp": 0.8398622274398804,
        "Forgetting_Exp": 0.03849172592163086,
        "BWT_Exp": -0.03849172592163086
    },
    "7": {
        "Loss_Exp": 30.091304779052734,
        "RelativeDistance_Exp": 0.5387925505638123,
        "R2Score_Exp": 0.8611193895339966,
        "Forgetting_Exp": 0.04490906000137329,
        "BWT_Exp": -0.04490906000137329
    },
    "8": {
        "Loss_Exp": 34.0721435546875,
        "RelativeDistance_Exp": 0.40502798557281494,
        "R2Score_Exp": 0.8681125640869141,
        "Forgetting_Exp": 0.024779796600341797,
        "BWT_Exp": -0.024779796600341797
    },
    "9": {
        "Loss_Exp": 35.72963333129883,
        "RelativeDistance_Exp": 0.552410364151001,
        "R2Score_Exp": 0.8785068988800049
    },
    "stream": {
        "Loss_Stream/eval_phase/test_stream": 41.53220116994177,
        "RelativeDistance_Stream/eval_phase/test_stream": 0.5738232582807541,
        "R2Score_Stream/eval_phase/test_stream": 0.8359572350978851,
        "Forgetting_Stream/eval_phase/test_stream": {
            "0": 0.11711853742599487,
            "1": 0.05664098262786865,
            "2": 0.032160043716430664,
            "3": 0.02676999568939209,
            "4": 0.053061723709106445,
            "5": 0.06358283758163452,
            "6": 0.03849172592163086,
            "7": 0.04490906000137329,
            "8": 0.024779796600341797
        },
        "BWT_Stream/eval_phase/test_stream": {
            "0": 0.11711853742599487,
            "1": 0.05664098262786865,
            "2": 0.032160043716430664,
            "3": 0.02676999568939209,
            "4": 0.053061723709106445,
            "5": 0.06358283758163452,
            "6": 0.03849172592163086,
            "7": 0.04490906000137329,
            "8": 0.024779796600341797
        }
    }
}