{
    "0": {
        "Loss_Exp": 142.7859267206917,
        "RelativeDistance_Exp": 1.2828271389007568,
        "R2Score_Exp": 0.6746596395969391,
        "Forgetting_Exp": 0.2013694941997528,
        "BWT_Exp": -0.2013694941997528
    },
    "1": {
        "Loss_Exp": 81.83417161858164,
        "RelativeDistance_Exp": 1.842056155204773,
        "R2Score_Exp": 0.7628320455551147,
        "Forgetting_Exp": 0.12895530462265015,
        "BWT_Exp": -0.12895530462265015
    },
    "2": {
        "Loss_Exp": 68.10731501482701,
        "RelativeDistance_Exp": 0.9202895164489746,
        "R2Score_Exp": 0.7817594408988953,
        "Forgetting_Exp": 0.049574414889017704,
        "BWT_Exp": -0.049574414889017704
    },
    "3": {
        "Loss_Exp": 53.138049936920076,
        "RelativeDistance_Exp": 0.7355765104293823,
        "R2Score_Exp": 0.8249050974845886,
        "Forgetting_Exp": 0.03369128704071045,
        "BWT_Exp": -0.03369128704071045
    },
    "4": {
        "Loss_Exp": 53.49054778657072,
        "RelativeDistance_Exp": 0.9310126304626465,
        "R2Score_Exp": 0.8255119770765305,
        "Forgetting_Exp": 0.02254725992679596,
        "BWT_Exp": -0.02254725992679596
    },
    "5": {
        "Loss_Exp": 49.436761939007305,
        "RelativeDistance_Exp": 0.7966877420743307,
        "R2Score_Exp": 0.8067220449447632,
        "Forgetting_Exp": 0.030266066392262814,
        "BWT_Exp": -0.030266066392262814
    },
    "6": {
        "Loss_Exp": 65.33998543489064,
        "RelativeDistance_Exp": 0.7824230194091797,
        "R2Score_Exp": 0.797461986541748,
        "Forgetting_Exp": 0.03211512168248498,
        "BWT_Exp": -0.03211512168248498
    },
    "7": {
        "Loss_Exp": 42.2571907043457,
        "RelativeDistance_Exp": 0.755676805973053,
        "R2Score_Exp": 0.8333748579025269,
        "Forgetting_Exp": 0.043170034885406494,
        "BWT_Exp": -0.043170034885406494
    },
    "8": {
        "Loss_Exp": 51.94916779207681,
        "RelativeDistance_Exp": 1.0039442777633667,
        "R2Score_Exp": 0.8322149217128754,
        "Forgetting_Exp": 0.005489140748977661,
        "BWT_Exp": -0.005489140748977661
    },
    "9": {
        "Loss_Exp": 58.78297624532887,
        "RelativeDistance_Exp": 0.850379079580307,
        "R2Score_Exp": 0.8395950198173523
    },
    "stream": {
        "Loss_Stream/eval_phase/test_stream": 65.63828281368436,
        "RelativeDistance_Stream/eval_phase/test_stream": 0.9753122702240944,
        "R2Score_Stream/eval_phase/test_stream": 0.7984027763207754,
        "Forgetting_Stream/eval_phase/test_stream": {
            "0": 0.2013694941997528,
            "1": 0.12895530462265015,
            "2": 0.049574414889017704,
            "3": 0.03369128704071045,
            "4": 0.02254725992679596,
            "5": 0.030266066392262814,
            "6": 0.03211512168248498,
            "7": 0.043170034885406494,
            "8": 0.005489140748977661
        },
        "BWT_Stream/eval_phase/test_stream": {
            "0": 0.2013694941997528,
            "1": 0.12895530462265015,
            "2": 0.049574414889017704,
            "3": 0.03369128704071045,
            "4": 0.02254725992679596,
            "5": 0.030266066392262814,
            "6": 0.03211512168248498,
            "7": 0.043170034885406494,
            "8": 0.005489140748977661
        }
    }
}