{
    "0": {
        "Loss_Exp": 30.022865295410156,
        "RelativeDistance_Exp": 0.6320591568946838,
        "R2Score_Exp": 0.8759989142417908,
        "Forgetting_Exp": 0.020717859268188477,
        "BWT_Exp": -0.020717859268188477
    },
    "1": {
        "Loss_Exp": 31.850299835205078,
        "RelativeDistance_Exp": 0.6562895178794861,
        "R2Score_Exp": 0.8674505949020386,
        "Forgetting_Exp": 0.02190643548965454,
        "BWT_Exp": -0.02190643548965454
    },
    "2": {
        "Loss_Exp": 33.548458099365234,
        "RelativeDistance_Exp": 0.7243435978889465,
        "R2Score_Exp": 0.8628363609313965,
        "Forgetting_Exp": 0.027820050716400146,
        "BWT_Exp": -0.027820050716400146
    },
    "3": {
        "Loss_Exp": 32.38393020629883,
        "RelativeDistance_Exp": 0.6539521813392639,
        "R2Score_Exp": 0.8594727516174316,
        "Forgetting_Exp": 0.03314363956451416,
        "BWT_Exp": -0.03314363956451416
    },
    "4": {
        "Loss_Exp": 36.731903076171875,
        "RelativeDistance_Exp": 0.7699286937713623,
        "R2Score_Exp": 0.8635357022285461,
        "Forgetting_Exp": 0.030460655689239502,
        "BWT_Exp": -0.030460655689239502
    },
    "5": {
        "Loss_Exp": 35.92471694946289,
        "RelativeDistance_Exp": 0.7192347645759583,
        "R2Score_Exp": 0.8643510937690735,
        "Forgetting_Exp": 0.030937492847442627,
        "BWT_Exp": -0.030937492847442627
    },
    "6": {
        "Loss_Exp": 31.187095642089844,
        "RelativeDistance_Exp": 0.5630694031715393,
        "R2Score_Exp": 0.8780587911605835,
        "Forgetting_Exp": 0.008265137672424316,
        "BWT_Exp": -0.008265137672424316
    },
    "7": {
        "Loss_Exp": 30.518333435058594,
        "RelativeDistance_Exp": 0.666702151298523,
        "R2Score_Exp": 0.8844679594039917,
        "Forgetting_Exp": -0.022866368293762207,
        "BWT_Exp": 0.022866368293762207
    },
    "8": {
        "Loss_Exp": 28.148347854614258,
        "RelativeDistance_Exp": 0.44899627566337585,
        "R2Score_Exp": 0.8967145681381226,
        "Forgetting_Exp": 0.010966658592224121,
        "BWT_Exp": -0.010966658592224121
    },
    "9": {
        "Loss_Exp": 17.543535232543945,
        "RelativeDistance_Exp": 0.7680195569992065,
        "R2Score_Exp": 0.9358961582183838
    },
    "stream": {
        "Loss_Stream/eval_phase/test_stream": 33.025132229806324,
        "RelativeDistance_Stream/eval_phase/test_stream": 0.6602595299482346,
        "R2Score_Stream/eval_phase/test_stream": 0.8788782894611359,
        "Forgetting_Stream/eval_phase/test_stream": {
            "0": 0.020717859268188477,
            "1": 0.02190643548965454,
            "2": 0.027820050716400146,
            "3": 0.03314363956451416,
            "4": 0.030460655689239502,
            "5": 0.030937492847442627,
            "6": 0.008265137672424316,
            "7": -0.022866368293762207,
            "8": 0.010966658592224121
        },
        "BWT_Stream/eval_phase/test_stream": {
            "0": 0.020717859268188477,
            "1": 0.02190643548965454,
            "2": 0.027820050716400146,
            "3": 0.03314363956451416,
            "4": 0.030460655689239502,
            "5": 0.030937492847442627,
            "6": 0.008265137672424316,
            "7": -0.022866368293762207,
            "8": 0.010966658592224121
        }
    }
}