{
    "0": {
        "Loss_Exp": 67.36145991039476,
        "RelativeDistance_Exp": 1.1512882113456726,
        "R2Score_Exp": 0.7068731606006622,
        "Forgetting_Exp": 0.14468080401420602,
        "BWT_Exp": -0.14468080401420602
    },
    "1": {
        "Loss_Exp": 80.38883832390457,
        "RelativeDistance_Exp": 1.1445667227109273,
        "R2Score_Exp": 0.6760537664095561,
        "Forgetting_Exp": 0.20165147781372073,
        "BWT_Exp": -0.20165147781372073
    },
    "2": {
        "Loss_Exp": 52.33017494357237,
        "RelativeDistance_Exp": 0.8988950435931866,
        "R2Score_Exp": 0.778563536130465,
        "Forgetting_Exp": 0.1195758581161499,
        "BWT_Exp": -0.1195758581161499
    },
    "3": {
        "Loss_Exp": 40.028224623727624,
        "RelativeDistance_Exp": 0.9520620637469821,
        "R2Score_Exp": 0.8378841347164578,
        "Forgetting_Exp": 0.09212123685412932,
        "BWT_Exp": -0.09212123685412932
    },
    "4": {
        "Loss_Exp": 47.21607624094934,
        "RelativeDistance_Exp": 0.8001722863742283,
        "R2Score_Exp": 0.8059096591813224,
        "Forgetting_Exp": 0.1021016325269426,
        "BWT_Exp": -0.1021016325269426
    },
    "5": {
        "Loss_Exp": 43.26088746213826,
        "RelativeDistance_Exp": 0.6618241171042124,
        "R2Score_Exp": 0.828766534725825,
        "Forgetting_Exp": 0.06031896670659387,
        "BWT_Exp": -0.06031896670659387
    },
    "6": {
        "Loss_Exp": 36.81136406917751,
        "RelativeDistance_Exp": 0.7831516414880753,
        "R2Score_Exp": 0.8548732697963715,
        "Forgetting_Exp": 0.04836258292198181,
        "BWT_Exp": -0.04836258292198181
    },
    "7": {
        "Loss_Exp": 45.676946929462716,
        "RelativeDistance_Exp": 0.5920408517122269,
        "R2Score_Exp": 0.8370996490120888,
        "Forgetting_Exp": 0.05404452234506607,
        "BWT_Exp": -0.05404452234506607
    },
    "8": {
        "Loss_Exp": 29.205466257754463,
        "RelativeDistance_Exp": 0.4822583794593811,
        "R2Score_Exp": 0.9023529688517252,
        "Forgetting_Exp": 0.025375624497731564,
        "BWT_Exp": -0.025375624497731564
    },
    "9": {
        "Loss_Exp": 18.152707273722072,
        "RelativeDistance_Exp": 0.4841050058603287,
        "R2Score_Exp": 0.9284621179103851
    },
    "stream": {
        "Loss_Stream/eval_phase/test_stream": 53.650796725272016,
        "RelativeDistance_Stream/eval_phase/test_stream": 0.8879537394753209,
        "R2Score_Stream/eval_phase/test_stream": 0.7850068469106415,
        "Forgetting_Stream/eval_phase/test_stream": {
            "0": 0.14468080401420602,
            "1": 0.20165147781372073,
            "2": 0.1195758581161499,
            "3": 0.09212123685412932,
            "4": 0.1021016325269426,
            "5": 0.06031896670659387,
            "6": 0.04836258292198181,
            "7": 0.05404452234506607,
            "8": 0.025375624497731564
        },
        "BWT_Stream/eval_phase/test_stream": {
            "0": 0.14468080401420602,
            "1": 0.20165147781372073,
            "2": 0.1195758581161499,
            "3": 0.09212123685412932,
            "4": 0.1021016325269426,
            "5": 0.06031896670659387,
            "6": 0.04836258292198181,
            "7": 0.05404452234506607,
            "8": 0.025375624497731564
        }
    }
}