{
    "0": {
        "Loss_Exp": 61.87943330529618,
        "RelativeDistance_Exp": 0.7174246609210968,
        "R2Score_Exp": 0.7924739420413971,
        "Forgetting_Exp": 0.054643869400024414,
        "BWT_Exp": -0.054643869400024414
    },
    "1": {
        "Loss_Exp": 36.402738985016114,
        "RelativeDistance_Exp": 0.7121157050132751,
        "R2Score_Exp": 0.8618019819259644,
        "Forgetting_Exp": 0.02513989806175232,
        "BWT_Exp": -0.02513989806175232
    },
    "2": {
        "Loss_Exp": 47.56497265584144,
        "RelativeDistance_Exp": 0.5200355648994446,
        "R2Score_Exp": 0.8119449416796366,
        "Forgetting_Exp": 0.025641143321990967,
        "BWT_Exp": -0.025641143321990967
    },
    "3": {
        "Loss_Exp": 36.22771653419049,
        "RelativeDistance_Exp": 0.4712258130311966,
        "R2Score_Exp": 0.8556548058986664,
        "Forgetting_Exp": -0.0038203001022338867,
        "BWT_Exp": 0.0038203001022338867
    },
    "4": {
        "Loss_Exp": 30.123111579615546,
        "RelativeDistance_Exp": 0.5679839998483658,
        "R2Score_Exp": 0.8435113430023193,
        "Forgetting_Exp": 0.03689326345920563,
        "BWT_Exp": -0.03689326345920563
    },
    "5": {
        "Loss_Exp": 33.40544731088933,
        "RelativeDistance_Exp": 0.490406999985377,
        "R2Score_Exp": 0.8240508834520975,
        "Forgetting_Exp": 0.05028647184371948,
        "BWT_Exp": -0.05028647184371948
    },
    "6": {
        "Loss_Exp": 38.05424161952177,
        "RelativeDistance_Exp": 0.5203317006429037,
        "R2Score_Exp": 0.8423204223314921,
        "Forgetting_Exp": 0.004724681377410889,
        "BWT_Exp": -0.004724681377410889
    },
    "7": {
        "Loss_Exp": 34.46576291452899,
        "RelativeDistance_Exp": 0.3710443079471588,
        "R2Score_Exp": 0.874362051486969,
        "Forgetting_Exp": 0.031189650297164917,
        "BWT_Exp": -0.031189650297164917
    },
    "8": {
        "Loss_Exp": 34.71344949608686,
        "RelativeDistance_Exp": 0.4600137770175934,
        "R2Score_Exp": 0.8535603880882263,
        "Forgetting_Exp": 0.021543532609939575,
        "BWT_Exp": -0.021543532609939575
    },
    "9": {
        "Loss_Exp": 42.10440714819294,
        "RelativeDistance_Exp": 0.5411720126867294,
        "R2Score_Exp": 0.8633980751037598
    },
    "stream": {
        "Loss_Stream/eval_phase/test_stream": 38.928303552179614,
        "RelativeDistance_Stream/eval_phase/test_stream": 0.5364100539684296,
        "R2Score_Stream/eval_phase/test_stream": 0.8404598641395569,
        "Forgetting_Stream/eval_phase/test_stream": {
            "0": 0.054643869400024414,
            "1": 0.02513989806175232,
            "2": 0.025641143321990967,
            "3": -0.0038203001022338867,
            "4": 0.03689326345920563,
            "5": 0.05028647184371948,
            "6": 0.004724681377410889,
            "7": 0.031189650297164917,
            "8": 0.021543532609939575
        },
        "BWT_Stream/eval_phase/test_stream": {
            "0": 0.054643869400024414,
            "1": 0.02513989806175232,
            "2": 0.025641143321990967,
            "3": -0.0038203001022338867,
            "4": 0.03689326345920563,
            "5": 0.05028647184371948,
            "6": 0.004724681377410889,
            "7": 0.031189650297164917,
            "8": 0.021543532609939575
        }
    }
}