{
    "0": {
        "Loss_Exp": 94.09026183189704,
        "RelativeDistance_Exp": 0.7798041105270386,
        "R2Score_Exp": 0.7868850827217102,
        "Forgetting_Exp": 0.08733683824539185,
        "BWT_Exp": -0.08733683824539185
    },
    "1": {
        "Loss_Exp": 71.50041146903618,
        "RelativeDistance_Exp": 0.9901527166366577,
        "R2Score_Exp": 0.7932471930980682,
        "Forgetting_Exp": 0.09780669212341309,
        "BWT_Exp": -0.09780669212341309
    },
    "2": {
        "Loss_Exp": 51.544795829732884,
        "RelativeDistance_Exp": 0.6924646894137064,
        "R2Score_Exp": 0.8341725667317709,
        "Forgetting_Exp": -0.018459737300872803,
        "BWT_Exp": 0.018459737300872803
    },
    "3": {
        "Loss_Exp": 46.982460098959486,
        "RelativeDistance_Exp": 0.5367281138896942,
        "R2Score_Exp": 0.8452957272529602,
        "Forgetting_Exp": -0.005643129348754883,
        "BWT_Exp": 0.005643129348754883
    },
    "4": {
        "Loss_Exp": 46.491587870016176,
        "RelativeDistance_Exp": 0.6914824098348618,
        "R2Score_Exp": 0.8470878601074219,
        "Forgetting_Exp": -0.013446271419525146,
        "BWT_Exp": 0.013446271419525146
    },
    "5": {
        "Loss_Exp": 45.19043847788935,
        "RelativeDistance_Exp": 0.6089682579040527,
        "R2Score_Exp": 0.823686937491099,
        "Forgetting_Exp": 0.01056804259618127,
        "BWT_Exp": -0.01056804259618127
    },
    "6": {
        "Loss_Exp": 56.15188198044508,
        "RelativeDistance_Exp": 0.6543823679288229,
        "R2Score_Exp": 0.8291570742925009,
        "Forgetting_Exp": -0.009938379128774044,
        "BWT_Exp": 0.009938379128774044
    },
    "7": {
        "Loss_Exp": 39.815635681152344,
        "RelativeDistance_Exp": 0.5692692399024963,
        "R2Score_Exp": 0.843002200126648,
        "Forgetting_Exp": 0.022138327360153198,
        "BWT_Exp": -0.022138327360153198
    },
    "8": {
        "Loss_Exp": 58.09647527511561,
        "RelativeDistance_Exp": 0.7184261083602905,
        "R2Score_Exp": 0.8246584534645081,
        "Forgetting_Exp": 0.0060152411460876465,
        "BWT_Exp": -0.0060152411460876465
    },
    "9": {
        "Loss_Exp": 61.15463595528134,
        "RelativeDistance_Exp": 0.6827707290649414,
        "R2Score_Exp": 0.8342629969120026
    },
    "stream": {
        "Loss_Stream/eval_phase/test_stream": 55.751321591430084,
        "RelativeDistance_Stream/eval_phase/test_stream": 0.692433682580789,
        "R2Score_Stream/eval_phase/test_stream": 0.8275459284583727,
        "Forgetting_Stream/eval_phase/test_stream": {
            "0": 0.08733683824539185,
            "1": 0.09780669212341309,
            "2": -0.018459737300872803,
            "3": -0.005643129348754883,
            "4": -0.013446271419525146,
            "5": 0.01056804259618127,
            "6": -0.009938379128774044,
            "7": 0.022138327360153198,
            "8": 0.0060152411460876465
        },
        "BWT_Stream/eval_phase/test_stream": {
            "0": 0.08733683824539185,
            "1": 0.09780669212341309,
            "2": -0.018459737300872803,
            "3": -0.005643129348754883,
            "4": -0.013446271419525146,
            "5": 0.01056804259618127,
            "6": -0.009938379128774044,
            "7": 0.022138327360153198,
            "8": 0.0060152411460876465
        }
    }
}