{
    "0": {
        "Loss_Exp": 52.91305038004301,
        "RelativeDistance_Exp": 1.0777223825454711,
        "R2Score_Exp": 0.7700286984443665,
        "Forgetting_Exp": 0.08202511072158813,
        "BWT_Exp": -0.08202511072158813
    },
    "1": {
        "Loss_Exp": 57.361770962686414,
        "RelativeDistance_Exp": 1.0164995153745016,
        "R2Score_Exp": 0.7655273834864299,
        "Forgetting_Exp": 0.08105430205663045,
        "BWT_Exp": -0.08105430205663045
    },
    "2": {
        "Loss_Exp": 43.01132700377491,
        "RelativeDistance_Exp": 1.0013691049355726,
        "R2Score_Exp": 0.8150911697974572,
        "Forgetting_Exp": 0.05017451139596785,
        "BWT_Exp": -0.05017451139596785
    },
    "3": {
        "Loss_Exp": 33.77587340829698,
        "RelativeDistance_Exp": 1.1104056239128113,
        "R2Score_Exp": 0.8651645713382297,
        "Forgetting_Exp": 0.03686296277576029,
        "BWT_Exp": -0.03686296277576029
    },
    "4": {
        "Loss_Exp": 37.93955172394567,
        "RelativeDistance_Exp": 1.0475342103413172,
        "R2Score_Exp": 0.8490885496139526,
        "Forgetting_Exp": 0.027350119182041666,
        "BWT_Exp": -0.027350119182041666
    },
    "5": {
        "Loss_Exp": 36.654343081371415,
        "RelativeDistance_Exp": 0.9671931366125742,
        "R2Score_Exp": 0.8564177453517914,
        "Forgetting_Exp": 0.013551086187362671,
        "BWT_Exp": -0.013551086187362671
    },
    "6": {
        "Loss_Exp": 35.37497900320003,
        "RelativeDistance_Exp": 1.295258805155754,
        "R2Score_Exp": 0.8648611903190613,
        "Forgetting_Exp": 0.01948564499616623,
        "BWT_Exp": -0.01948564499616623
    },
    "7": {
        "Loss_Exp": 44.29990899358588,
        "RelativeDistance_Exp": 0.896143227815628,
        "R2Score_Exp": 0.8455950394272804,
        "Forgetting_Exp": 0.026513859629631042,
        "BWT_Exp": -0.026513859629631042
    },
    "8": {
        "Loss_Exp": 34.149598584256076,
        "RelativeDistance_Exp": 0.8033177653948466,
        "R2Score_Exp": 0.8734774192174276,
        "Forgetting_Exp": 0.0417648355166117,
        "BWT_Exp": -0.0417648355166117
    },
    "9": {
        "Loss_Exp": 23.296368352584718,
        "RelativeDistance_Exp": 0.7549493312835693,
        "R2Score_Exp": 0.9148114919662476
    },
    "stream": {
        "Loss_Stream/eval_phase/test_stream": 43.82826185996395,
        "RelativeDistance_Stream/eval_phase/test_stream": 1.032384346296758,
        "R2Score_Stream/eval_phase/test_stream": 0.8244653763594451,
        "Forgetting_Stream/eval_phase/test_stream": {
            "0": 0.08202511072158813,
            "1": 0.08105430205663045,
            "2": 0.05017451139596785,
            "3": 0.03686296277576029,
            "4": 0.027350119182041666,
            "5": 0.013551086187362671,
            "6": 0.01948564499616623,
            "7": 0.026513859629631042,
            "8": 0.0417648355166117
        },
        "BWT_Stream/eval_phase/test_stream": {
            "0": 0.08202511072158813,
            "1": 0.08105430205663045,
            "2": 0.05017451139596785,
            "3": 0.03686296277576029,
            "4": 0.027350119182041666,
            "5": 0.013551086187362671,
            "6": 0.01948564499616623,
            "7": 0.026513859629631042,
            "8": 0.0417648355166117
        }
    }
}