{
    "0": {
        "Loss_Exp": 70.8311419345048,
        "Time_Exp": 0.3087868000002345,
        "RelativeDistance_Exp": 1.2581173956394196,
        "R2Score_Exp": 0.7080892205238343,
        "Forgetting_Exp": 0.1823579430580139,
        "BWT_Exp": -0.1823579430580139
    },
    "1": {
        "Loss_Exp": 69.48897486185517,
        "Time_Exp": 0.26623030000337167,
        "RelativeDistance_Exp": 1.1177677154541015,
        "R2Score_Exp": 0.7362658937772115,
        "Forgetting_Exp": 0.09818747043609621,
        "BWT_Exp": -0.09818747043609621
    },
    "2": {
        "Loss_Exp": 49.96470285695536,
        "Time_Exp": 0.2076173999994353,
        "RelativeDistance_Exp": 1.1105837913659902,
        "R2Score_Exp": 0.7928852714025058,
        "Forgetting_Exp": 0.07114864771182716,
        "BWT_Exp": -0.07114864771182716
    },
    "3": {
        "Loss_Exp": 38.380751498423415,
        "Time_Exp": 0.2962857999991684,
        "RelativeDistance_Exp": 1.2143636875682406,
        "R2Score_Exp": 0.8572270207934909,
        "Forgetting_Exp": 0.043492986096276276,
        "BWT_Exp": -0.043492986096276276
    },
    "4": {
        "Loss_Exp": 42.98514007677228,
        "Time_Exp": 0.09358540000175708,
        "RelativeDistance_Exp": 1.0956946441105433,
        "R2Score_Exp": 0.8388758557183402,
        "Forgetting_Exp": 0.041597298213413736,
        "BWT_Exp": -0.041597298213413736
    },
    "5": {
        "Loss_Exp": 41.900241045230665,
        "Time_Exp": 0.10038339999664458,
        "RelativeDistance_Exp": 0.9770640730857849,
        "R2Score_Exp": 0.8443273901939392,
        "Forgetting_Exp": 0.020525217056274414,
        "BWT_Exp": -0.020525217056274414
    },
    "6": {
        "Loss_Exp": 37.82452113660083,
        "Time_Exp": 0.11578200000076322,
        "RelativeDistance_Exp": 1.2483713626861572,
        "R2Score_Exp": 0.8594869151711464,
        "Forgetting_Exp": 0.023001357913017273,
        "BWT_Exp": -0.023001357913017273
    },
    "7": {
        "Loss_Exp": 49.28921305449203,
        "Time_Exp": 0.11590440000145463,
        "RelativeDistance_Exp": 0.9139240086078644,
        "R2Score_Exp": 0.8352708518505096,
        "Forgetting_Exp": 0.032356612384319305,
        "BWT_Exp": -0.032356612384319305
    },
    "8": {
        "Loss_Exp": 34.9752754309463,
        "Time_Exp": 0.03185180000218679,
        "RelativeDistance_Exp": 0.7729965448379517,
        "R2Score_Exp": 0.881931722164154,
        "Forgetting_Exp": 0.02659660577774048,
        "BWT_Exp": -0.02659660577774048
    },
    "9": {
        "Loss_Exp": 21.104309867943524,
        "Time_Exp": 0.020557499999995343,
        "RelativeDistance_Exp": 0.7469472289085388,
        "R2Score_Exp": 0.9209179580211639
    },
    "stream": {
        "Loss_Stream/eval_phase/test_stream": 51.60991847830738,
        "Time_Stream/eval_phase/test_stream": 1.5899969000020064,
        "RelativeDistance_Stream/eval_phase/test_stream": 1.1031857552351776,
        "R2Score_Stream/eval_phase/test_stream": 0.8040891466317354,
        "Forgetting_Stream/eval_phase/test_stream": {
            "0": 0.1823579430580139,
            "1": 0.09818747043609621,
            "2": 0.07114864771182716,
            "3": 0.043492986096276276,
            "4": 0.041597298213413736,
            "5": 0.020525217056274414,
            "6": 0.023001357913017273,
            "7": 0.032356612384319305,
            "8": 0.02659660577774048
        },
        "BWT_Stream/eval_phase/test_stream": {
            "0": 0.1823579430580139,
            "1": 0.09818747043609621,
            "2": 0.07114864771182716,
            "3": 0.043492986096276276,
            "4": 0.041597298213413736,
            "5": 0.020525217056274414,
            "6": 0.023001357913017273,
            "7": 0.032356612384319305,
            "8": 0.02659660577774048
        }
    }
}