{
    "0": {
        "Loss_Exp": 53.71543502807617,
        "RelativeDistance_Exp": 0.8569013476371765,
        "R2Score_Exp": 0.8227508068084717,
        "Forgetting_Exp": 0.03066253662109375,
        "BWT_Exp": -0.03066253662109375
    },
    "1": {
        "Loss_Exp": 44.984798431396484,
        "RelativeDistance_Exp": 0.8473683595657349,
        "R2Score_Exp": 0.8344029784202576,
        "Forgetting_Exp": -0.015180349349975586,
        "BWT_Exp": 0.015180349349975586
    },
    "2": {
        "Loss_Exp": 53.24753189086914,
        "RelativeDistance_Exp": 0.6911861896514893,
        "R2Score_Exp": 0.7953588962554932,
        "Forgetting_Exp": -0.028783321380615234,
        "BWT_Exp": 0.028783321380615234
    },
    "3": {
        "Loss_Exp": 43.38662338256836,
        "RelativeDistance_Exp": 0.6301113963127136,
        "R2Score_Exp": 0.8243871927261353,
        "Forgetting_Exp": -0.07712996006011963,
        "BWT_Exp": 0.07712996006011963
    },
    "4": {
        "Loss_Exp": 38.299320220947266,
        "RelativeDistance_Exp": 0.714538037776947,
        "R2Score_Exp": 0.812547504901886,
        "Forgetting_Exp": -0.02393859624862671,
        "BWT_Exp": 0.02393859624862671
    },
    "5": {
        "Loss_Exp": 40.848663330078125,
        "RelativeDistance_Exp": 0.65972900390625,
        "R2Score_Exp": 0.7819671630859375,
        "Forgetting_Exp": 0.004711925983428955,
        "BWT_Exp": -0.004711925983428955
    },
    "6": {
        "Loss_Exp": 44.09916305541992,
        "RelativeDistance_Exp": 0.6332564353942871,
        "R2Score_Exp": 0.7997410297393799,
        "Forgetting_Exp": -0.0019373893737792969,
        "BWT_Exp": 0.0019373893737792969
    },
    "7": {
        "Loss_Exp": 39.64458465576172,
        "RelativeDistance_Exp": 0.6149089336395264,
        "R2Score_Exp": 0.7828677296638489,
        "Forgetting_Exp": 0.04286116361618042,
        "BWT_Exp": -0.04286116361618042
    },
    "8": {
        "Loss_Exp": 47.37639617919922,
        "RelativeDistance_Exp": 0.6145881414413452,
        "R2Score_Exp": 0.81275475025177,
        "Forgetting_Exp": -0.011808037757873535,
        "BWT_Exp": 0.011808037757873535
    },
    "9": {
        "Loss_Exp": 74.5724868774414,
        "RelativeDistance_Exp": 0.9386150240898132,
        "R2Score_Exp": 0.7615628242492676
    },
    "stream": {
        "Loss_Stream/eval_phase/test_stream": 47.20152929784599,
        "RelativeDistance_Stream/eval_phase/test_stream": 0.7201202869415283,
        "R2Score_Stream/eval_phase/test_stream": 0.8028340876102448,
        "Forgetting_Stream/eval_phase/test_stream": {
            "0": 0.03066253662109375,
            "1": -0.015180349349975586,
            "2": -0.028783321380615234,
            "3": -0.07712996006011963,
            "4": -0.02393859624862671,
            "5": 0.004711925983428955,
            "6": -0.0019373893737792969,
            "7": 0.04286116361618042,
            "8": -0.011808037757873535
        },
        "BWT_Stream/eval_phase/test_stream": {
            "0": 0.03066253662109375,
            "1": -0.015180349349975586,
            "2": -0.028783321380615234,
            "3": -0.07712996006011963,
            "4": -0.02393859624862671,
            "5": 0.004711925983428955,
            "6": -0.0019373893737792969,
            "7": 0.04286116361618042,
            "8": -0.011808037757873535
        }
    }
}