{
    "0": {
        "Loss_Exp": 40.408431154327076,
        "RelativeDistance_Exp": 0.9740126252174377,
        "R2Score_Exp": 0.8224266350269318,
        "Forgetting_Exp": 0.02586379647254944,
        "BWT_Exp": -0.02586379647254944
    },
    "1": {
        "Loss_Exp": 44.48611219613618,
        "RelativeDistance_Exp": 0.859216050306956,
        "R2Score_Exp": 0.8137994845708211,
        "Forgetting_Exp": 0.012531197071075528,
        "BWT_Exp": -0.012531197071075528
    },
    "2": {
        "Loss_Exp": 38.630803770715836,
        "RelativeDistance_Exp": 0.8530504932770362,
        "R2Score_Exp": 0.8363490104675293,
        "Forgetting_Exp": 0.004381289848914505,
        "BWT_Exp": -0.004381289848914505
    },
    "3": {
        "Loss_Exp": 35.362480702999385,
        "RelativeDistance_Exp": 0.8506088654200236,
        "R2Score_Exp": 0.8593291772736443,
        "Forgetting_Exp": 0.016335977448357464,
        "BWT_Exp": -0.016335977448357464
    },
    "4": {
        "Loss_Exp": 41.25835519710832,
        "RelativeDistance_Exp": 0.8095350095203945,
        "R2Score_Exp": 0.8437286019325256,
        "Forgetting_Exp": -0.0018108316830226512,
        "BWT_Exp": 0.0018108316830226512
    },
    "5": {
        "Loss_Exp": 40.87622305033742,
        "RelativeDistance_Exp": 0.7578680614630381,
        "R2Score_Exp": 0.8441236217816671,
        "Forgetting_Exp": 0.0019138654073078687,
        "BWT_Exp": -0.0019138654073078687
    },
    "6": {
        "Loss_Exp": 38.247286978289154,
        "RelativeDistance_Exp": 0.9085767641663551,
        "R2Score_Exp": 0.8570983409881592,
        "Forgetting_Exp": 0.008641466498374939,
        "BWT_Exp": -0.008641466498374939
    },
    "7": {
        "Loss_Exp": 51.426472262127554,
        "RelativeDistance_Exp": 0.6977720260620117,
        "R2Score_Exp": 0.8233680948615074,
        "Forgetting_Exp": 0.01618504524230957,
        "BWT_Exp": -0.01618504524230957
    },
    "8": {
        "Loss_Exp": 39.76835501549604,
        "RelativeDistance_Exp": 0.7117998600006104,
        "R2Score_Exp": 0.8554200728734335,
        "Forgetting_Exp": 0.04795316855112708,
        "BWT_Exp": -0.04795316855112708
    },
    "9": {
        "Loss_Exp": 29.617800118617136,
        "RelativeDistance_Exp": 0.584658294916153,
        "R2Score_Exp": 0.8973633348941803
    },
    "stream": {
        "Loss_Stream/eval_phase/test_stream": 41.08466455012548,
        "RelativeDistance_Stream/eval_phase/test_stream": 0.83633287821287,
        "R2Score_Stream/eval_phase/test_stream": 0.8372014650592098,
        "Forgetting_Stream/eval_phase/test_stream": {
            "0": 0.02586379647254944,
            "1": 0.012531197071075528,
            "2": 0.004381289848914505,
            "3": 0.016335977448357464,
            "4": -0.0018108316830226512,
            "5": 0.0019138654073078687,
            "6": 0.008641466498374939,
            "7": 0.01618504524230957,
            "8": 0.04795316855112708
        },
        "BWT_Stream/eval_phase/test_stream": {
            "0": 0.02586379647254944,
            "1": 0.012531197071075528,
            "2": 0.004381289848914505,
            "3": 0.016335977448357464,
            "4": -0.0018108316830226512,
            "5": 0.0019138654073078687,
            "6": 0.008641466498374939,
            "7": 0.01618504524230957,
            "8": 0.04795316855112708
        }
    }
}