{
    "0": {
        "Loss_Exp": 74.59068971709885,
        "RelativeDistance_Exp": 1.0224918186664582,
        "R2Score_Exp": 0.6643605887889862,
        "Forgetting_Exp": 0.18464924097061164,
        "BWT_Exp": -0.18464924097061164
    },
    "1": {
        "Loss_Exp": 80.52883057721981,
        "RelativeDistance_Exp": 0.9032207210858663,
        "R2Score_Exp": 0.6771990338961283,
        "Forgetting_Exp": 0.20492556889851887,
        "BWT_Exp": -0.20492556889851887
    },
    "2": {
        "Loss_Exp": 56.578109399855784,
        "RelativeDistance_Exp": 0.7552500046216525,
        "R2Score_Exp": 0.7616084859921382,
        "Forgetting_Exp": 0.13609407039789057,
        "BWT_Exp": -0.13609407039789057
    },
    "3": {
        "Loss_Exp": 42.000190632052046,
        "RelativeDistance_Exp": 0.7822028398513794,
        "R2Score_Exp": 0.8324023087819418,
        "Forgetting_Exp": 0.09719969166649711,
        "BWT_Exp": -0.09719969166649711
    },
    "4": {
        "Loss_Exp": 47.19016818960488,
        "RelativeDistance_Exp": 0.7361903360911778,
        "R2Score_Exp": 0.8083163159234183,
        "Forgetting_Exp": 0.1027182851518903,
        "BWT_Exp": -0.1027182851518903
    },
    "5": {
        "Loss_Exp": 41.50240601391241,
        "RelativeDistance_Exp": 0.6318051020304362,
        "R2Score_Exp": 0.8367369771003723,
        "Forgetting_Exp": 0.05515363812446594,
        "BWT_Exp": -0.05515363812446594
    },
    "6": {
        "Loss_Exp": 36.89446656918772,
        "RelativeDistance_Exp": 0.7344604581594467,
        "R2Score_Exp": 0.8574541807174683,
        "Forgetting_Exp": 0.04818671941757202,
        "BWT_Exp": -0.04818671941757202
    },
    "7": {
        "Loss_Exp": 45.68525919785861,
        "RelativeDistance_Exp": 0.5634466037154198,
        "R2Score_Exp": 0.8421726077795029,
        "Forgetting_Exp": 0.04866939038038254,
        "BWT_Exp": -0.04866939038038254
    },
    "8": {
        "Loss_Exp": 28.144121951715505,
        "RelativeDistance_Exp": 0.4846549928188324,
        "R2Score_Exp": 0.904920756816864,
        "Forgetting_Exp": 0.02224665880203247,
        "BWT_Exp": -0.02224665880203247
    },
    "9": {
        "Loss_Exp": 19.517847505499937,
        "RelativeDistance_Exp": 0.48501357436180115,
        "R2Score_Exp": 0.9222970306873322
    },
    "stream": {
        "Loss_Stream/eval_phase/test_stream": 55.353081935341734,
        "RelativeDistance_Stream/eval_phase/test_stream": 0.7701569902308193,
        "R2Score_Stream/eval_phase/test_stream": 0.7781373976189413,
        "Forgetting_Stream/eval_phase/test_stream": {
            "0": 0.18464924097061164,
            "1": 0.20492556889851887,
            "2": 0.13609407039789057,
            "3": 0.09719969166649711,
            "4": 0.1027182851518903,
            "5": 0.05515363812446594,
            "6": 0.04818671941757202,
            "7": 0.04866939038038254,
            "8": 0.02224665880203247
        },
        "BWT_Stream/eval_phase/test_stream": {
            "0": 0.18464924097061164,
            "1": 0.20492556889851887,
            "2": 0.13609407039789057,
            "3": 0.09719969166649711,
            "4": 0.1027182851518903,
            "5": 0.05515363812446594,
            "6": 0.04818671941757202,
            "7": 0.04866939038038254,
            "8": 0.02224665880203247
        }
    }
}