{
    "0": {
        "Loss_Exp": 67.68424234770129,
        "RelativeDistance_Exp": 1.379965478181839,
        "R2Score_Exp": 0.7145951211452484,
        "Forgetting_Exp": 0.13647052049636843,
        "BWT_Exp": -0.13647052049636843
    },
    "1": {
        "Loss_Exp": 76.13938623587963,
        "RelativeDistance_Exp": 1.419819188117981,
        "R2Score_Exp": 0.7088865081469218,
        "Forgetting_Exp": 0.1431866526603699,
        "BWT_Exp": -0.1431866526603699
    },
    "2": {
        "Loss_Exp": 49.76365564827536,
        "RelativeDistance_Exp": 1.1679948293245757,
        "R2Score_Exp": 0.7933764182604276,
        "Forgetting_Exp": 0.08046519756317139,
        "BWT_Exp": -0.08046519756317139
    },
    "3": {
        "Loss_Exp": 34.52874463937786,
        "RelativeDistance_Exp": 1.1827390525076125,
        "R2Score_Exp": 0.8645373119248284,
        "Forgetting_Exp": 0.044842567708757164,
        "BWT_Exp": -0.044842567708757164
    },
    "4": {
        "Loss_Exp": 43.350434659707425,
        "RelativeDistance_Exp": 1.1145610809326172,
        "R2Score_Exp": 0.8350482412746975,
        "Forgetting_Exp": 0.04992302826472694,
        "BWT_Exp": -0.04992302826472694
    },
    "5": {
        "Loss_Exp": 42.44887717334314,
        "RelativeDistance_Exp": 0.9908514420191447,
        "R2Score_Exp": 0.8392300208409628,
        "Forgetting_Exp": 0.032387683788935306,
        "BWT_Exp": -0.032387683788935306
    },
    "6": {
        "Loss_Exp": 36.85025682735772,
        "RelativeDistance_Exp": 1.3095737844705582,
        "R2Score_Exp": 0.8611358255147934,
        "Forgetting_Exp": 0.028373658657073975,
        "BWT_Exp": -0.028373658657073975
    },
    "7": {
        "Loss_Exp": 46.46157634507906,
        "RelativeDistance_Exp": 0.9062963202595711,
        "R2Score_Exp": 0.8416431620717049,
        "Forgetting_Exp": 0.038111455738544464,
        "BWT_Exp": -0.038111455738544464
    },
    "8": {
        "Loss_Exp": 35.22546536400538,
        "RelativeDistance_Exp": 0.8065083424250284,
        "R2Score_Exp": 0.8733162879943848,
        "Forgetting_Exp": 0.04148187239964807,
        "BWT_Exp": -0.04148187239964807
    },
    "9": {
        "Loss_Exp": 21.808456058169696,
        "RelativeDistance_Exp": 0.7527576386928558,
        "R2Score_Exp": 0.9176602959632874
    },
    "stream": {
        "Loss_Stream/eval_phase/test_stream": 51.764342080938846,
        "RelativeDistance_Stream/eval_phase/test_stream": 1.1891921508459398,
        "R2Score_Stream/eval_phase/test_stream": 0.8003974969004407,
        "Forgetting_Stream/eval_phase/test_stream": {
            "0": 0.13647052049636843,
            "1": 0.1431866526603699,
            "2": 0.08046519756317139,
            "3": 0.044842567708757164,
            "4": 0.04992302826472694,
            "5": 0.032387683788935306,
            "6": 0.028373658657073975,
            "7": 0.038111455738544464,
            "8": 0.04148187239964807
        },
        "BWT_Stream/eval_phase/test_stream": {
            "0": 0.13647052049636843,
            "1": 0.1431866526603699,
            "2": 0.08046519756317139,
            "3": 0.044842567708757164,
            "4": 0.04992302826472694,
            "5": 0.032387683788935306,
            "6": 0.028373658657073975,
            "7": 0.038111455738544464,
            "8": 0.04148187239964807
        }
    }
}