{
    "0": {
        "Loss_Exp": 30.497657775878906,
        "RelativeDistance_Exp": 0.6610915660858154,
        "R2Score_Exp": 0.8693126440048218,
        "Forgetting_Exp": 0.03192061185836792,
        "BWT_Exp": -0.03192061185836792
    },
    "1": {
        "Loss_Exp": 33.39773941040039,
        "RelativeDistance_Exp": 0.6627391576766968,
        "R2Score_Exp": 0.8599231243133545,
        "Forgetting_Exp": 0.027023792266845703,
        "BWT_Exp": -0.027023792266845703
    },
    "2": {
        "Loss_Exp": 33.589820861816406,
        "RelativeDistance_Exp": 0.7016067504882812,
        "R2Score_Exp": 0.859035313129425,
        "Forgetting_Exp": 0.03611570596694946,
        "BWT_Exp": -0.03611570596694946
    },
    "3": {
        "Loss_Exp": 32.034156799316406,
        "RelativeDistance_Exp": 0.6428672075271606,
        "R2Score_Exp": 0.8612133860588074,
        "Forgetting_Exp": 0.032598674297332764,
        "BWT_Exp": -0.032598674297332764
    },
    "4": {
        "Loss_Exp": 38.962303161621094,
        "RelativeDistance_Exp": 0.768208920955658,
        "R2Score_Exp": 0.8564342260360718,
        "Forgetting_Exp": 0.0357358455657959,
        "BWT_Exp": -0.0357358455657959
    },
    "5": {
        "Loss_Exp": 36.724544525146484,
        "RelativeDistance_Exp": 0.7187511920928955,
        "R2Score_Exp": 0.8603423833847046,
        "Forgetting_Exp": 0.03247261047363281,
        "BWT_Exp": -0.03247261047363281
    },
    "6": {
        "Loss_Exp": 33.26860427856445,
        "RelativeDistance_Exp": 0.5466755032539368,
        "R2Score_Exp": 0.8698059916496277,
        "Forgetting_Exp": 0.013197839260101318,
        "BWT_Exp": -0.013197839260101318
    },
    "7": {
        "Loss_Exp": 31.04241943359375,
        "RelativeDistance_Exp": 0.6560314297676086,
        "R2Score_Exp": 0.8811057209968567,
        "Forgetting_Exp": -0.020561933517456055,
        "BWT_Exp": 0.020561933517456055
    },
    "8": {
        "Loss_Exp": 27.145217895507812,
        "RelativeDistance_Exp": 0.451370507478714,
        "R2Score_Exp": 0.8994491696357727,
        "Forgetting_Exp": 0.013121724128723145,
        "BWT_Exp": -0.013121724128723145
    },
    "9": {
        "Loss_Exp": 17.79397201538086,
        "RelativeDistance_Exp": 0.7707476019859314,
        "R2Score_Exp": 0.9322327971458435
    },
    "stream": {
        "Loss_Stream/eval_phase/test_stream": 33.79290019863828,
        "RelativeDistance_Stream/eval_phase/test_stream": 0.6580089837312698,
        "R2Score_Stream/eval_phase/test_stream": 0.8748854756355285,
        "Forgetting_Stream/eval_phase/test_stream": {
            "0": 0.03192061185836792,
            "1": 0.027023792266845703,
            "2": 0.03611570596694946,
            "3": 0.032598674297332764,
            "4": 0.0357358455657959,
            "5": 0.03247261047363281,
            "6": 0.013197839260101318,
            "7": -0.020561933517456055,
            "8": 0.013121724128723145
        },
        "BWT_Stream/eval_phase/test_stream": {
            "0": 0.03192061185836792,
            "1": 0.027023792266845703,
            "2": 0.03611570596694946,
            "3": 0.032598674297332764,
            "4": 0.0357358455657959,
            "5": 0.03247261047363281,
            "6": 0.013197839260101318,
            "7": -0.020561933517456055,
            "8": 0.013121724128723145
        }
    }
}