{
    "0": {
        "Loss_Exp": 45.58774948120117,
        "RelativeDistance_Exp": 0.5482911467552185,
        "R2Score_Exp": 0.8442263007164001,
        "Forgetting_Exp": 0.006219089031219482,
        "BWT_Exp": -0.006219089031219482
    },
    "1": {
        "Loss_Exp": 21.040849685668945,
        "RelativeDistance_Exp": 0.5199351906776428,
        "R2Score_Exp": 0.9146255254745483,
        "Forgetting_Exp": -0.012637317180633545,
        "BWT_Exp": 0.012637317180633545
    },
    "2": {
        "Loss_Exp": 27.431415557861328,
        "RelativeDistance_Exp": 0.43295857310295105,
        "R2Score_Exp": 0.8744550943374634,
        "Forgetting_Exp": -0.025476932525634766,
        "BWT_Exp": 0.025476932525634766
    },
    "3": {
        "Loss_Exp": 20.310998916625977,
        "RelativeDistance_Exp": 0.3653523921966553,
        "R2Score_Exp": 0.9161731004714966,
        "Forgetting_Exp": -0.039316773414611816,
        "BWT_Exp": 0.039316773414611816
    },
    "4": {
        "Loss_Exp": 18.1198787689209,
        "RelativeDistance_Exp": 0.37404635548591614,
        "R2Score_Exp": 0.9094648361206055,
        "Forgetting_Exp": -0.003055572509765625,
        "BWT_Exp": 0.003055572509765625
    },
    "5": {
        "Loss_Exp": 21.199520111083984,
        "RelativeDistance_Exp": 0.40272292494773865,
        "R2Score_Exp": 0.8831651210784912,
        "Forgetting_Exp": 0.00873410701751709,
        "BWT_Exp": -0.00873410701751709
    },
    "6": {
        "Loss_Exp": 22.949073791503906,
        "RelativeDistance_Exp": 0.364542156457901,
        "R2Score_Exp": 0.886300265789032,
        "Forgetting_Exp": -0.0031751394271850586,
        "BWT_Exp": 0.0031751394271850586
    },
    "7": {
        "Loss_Exp": 22.816770553588867,
        "RelativeDistance_Exp": 0.3998185098171234,
        "R2Score_Exp": 0.8948811292648315,
        "Forgetting_Exp": 0.019813120365142822,
        "BWT_Exp": -0.019813120365142822
    },
    "8": {
        "Loss_Exp": 26.530553817749023,
        "RelativeDistance_Exp": 0.36697933077812195,
        "R2Score_Exp": 0.882526159286499,
        "Forgetting_Exp": 0.005825459957122803,
        "BWT_Exp": -0.005825459957122803
    },
    "9": {
        "Loss_Exp": 41.81217956542969,
        "RelativeDistance_Exp": 0.5378836989402771,
        "R2Score_Exp": 0.8583688735961914
    },
    "stream": {
        "Loss_Stream/eval_phase/test_stream": 25.7434136761367,
        "RelativeDistance_Stream/eval_phase/test_stream": 0.4312530279159546,
        "R2Score_Stream/eval_phase/test_stream": 0.8864186406135559,
        "Forgetting_Stream/eval_phase/test_stream": {
            "0": 0.006219089031219482,
            "1": -0.012637317180633545,
            "2": -0.025476932525634766,
            "3": -0.039316773414611816,
            "4": -0.003055572509765625,
            "5": 0.00873410701751709,
            "6": -0.0031751394271850586,
            "7": 0.019813120365142822,
            "8": 0.005825459957122803
        },
        "BWT_Stream/eval_phase/test_stream": {
            "0": 0.006219089031219482,
            "1": -0.012637317180633545,
            "2": -0.025476932525634766,
            "3": -0.039316773414611816,
            "4": -0.003055572509765625,
            "5": 0.00873410701751709,
            "6": -0.0031751394271850586,
            "7": 0.019813120365142822,
            "8": 0.005825459957122803
        }
    }
}