{
    "0": {
        "Loss_Exp": 51.23654997083876,
        "RelativeDistance_Exp": 0.7155653536319733,
        "R2Score_Exp": 0.8842438459396362
    },
    "1": {
        "Loss_Exp": 41.42626356714459,
        "RelativeDistance_Exp": 1.4058363437652588,
        "R2Score_Exp": 0.8786789774894714
    },
    "2": {
        "Loss_Exp": 39.747878656294326,
        "RelativeDistance_Exp": 0.6063202122847239,
        "R2Score_Exp": 0.8733291228612264
    },
    "3": {
        "Loss_Exp": 32.438328897916946,
        "RelativeDistance_Exp": 0.5127318799495697,
        "R2Score_Exp": 0.891696035861969
    },
    "4": {
        "Loss_Exp": 33.81959250492066,
        "RelativeDistance_Exp": 0.6595938801765442,
        "R2Score_Exp": 0.8905008435249329
    },
    "5": {
        "Loss_Exp": 31.781021947446078,
        "RelativeDistance_Exp": 0.5587910811106364,
        "R2Score_Exp": 0.8765947818756104
    },
    "6": {
        "Loss_Exp": 38.05419432998549,
        "RelativeDistance_Exp": 0.5569975773493449,
        "R2Score_Exp": 0.8818827867507935
    },
    "7": {
        "Loss_Exp": 31.448104858398438,
        "RelativeDistance_Exp": 0.5600894689559937,
        "R2Score_Exp": 0.8759963512420654
    },
    "8": {
        "Loss_Exp": 41.48294645096528,
        "RelativeDistance_Exp": 0.7789806872606277,
        "R2Score_Exp": 0.8658457398414612
    },
    "9": {
        "Loss_Exp": 56.740468601822165,
        "RelativeDistance_Exp": 0.7311215400695801,
        "R2Score_Exp": 0.8458240032196045
    },
    "stream": {
        "Loss_Stream/eval_phase/test_stream": 38.95770567183851,
        "RelativeDistance_Stream/eval_phase/test_stream": 0.6938859671354294,
        "R2Score_Stream/eval_phase/test_stream": 0.8777498751878738,
        "Forgetting_Stream/eval_phase/test_stream": {},
        "BWT_Stream/eval_phase/test_stream": {}
    }
}