{
    "0": {
        "Loss_Exp": 72.30334080150293,
        "RelativeDistance_Exp": 1.1168785870075226,
        "R2Score_Exp": 0.7009874522686005,
        "Forgetting_Exp": 0.18460448980331423,
        "BWT_Exp": -0.18460448980331423
    },
    "1": {
        "Loss_Exp": 73.97785106587511,
        "RelativeDistance_Exp": 1.0795190930366516,
        "R2Score_Exp": 0.7151943564414978,
        "Forgetting_Exp": 0.17230144341786702,
        "BWT_Exp": -0.17230144341786702
    },
    "2": {
        "Loss_Exp": 53.63983905156199,
        "RelativeDistance_Exp": 0.9121334461065439,
        "R2Score_Exp": 0.7780384788146386,
        "Forgetting_Exp": 0.1210261262380159,
        "BWT_Exp": -0.1210261262380159
    },
    "3": {
        "Loss_Exp": 40.01287563895,
        "RelativeDistance_Exp": 0.85291854540507,
        "R2Score_Exp": 0.8436290886667039,
        "Forgetting_Exp": 0.0871459643046062,
        "BWT_Exp": -0.0871459643046062
    },
    "4": {
        "Loss_Exp": 48.84817852652071,
        "RelativeDistance_Exp": 0.7997139607157026,
        "R2Score_Exp": 0.8060824871063232,
        "Forgetting_Exp": 0.10300828729357037,
        "BWT_Exp": -0.10300828729357037
    },
    "5": {
        "Loss_Exp": 45.14669234565403,
        "RelativeDistance_Exp": 0.7178680698076884,
        "R2Score_Exp": 0.8280178507169088,
        "Forgetting_Exp": 0.06276426712671912,
        "BWT_Exp": -0.06276426712671912
    },
    "6": {
        "Loss_Exp": 36.49270329740704,
        "RelativeDistance_Exp": 0.8452687188982964,
        "R2Score_Exp": 0.8593285232782364,
        "Forgetting_Exp": 0.04011218994855881,
        "BWT_Exp": -0.04011218994855881
    },
    "7": {
        "Loss_Exp": 48.750934500197594,
        "RelativeDistance_Exp": 0.603801041841507,
        "R2Score_Exp": 0.8364019691944122,
        "Forgetting_Exp": 0.05488889664411545,
        "BWT_Exp": -0.05488889664411545
    },
    "8": {
        "Loss_Exp": 31.31394181026128,
        "RelativeDistance_Exp": 0.5568333168824514,
        "R2Score_Exp": 0.8870505491892496,
        "Forgetting_Exp": 0.03168030579884851,
        "BWT_Exp": -0.03168030579884851
    },
    "9": {
        "Loss_Exp": 22.87935870574129,
        "RelativeDistance_Exp": 0.4887295514345169,
        "R2Score_Exp": 0.9094411432743073
    },
    "stream": {
        "Loss_Stream/eval_phase/test_stream": 53.91069651337884,
        "RelativeDistance_Stream/eval_phase/test_stream": 0.8770530525548959,
        "R2Score_Stream/eval_phase/test_stream": 0.7913767195042268,
        "Forgetting_Stream/eval_phase/test_stream": {
            "0": 0.18460448980331423,
            "1": 0.17230144341786702,
            "2": 0.1210261262380159,
            "3": 0.0871459643046062,
            "4": 0.10300828729357037,
            "5": 0.06276426712671912,
            "6": 0.04011218994855881,
            "7": 0.05488889664411545,
            "8": 0.03168030579884851
        },
        "BWT_Stream/eval_phase/test_stream": {
            "0": 0.18460448980331423,
            "1": 0.17230144341786702,
            "2": 0.1210261262380159,
            "3": 0.0871459643046062,
            "4": 0.10300828729357037,
            "5": 0.06276426712671912,
            "6": 0.04011218994855881,
            "7": 0.05488889664411545,
            "8": 0.03168030579884851
        }
    }
}