{
    "0": {
        "Loss_Exp": 42.337162017822266,
        "RelativeDistance_Exp": 0.5911926031112671,
        "R2Score_Exp": 0.8392874002456665,
        "Forgetting_Exp": 0.059560179710388184,
        "BWT_Exp": -0.059560179710388184
    },
    "1": {
        "Loss_Exp": 41.137691497802734,
        "RelativeDistance_Exp": 0.622516930103302,
        "R2Score_Exp": 0.8404481410980225,
        "Forgetting_Exp": 0.053681135177612305,
        "BWT_Exp": -0.053681135177612305
    },
    "2": {
        "Loss_Exp": 47.97505569458008,
        "RelativeDistance_Exp": 0.7027701139450073,
        "R2Score_Exp": 0.8135431408882141,
        "Forgetting_Exp": 0.07844263315200806,
        "BWT_Exp": -0.07844263315200806
    },
    "3": {
        "Loss_Exp": 45.505126953125,
        "RelativeDistance_Exp": 0.6646707057952881,
        "R2Score_Exp": 0.8103389143943787,
        "Forgetting_Exp": 0.07794207334518433,
        "BWT_Exp": -0.07794207334518433
    },
    "4": {
        "Loss_Exp": 54.7435188293457,
        "RelativeDistance_Exp": 0.7132717370986938,
        "R2Score_Exp": 0.8131754398345947,
        "Forgetting_Exp": 0.07728332281112671,
        "BWT_Exp": -0.07728332281112671
    },
    "5": {
        "Loss_Exp": 46.211299896240234,
        "RelativeDistance_Exp": 0.637723445892334,
        "R2Score_Exp": 0.8334527015686035,
        "Forgetting_Exp": 0.057086825370788574,
        "BWT_Exp": -0.057086825370788574
    },
    "6": {
        "Loss_Exp": 43.607826232910156,
        "RelativeDistance_Exp": 0.5766010284423828,
        "R2Score_Exp": 0.8416727781295776,
        "Forgetting_Exp": 0.0464627742767334,
        "BWT_Exp": -0.0464627742767334
    },
    "7": {
        "Loss_Exp": 44.61505126953125,
        "RelativeDistance_Exp": 0.5779556035995483,
        "R2Score_Exp": 0.839145302772522,
        "Forgetting_Exp": 0.0300447940826416,
        "BWT_Exp": -0.0300447940826416
    },
    "8": {
        "Loss_Exp": 42.80695724487305,
        "RelativeDistance_Exp": 0.44851019978523254,
        "R2Score_Exp": 0.8566625118255615,
        "Forgetting_Exp": 0.05261337757110596,
        "BWT_Exp": -0.05261337757110596
    },
    "9": {
        "Loss_Exp": 18.792633056640625,
        "RelativeDistance_Exp": 0.5284531712532043,
        "R2Score_Exp": 0.929253101348877
    },
    "stream": {
        "Loss_Stream/eval_phase/test_stream": 45.67633195343656,
        "RelativeDistance_Stream/eval_phase/test_stream": 0.6063665539026261,
        "R2Score_Stream/eval_phase/test_stream": 0.8416979432106018,
        "Forgetting_Stream/eval_phase/test_stream": {
            "0": 0.059560179710388184,
            "1": 0.053681135177612305,
            "2": 0.07844263315200806,
            "3": 0.07794207334518433,
            "4": 0.07728332281112671,
            "5": 0.057086825370788574,
            "6": 0.0464627742767334,
            "7": 0.0300447940826416,
            "8": 0.05261337757110596
        },
        "BWT_Stream/eval_phase/test_stream": {
            "0": 0.059560179710388184,
            "1": 0.053681135177612305,
            "2": 0.07844263315200806,
            "3": 0.07794207334518433,
            "4": 0.07728332281112671,
            "5": 0.057086825370788574,
            "6": 0.0464627742767334,
            "7": 0.0300447940826416,
            "8": 0.05261337757110596
        }
    }
}