{
    "0": {
        "Loss_Exp": 67.32669309540115,
        "RelativeDistance_Exp": 1.3131906926631927,
        "R2Score_Exp": 0.7155432224273681,
        "Forgetting_Exp": 0.13762484192848212,
        "BWT_Exp": -0.13762484192848212
    },
    "1": {
        "Loss_Exp": 74.48293653579937,
        "RelativeDistance_Exp": 1.3093364318211873,
        "R2Score_Exp": 0.7127355972925822,
        "Forgetting_Exp": 0.1426814993222555,
        "BWT_Exp": -0.1426814993222555
    },
    "2": {
        "Loss_Exp": 49.93368683593457,
        "RelativeDistance_Exp": 1.0426186139766986,
        "R2Score_Exp": 0.7883098400556124,
        "Forgetting_Exp": 0.08644577631583583,
        "BWT_Exp": -0.08644577631583583
    },
    "3": {
        "Loss_Exp": 35.82338245317519,
        "RelativeDistance_Exp": 1.0397743582725525,
        "R2Score_Exp": 0.8590148157543607,
        "Forgetting_Exp": 0.0528272324138217,
        "BWT_Exp": -0.0528272324138217
    },
    "4": {
        "Loss_Exp": 45.02228005436611,
        "RelativeDistance_Exp": 0.9726972494806562,
        "R2Score_Exp": 0.8213469130652291,
        "Forgetting_Exp": 0.06412429468972347,
        "BWT_Exp": -0.06412429468972347
    },
    "5": {
        "Loss_Exp": 43.142158741749824,
        "RelativeDistance_Exp": 0.85749951004982,
        "R2Score_Exp": 0.8346407810846964,
        "Forgetting_Exp": 0.0387900173664093,
        "BWT_Exp": -0.0387900173664093
    },
    "6": {
        "Loss_Exp": 37.50405466257205,
        "RelativeDistance_Exp": 1.0687630027532578,
        "R2Score_Exp": 0.8571970164775848,
        "Forgetting_Exp": 0.03161908686161041,
        "BWT_Exp": -0.03161908686161041
    },
    "7": {
        "Loss_Exp": 46.15846859971109,
        "RelativeDistance_Exp": 0.7656111791729927,
        "R2Score_Exp": 0.8413473144173622,
        "Forgetting_Exp": 0.03972892463207245,
        "BWT_Exp": -0.03972892463207245
    },
    "8": {
        "Loss_Exp": 33.46298778511177,
        "RelativeDistance_Exp": 0.7565542260805765,
        "R2Score_Exp": 0.880271852016449,
        "Forgetting_Exp": 0.033331096172332764,
        "BWT_Exp": -0.033331096172332764
    },
    "9": {
        "Loss_Exp": 21.99826171318816,
        "RelativeDistance_Exp": 0.664656788110733,
        "R2Score_Exp": 0.9138537645339966
    },
    "stream": {
        "Loss_Stream/eval_phase/test_stream": 51.753845256811886,
        "RelativeDistance_Stream/eval_phase/test_stream": 1.0606396558844013,
        "R2Score_Stream/eval_phase/test_stream": 0.7980219537829175,
        "Forgetting_Stream/eval_phase/test_stream": {
            "0": 0.13762484192848212,
            "1": 0.1426814993222555,
            "2": 0.08644577631583583,
            "3": 0.0528272324138217,
            "4": 0.06412429468972347,
            "5": 0.0387900173664093,
            "6": 0.03161908686161041,
            "7": 0.03972892463207245,
            "8": 0.033331096172332764
        },
        "BWT_Stream/eval_phase/test_stream": {
            "0": 0.13762484192848212,
            "1": 0.1426814993222555,
            "2": 0.08644577631583583,
            "3": 0.0528272324138217,
            "4": 0.06412429468972347,
            "5": 0.0387900173664093,
            "6": 0.03161908686161041,
            "7": 0.03972892463207245,
            "8": 0.033331096172332764
        }
    }
}