{
    "0": {
        "Loss_Exp": 118.51246918795401,
        "RelativeDistance_Exp": 1.35856294631958,
        "R2Score_Exp": 0.7313145101070404,
        "Forgetting_Exp": 0.14123284816741943,
        "BWT_Exp": -0.14123284816741943
    },
    "1": {
        "Loss_Exp": 73.18373140854357,
        "RelativeDistance_Exp": 1.6666030883789062,
        "R2Score_Exp": 0.7893250584602356,
        "Forgetting_Exp": 0.10584190487861633,
        "BWT_Exp": -0.10584190487861633
    },
    "2": {
        "Loss_Exp": 60.35066789196384,
        "RelativeDistance_Exp": 1.1404004295667012,
        "R2Score_Exp": 0.8060277104377747,
        "Forgetting_Exp": 0.026522457599639893,
        "BWT_Exp": -0.026522457599639893
    },
    "3": {
        "Loss_Exp": 51.215019899708956,
        "RelativeDistance_Exp": 0.9004262983798981,
        "R2Score_Exp": 0.8304162323474884,
        "Forgetting_Exp": 0.03203025460243225,
        "BWT_Exp": -0.03203025460243225
    },
    "4": {
        "Loss_Exp": 45.656422095744965,
        "RelativeDistance_Exp": 1.1092555075883865,
        "R2Score_Exp": 0.8497505635023117,
        "Forgetting_Exp": 0.003932833671569824,
        "BWT_Exp": -0.003932833671569824
    },
    "5": {
        "Loss_Exp": 44.85268086972444,
        "RelativeDistance_Exp": 0.9600056211153666,
        "R2Score_Exp": 0.8249366680781046,
        "Forgetting_Exp": 0.02610689401626587,
        "BWT_Exp": -0.02610689401626587
    },
    "6": {
        "Loss_Exp": 54.302924382996615,
        "RelativeDistance_Exp": 0.8325532674789429,
        "R2Score_Exp": 0.8249426881472269,
        "Forgetting_Exp": 0.01744818687438965,
        "BWT_Exp": -0.01744818687438965
    },
    "7": {
        "Loss_Exp": 38.535316467285156,
        "RelativeDistance_Exp": 0.9675253629684448,
        "R2Score_Exp": 0.8480506539344788,
        "Forgetting_Exp": 0.03475761413574219,
        "BWT_Exp": -0.03475761413574219
    },
    "8": {
        "Loss_Exp": 49.82606195454296,
        "RelativeDistance_Exp": 1.0830904245376587,
        "R2Score_Exp": 0.837774932384491,
        "Forgetting_Exp": -0.011345863342285156,
        "BWT_Exp": 0.011345863342285156
    },
    "9": {
        "Loss_Exp": 55.08798358895186,
        "RelativeDistance_Exp": 1.1292362213134766,
        "R2Score_Exp": 0.8500058948993683
    },
    "stream": {
        "Loss_Stream/eval_phase/test_stream": 57.98096321545377,
        "RelativeDistance_Stream/eval_phase/test_stream": 1.1033026377360027,
        "R2Score_Stream/eval_phase/test_stream": 0.8205186401804289,
        "Forgetting_Stream/eval_phase/test_stream": {
            "0": 0.14123284816741943,
            "1": 0.10584190487861633,
            "2": 0.026522457599639893,
            "3": 0.03203025460243225,
            "4": 0.003932833671569824,
            "5": 0.02610689401626587,
            "6": 0.01744818687438965,
            "7": 0.03475761413574219,
            "8": -0.011345863342285156
        },
        "BWT_Stream/eval_phase/test_stream": {
            "0": 0.14123284816741943,
            "1": 0.10584190487861633,
            "2": 0.026522457599639893,
            "3": 0.03203025460243225,
            "4": 0.003932833671569824,
            "5": 0.02610689401626587,
            "6": 0.01744818687438965,
            "7": 0.03475761413574219,
            "8": -0.011345863342285156
        }
    }
}