{
    "0": {
        "Loss_Exp": 42.22712681928271,
        "RelativeDistance_Exp": 0.9427966058254242,
        "R2Score_Exp": 0.8152676403522492,
        "Forgetting_Exp": 0.03014646172523494,
        "BWT_Exp": -0.03014646172523494
    },
    "1": {
        "Loss_Exp": 44.89225574967269,
        "RelativeDistance_Exp": 0.9135818441708883,
        "R2Score_Exp": 0.8131010492642721,
        "Forgetting_Exp": 0.011074217160542799,
        "BWT_Exp": -0.011074217160542799
    },
    "2": {
        "Loss_Exp": 39.97520131122966,
        "RelativeDistance_Exp": 0.8520006078940171,
        "R2Score_Exp": 0.8300948647352365,
        "Forgetting_Exp": 0.009911248317131638,
        "BWT_Exp": -0.009911248317131638
    },
    "3": {
        "Loss_Exp": 37.2943637573292,
        "RelativeDistance_Exp": 0.8752313719855415,
        "R2Score_Exp": 0.8501043849521213,
        "Forgetting_Exp": 0.021932893329196568,
        "BWT_Exp": -0.021932893329196568
    },
    "4": {
        "Loss_Exp": 41.59729249626088,
        "RelativeDistance_Exp": 0.8226891074861798,
        "R2Score_Exp": 0.8398634110178266,
        "Forgetting_Exp": -0.005666366645267984,
        "BWT_Exp": 0.005666366645267984
    },
    "5": {
        "Loss_Exp": 42.18364161786704,
        "RelativeDistance_Exp": 0.7445377111434937,
        "R2Score_Exp": 0.8397248586018881,
        "Forgetting_Exp": 0.004127442836761475,
        "BWT_Exp": -0.004127442836761475
    },
    "6": {
        "Loss_Exp": 39.52025632233763,
        "RelativeDistance_Exp": 0.9181723296642303,
        "R2Score_Exp": 0.8504719212651253,
        "Forgetting_Exp": 0.011489316821098328,
        "BWT_Exp": -0.011489316821098328
    },
    "7": {
        "Loss_Exp": 52.40993444356122,
        "RelativeDistance_Exp": 0.7016746923327446,
        "R2Score_Exp": 0.8211427479982376,
        "Forgetting_Exp": 0.01763135939836502,
        "BWT_Exp": -0.01763135939836502
    },
    "8": {
        "Loss_Exp": 40.44752068451754,
        "RelativeDistance_Exp": 0.7032507658004761,
        "R2Score_Exp": 0.8578100601832072,
        "Forgetting_Exp": 0.04288536310195923,
        "BWT_Exp": -0.04288536310195923
    },
    "9": {
        "Loss_Exp": 30.145772338480278,
        "RelativeDistance_Exp": 0.572087824344635,
        "R2Score_Exp": 0.8952026665210724
    },
    "stream": {
        "Loss_Stream/eval_phase/test_stream": 42.212183664375885,
        "RelativeDistance_Stream/eval_phase/test_stream": 0.8459696063288936,
        "R2Score_Stream/eval_phase/test_stream": 0.8326606264820805,
        "Forgetting_Stream/eval_phase/test_stream": {
            "0": 0.03014646172523494,
            "1": 0.011074217160542799,
            "2": 0.009911248317131638,
            "3": 0.021932893329196568,
            "4": -0.005666366645267984,
            "5": 0.004127442836761475,
            "6": 0.011489316821098328,
            "7": 0.01763135939836502,
            "8": 0.04288536310195923
        },
        "BWT_Stream/eval_phase/test_stream": {
            "0": 0.03014646172523494,
            "1": 0.011074217160542799,
            "2": 0.009911248317131638,
            "3": 0.021932893329196568,
            "4": -0.005666366645267984,
            "5": 0.004127442836761475,
            "6": 0.011489316821098328,
            "7": 0.01763135939836502,
            "8": 0.04288536310195923
        }
    }
}