{
    "0": {
        "Loss_Exp": 65.36492112517607,
        "RelativeDistance_Exp": 1.425915741920471,
        "R2Score_Exp": 0.7212243139743805,
        "Forgetting_Exp": 0.12885168194770813,
        "BWT_Exp": -0.12885168194770813
    },
    "1": {
        "Loss_Exp": 72.54742389707371,
        "RelativeDistance_Exp": 1.4429123242696127,
        "R2Score_Exp": 0.7198315819104513,
        "Forgetting_Exp": 0.13230241537094112,
        "BWT_Exp": -0.13230241537094112
    },
    "2": {
        "Loss_Exp": 48.91400754365002,
        "RelativeDistance_Exp": 1.1774498591056237,
        "R2Score_Exp": 0.7934632072081933,
        "Forgetting_Exp": 0.08209229432619536,
        "BWT_Exp": -0.08209229432619536
    },
    "3": {
        "Loss_Exp": 35.023355204282126,
        "RelativeDistance_Exp": 1.2215800285339355,
        "R2Score_Exp": 0.8618134392632378,
        "Forgetting_Exp": 0.04928463035159647,
        "BWT_Exp": -0.04928463035159647
    },
    "4": {
        "Loss_Exp": 42.193674244405905,
        "RelativeDistance_Exp": 1.1130211693899972,
        "R2Score_Exp": 0.8375036716461182,
        "Forgetting_Exp": 0.0452740447861808,
        "BWT_Exp": -0.0452740447861808
    },
    "5": {
        "Loss_Exp": 43.36133354330771,
        "RelativeDistance_Exp": 0.9908021092414856,
        "R2Score_Exp": 0.8365575075149536,
        "Forgetting_Exp": 0.03761094808578491,
        "BWT_Exp": -0.03761094808578491
    },
    "6": {
        "Loss_Exp": 35.81779830459302,
        "RelativeDistance_Exp": 1.3115679025650024,
        "R2Score_Exp": 0.8634367734193802,
        "Forgetting_Exp": 0.024838902056217194,
        "BWT_Exp": -0.024838902056217194
    },
    "7": {
        "Loss_Exp": 46.65949742677972,
        "RelativeDistance_Exp": 0.935082383453846,
        "R2Score_Exp": 0.8388983383774757,
        "Forgetting_Exp": 0.038809023797512054,
        "BWT_Exp": -0.038809023797512054
    },
    "8": {
        "Loss_Exp": 33.786493640145125,
        "RelativeDistance_Exp": 0.8087956706682841,
        "R2Score_Exp": 0.8779268264770508,
        "Forgetting_Exp": 0.033913691838582394,
        "BWT_Exp": -0.033913691838582394
    },
    "9": {
        "Loss_Exp": 21.820238829792586,
        "RelativeDistance_Exp": 0.7620806097984314,
        "R2Score_Exp": 0.918947160243988
    },
    "stream": {
        "Loss_Stream/eval_phase/test_stream": 50.54050951980465,
        "RelativeDistance_Stream/eval_phase/test_stream": 1.2081928650538127,
        "R2Score_Stream/eval_phase/test_stream": 0.8031269871158364,
        "Forgetting_Stream/eval_phase/test_stream": {
            "0": 0.12885168194770813,
            "1": 0.13230241537094112,
            "2": 0.08209229432619536,
            "3": 0.04928463035159647,
            "4": 0.0452740447861808,
            "5": 0.03761094808578491,
            "6": 0.024838902056217194,
            "7": 0.038809023797512054,
            "8": 0.033913691838582394
        },
        "BWT_Stream/eval_phase/test_stream": {
            "0": 0.12885168194770813,
            "1": 0.13230241537094112,
            "2": 0.08209229432619536,
            "3": 0.04928463035159647,
            "4": 0.0452740447861808,
            "5": 0.03761094808578491,
            "6": 0.024838902056217194,
            "7": 0.038809023797512054,
            "8": 0.033913691838582394
        }
    }
}