{
    "0": {
        "Loss_Exp": 116.91506327450547,
        "RelativeDistance_Exp": 0.9409765005111694,
        "R2Score_Exp": 0.6410660743713379,
        "Forgetting_Exp": 0.2120605707168579,
        "BWT_Exp": -0.2120605707168579
    },
    "1": {
        "Loss_Exp": 67.71558936647774,
        "RelativeDistance_Exp": 0.89362433552742,
        "R2Score_Exp": 0.7701995372772217,
        "Forgetting_Exp": 0.11899459362030029,
        "BWT_Exp": -0.11899459362030029
    },
    "2": {
        "Loss_Exp": 84.38440532123967,
        "RelativeDistance_Exp": 0.7416486740112305,
        "R2Score_Exp": 0.7238286733627319,
        "Forgetting_Exp": 0.11935160557428992,
        "BWT_Exp": -0.11935160557428992
    },
    "3": {
        "Loss_Exp": 49.85013226484149,
        "RelativeDistance_Exp": 0.6385471820831299,
        "R2Score_Exp": 0.8072780966758728,
        "Forgetting_Exp": 0.06423485279083252,
        "BWT_Exp": -0.06423485279083252
    },
    "4": {
        "Loss_Exp": 40.722520875009295,
        "RelativeDistance_Exp": 0.7042451649904251,
        "R2Score_Exp": 0.8036403059959412,
        "Forgetting_Exp": 0.09442481398582458,
        "BWT_Exp": -0.09442481398582458
    },
    "5": {
        "Loss_Exp": 46.497914953039796,
        "RelativeDistance_Exp": 0.6568543116251627,
        "R2Score_Exp": 0.7680211067199707,
        "Forgetting_Exp": 0.11230536301930749,
        "BWT_Exp": -0.11230536301930749
    },
    "6": {
        "Loss_Exp": 53.83949743769438,
        "RelativeDistance_Exp": 0.7385583321253458,
        "R2Score_Exp": 0.7909930348396301,
        "Forgetting_Exp": 0.06548750400543213,
        "BWT_Exp": -0.06548750400543213
    },
    "7": {
        "Loss_Exp": 43.29966167982487,
        "RelativeDistance_Exp": 0.4570867419242859,
        "R2Score_Exp": 0.8526873588562012,
        "Forgetting_Exp": 0.03842225670814514,
        "BWT_Exp": -0.03842225670814514
    },
    "8": {
        "Loss_Exp": 47.54707174988749,
        "RelativeDistance_Exp": 0.5708043873310089,
        "R2Score_Exp": 0.8231819868087769,
        "Forgetting_Exp": 0.03774639964103699,
        "BWT_Exp": -0.03774639964103699
    },
    "9": {
        "Loss_Exp": 43.009711891395774,
        "RelativeDistance_Exp": 0.6048218905925751,
        "R2Score_Exp": 0.8589086532592773
    },
    "stream": {
        "Loss_Stream/eval_phase/test_stream": 58.872902510522906,
        "RelativeDistance_Stream/eval_phase/test_stream": 0.6975954675674438,
        "R2Score_Stream/eval_phase/test_stream": 0.7827893233299256,
        "Forgetting_Stream/eval_phase/test_stream": {
            "0": 0.2120605707168579,
            "1": 0.11899459362030029,
            "2": 0.11935160557428992,
            "3": 0.06423485279083252,
            "4": 0.09442481398582458,
            "5": 0.11230536301930749,
            "6": 0.06548750400543213,
            "7": 0.03842225670814514,
            "8": 0.03774639964103699
        },
        "BWT_Stream/eval_phase/test_stream": {
            "0": 0.2120605707168579,
            "1": 0.11899459362030029,
            "2": 0.11935160557428992,
            "3": 0.06423485279083252,
            "4": 0.09442481398582458,
            "5": 0.11230536301930749,
            "6": 0.06548750400543213,
            "7": 0.03842225670814514,
            "8": 0.03774639964103699
        }
    }
}