{
    "0": {
        "Loss_Exp": 96.5434547112002,
        "RelativeDistance_Exp": 0.8963167071342468,
        "R2Score_Exp": 0.78143510222435,
        "Forgetting_Exp": 0.09708753228187561,
        "BWT_Exp": -0.09708753228187561
    },
    "1": {
        "Loss_Exp": 87.7524013027133,
        "RelativeDistance_Exp": 1.0291306972503662,
        "R2Score_Exp": 0.7436280846595764,
        "Forgetting_Exp": 0.1476602554321289,
        "BWT_Exp": -0.1476602554321289
    },
    "2": {
        "Loss_Exp": 71.87074524463787,
        "RelativeDistance_Exp": 0.7151164809862772,
        "R2Score_Exp": 0.7703571319580078,
        "Forgetting_Exp": 0.04880942900975549,
        "BWT_Exp": -0.04880942900975549
    },
    "3": {
        "Loss_Exp": 61.507605062844654,
        "RelativeDistance_Exp": 0.6169986724853516,
        "R2Score_Exp": 0.797800600528717,
        "Forgetting_Exp": 0.060423970222473145,
        "BWT_Exp": -0.060423970222473145
    },
    "4": {
        "Loss_Exp": 58.833165359067,
        "RelativeDistance_Exp": 0.7843262702226639,
        "R2Score_Exp": 0.8040907979011536,
        "Forgetting_Exp": 0.0406414270401001,
        "BWT_Exp": -0.0406414270401001
    },
    "5": {
        "Loss_Exp": 49.00765858525815,
        "RelativeDistance_Exp": 0.6532827615737915,
        "R2Score_Exp": 0.8078506390253702,
        "Forgetting_Exp": 0.01524009307225549,
        "BWT_Exp": -0.01524009307225549
    },
    "6": {
        "Loss_Exp": 65.92020406159385,
        "RelativeDistance_Exp": 0.6674216985702515,
        "R2Score_Exp": 0.80580206712087,
        "Forgetting_Exp": 0.02034517129262281,
        "BWT_Exp": -0.02034517129262281
    },
    "7": {
        "Loss_Exp": 51.92787551879883,
        "RelativeDistance_Exp": 0.6183215975761414,
        "R2Score_Exp": 0.795242190361023,
        "Forgetting_Exp": 0.052213430404663086,
        "BWT_Exp": -0.052213430404663086
    },
    "8": {
        "Loss_Exp": 65.70233437197922,
        "RelativeDistance_Exp": 0.8995198905467987,
        "R2Score_Exp": 0.779750406742096,
        "Forgetting_Exp": 0.012777090072631836,
        "BWT_Exp": -0.012777090072631836
    },
    "9": {
        "Loss_Exp": 69.39876776899216,
        "RelativeDistance_Exp": 0.7370992600917816,
        "R2Score_Exp": 0.8115410804748535
    },
    "stream": {
        "Loss_Stream/eval_phase/test_stream": 66.76219732091226,
        "RelativeDistance_Stream/eval_phase/test_stream": 0.7592174982031187,
        "R2Score_Stream/eval_phase/test_stream": 0.791331060230732,
        "Forgetting_Stream/eval_phase/test_stream": {
            "0": 0.09708753228187561,
            "1": 0.1476602554321289,
            "2": 0.04880942900975549,
            "3": 0.060423970222473145,
            "4": 0.0406414270401001,
            "5": 0.01524009307225549,
            "6": 0.02034517129262281,
            "7": 0.052213430404663086,
            "8": 0.012777090072631836
        },
        "BWT_Stream/eval_phase/test_stream": {
            "0": 0.09708753228187561,
            "1": 0.1476602554321289,
            "2": 0.04880942900975549,
            "3": 0.060423970222473145,
            "4": 0.0406414270401001,
            "5": 0.01524009307225549,
            "6": 0.02034517129262281,
            "7": 0.052213430404663086,
            "8": 0.012777090072631836
        }
    }
}