{
    "0": {
        "Loss_Exp": 162.8752481560958,
        "RelativeDistance_Exp": 1.1607868075370789,
        "R2Score_Exp": 0.6317903995513916,
        "Forgetting_Exp": 0.24496346712112427,
        "BWT_Exp": -0.24496346712112427
    },
    "1": {
        "Loss_Exp": 95.65009128677022,
        "RelativeDistance_Exp": 1.8091449737548828,
        "R2Score_Exp": 0.7246761620044708,
        "Forgetting_Exp": 0.1768137812614441,
        "BWT_Exp": -0.1768137812614441
    },
    "2": {
        "Loss_Exp": 71.4519481730479,
        "RelativeDistance_Exp": 0.957204262415568,
        "R2Score_Exp": 0.7685649792353312,
        "Forgetting_Exp": 0.07139619191487634,
        "BWT_Exp": -0.07139619191487634
    },
    "3": {
        "Loss_Exp": 71.44567121242058,
        "RelativeDistance_Exp": 0.7759836912155151,
        "R2Score_Exp": 0.7652562856674194,
        "Forgetting_Exp": 0.09230172634124756,
        "BWT_Exp": -0.09230172634124756
    },
    "4": {
        "Loss_Exp": 63.41193570090792,
        "RelativeDistance_Exp": 0.9080844223499298,
        "R2Score_Exp": 0.7851618975400925,
        "Forgetting_Exp": 0.06359611451625824,
        "BWT_Exp": -0.06359611451625824
    },
    "5": {
        "Loss_Exp": 61.86867025624151,
        "RelativeDistance_Exp": 0.8242909908294678,
        "R2Score_Exp": 0.7582927346229553,
        "Forgetting_Exp": 0.070323646068573,
        "BWT_Exp": -0.070323646068573
    },
    "6": {
        "Loss_Exp": 84.32541396770071,
        "RelativeDistance_Exp": 0.8494608799616495,
        "R2Score_Exp": 0.7435394724210104,
        "Forgetting_Exp": 0.11369019746780396,
        "BWT_Exp": -0.11369019746780396
    },
    "7": {
        "Loss_Exp": 48.13921356201172,
        "RelativeDistance_Exp": 0.8136292695999146,
        "R2Score_Exp": 0.8101813197135925,
        "Forgetting_Exp": 0.04674863815307617,
        "BWT_Exp": -0.04674863815307617
    },
    "8": {
        "Loss_Exp": 62.81802123975791,
        "RelativeDistance_Exp": 1.2264113128185272,
        "R2Score_Exp": 0.8181404173374176,
        "Forgetting_Exp": -0.010204285383224487,
        "BWT_Exp": 0.010204285383224487
    },
    "9": {
        "Loss_Exp": 53.55073338326691,
        "RelativeDistance_Exp": 0.866221696138382,
        "R2Score_Exp": 0.8557682931423187
    },
    "stream": {
        "Loss_Stream/eval_phase/test_stream": 76.58146759236293,
        "RelativeDistance_Stream/eval_phase/test_stream": 1.000663846731186,
        "R2Score_Stream/eval_phase/test_stream": 0.7647201493382454,
        "Forgetting_Stream/eval_phase/test_stream": {
            "0": 0.24496346712112427,
            "1": 0.1768137812614441,
            "2": 0.07139619191487634,
            "3": 0.09230172634124756,
            "4": 0.06359611451625824,
            "5": 0.070323646068573,
            "6": 0.11369019746780396,
            "7": 0.04674863815307617,
            "8": -0.010204285383224487
        },
        "BWT_Stream/eval_phase/test_stream": {
            "0": 0.24496346712112427,
            "1": 0.1768137812614441,
            "2": 0.07139619191487634,
            "3": 0.09230172634124756,
            "4": 0.06359611451625824,
            "5": 0.070323646068573,
            "6": 0.11369019746780396,
            "7": 0.04674863815307617,
            "8": -0.010204285383224487
        }
    }
}