{
    "0": {
        "Loss_Exp": 52.22714840626856,
        "RelativeDistance_Exp": 0.7431643605232239,
        "R2Score_Exp": 0.8823109865188599,
        "Forgetting_Exp": -0.0002275705337524414,
        "BWT_Exp": 0.0002275705337524414
    },
    "1": {
        "Loss_Exp": 43.16220679340895,
        "RelativeDistance_Exp": 1.0434927344322205,
        "R2Score_Exp": 0.87269327044487,
        "Forgetting_Exp": 0.02597793936729431,
        "BWT_Exp": -0.02597793936729431
    },
    "2": {
        "Loss_Exp": 43.112240919383595,
        "RelativeDistance_Exp": 0.644436240196228,
        "R2Score_Exp": 0.8630997737248739,
        "Forgetting_Exp": -0.03804836670557665,
        "BWT_Exp": 0.03804836670557665
    },
    "3": {
        "Loss_Exp": 36.58606041331825,
        "RelativeDistance_Exp": 0.5341947376728058,
        "R2Score_Exp": 0.8781014680862427,
        "Forgetting_Exp": -0.026444345712661743,
        "BWT_Exp": 0.026444345712661743
    },
    "4": {
        "Loss_Exp": 35.6900093977454,
        "RelativeDistance_Exp": 0.6640146374702454,
        "R2Score_Exp": 0.8843425512313843,
        "Forgetting_Exp": -0.03919139504432678,
        "BWT_Exp": 0.03919139504432678
    },
    "5": {
        "Loss_Exp": 31.858233078666355,
        "RelativeDistance_Exp": 0.5906433463096619,
        "R2Score_Exp": 0.8761338194211324,
        "Forgetting_Exp": -0.023793478806813595,
        "BWT_Exp": 0.023793478806813595
    },
    "6": {
        "Loss_Exp": 42.138056870047926,
        "RelativeDistance_Exp": 0.6449874043464661,
        "R2Score_Exp": 0.8711380759874979,
        "Forgetting_Exp": -0.022285620371500614,
        "BWT_Exp": 0.022285620371500614
    },
    "7": {
        "Loss_Exp": 32.6133918762207,
        "RelativeDistance_Exp": 0.5763167142868042,
        "R2Score_Exp": 0.8714014887809753,
        "Forgetting_Exp": 0.015452802181243896,
        "BWT_Exp": -0.015452802181243896
    },
    "8": {
        "Loss_Exp": 52.22691653428089,
        "RelativeDistance_Exp": 0.8329830765724182,
        "R2Score_Exp": 0.8361424803733826,
        "Forgetting_Exp": 0.02840009331703186,
        "BWT_Exp": -0.02840009331703186
    },
    "9": {
        "Loss_Exp": 65.15876416333148,
        "RelativeDistance_Exp": 0.7759080231189728,
        "R2Score_Exp": 0.8233957290649414
    },
    "stream": {
        "Loss_Stream/eval_phase/test_stream": 42.17442126558791,
        "RelativeDistance_Stream/eval_phase/test_stream": 0.6971692542235056,
        "R2Score_Stream/eval_phase/test_stream": 0.8677156070868174,
        "Forgetting_Stream/eval_phase/test_stream": {
            "0": -0.0002275705337524414,
            "1": 0.02597793936729431,
            "2": -0.03804836670557665,
            "3": -0.026444345712661743,
            "4": -0.03919139504432678,
            "5": -0.023793478806813595,
            "6": -0.022285620371500614,
            "7": 0.015452802181243896,
            "8": 0.02840009331703186
        },
        "BWT_Stream/eval_phase/test_stream": {
            "0": -0.0002275705337524414,
            "1": 0.02597793936729431,
            "2": -0.03804836670557665,
            "3": -0.026444345712661743,
            "4": -0.03919139504432678,
            "5": -0.023793478806813595,
            "6": -0.022285620371500614,
            "7": 0.015452802181243896,
            "8": 0.02840009331703186
        }
    }
}