{
    "0": {
        "Loss_Exp": 0.14457893685466702,
        "BinaryAccuracy_Exp": 0.9512757509946823
    },
    "1": {
        "Loss_Exp": 0.18451221531917517,
        "BinaryAccuracy_Exp": 0.9400210827589035
    },
    "2": {
        "Loss_Exp": 0.1367859452476131,
        "BinaryAccuracy_Exp": 0.9594632983207703
    },
    "3": {
        "Loss_Exp": 0.10562333494718784,
        "BinaryAccuracy_Exp": 0.9639443516731262
    },
    "4": {
        "Loss_Exp": 0.08975436875961904,
        "BinaryAccuracy_Exp": 0.9650562405586243
    },
    "5": {
        "Loss_Exp": 0.13128249884221924,
        "BinaryAccuracy_Exp": 0.9589923222859701
    },
    "6": {
        "Loss_Exp": 0.08091942831613173,
        "BinaryAccuracy_Exp": 0.9700610876083374
    },
    "7": {
        "Loss_Exp": 0.09818505332959408,
        "BinaryAccuracy_Exp": 0.9692028959592184
    },
    "8": {
        "Loss_Exp": 0.08670958637826838,
        "BinaryAccuracy_Exp": 0.9690175255139669
    },
    "9": {
        "Loss_Exp": 0.07319886142621927,
        "BinaryAccuracy_Exp": 0.9717290699481964
    },
    "stream": {
        "Loss_Stream/eval_phase/test_stream": 0.11192680310017289,
        "BinaryAccuracy_Stream/eval_phase/test_stream": 0.9618142648883488
    }
}