{
    "0": {
        "Loss_Exp": 79.7307447734632,
        "RelativeDistance_Exp": 0.8109131753444672,
        "R2Score_Exp": 0.8197870552539825,
        "Forgetting_Exp": 0.06256052851676941,
        "BWT_Exp": -0.06256052851676941
    },
    "1": {
        "Loss_Exp": 56.86560493698241,
        "RelativeDistance_Exp": 1.1905463933944702,
        "R2Score_Exp": 0.8346606492996216,
        "Forgetting_Exp": 0.04351964592933655,
        "BWT_Exp": -0.04351964592933655
    },
    "2": {
        "Loss_Exp": 52.82225288454072,
        "RelativeDistance_Exp": 0.7030800779660543,
        "R2Score_Exp": 0.8296785155932108,
        "Forgetting_Exp": -0.02331630388895667,
        "BWT_Exp": 0.02331630388895667
    },
    "3": {
        "Loss_Exp": 47.927841629197694,
        "RelativeDistance_Exp": 0.5370959341526031,
        "R2Score_Exp": 0.8426931500434875,
        "Forgetting_Exp": -0.006491303443908691,
        "BWT_Exp": 0.006491303443908691
    },
    "4": {
        "Loss_Exp": 47.74940972828139,
        "RelativeDistance_Exp": 0.6566788256168365,
        "R2Score_Exp": 0.8445974588394165,
        "Forgetting_Exp": -0.006827652454376221,
        "BWT_Exp": 0.006827652454376221
    },
    "5": {
        "Loss_Exp": 42.04680384760318,
        "RelativeDistance_Exp": 0.6178584297498068,
        "R2Score_Exp": 0.8365608851114908,
        "Forgetting_Exp": -0.00832621256510413,
        "BWT_Exp": 0.00832621256510413
    },
    "6": {
        "Loss_Exp": 54.830615412935295,
        "RelativeDistance_Exp": 0.6255360841751099,
        "R2Score_Exp": 0.8450091878573099,
        "Forgetting_Exp": -0.021197160085042244,
        "BWT_Exp": 0.021197160085042244
    },
    "7": {
        "Loss_Exp": 44.498008728027344,
        "RelativeDistance_Exp": 0.6265445947647095,
        "R2Score_Exp": 0.824539065361023,
        "Forgetting_Exp": 0.033665865659713745,
        "BWT_Exp": -0.033665865659713745
    },
    "8": {
        "Loss_Exp": 53.98268078603752,
        "RelativeDistance_Exp": 0.9416826665401459,
        "R2Score_Exp": 0.8363005518913269,
        "Forgetting_Exp": -0.015486657619476318,
        "BWT_Exp": 0.015486657619476318
    },
    "9": {
        "Loss_Exp": 60.79893748553502,
        "RelativeDistance_Exp": 0.7758378982543945,
        "R2Score_Exp": 0.8349648118019104
    },
    "stream": {
        "Loss_Stream/eval_phase/test_stream": 53.079804387825185,
        "RelativeDistance_Stream/eval_phase/test_stream": 0.7335348253448805,
        "R2Score_Stream/eval_phase/test_stream": 0.8363952959577242,
        "Forgetting_Stream/eval_phase/test_stream": {
            "0": 0.06256052851676941,
            "1": 0.04351964592933655,
            "2": -0.02331630388895667,
            "3": -0.006491303443908691,
            "4": -0.006827652454376221,
            "5": -0.00832621256510413,
            "6": -0.021197160085042244,
            "7": 0.033665865659713745,
            "8": -0.015486657619476318
        },
        "BWT_Stream/eval_phase/test_stream": {
            "0": 0.06256052851676941,
            "1": 0.04351964592933655,
            "2": -0.02331630388895667,
            "3": -0.006491303443908691,
            "4": -0.006827652454376221,
            "5": -0.00832621256510413,
            "6": -0.021197160085042244,
            "7": 0.033665865659713745,
            "8": -0.015486657619476318
        }
    }
}