{
    "0": {
        "Loss_Exp": 72.8833411930492,
        "RelativeDistance_Exp": 1.315907394886017,
        "R2Score_Exp": 0.7053346693515777,
        "Forgetting_Exp": 0.13688102960586546,
        "BWT_Exp": -0.13688102960586546
    },
    "1": {
        "Loss_Exp": 77.88118881933178,
        "RelativeDistance_Exp": 1.2246611833572387,
        "R2Score_Exp": 0.713680096467336,
        "Forgetting_Exp": 0.12942010164260864,
        "BWT_Exp": -0.12942010164260864
    },
    "2": {
        "Loss_Exp": 51.08506032950589,
        "RelativeDistance_Exp": 0.9583700987008902,
        "R2Score_Exp": 0.8002337905076834,
        "Forgetting_Exp": 0.06949801628406227,
        "BWT_Exp": -0.06949801628406227
    },
    "3": {
        "Loss_Exp": 37.737817699079436,
        "RelativeDistance_Exp": 0.9814329346021017,
        "R2Score_Exp": 0.8619542982843187,
        "Forgetting_Exp": 0.04506172736485803,
        "BWT_Exp": -0.04506172736485803
    },
    "4": {
        "Loss_Exp": 44.777760239161225,
        "RelativeDistance_Exp": 0.8653949158532279,
        "R2Score_Exp": 0.8386298928941999,
        "Forgetting_Exp": 0.04446673393249512,
        "BWT_Exp": -0.04446673393249512
    },
    "5": {
        "Loss_Exp": 43.555923820038885,
        "RelativeDistance_Exp": 0.7022826969623566,
        "R2Score_Exp": 0.8425038953622183,
        "Forgetting_Exp": 0.02880815664927161,
        "BWT_Exp": -0.02880815664927161
    },
    "6": {
        "Loss_Exp": 39.1376347187292,
        "RelativeDistance_Exp": 0.8760604485869408,
        "R2Score_Exp": 0.861220620572567,
        "Forgetting_Exp": 0.027722887694835663,
        "BWT_Exp": -0.027722887694835663
    },
    "7": {
        "Loss_Exp": 48.85092356881273,
        "RelativeDistance_Exp": 0.6871729344129562,
        "R2Score_Exp": 0.8378188833594322,
        "Forgetting_Exp": 0.04115048795938492,
        "BWT_Exp": -0.04115048795938492
    },
    "8": {
        "Loss_Exp": 34.68175846045583,
        "RelativeDistance_Exp": 0.5951429108778635,
        "R2Score_Exp": 0.8811939160029093,
        "Forgetting_Exp": 0.0351159771283468,
        "BWT_Exp": -0.0351159771283468
    },
    "9": {
        "Loss_Exp": 22.542689702779104,
        "RelativeDistance_Exp": 0.5407818704843521,
        "R2Score_Exp": 0.9188952445983887
    },
    "stream": {
        "Loss_Stream/eval_phase/test_stream": 53.99494212506196,
        "RelativeDistance_Stream/eval_phase/test_stream": 0.9687039447419438,
        "R2Score_Stream/eval_phase/test_stream": 0.8014604567009725,
        "Forgetting_Stream/eval_phase/test_stream": {
            "0": 0.13688102960586546,
            "1": 0.12942010164260864,
            "2": 0.06949801628406227,
            "3": 0.04506172736485803,
            "4": 0.04446673393249512,
            "5": 0.02880815664927161,
            "6": 0.027722887694835663,
            "7": 0.04115048795938492,
            "8": 0.0351159771283468
        },
        "BWT_Stream/eval_phase/test_stream": {
            "0": 0.13688102960586546,
            "1": 0.12942010164260864,
            "2": 0.06949801628406227,
            "3": 0.04506172736485803,
            "4": 0.04446673393249512,
            "5": 0.02880815664927161,
            "6": 0.027722887694835663,
            "7": 0.04115048795938492,
            "8": 0.0351159771283468
        }
    }
}