{
    "0": {
        "Loss_Exp": 108.28677523428934,
        "RelativeDistance_Exp": 1.0314192473888397,
        "R2Score_Exp": 0.7558048665523529,
        "Forgetting_Exp": 0.11886230111122131,
        "BWT_Exp": -0.11886230111122131
    },
    "1": {
        "Loss_Exp": 71.40623237887077,
        "RelativeDistance_Exp": 1.24025297164917,
        "R2Score_Exp": 0.794520229101181,
        "Forgetting_Exp": 0.08647680282592773,
        "BWT_Exp": -0.08647680282592773
    },
    "2": {
        "Loss_Exp": 52.24824788636582,
        "RelativeDistance_Exp": 0.8049700856208801,
        "R2Score_Exp": 0.83137180407842,
        "Forgetting_Exp": -0.03368530670801806,
        "BWT_Exp": 0.03368530670801806
    },
    "3": {
        "Loss_Exp": 48.077721188696316,
        "RelativeDistance_Exp": 0.6672844290733337,
        "R2Score_Exp": 0.8421100378036499,
        "Forgetting_Exp": -0.010025501251220703,
        "BWT_Exp": 0.010025501251220703
    },
    "4": {
        "Loss_Exp": 47.82094207987307,
        "RelativeDistance_Exp": 0.7816443294286728,
        "R2Score_Exp": 0.8442611545324326,
        "Forgetting_Exp": -0.013272508978843689,
        "BWT_Exp": 0.013272508978843689
    },
    "5": {
        "Loss_Exp": 44.76505014170771,
        "RelativeDistance_Exp": 0.6907674670219421,
        "R2Score_Exp": 0.8252345323562622,
        "Forgetting_Exp": 0.010663052399953243,
        "BWT_Exp": -0.010663052399953243
    },
    "6": {
        "Loss_Exp": 50.55911496390124,
        "RelativeDistance_Exp": 0.7463770310084025,
        "R2Score_Exp": 0.8423516551653544,
        "Forgetting_Exp": 0.0022449692090352746,
        "BWT_Exp": -0.0022449692090352746
    },
    "7": {
        "Loss_Exp": 36.334041595458984,
        "RelativeDistance_Exp": 0.6875843405723572,
        "R2Score_Exp": 0.856730580329895,
        "Forgetting_Exp": 0.019020497798919678,
        "BWT_Exp": -0.019020497798919678
    },
    "8": {
        "Loss_Exp": 49.740085977022765,
        "RelativeDistance_Exp": 0.9062054753303528,
        "R2Score_Exp": 0.8530453741550446,
        "Forgetting_Exp": -0.009412795305252075,
        "BWT_Exp": 0.009412795305252075
    },
    "9": {
        "Loss_Exp": 56.438664629280225,
        "RelativeDistance_Exp": 0.8152105212211609,
        "R2Score_Exp": 0.8467613756656647
    },
    "stream": {
        "Loss_Stream/eval_phase/test_stream": 55.6264768278935,
        "RelativeDistance_Stream/eval_phase/test_stream": 0.8275521124402682,
        "R2Score_Stream/eval_phase/test_stream": 0.8297972058256468,
        "Forgetting_Stream/eval_phase/test_stream": {
            "0": 0.11886230111122131,
            "1": 0.08647680282592773,
            "2": -0.03368530670801806,
            "3": -0.010025501251220703,
            "4": -0.013272508978843689,
            "5": 0.010663052399953243,
            "6": 0.0022449692090352746,
            "7": 0.019020497798919678,
            "8": -0.009412795305252075
        },
        "BWT_Stream/eval_phase/test_stream": {
            "0": 0.11886230111122131,
            "1": 0.08647680282592773,
            "2": -0.03368530670801806,
            "3": -0.010025501251220703,
            "4": -0.013272508978843689,
            "5": 0.010663052399953243,
            "6": 0.0022449692090352746,
            "7": 0.019020497798919678,
            "8": -0.009412795305252075
        }
    }
}