{
    "0": {
        "Loss_Exp": 66.5679736363313,
        "RelativeDistance_Exp": 1.1526963114738464,
        "R2Score_Exp": 0.7107236921787262,
        "Forgetting_Exp": 0.14274184703826898,
        "BWT_Exp": -0.14274184703826898
    },
    "1": {
        "Loss_Exp": 71.94932617439407,
        "RelativeDistance_Exp": 1.100734543800354,
        "R2Score_Exp": 0.7148910919825237,
        "Forgetting_Exp": 0.13848638931910195,
        "BWT_Exp": -0.13848638931910195
    },
    "2": {
        "Loss_Exp": 57.01920206587775,
        "RelativeDistance_Exp": 1.0514732049061701,
        "R2Score_Exp": 0.7593620923849252,
        "Forgetting_Exp": 0.10620397329330444,
        "BWT_Exp": -0.10620397329330444
    },
    "3": {
        "Loss_Exp": 43.841809125559124,
        "RelativeDistance_Exp": 1.129180199570126,
        "R2Score_Exp": 0.8261291450924344,
        "Forgetting_Exp": 0.07057229015562261,
        "BWT_Exp": -0.07057229015562261
    },
    "4": {
        "Loss_Exp": 48.12404458989542,
        "RelativeDistance_Exp": 1.0856431211744035,
        "R2Score_Exp": 0.8048930764198303,
        "Forgetting_Exp": 0.06162118911743164,
        "BWT_Exp": -0.06162118911743164
    },
    "5": {
        "Loss_Exp": 49.667297283132534,
        "RelativeDistance_Exp": 1.008747508128484,
        "R2Score_Exp": 0.8054253657658895,
        "Forgetting_Exp": 0.05597584446271253,
        "BWT_Exp": -0.05597584446271253
    },
    "6": {
        "Loss_Exp": 41.778105382200884,
        "RelativeDistance_Exp": 1.2929490506649017,
        "R2Score_Exp": 0.8441349491477013,
        "Forgetting_Exp": 0.027902856469154358,
        "BWT_Exp": -0.027902856469154358
    },
    "7": {
        "Loss_Exp": 52.82255707326583,
        "RelativeDistance_Exp": 0.9056177362799644,
        "R2Score_Exp": 0.812745675444603,
        "Forgetting_Exp": 0.03968464583158493,
        "BWT_Exp": -0.03968464583158493
    },
    "8": {
        "Loss_Exp": 44.43302651029379,
        "RelativeDistance_Exp": 0.8534057339032491,
        "R2Score_Exp": 0.8407550851504008,
        "Forgetting_Exp": 0.05470142761866259,
        "BWT_Exp": -0.05470142761866259
    },
    "9": {
        "Loss_Exp": 28.013726725631205,
        "RelativeDistance_Exp": 0.8178890347480774,
        "R2Score_Exp": 0.9006834626197815
    },
    "stream": {
        "Loss_Stream/eval_phase/test_stream": 55.48465363654379,
        "RelativeDistance_Stream/eval_phase/test_stream": 1.077855199943354,
        "R2Score_Stream/eval_phase/test_stream": 0.7800364656212889,
        "Forgetting_Stream/eval_phase/test_stream": {
            "0": 0.14274184703826898,
            "1": 0.13848638931910195,
            "2": 0.10620397329330444,
            "3": 0.07057229015562261,
            "4": 0.06162118911743164,
            "5": 0.05597584446271253,
            "6": 0.027902856469154358,
            "7": 0.03968464583158493,
            "8": 0.05470142761866259
        },
        "BWT_Stream/eval_phase/test_stream": {
            "0": 0.14274184703826898,
            "1": 0.13848638931910195,
            "2": 0.10620397329330444,
            "3": 0.07057229015562261,
            "4": 0.06162118911743164,
            "5": 0.05597584446271253,
            "6": 0.027902856469154358,
            "7": 0.03968464583158493,
            "8": 0.05470142761866259
        }
    }
}