{
    "0": {
        "Loss_Exp": 105.63186906959578,
        "RelativeDistance_Exp": 0.9009464383125305,
        "R2Score_Exp": 0.7603473663330078,
        "Forgetting_Exp": 0.1200447678565979,
        "BWT_Exp": -0.1200447678565979
    },
    "1": {
        "Loss_Exp": 77.87045709932397,
        "RelativeDistance_Exp": 1.1682217121124268,
        "R2Score_Exp": 0.7725896537303925,
        "Forgetting_Exp": 0.12087425589561462,
        "BWT_Exp": -0.12087425589561462
    },
    "2": {
        "Loss_Exp": 61.565919860359074,
        "RelativeDistance_Exp": 0.8508707284927368,
        "R2Score_Exp": 0.8016006747881571,
        "Forgetting_Exp": 0.028112490971883175,
        "BWT_Exp": -0.028112490971883175
    },
    "3": {
        "Loss_Exp": 52.06662534296092,
        "RelativeDistance_Exp": 0.6441985070705414,
        "R2Score_Exp": 0.8272823095321655,
        "Forgetting_Exp": 0.022733956575393677,
        "BWT_Exp": -0.022733956575393677
    },
    "4": {
        "Loss_Exp": 57.778316381684554,
        "RelativeDistance_Exp": 0.8472840189933777,
        "R2Score_Exp": 0.811057060956955,
        "Forgetting_Exp": 0.0389818400144577,
        "BWT_Exp": -0.0389818400144577
    },
    "5": {
        "Loss_Exp": 51.27967419831649,
        "RelativeDistance_Exp": 0.7051358620325724,
        "R2Score_Exp": 0.7991748650868734,
        "Forgetting_Exp": 0.03799353043238318,
        "BWT_Exp": -0.03799353043238318
    },
    "6": {
        "Loss_Exp": 60.863032084435716,
        "RelativeDistance_Exp": 0.7464258273442587,
        "R2Score_Exp": 0.8362072308858236,
        "Forgetting_Exp": -0.011521339416503906,
        "BWT_Exp": 0.011521339416503906
    },
    "7": {
        "Loss_Exp": 34.15517044067383,
        "RelativeDistance_Exp": 0.6754841804504395,
        "R2Score_Exp": 0.8653221130371094,
        "Forgetting_Exp": 0.003173351287841797,
        "BWT_Exp": -0.003173351287841797
    },
    "8": {
        "Loss_Exp": 60.16199544032601,
        "RelativeDistance_Exp": 0.9293122589588165,
        "R2Score_Exp": 0.8157366514205933,
        "Forgetting_Exp": -0.005184829235076904,
        "BWT_Exp": 0.005184829235076904
    },
    "9": {
        "Loss_Exp": 62.98395140543149,
        "RelativeDistance_Exp": 0.8123227059841156,
        "R2Score_Exp": 0.8287510871887207
    },
    "stream": {
        "Loss_Stream/eval_phase/test_stream": 62.29339841600751,
        "RelativeDistance_Stream/eval_phase/test_stream": 0.8284133647878965,
        "R2Score_Stream/eval_phase/test_stream": 0.8095797002315521,
        "Forgetting_Stream/eval_phase/test_stream": {
            "0": 0.1200447678565979,
            "1": 0.12087425589561462,
            "2": 0.028112490971883175,
            "3": 0.022733956575393677,
            "4": 0.0389818400144577,
            "5": 0.03799353043238318,
            "6": -0.011521339416503906,
            "7": 0.003173351287841797,
            "8": -0.005184829235076904
        },
        "BWT_Stream/eval_phase/test_stream": {
            "0": 0.1200447678565979,
            "1": 0.12087425589561462,
            "2": 0.028112490971883175,
            "3": 0.022733956575393677,
            "4": 0.0389818400144577,
            "5": 0.03799353043238318,
            "6": -0.011521339416503906,
            "7": 0.003173351287841797,
            "8": -0.005184829235076904
        }
    }
}