{
    "0": {
        "Loss_Exp": 74.07202125405365,
        "RelativeDistance_Exp": 1.1792999982833863,
        "R2Score_Exp": 0.6742156922817231,
        "Forgetting_Exp": 0.18075817823410034,
        "BWT_Exp": -0.18075817823410034
    },
    "1": {
        "Loss_Exp": 78.06601100374041,
        "RelativeDistance_Exp": 1.055917771657308,
        "R2Score_Exp": 0.6821133335431416,
        "Forgetting_Exp": 0.19677556753158576,
        "BWT_Exp": -0.19677556753158576
    },
    "2": {
        "Loss_Exp": 51.7435693489938,
        "RelativeDistance_Exp": 0.8348436768238361,
        "R2Score_Exp": 0.7756852094943707,
        "Forgetting_Exp": 0.12321272263160121,
        "BWT_Exp": -0.12321272263160121
    },
    "3": {
        "Loss_Exp": 39.08543149738715,
        "RelativeDistance_Exp": 0.9065308570861816,
        "R2Score_Exp": 0.8428503606054518,
        "Forgetting_Exp": 0.08645863665474784,
        "BWT_Exp": -0.08645863665474784
    },
    "4": {
        "Loss_Exp": 45.39667063094264,
        "RelativeDistance_Exp": 0.7699636561529977,
        "R2Score_Exp": 0.8179631658962795,
        "Forgetting_Exp": 0.09145241975784302,
        "BWT_Exp": -0.09145241975784302
    },
    "5": {
        "Loss_Exp": 43.902313978568266,
        "RelativeDistance_Exp": 0.7063737511634827,
        "R2Score_Exp": 0.8313394685586294,
        "Forgetting_Exp": 0.06221078832944227,
        "BWT_Exp": -0.06221078832944227
    },
    "6": {
        "Loss_Exp": 37.56620536890598,
        "RelativeDistance_Exp": 0.8340106084942818,
        "R2Score_Exp": 0.857882983982563,
        "Forgetting_Exp": 0.03997921943664551,
        "BWT_Exp": -0.03997921943664551
    },
    "7": {
        "Loss_Exp": 45.81774568285409,
        "RelativeDistance_Exp": 0.640424445271492,
        "R2Score_Exp": 0.8421251997351646,
        "Forgetting_Exp": 0.047146908938884735,
        "BWT_Exp": -0.047146908938884735
    },
    "8": {
        "Loss_Exp": 26.214132148774187,
        "RelativeDistance_Exp": 0.5204135676225027,
        "R2Score_Exp": 0.9019914269447327,
        "Forgetting_Exp": 0.027485251426696777,
        "BWT_Exp": -0.027485251426696777
    },
    "9": {
        "Loss_Exp": 18.319246506728764,
        "RelativeDistance_Exp": 0.49950362741947174,
        "R2Score_Exp": 0.928019106388092
    },
    "stream": {
        "Loss_Stream/eval_phase/test_stream": 53.74664835881982,
        "RelativeDistance_Stream/eval_phase/test_stream": 0.871941093309426,
        "R2Score_Stream/eval_phase/test_stream": 0.784188578158249,
        "Forgetting_Stream/eval_phase/test_stream": {
            "0": 0.18075817823410034,
            "1": 0.19677556753158576,
            "2": 0.12321272263160121,
            "3": 0.08645863665474784,
            "4": 0.09145241975784302,
            "5": 0.06221078832944227,
            "6": 0.03997921943664551,
            "7": 0.047146908938884735,
            "8": 0.027485251426696777
        },
        "BWT_Stream/eval_phase/test_stream": {
            "0": 0.18075817823410034,
            "1": 0.19677556753158576,
            "2": 0.12321272263160121,
            "3": 0.08645863665474784,
            "4": 0.09145241975784302,
            "5": 0.06221078832944227,
            "6": 0.03997921943664551,
            "7": 0.047146908938884735,
            "8": 0.027485251426696777
        }
    }
}