{
    "0": {
        "Loss_Exp": 60.00339156016864,
        "RelativeDistance_Exp": 1.097641384601593,
        "R2Score_Exp": 0.7451594114303589,
        "Forgetting_Exp": 0.10627223253250118,
        "BWT_Exp": -0.10627223253250118
    },
    "1": {
        "Loss_Exp": 70.08589996487396,
        "RelativeDistance_Exp": 1.0603845477104188,
        "R2Score_Exp": 0.7091406742731731,
        "Forgetting_Exp": 0.1373128334681193,
        "BWT_Exp": -0.1373128334681193
    },
    "2": {
        "Loss_Exp": 50.757686496324325,
        "RelativeDistance_Exp": 1.01242851294004,
        "R2Score_Exp": 0.7765198900149419,
        "Forgetting_Exp": 0.08172017794388986,
        "BWT_Exp": -0.08172017794388986
    },
    "3": {
        "Loss_Exp": 41.94836068701374,
        "RelativeDistance_Exp": 1.0995916194385953,
        "R2Score_Exp": 0.8277973731358846,
        "Forgetting_Exp": 0.06749113400777174,
        "BWT_Exp": -0.06749113400777174
    },
    "4": {
        "Loss_Exp": 44.4612807144965,
        "RelativeDistance_Exp": 1.0320564934185572,
        "R2Score_Exp": 0.8292195967265538,
        "Forgetting_Exp": 0.024562248161860922,
        "BWT_Exp": -0.024562248161860922
    },
    "5": {
        "Loss_Exp": 46.587312458236156,
        "RelativeDistance_Exp": 0.9543991188208262,
        "R2Score_Exp": 0.8216428061326345,
        "Forgetting_Exp": 0.03174969553947449,
        "BWT_Exp": -0.03174969553947449
    },
    "6": {
        "Loss_Exp": 40.86769281497206,
        "RelativeDistance_Exp": 1.2353582978248596,
        "R2Score_Exp": 0.846637025475502,
        "Forgetting_Exp": 0.020601652562618256,
        "BWT_Exp": -0.020601652562618256
    },
    "7": {
        "Loss_Exp": 49.156368226566684,
        "RelativeDistance_Exp": 0.8725719004869461,
        "R2Score_Exp": 0.8274641335010529,
        "Forgetting_Exp": 0.020752660930156708,
        "BWT_Exp": -0.020752660930156708
    },
    "8": {
        "Loss_Exp": 38.698867836366176,
        "RelativeDistance_Exp": 0.8166412313779196,
        "R2Score_Exp": 0.8527456720670065,
        "Forgetting_Exp": 0.02772003412246704,
        "BWT_Exp": -0.02772003412246704
    },
    "9": {
        "Loss_Exp": 31.661166679273506,
        "RelativeDistance_Exp": 0.8415885269641876,
        "R2Score_Exp": 0.8849193453788757
    },
    "stream": {
        "Loss_Stream/eval_phase/test_stream": 51.98280989051223,
        "RelativeDistance_Stream/eval_phase/test_stream": 1.0356470346450806,
        "R2Score_Stream/eval_phase/test_stream": 0.7912212117218677,
        "Forgetting_Stream/eval_phase/test_stream": {
            "0": 0.10627223253250118,
            "1": 0.1373128334681193,
            "2": 0.08172017794388986,
            "3": 0.06749113400777174,
            "4": 0.024562248161860922,
            "5": 0.03174969553947449,
            "6": 0.020601652562618256,
            "7": 0.020752660930156708,
            "8": 0.02772003412246704
        },
        "BWT_Stream/eval_phase/test_stream": {
            "0": 0.10627223253250118,
            "1": 0.1373128334681193,
            "2": 0.08172017794388986,
            "3": 0.06749113400777174,
            "4": 0.024562248161860922,
            "5": 0.03174969553947449,
            "6": 0.020601652562618256,
            "7": 0.020752660930156708,
            "8": 0.02772003412246704
        }
    }
}