{
    "0": {
        "Loss_Exp": 88.7802098413657,
        "RelativeDistance_Exp": 0.832884818315506,
        "R2Score_Exp": 0.8012551665306091,
        "Forgetting_Exp": 0.0769854187965393,
        "BWT_Exp": -0.0769854187965393
    },
    "1": {
        "Loss_Exp": 67.18721708164145,
        "RelativeDistance_Exp": 1.3394213318824768,
        "R2Score_Exp": 0.8037981688976288,
        "Forgetting_Exp": 0.09542050957679749,
        "BWT_Exp": -0.09542050957679749
    },
    "2": {
        "Loss_Exp": 56.907975038727336,
        "RelativeDistance_Exp": 0.6780896385510763,
        "R2Score_Exp": 0.8162268400192261,
        "Forgetting_Exp": 0.0019388397534688684,
        "BWT_Exp": -0.0019388397534688684
    },
    "3": {
        "Loss_Exp": 53.76111621644976,
        "RelativeDistance_Exp": 0.6144737303256989,
        "R2Score_Exp": 0.8210090696811676,
        "Forgetting_Exp": 0.03272527456283569,
        "BWT_Exp": -0.03272527456283569
    },
    "4": {
        "Loss_Exp": 47.785012465587734,
        "RelativeDistance_Exp": 0.7712373733520508,
        "R2Score_Exp": 0.8441202491521835,
        "Forgetting_Exp": 0.0032163411378860474,
        "BWT_Exp": -0.0032163411378860474
    },
    "5": {
        "Loss_Exp": 47.70566824208135,
        "RelativeDistance_Exp": 0.6679439345995585,
        "R2Score_Exp": 0.8137337366739908,
        "Forgetting_Exp": 0.023470083872477288,
        "BWT_Exp": -0.023470083872477288
    },
    "6": {
        "Loss_Exp": 54.14969286366276,
        "RelativeDistance_Exp": 0.7029377420743307,
        "R2Score_Exp": 0.8411338726679484,
        "Forgetting_Exp": -0.04454531272252393,
        "BWT_Exp": 0.04454531272252393
    },
    "7": {
        "Loss_Exp": 39.93982696533203,
        "RelativeDistance_Exp": 0.6708351373672485,
        "R2Score_Exp": 0.8425124883651733,
        "Forgetting_Exp": 0.02424800395965576,
        "BWT_Exp": -0.02424800395965576
    },
    "8": {
        "Loss_Exp": 49.9436479519346,
        "RelativeDistance_Exp": 1.096973717212677,
        "R2Score_Exp": 0.8309653699398041,
        "Forgetting_Exp": 0.006958872079849243,
        "BWT_Exp": -0.006958872079849243
    },
    "9": {
        "Loss_Exp": 67.39701066210091,
        "RelativeDistance_Exp": 0.7983088195323944,
        "R2Score_Exp": 0.8188232481479645
    },
    "stream": {
        "Loss_Stream/eval_phase/test_stream": 56.6467628745651,
        "RelativeDistance_Stream/eval_phase/test_stream": 0.8027843087911606,
        "R2Score_Stream/eval_phase/test_stream": 0.8243324533104897,
        "Forgetting_Stream/eval_phase/test_stream": {
            "0": 0.0769854187965393,
            "1": 0.09542050957679749,
            "2": 0.0019388397534688684,
            "3": 0.03272527456283569,
            "4": 0.0032163411378860474,
            "5": 0.023470083872477288,
            "6": -0.04454531272252393,
            "7": 0.02424800395965576,
            "8": 0.006958872079849243
        },
        "BWT_Stream/eval_phase/test_stream": {
            "0": 0.0769854187965393,
            "1": 0.09542050957679749,
            "2": 0.0019388397534688684,
            "3": 0.03272527456283569,
            "4": 0.0032163411378860474,
            "5": 0.023470083872477288,
            "6": -0.04454531272252393,
            "7": 0.02424800395965576,
            "8": 0.006958872079849243
        }
    }
}