{
    "0": {
        "Loss_Exp": 65.15955983340469,
        "RelativeDistance_Exp": 0.6385904848575592,
        "R2Score_Exp": 0.7795514762401581,
        "Forgetting_Exp": 0.0679272711277008,
        "BWT_Exp": -0.0679272711277008
    },
    "1": {
        "Loss_Exp": 32.722989458240946,
        "RelativeDistance_Exp": 0.6687872111797333,
        "R2Score_Exp": 0.8710903227329254,
        "Forgetting_Exp": 0.02083408832550049,
        "BWT_Exp": -0.02083408832550049
    },
    "2": {
        "Loss_Exp": 47.04642556794472,
        "RelativeDistance_Exp": 0.5570961634318033,
        "R2Score_Exp": 0.8102776606877645,
        "Forgetting_Exp": 0.030361215273539188,
        "BWT_Exp": -0.030361215273539188
    },
    "3": {
        "Loss_Exp": 31.846873584647533,
        "RelativeDistance_Exp": 0.4731294512748718,
        "R2Score_Exp": 0.8736568987369537,
        "Forgetting_Exp": 0.0038472115993499756,
        "BWT_Exp": -0.0038472115993499756
    },
    "4": {
        "Loss_Exp": 27.778931085472667,
        "RelativeDistance_Exp": 0.48057062178850174,
        "R2Score_Exp": 0.8693793267011642,
        "Forgetting_Exp": 0.03196117281913757,
        "BWT_Exp": -0.03196117281913757
    },
    "5": {
        "Loss_Exp": 28.590125213213415,
        "RelativeDistance_Exp": 0.48251667618751526,
        "R2Score_Exp": 0.8572678963343302,
        "Forgetting_Exp": 0.03507135311762499,
        "BWT_Exp": -0.03507135311762499
    },
    "6": {
        "Loss_Exp": 31.593658965954678,
        "RelativeDistance_Exp": 0.4636000295480092,
        "R2Score_Exp": 0.8643848299980164,
        "Forgetting_Exp": 0.0001265406608581543,
        "BWT_Exp": -0.0001265406608581543
    },
    "7": {
        "Loss_Exp": 28.549431063623963,
        "RelativeDistance_Exp": 0.3936362564563751,
        "R2Score_Exp": 0.8757412135601044,
        "Forgetting_Exp": 0.041664183139801025,
        "BWT_Exp": -0.041664183139801025
    },
    "8": {
        "Loss_Exp": 31.978749421696676,
        "RelativeDistance_Exp": 0.46505002677440643,
        "R2Score_Exp": 0.864541620016098,
        "Forgetting_Exp": 0.015278249979019165,
        "BWT_Exp": -0.015278249979019165
    },
    "9": {
        "Loss_Exp": 38.86545352143324,
        "RelativeDistance_Exp": 0.5507238656282425,
        "R2Score_Exp": 0.8706822991371155
    },
    "stream": {
        "Loss_Stream/eval_phase/test_stream": 35.93525464157062,
        "RelativeDistance_Stream/eval_phase/test_stream": 0.5124702274799346,
        "R2Score_Stream/eval_phase/test_stream": 0.8537534451484681,
        "Forgetting_Stream/eval_phase/test_stream": {
            "0": 0.0679272711277008,
            "1": 0.02083408832550049,
            "2": 0.030361215273539188,
            "3": 0.0038472115993499756,
            "4": 0.03196117281913757,
            "5": 0.03507135311762499,
            "6": 0.0001265406608581543,
            "7": 0.041664183139801025,
            "8": 0.015278249979019165
        },
        "BWT_Stream/eval_phase/test_stream": {
            "0": 0.0679272711277008,
            "1": 0.02083408832550049,
            "2": 0.030361215273539188,
            "3": 0.0038472115993499756,
            "4": 0.03196117281913757,
            "5": 0.03507135311762499,
            "6": 0.0001265406608581543,
            "7": 0.041664183139801025,
            "8": 0.015278249979019165
        }
    }
}