{
    "0": {
        "Loss_Exp": 58.7281379699707,
        "RelativeDistance_Exp": 0.6043505072593689,
        "R2Score_Exp": 0.790692925453186,
        "Forgetting_Exp": 0.06371235847473145,
        "BWT_Exp": -0.06371235847473145
    },
    "1": {
        "Loss_Exp": 30.850967407226562,
        "RelativeDistance_Exp": 0.6278355717658997,
        "R2Score_Exp": 0.8696017861366272,
        "Forgetting_Exp": 0.024647772312164307,
        "BWT_Exp": -0.024647772312164307
    },
    "2": {
        "Loss_Exp": 36.92695236206055,
        "RelativeDistance_Exp": 0.505958080291748,
        "R2Score_Exp": 0.8341294527053833,
        "Forgetting_Exp": 0.009002089500427246,
        "BWT_Exp": -0.009002089500427246
    },
    "3": {
        "Loss_Exp": 26.71259307861328,
        "RelativeDistance_Exp": 0.45318031311035156,
        "R2Score_Exp": 0.89082932472229,
        "Forgetting_Exp": -0.014542222023010254,
        "BWT_Exp": 0.014542222023010254
    },
    "4": {
        "Loss_Exp": 23.156049728393555,
        "RelativeDistance_Exp": 0.4566648602485657,
        "R2Score_Exp": 0.8848472833633423,
        "Forgetting_Exp": 0.020549476146697998,
        "BWT_Exp": -0.020549476146697998
    },
    "5": {
        "Loss_Exp": 28.9919376373291,
        "RelativeDistance_Exp": 0.4606524109840393,
        "R2Score_Exp": 0.8509634733200073,
        "Forgetting_Exp": 0.03584456443786621,
        "BWT_Exp": -0.03584456443786621
    },
    "6": {
        "Loss_Exp": 28.496379852294922,
        "RelativeDistance_Exp": 0.40792155265808105,
        "R2Score_Exp": 0.8627404570579529,
        "Forgetting_Exp": 0.02221125364303589,
        "BWT_Exp": -0.02221125364303589
    },
    "7": {
        "Loss_Exp": 25.477270126342773,
        "RelativeDistance_Exp": 0.4961227774620056,
        "R2Score_Exp": 0.8736282587051392,
        "Forgetting_Exp": 0.031877100467681885,
        "BWT_Exp": -0.031877100467681885
    },
    "8": {
        "Loss_Exp": 32.298988342285156,
        "RelativeDistance_Exp": 0.37754809856414795,
        "R2Score_Exp": 0.8642181158065796,
        "Forgetting_Exp": 0.02684122323989868,
        "BWT_Exp": -0.02684122323989868
    },
    "9": {
        "Loss_Exp": 36.274513244628906,
        "RelativeDistance_Exp": 0.5616416931152344,
        "R2Score_Exp": 0.8757073283195496
    },
    "stream": {
        "Loss_Stream/eval_phase/test_stream": 32.07124623189846,
        "RelativeDistance_Stream/eval_phase/test_stream": 0.4951875865459442,
        "R2Score_Stream/eval_phase/test_stream": 0.8597358405590058,
        "Forgetting_Stream/eval_phase/test_stream": {
            "0": 0.06371235847473145,
            "1": 0.024647772312164307,
            "2": 0.009002089500427246,
            "3": -0.014542222023010254,
            "4": 0.020549476146697998,
            "5": 0.03584456443786621,
            "6": 0.02221125364303589,
            "7": 0.031877100467681885,
            "8": 0.02684122323989868
        },
        "BWT_Stream/eval_phase/test_stream": {
            "0": 0.06371235847473145,
            "1": 0.024647772312164307,
            "2": 0.009002089500427246,
            "3": -0.014542222023010254,
            "4": 0.020549476146697998,
            "5": 0.03584456443786621,
            "6": 0.02221125364303589,
            "7": 0.031877100467681885,
            "8": 0.02684122323989868
        }
    }
}