{
    "0": {
        "Loss_Exp": 80.93990325927734,
        "RelativeDistance_Exp": 0.7808057069778442,
        "R2Score_Exp": 0.7266511917114258,
        "Forgetting_Exp": 0.12351208925247192,
        "BWT_Exp": -0.12351208925247192
    },
    "1": {
        "Loss_Exp": 42.43254470825195,
        "RelativeDistance_Exp": 0.7888612151145935,
        "R2Score_Exp": 0.8399209976196289,
        "Forgetting_Exp": 0.059801578521728516,
        "BWT_Exp": -0.059801578521728516
    },
    "2": {
        "Loss_Exp": 51.55252456665039,
        "RelativeDistance_Exp": 0.6378564834594727,
        "R2Score_Exp": 0.8038793206214905,
        "Forgetting_Exp": 0.037851154804229736,
        "BWT_Exp": -0.037851154804229736
    },
    "3": {
        "Loss_Exp": 39.3304328918457,
        "RelativeDistance_Exp": 0.5659781098365784,
        "R2Score_Exp": 0.8496814370155334,
        "Forgetting_Exp": 0.03302055597305298,
        "BWT_Exp": -0.03302055597305298
    },
    "4": {
        "Loss_Exp": 32.84454345703125,
        "RelativeDistance_Exp": 0.5676354765892029,
        "R2Score_Exp": 0.8493655323982239,
        "Forgetting_Exp": 0.05912965536117554,
        "BWT_Exp": -0.05912965536117554
    },
    "5": {
        "Loss_Exp": 36.34785079956055,
        "RelativeDistance_Exp": 0.5465624928474426,
        "R2Score_Exp": 0.8308572769165039,
        "Forgetting_Exp": 0.06199371814727783,
        "BWT_Exp": -0.06199371814727783
    },
    "6": {
        "Loss_Exp": 38.6751594543457,
        "RelativeDistance_Exp": 0.5073079466819763,
        "R2Score_Exp": 0.8391478657722473,
        "Forgetting_Exp": 0.042793989181518555,
        "BWT_Exp": -0.042793989181518555
    },
    "7": {
        "Loss_Exp": 30.140378952026367,
        "RelativeDistance_Exp": 0.5696621537208557,
        "R2Score_Exp": 0.8587167263031006,
        "Forgetting_Exp": 0.05157750844955444,
        "BWT_Exp": -0.05157750844955444
    },
    "8": {
        "Loss_Exp": 33.21589660644531,
        "RelativeDistance_Exp": 0.41587793827056885,
        "R2Score_Exp": 0.8703328371047974,
        "Forgetting_Exp": 0.02262735366821289,
        "BWT_Exp": -0.02262735366821289
    },
    "9": {
        "Loss_Exp": 35.896244049072266,
        "RelativeDistance_Exp": 0.5734204649925232,
        "R2Score_Exp": 0.8769023418426514
    },
    "stream": {
        "Loss_Stream/eval_phase/test_stream": 41.975111568176835,
        "RelativeDistance_Stream/eval_phase/test_stream": 0.5953967988491058,
        "R2Score_Stream/eval_phase/test_stream": 0.8345455527305603,
        "Forgetting_Stream/eval_phase/test_stream": {
            "0": 0.12351208925247192,
            "1": 0.059801578521728516,
            "2": 0.037851154804229736,
            "3": 0.03302055597305298,
            "4": 0.05912965536117554,
            "5": 0.06199371814727783,
            "6": 0.042793989181518555,
            "7": 0.05157750844955444,
            "8": 0.02262735366821289
        },
        "BWT_Stream/eval_phase/test_stream": {
            "0": 0.12351208925247192,
            "1": 0.059801578521728516,
            "2": 0.037851154804229736,
            "3": 0.03302055597305298,
            "4": 0.05912965536117554,
            "5": 0.06199371814727783,
            "6": 0.042793989181518555,
            "7": 0.05157750844955444,
            "8": 0.02262735366821289
        }
    }
}