{
    "0": {
        "Loss_Exp": 40.77933883666992,
        "RelativeDistance_Exp": 0.8911342620849609,
        "R2Score_Exp": 0.8239035606384277,
        "Forgetting_Exp": 0.06260895729064941,
        "BWT_Exp": -0.06260895729064941
    },
    "1": {
        "Loss_Exp": 52.052978515625,
        "RelativeDistance_Exp": 0.8400498032569885,
        "R2Score_Exp": 0.7930282950401306,
        "Forgetting_Exp": 0.035379111766815186,
        "BWT_Exp": -0.035379111766815186
    },
    "2": {
        "Loss_Exp": 39.39130401611328,
        "RelativeDistance_Exp": 0.8081478476524353,
        "R2Score_Exp": 0.8323369026184082,
        "Forgetting_Exp": 0.027305185794830322,
        "BWT_Exp": -0.027305185794830322
    },
    "3": {
        "Loss_Exp": 33.369285583496094,
        "RelativeDistance_Exp": 0.8161782622337341,
        "R2Score_Exp": 0.8695170879364014,
        "Forgetting_Exp": 0.018847644329071045,
        "BWT_Exp": -0.018847644329071045
    },
    "4": {
        "Loss_Exp": 40.31263732910156,
        "RelativeDistance_Exp": 0.7806659936904907,
        "R2Score_Exp": 0.8439631462097168,
        "Forgetting_Exp": 0.010126590728759766,
        "BWT_Exp": -0.010126590728759766
    },
    "5": {
        "Loss_Exp": 37.69139862060547,
        "RelativeDistance_Exp": 0.6535354256629944,
        "R2Score_Exp": 0.857048749923706,
        "Forgetting_Exp": -0.00462949275970459,
        "BWT_Exp": 0.00462949275970459
    },
    "6": {
        "Loss_Exp": 35.659698486328125,
        "RelativeDistance_Exp": 0.7985687851905823,
        "R2Score_Exp": 0.870118260383606,
        "Forgetting_Exp": 0.00819408893585205,
        "BWT_Exp": -0.00819408893585205
    },
    "7": {
        "Loss_Exp": 50.2965202331543,
        "RelativeDistance_Exp": 0.6252753138542175,
        "R2Score_Exp": 0.8272714018821716,
        "Forgetting_Exp": 0.02535921335220337,
        "BWT_Exp": -0.02535921335220337
    },
    "8": {
        "Loss_Exp": 38.45795822143555,
        "RelativeDistance_Exp": 0.6284765005111694,
        "R2Score_Exp": 0.874108076095581,
        "Forgetting_Exp": 0.021079182624816895,
        "BWT_Exp": -0.021079182624816895
    },
    "9": {
        "Loss_Exp": 29.790821075439453,
        "RelativeDistance_Exp": 0.6318422555923462,
        "R2Score_Exp": 0.9058496356010437
    },
    "stream": {
        "Loss_Stream/eval_phase/test_stream": 41.75966965996397,
        "RelativeDistance_Stream/eval_phase/test_stream": 0.7473874449729919,
        "R2Score_Stream/eval_phase/test_stream": 0.8497145116329193,
        "Forgetting_Stream/eval_phase/test_stream": {
            "0": 0.06260895729064941,
            "1": 0.035379111766815186,
            "2": 0.027305185794830322,
            "3": 0.018847644329071045,
            "4": 0.010126590728759766,
            "5": -0.00462949275970459,
            "6": 0.00819408893585205,
            "7": 0.02535921335220337,
            "8": 0.021079182624816895
        },
        "BWT_Stream/eval_phase/test_stream": {
            "0": 0.06260895729064941,
            "1": 0.035379111766815186,
            "2": 0.027305185794830322,
            "3": 0.018847644329071045,
            "4": 0.010126590728759766,
            "5": -0.00462949275970459,
            "6": 0.00819408893585205,
            "7": 0.02535921335220337,
            "8": 0.021079182624816895
        }
    }
}