{
    "0": {
        "Loss_Exp": 26.589040756225586,
        "RelativeDistance_Exp": 0.6765764355659485,
        "R2Score_Exp": 0.8832616806030273
    },
    "1": {
        "Loss_Exp": 27.5069637298584,
        "RelativeDistance_Exp": 0.6010701060295105,
        "R2Score_Exp": 0.8811568021774292
    },
    "2": {
        "Loss_Exp": 25.713031768798828,
        "RelativeDistance_Exp": 0.6101884841918945,
        "R2Score_Exp": 0.8868471384048462
    },
    "3": {
        "Loss_Exp": 19.375385284423828,
        "RelativeDistance_Exp": 0.626928448677063,
        "R2Score_Exp": 0.922095537185669
    },
    "4": {
        "Loss_Exp": 21.62677574157715,
        "RelativeDistance_Exp": 0.6458239555358887,
        "R2Score_Exp": 0.9099091291427612
    },
    "5": {
        "Loss_Exp": 24.97854995727539,
        "RelativeDistance_Exp": 0.5688600540161133,
        "R2Score_Exp": 0.9008986949920654
    },
    "6": {
        "Loss_Exp": 23.978342056274414,
        "RelativeDistance_Exp": 0.71843421459198,
        "R2Score_Exp": 0.9073385000228882
    },
    "7": {
        "Loss_Exp": 34.15999221801758,
        "RelativeDistance_Exp": 0.5241930484771729,
        "R2Score_Exp": 0.8774895668029785
    },
    "8": {
        "Loss_Exp": 25.910974502563477,
        "RelativeDistance_Exp": 0.5640363097190857,
        "R2Score_Exp": 0.9135681986808777
    },
    "9": {
        "Loss_Exp": 19.810068130493164,
        "RelativeDistance_Exp": 0.5314961671829224,
        "R2Score_Exp": 0.9334300756454468
    },
    "stream": {
        "Loss_Stream/eval_phase/test_stream": 25.607201282729594,
        "RelativeDistance_Stream/eval_phase/test_stream": 0.6067607223987579,
        "R2Score_Stream/eval_phase/test_stream": 0.9015995323657989,
        "Forgetting_Stream/eval_phase/test_stream": {},
        "BWT_Stream/eval_phase/test_stream": {}
    }
}