{
    "0": {
        "Loss_Exp": 39.6873491139282,
        "RelativeDistance_Exp": 0.9319912493228912,
        "R2Score_Exp": 0.8306946575641632,
        "Forgetting_Exp": 0.022911709547042913,
        "BWT_Exp": -0.022911709547042913
    },
    "1": {
        "Loss_Exp": 44.20357677653511,
        "RelativeDistance_Exp": 0.8719632228215536,
        "R2Score_Exp": 0.8163736502329508,
        "Forgetting_Exp": 0.015235340595245339,
        "BWT_Exp": -0.015235340595245339
    },
    "2": {
        "Loss_Exp": 38.95961446354075,
        "RelativeDistance_Exp": 0.8481887028767512,
        "R2Score_Exp": 0.8360501115138714,
        "Forgetting_Exp": 0.010782246406261686,
        "BWT_Exp": -0.010782246406261686
    },
    "3": {
        "Loss_Exp": 35.999205853109835,
        "RelativeDistance_Exp": 0.8579343292448256,
        "R2Score_Exp": 0.8586817449993558,
        "Forgetting_Exp": 0.015104995833502777,
        "BWT_Exp": -0.015104995833502777
    },
    "4": {
        "Loss_Exp": 40.887524485072014,
        "RelativeDistance_Exp": 0.8745745165007455,
        "R2Score_Exp": 0.8437521372522626,
        "Forgetting_Exp": -0.003601023129054415,
        "BWT_Exp": 0.003601023129054415
    },
    "5": {
        "Loss_Exp": 41.302403629233645,
        "RelativeDistance_Exp": 0.7560608983039856,
        "R2Score_Exp": 0.8441178898016611,
        "Forgetting_Exp": 0.00609859824180603,
        "BWT_Exp": -0.00609859824180603
    },
    "6": {
        "Loss_Exp": 39.94809146281946,
        "RelativeDistance_Exp": 0.9294514432549477,
        "R2Score_Exp": 0.8525995910167694,
        "Forgetting_Exp": 0.01554485410451889,
        "BWT_Exp": -0.01554485410451889
    },
    "7": {
        "Loss_Exp": 52.067002738141355,
        "RelativeDistance_Exp": 0.7330109104514122,
        "R2Score_Exp": 0.8215281739830971,
        "Forgetting_Exp": 0.019177503883838654,
        "BWT_Exp": -0.019177503883838654
    },
    "8": {
        "Loss_Exp": 42.489685485755814,
        "RelativeDistance_Exp": 0.7524167895317078,
        "R2Score_Exp": 0.8491169412930807,
        "Forgetting_Exp": 0.04943132400512695,
        "BWT_Exp": -0.04943132400512695
    },
    "9": {
        "Loss_Exp": 28.629853921155732,
        "RelativeDistance_Exp": 0.5843359380960464,
        "R2Score_Exp": 0.8995425999164581
    },
    "stream": {
        "Loss_Stream/eval_phase/test_stream": 41.37074368863586,
        "RelativeDistance_Stream/eval_phase/test_stream": 0.8460645804434647,
        "R2Score_Stream/eval_phase/test_stream": 0.8377749250258928,
        "Forgetting_Stream/eval_phase/test_stream": {
            "0": 0.022911709547042913,
            "1": 0.015235340595245339,
            "2": 0.010782246406261686,
            "3": 0.015104995833502777,
            "4": -0.003601023129054415,
            "5": 0.00609859824180603,
            "6": 0.01554485410451889,
            "7": 0.019177503883838654,
            "8": 0.04943132400512695
        },
        "BWT_Stream/eval_phase/test_stream": {
            "0": 0.022911709547042913,
            "1": 0.015235340595245339,
            "2": 0.010782246406261686,
            "3": 0.015104995833502777,
            "4": -0.003601023129054415,
            "5": 0.00609859824180603,
            "6": 0.01554485410451889,
            "7": 0.019177503883838654,
            "8": 0.04943132400512695
        }
    }
}