{
    "0": {
        "Loss_Exp": 37.96545574260208,
        "RelativeDistance_Exp": 0.9489464879035949,
        "R2Score_Exp": 0.8281630218029022,
        "Forgetting_Exp": 0.020774054527282648,
        "BWT_Exp": -0.020774054527282648
    },
    "1": {
        "Loss_Exp": 48.44311834608866,
        "RelativeDistance_Exp": 0.9592131853103638,
        "R2Score_Exp": 0.8001132249832154,
        "Forgetting_Exp": 0.0026714762051900376,
        "BWT_Exp": -0.0026714762051900376
    },
    "2": {
        "Loss_Exp": 41.27056223790391,
        "RelativeDistance_Exp": 0.9081321175281818,
        "R2Score_Exp": 0.8264706134796143,
        "Forgetting_Exp": -0.007000350035153868,
        "BWT_Exp": 0.007000350035153868
    },
    "3": {
        "Loss_Exp": 40.871171895882696,
        "RelativeDistance_Exp": 1.0043674906094868,
        "R2Score_Exp": 0.8401340776019626,
        "Forgetting_Exp": -0.0044955280092027206,
        "BWT_Exp": 0.0044955280092027206
    },
    "4": {
        "Loss_Exp": 45.61932654454958,
        "RelativeDistance_Exp": 1.0117480329104833,
        "R2Score_Exp": 0.8250256095613752,
        "Forgetting_Exp": -0.015762243952069932,
        "BWT_Exp": 0.015762243952069932
    },
    "5": {
        "Loss_Exp": 44.37227799818081,
        "RelativeDistance_Exp": 0.8884794215361277,
        "R2Score_Exp": 0.8322597841421763,
        "Forgetting_Exp": -0.015003929535547855,
        "BWT_Exp": 0.015003929535547855
    },
    "6": {
        "Loss_Exp": 44.52782089894537,
        "RelativeDistance_Exp": 1.097697339951992,
        "R2Score_Exp": 0.8352730348706245,
        "Forgetting_Exp": 0.00031317025423049927,
        "BWT_Exp": -0.00031317025423049927
    },
    "7": {
        "Loss_Exp": 59.95490588576436,
        "RelativeDistance_Exp": 0.8962465599179268,
        "R2Score_Exp": 0.7948207259178162,
        "Forgetting_Exp": 0.004347488284111023,
        "BWT_Exp": -0.004347488284111023
    },
    "8": {
        "Loss_Exp": 45.208978897171754,
        "RelativeDistance_Exp": 0.8862188657124838,
        "R2Score_Exp": 0.844387928644816,
        "Forgetting_Exp": 0.035188913345336914,
        "BWT_Exp": -0.035188913345336914
    },
    "9": {
        "Loss_Exp": 39.293786769812534,
        "RelativeDistance_Exp": 0.9021274149417877,
        "R2Score_Exp": 0.8707304894924164
    },
    "stream": {
        "Loss_Stream/eval_phase/test_stream": 45.02173417196974,
        "RelativeDistance_Stream/eval_phase/test_stream": 0.9574106541680701,
        "R2Score_Stream/eval_phase/test_stream": 0.8231205690054246,
        "Forgetting_Stream/eval_phase/test_stream": {
            "0": 0.020774054527282648,
            "1": 0.0026714762051900376,
            "2": -0.007000350035153868,
            "3": -0.0044955280092027206,
            "4": -0.015762243952069932,
            "5": -0.015003929535547855,
            "6": 0.00031317025423049927,
            "7": 0.004347488284111023,
            "8": 0.035188913345336914
        },
        "BWT_Stream/eval_phase/test_stream": {
            "0": 0.020774054527282648,
            "1": 0.0026714762051900376,
            "2": -0.007000350035153868,
            "3": -0.0044955280092027206,
            "4": -0.015762243952069932,
            "5": -0.015003929535547855,
            "6": 0.00031317025423049927,
            "7": 0.004347488284111023,
            "8": 0.035188913345336914
        }
    }
}