{
    "0": {
        "Loss_Exp": 31.84552097120625,
        "RelativeDistance_Exp": 0.9419999957084656,
        "R2Score_Exp": 0.8567219018936157
    },
    "1": {
        "Loss_Exp": 33.04281834350897,
        "RelativeDistance_Exp": 0.8737147967020671,
        "R2Score_Exp": 0.8580151875813802
    },
    "2": {
        "Loss_Exp": 29.410886566393952,
        "RelativeDistance_Exp": 0.8927719913996183,
        "R2Score_Exp": 0.8715454660929166
    },
    "3": {
        "Loss_Exp": 24.221377589824723,
        "RelativeDistance_Exp": 0.9844524396790398,
        "R2Score_Exp": 0.9011758234765794
    },
    "4": {
        "Loss_Exp": 26.370467570685452,
        "RelativeDistance_Exp": 0.9520863464900425,
        "R2Score_Exp": 0.896162211894989
    },
    "5": {
        "Loss_Exp": 28.93160983008187,
        "RelativeDistance_Exp": 0.8756674726804098,
        "R2Score_Exp": 0.8856227298577627
    },
    "6": {
        "Loss_Exp": 28.172685734923984,
        "RelativeDistance_Exp": 1.1793805584311485,
        "R2Score_Exp": 0.8912372887134552
    },
    "7": {
        "Loss_Exp": 38.2477807466965,
        "RelativeDistance_Exp": 0.8212001472711563,
        "R2Score_Exp": 0.865826390683651
    },
    "8": {
        "Loss_Exp": 29.195151853802116,
        "RelativeDistance_Exp": 0.791817863782247,
        "R2Score_Exp": 0.8949360648790995
    },
    "9": {
        "Loss_Exp": 24.513630257922383,
        "RelativeDistance_Exp": 0.7722827196121216,
        "R2Score_Exp": 0.9117331802845001
    },
    "stream": {
        "Loss_Stream/eval_phase/test_stream": 30.184411845873306,
        "RelativeDistance_Stream/eval_phase/test_stream": 0.9238901690200523,
        "R2Score_Stream/eval_phase/test_stream": 0.8769108167401066,
        "Forgetting_Stream/eval_phase/test_stream": {},
        "BWT_Stream/eval_phase/test_stream": {}
    }
}