{
    "0": {
        "Loss_Exp": 69.93175335770133,
        "RelativeDistance_Exp": 1.1713556051254272,
        "R2Score_Exp": 0.7077712178230285,
        "Forgetting_Exp": 0.17956305146217344,
        "BWT_Exp": -0.17956305146217344
    },
    "1": {
        "Loss_Exp": 71.38123875471996,
        "RelativeDistance_Exp": 1.1061044891675313,
        "R2Score_Exp": 0.7235965172449748,
        "Forgetting_Exp": 0.1637511769930522,
        "BWT_Exp": -0.1637511769930522
    },
    "2": {
        "Loss_Exp": 50.6842367712949,
        "RelativeDistance_Exp": 0.9303118494840769,
        "R2Score_Exp": 0.7883734565514785,
        "Forgetting_Exp": 0.11007339679277861,
        "BWT_Exp": -0.11007339679277861
    },
    "3": {
        "Loss_Exp": 38.57489406668922,
        "RelativeDistance_Exp": 0.910834425025516,
        "R2Score_Exp": 0.8497047093179491,
        "Forgetting_Exp": 0.0808422433005439,
        "BWT_Exp": -0.0808422433005439
    },
    "4": {
        "Loss_Exp": 45.329581941877095,
        "RelativeDistance_Exp": 0.8216930116925921,
        "R2Score_Exp": 0.8294007011822292,
        "Forgetting_Exp": 0.08206966945103233,
        "BWT_Exp": -0.08206966945103233
    },
    "5": {
        "Loss_Exp": 40.97219358198997,
        "RelativeDistance_Exp": 0.7292155226071676,
        "R2Score_Exp": 0.8446432848771414,
        "Forgetting_Exp": 0.047557731469472175,
        "BWT_Exp": -0.047557731469472175
    },
    "6": {
        "Loss_Exp": 35.698268589863105,
        "RelativeDistance_Exp": 0.8812026754021645,
        "R2Score_Exp": 0.8628352284431458,
        "Forgetting_Exp": 0.034168027341365814,
        "BWT_Exp": -0.034168027341365814
    },
    "7": {
        "Loss_Exp": 46.65181892152257,
        "RelativeDistance_Exp": 0.6157190203666687,
        "R2Score_Exp": 0.8433126136660576,
        "Forgetting_Exp": 0.04611477255821228,
        "BWT_Exp": -0.04611477255821228
    },
    "8": {
        "Loss_Exp": 31.022134832528383,
        "RelativeDistance_Exp": 0.5563306510448456,
        "R2Score_Exp": 0.8890854517618815,
        "Forgetting_Exp": 0.025211016337076897,
        "BWT_Exp": -0.025211016337076897
    },
    "9": {
        "Loss_Exp": 21.88065416725993,
        "RelativeDistance_Exp": 0.49071815609931946,
        "R2Score_Exp": 0.9129205644130707
    },
    "stream": {
        "Loss_Stream/eval_phase/test_stream": 51.545118544436626,
        "RelativeDistance_Stream/eval_phase/test_stream": 0.9055510284724059,
        "R2Score_Stream/eval_phase/test_stream": 0.8005407665982659,
        "Forgetting_Stream/eval_phase/test_stream": {
            "0": 0.17956305146217344,
            "1": 0.1637511769930522,
            "2": 0.11007339679277861,
            "3": 0.0808422433005439,
            "4": 0.08206966945103233,
            "5": 0.047557731469472175,
            "6": 0.034168027341365814,
            "7": 0.04611477255821228,
            "8": 0.025211016337076897
        },
        "BWT_Stream/eval_phase/test_stream": {
            "0": 0.17956305146217344,
            "1": 0.1637511769930522,
            "2": 0.11007339679277861,
            "3": 0.0808422433005439,
            "4": 0.08206966945103233,
            "5": 0.047557731469472175,
            "6": 0.034168027341365814,
            "7": 0.04611477255821228,
            "8": 0.025211016337076897
        }
    }
}