{
    "0": {
        "Loss_Exp": 36.15324422008587,
        "Time_Exp": 0.3239088999998785,
        "RelativeDistance_Exp": 0.8913370847702027,
        "R2Score_Exp": 0.8355253279209137,
        "Forgetting_Exp": 0.05239871144294739,
        "BWT_Exp": -0.05239871144294739
    },
    "1": {
        "Loss_Exp": 41.105213872618855,
        "Time_Exp": 0.24231440000039584,
        "RelativeDistance_Exp": 0.7997318506240845,
        "R2Score_Exp": 0.83330846230189,
        "Forgetting_Exp": -0.00800345738728836,
        "BWT_Exp": 0.00800345738728836
    },
    "2": {
        "Loss_Exp": 37.03393760461513,
        "Time_Exp": 0.24052930000107153,
        "RelativeDistance_Exp": 0.7685196078740634,
        "R2Score_Exp": 0.841191080900339,
        "Forgetting_Exp": 0.006822842818040131,
        "BWT_Exp": -0.006822842818040131
    },
    "3": {
        "Loss_Exp": 29.56494969612881,
        "Time_Exp": 0.34129399999983434,
        "RelativeDistance_Exp": 0.8353201945622762,
        "R2Score_Exp": 0.881480958726671,
        "Forgetting_Exp": 0.005282845762040855,
        "BWT_Exp": -0.005282845762040855
    },
    "4": {
        "Loss_Exp": 30.56035730099858,
        "Time_Exp": 0.11687540000093577,
        "RelativeDistance_Exp": 0.8022238952772958,
        "R2Score_Exp": 0.8781957456043789,
        "Forgetting_Exp": -0.01743348155702862,
        "BWT_Exp": 0.01743348155702862
    },
    "5": {
        "Loss_Exp": 32.96307549151417,
        "Time_Exp": 0.08819269999912649,
        "RelativeDistance_Exp": 0.7036877075831095,
        "R2Score_Exp": 0.8700219988822937,
        "Forgetting_Exp": -0.019549528757731083,
        "BWT_Exp": 0.019549528757731083
    },
    "6": {
        "Loss_Exp": 31.861965427370507,
        "Time_Exp": 0.12291699999877892,
        "RelativeDistance_Exp": 0.8910400196909904,
        "R2Score_Exp": 0.8785346746444702,
        "Forgetting_Exp": 0.004493542015552521,
        "BWT_Exp": -0.004493542015552521
    },
    "7": {
        "Loss_Exp": 43.55748337016081,
        "Time_Exp": 0.14187829999900714,
        "RelativeDistance_Exp": 0.6549859270453453,
        "R2Score_Exp": 0.8477080538868904,
        "Forgetting_Exp": 0.0011032149195671082,
        "BWT_Exp": -0.0011032149195671082
    },
    "8": {
        "Loss_Exp": 30.191517406671952,
        "Time_Exp": 0.041376500001206296,
        "RelativeDistance_Exp": 0.6037249267101288,
        "R2Score_Exp": 0.8930590550104777,
        "Forgetting_Exp": 0.01682215929031372,
        "BWT_Exp": -0.01682215929031372
    },
    "9": {
        "Loss_Exp": 24.771278834758583,
        "Time_Exp": 0.017738499998813495,
        "RelativeDistance_Exp": 0.5699969679117203,
        "R2Score_Exp": 0.9081288278102875
    },
    "stream": {
        "Loss_Stream/eval_phase/test_stream": 35.71700583970794,
        "Time_Stream/eval_phase/test_stream": 1.7092950000005658,
        "RelativeDistance_Stream/eval_phase/test_stream": 0.7848772229971709,
        "R2Score_Stream/eval_phase/test_stream": 0.8567477994494967,
        "Forgetting_Stream/eval_phase/test_stream": {
            "0": 0.05239871144294739,
            "1": -0.00800345738728836,
            "2": 0.006822842818040131,
            "3": 0.005282845762040855,
            "4": -0.01743348155702862,
            "5": -0.019549528757731083,
            "6": 0.004493542015552521,
            "7": 0.0011032149195671082,
            "8": 0.01682215929031372
        },
        "BWT_Stream/eval_phase/test_stream": {
            "0": 0.05239871144294739,
            "1": -0.00800345738728836,
            "2": 0.006822842818040131,
            "3": 0.005282845762040855,
            "4": -0.01743348155702862,
            "5": -0.019549528757731083,
            "6": 0.004493542015552521,
            "7": 0.0011032149195671082,
            "8": 0.01682215929031372
        }
    }
}