{
    "0": {
        "Loss_Exp": 111.37235117176353,
        "RelativeDistance_Exp": 0.9445578753948212,
        "R2Score_Exp": 0.6626168489456177,
        "Forgetting_Exp": 0.18546044826507568,
        "BWT_Exp": -0.18546044826507568
    },
    "1": {
        "Loss_Exp": 67.1968528646373,
        "RelativeDistance_Exp": 0.9060636162757874,
        "R2Score_Exp": 0.7667019665241241,
        "Forgetting_Exp": 0.1251763105392456,
        "BWT_Exp": -0.1251763105392456
    },
    "2": {
        "Loss_Exp": 84.37349408406136,
        "RelativeDistance_Exp": 0.7212464610735575,
        "R2Score_Exp": 0.7261354525883993,
        "Forgetting_Exp": 0.1153247753779093,
        "BWT_Exp": -0.1153247753779093
    },
    "3": {
        "Loss_Exp": 50.95900816121092,
        "RelativeDistance_Exp": 0.6135349869728088,
        "R2Score_Exp": 0.8056589663028717,
        "Forgetting_Exp": 0.06909596920013428,
        "BWT_Exp": -0.06909596920013428
    },
    "4": {
        "Loss_Exp": 41.82800771923962,
        "RelativeDistance_Exp": 0.6745509654283524,
        "R2Score_Exp": 0.8003870099782944,
        "Forgetting_Exp": 0.1030987948179245,
        "BWT_Exp": -0.1030987948179245
    },
    "5": {
        "Loss_Exp": 46.46111134778733,
        "RelativeDistance_Exp": 0.6281611124674479,
        "R2Score_Exp": 0.7695704499880472,
        "Forgetting_Exp": 0.10812600453694665,
        "BWT_Exp": -0.10812600453694665
    },
    "6": {
        "Loss_Exp": 56.41205296322025,
        "RelativeDistance_Exp": 0.6619796752929688,
        "R2Score_Exp": 0.7887735565503439,
        "Forgetting_Exp": 0.05742770433425903,
        "BWT_Exp": -0.05742770433425903
    },
    "7": {
        "Loss_Exp": 42.92266906020988,
        "RelativeDistance_Exp": 0.46249374747276306,
        "R2Score_Exp": 0.8527060449123383,
        "Forgetting_Exp": 0.033428847789764404,
        "BWT_Exp": -0.033428847789764404
    },
    "8": {
        "Loss_Exp": 48.38133995510568,
        "RelativeDistance_Exp": 0.5485030263662338,
        "R2Score_Exp": 0.8245026469230652,
        "Forgetting_Exp": 0.034344494342803955,
        "BWT_Exp": -0.034344494342803955
    },
    "9": {
        "Loss_Exp": 42.0455628657246,
        "RelativeDistance_Exp": 0.5721522271633148,
        "R2Score_Exp": 0.8603782057762146
    },
    "stream": {
        "Loss_Stream/eval_phase/test_stream": 58.85125262683057,
        "RelativeDistance_Stream/eval_phase/test_stream": 0.6730790627002716,
        "R2Score_Stream/eval_phase/test_stream": 0.7840046310424804,
        "Forgetting_Stream/eval_phase/test_stream": {
            "0": 0.18546044826507568,
            "1": 0.1251763105392456,
            "2": 0.1153247753779093,
            "3": 0.06909596920013428,
            "4": 0.1030987948179245,
            "5": 0.10812600453694665,
            "6": 0.05742770433425903,
            "7": 0.033428847789764404,
            "8": 0.034344494342803955
        },
        "BWT_Stream/eval_phase/test_stream": {
            "0": 0.18546044826507568,
            "1": 0.1251763105392456,
            "2": 0.1153247753779093,
            "3": 0.06909596920013428,
            "4": 0.1030987948179245,
            "5": 0.10812600453694665,
            "6": 0.05742770433425903,
            "7": 0.033428847789764404,
            "8": 0.034344494342803955
        }
    }
}