{
    "0": {
        "Loss_Exp": 44.411502838134766,
        "RelativeDistance_Exp": 0.7189581990242004,
        "R2Score_Exp": 0.8153778910636902,
        "Forgetting_Exp": 0.08381754159927368,
        "BWT_Exp": -0.08381754159927368
    },
    "1": {
        "Loss_Exp": 48.0363883972168,
        "RelativeDistance_Exp": 0.7355000376701355,
        "R2Score_Exp": 0.798467755317688,
        "Forgetting_Exp": 0.09585732221603394,
        "BWT_Exp": -0.09585732221603394
    },
    "2": {
        "Loss_Exp": 48.42934036254883,
        "RelativeDistance_Exp": 0.8529242277145386,
        "R2Score_Exp": 0.8008660078048706,
        "Forgetting_Exp": 0.094058096408844,
        "BWT_Exp": -0.094058096408844
    },
    "3": {
        "Loss_Exp": 43.45880126953125,
        "RelativeDistance_Exp": 0.7818475961685181,
        "R2Score_Exp": 0.8122713565826416,
        "Forgetting_Exp": 0.07967501878738403,
        "BWT_Exp": -0.07967501878738403
    },
    "4": {
        "Loss_Exp": 50.05016326904297,
        "RelativeDistance_Exp": 0.8734102845191956,
        "R2Score_Exp": 0.8175649642944336,
        "Forgetting_Exp": 0.07526099681854248,
        "BWT_Exp": -0.07526099681854248
    },
    "5": {
        "Loss_Exp": 44.21159744262695,
        "RelativeDistance_Exp": 0.8449909090995789,
        "R2Score_Exp": 0.8328969478607178,
        "Forgetting_Exp": 0.05636876821517944,
        "BWT_Exp": -0.05636876821517944
    },
    "6": {
        "Loss_Exp": 39.737205505371094,
        "RelativeDistance_Exp": 0.6549094319343567,
        "R2Score_Exp": 0.8482649326324463,
        "Forgetting_Exp": 0.03573906421661377,
        "BWT_Exp": -0.03573906421661377
    },
    "7": {
        "Loss_Exp": 35.77165985107422,
        "RelativeDistance_Exp": 0.705189049243927,
        "R2Score_Exp": 0.8604741096496582,
        "Forgetting_Exp": -0.0018783211708068848,
        "BWT_Exp": 0.0018783211708068848
    },
    "8": {
        "Loss_Exp": 39.159393310546875,
        "RelativeDistance_Exp": 0.5066986680030823,
        "R2Score_Exp": 0.8505594730377197,
        "Forgetting_Exp": 0.05910909175872803,
        "BWT_Exp": -0.05910909175872803
    },
    "9": {
        "Loss_Exp": 19.668485641479492,
        "RelativeDistance_Exp": 0.7297327518463135,
        "R2Score_Exp": 0.9252206087112427
    },
    "stream": {
        "Loss_Stream/eval_phase/test_stream": 45.16566386900844,
        "RelativeDistance_Stream/eval_phase/test_stream": 0.7404161155223846,
        "R2Score_Stream/eval_phase/test_stream": 0.8361964046955108,
        "Forgetting_Stream/eval_phase/test_stream": {
            "0": 0.08381754159927368,
            "1": 0.09585732221603394,
            "2": 0.094058096408844,
            "3": 0.07967501878738403,
            "4": 0.07526099681854248,
            "5": 0.05636876821517944,
            "6": 0.03573906421661377,
            "7": -0.0018783211708068848,
            "8": 0.05910909175872803
        },
        "BWT_Stream/eval_phase/test_stream": {
            "0": 0.08381754159927368,
            "1": 0.09585732221603394,
            "2": 0.094058096408844,
            "3": 0.07967501878738403,
            "4": 0.07526099681854248,
            "5": 0.05636876821517944,
            "6": 0.03573906421661377,
            "7": -0.0018783211708068848,
            "8": 0.05910909175872803
        }
    }
}