{
    "0": {
        "Loss_Exp": 116.18777638931721,
        "RelativeDistance_Exp": 1.3070993423461914,
        "R2Score_Exp": 0.7364243566989899,
        "Forgetting_Exp": 0.13458657264709473,
        "BWT_Exp": -0.13458657264709473
    },
    "1": {
        "Loss_Exp": 75.4263744625435,
        "RelativeDistance_Exp": 1.7685680985450745,
        "R2Score_Exp": 0.7818481028079987,
        "Forgetting_Exp": 0.11205855011940002,
        "BWT_Exp": -0.11205855011940002
    },
    "2": {
        "Loss_Exp": 64.12022844902663,
        "RelativeDistance_Exp": 1.0993448495864868,
        "R2Score_Exp": 0.7933494448661804,
        "Forgetting_Exp": 0.040630221366882324,
        "BWT_Exp": -0.040630221366882324
    },
    "3": {
        "Loss_Exp": 52.87199195145839,
        "RelativeDistance_Exp": 0.8874501883983612,
        "R2Score_Exp": 0.8255618214607239,
        "Forgetting_Exp": 0.039797455072402954,
        "BWT_Exp": -0.039797455072402954
    },
    "4": {
        "Loss_Exp": 45.922101047692195,
        "RelativeDistance_Exp": 1.0989752113819122,
        "R2Score_Exp": 0.849012091755867,
        "Forgetting_Exp": 0.00889115035533905,
        "BWT_Exp": -0.00889115035533905
    },
    "5": {
        "Loss_Exp": 46.592735788096554,
        "RelativeDistance_Exp": 0.9638372858365377,
        "R2Score_Exp": 0.8183938066164652,
        "Forgetting_Exp": 0.03350440661112475,
        "BWT_Exp": -0.03350440661112475
    },
    "6": {
        "Loss_Exp": 57.44340732475263,
        "RelativeDistance_Exp": 0.786846657594045,
        "R2Score_Exp": 0.8234624862670898,
        "Forgetting_Exp": 0.02813609441121423,
        "BWT_Exp": -0.02813609441121423
    },
    "7": {
        "Loss_Exp": 37.352657318115234,
        "RelativeDistance_Exp": 0.9645340442657471,
        "R2Score_Exp": 0.8527140021324158,
        "Forgetting_Exp": 0.03477531671524048,
        "BWT_Exp": -0.03477531671524048
    },
    "8": {
        "Loss_Exp": 52.69645568228252,
        "RelativeDistance_Exp": 0.9041383564472198,
        "R2Score_Exp": 0.8314709067344666,
        "Forgetting_Exp": -0.03192871809005737,
        "BWT_Exp": 0.03192871809005737
    },
    "9": {
        "Loss_Exp": 53.97271943726292,
        "RelativeDistance_Exp": 1.1111567616462708,
        "R2Score_Exp": 0.8531447649002075
    },
    "stream": {
        "Loss_Stream/eval_phase/test_stream": 59.26767312460475,
        "RelativeDistance_Stream/eval_phase/test_stream": 1.0778061151504517,
        "R2Score_Stream/eval_phase/test_stream": 0.8171366453170776,
        "Forgetting_Stream/eval_phase/test_stream": {
            "0": 0.13458657264709473,
            "1": 0.11205855011940002,
            "2": 0.040630221366882324,
            "3": 0.039797455072402954,
            "4": 0.00889115035533905,
            "5": 0.03350440661112475,
            "6": 0.02813609441121423,
            "7": 0.03477531671524048,
            "8": -0.03192871809005737
        },
        "BWT_Stream/eval_phase/test_stream": {
            "0": 0.13458657264709473,
            "1": 0.11205855011940002,
            "2": 0.040630221366882324,
            "3": 0.039797455072402954,
            "4": 0.00889115035533905,
            "5": 0.03350440661112475,
            "6": 0.02813609441121423,
            "7": 0.03477531671524048,
            "8": -0.03192871809005737
        }
    }
}