{
    "0": {
        "Loss_Exp": 61.07449722290039,
        "RelativeDistance_Exp": 0.801089346408844,
        "R2Score_Exp": 0.7936441898345947,
        "Forgetting_Exp": 0.05953645706176758,
        "BWT_Exp": -0.05953645706176758
    },
    "1": {
        "Loss_Exp": 48.99399185180664,
        "RelativeDistance_Exp": 0.7425627112388611,
        "R2Score_Exp": 0.8084965944290161,
        "Forgetting_Exp": 0.029622435569763184,
        "BWT_Exp": -0.029622435569763184
    },
    "2": {
        "Loss_Exp": 60.04686737060547,
        "RelativeDistance_Exp": 0.6196916103363037,
        "R2Score_Exp": 0.7859355211257935,
        "Forgetting_Exp": -0.009135961532592773,
        "BWT_Exp": 0.009135961532592773
    },
    "3": {
        "Loss_Exp": 40.46957778930664,
        "RelativeDistance_Exp": 0.5658593773841858,
        "R2Score_Exp": 0.8396208882331848,
        "Forgetting_Exp": -0.056873321533203125,
        "BWT_Exp": 0.056873321533203125
    },
    "4": {
        "Loss_Exp": 34.719852447509766,
        "RelativeDistance_Exp": 0.6335737705230713,
        "R2Score_Exp": 0.8203248977661133,
        "Forgetting_Exp": 0.021790683269500732,
        "BWT_Exp": -0.021790683269500732
    },
    "5": {
        "Loss_Exp": 35.625789642333984,
        "RelativeDistance_Exp": 0.5907853245735168,
        "R2Score_Exp": 0.7974467277526855,
        "Forgetting_Exp": 0.034654200077056885,
        "BWT_Exp": -0.034654200077056885
    },
    "6": {
        "Loss_Exp": 39.349205017089844,
        "RelativeDistance_Exp": 0.5214474201202393,
        "R2Score_Exp": 0.8199348449707031,
        "Forgetting_Exp": 0.01549452543258667,
        "BWT_Exp": -0.01549452543258667
    },
    "7": {
        "Loss_Exp": 38.51142501831055,
        "RelativeDistance_Exp": 0.5481117963790894,
        "R2Score_Exp": 0.7876496315002441,
        "Forgetting_Exp": 0.06148874759674072,
        "BWT_Exp": -0.06148874759674072
    },
    "8": {
        "Loss_Exp": 38.15736770629883,
        "RelativeDistance_Exp": 0.48687225580215454,
        "R2Score_Exp": 0.841591477394104,
        "Forgetting_Exp": -0.010616540908813477,
        "BWT_Exp": 0.010616540908813477
    },
    "9": {
        "Loss_Exp": 48.64659118652344,
        "RelativeDistance_Exp": 0.6944694519042969,
        "R2Score_Exp": 0.8376976251602173
    },
    "stream": {
        "Loss_Stream/eval_phase/test_stream": 44.170208640474904,
        "RelativeDistance_Stream/eval_phase/test_stream": 0.6204463064670562,
        "R2Score_Stream/eval_phase/test_stream": 0.8132342398166656,
        "Forgetting_Stream/eval_phase/test_stream": {
            "0": 0.05953645706176758,
            "1": 0.029622435569763184,
            "2": -0.009135961532592773,
            "3": -0.056873321533203125,
            "4": 0.021790683269500732,
            "5": 0.034654200077056885,
            "6": 0.01549452543258667,
            "7": 0.06148874759674072,
            "8": -0.010616540908813477
        },
        "BWT_Stream/eval_phase/test_stream": {
            "0": 0.05953645706176758,
            "1": 0.029622435569763184,
            "2": -0.009135961532592773,
            "3": -0.056873321533203125,
            "4": 0.021790683269500732,
            "5": 0.034654200077056885,
            "6": 0.01549452543258667,
            "7": 0.06148874759674072,
            "8": -0.010616540908813477
        }
    }
}