{
    "0": {
        "Loss_Exp": 58.423423767089844,
        "RelativeDistance_Exp": 0.6565373539924622,
        "R2Score_Exp": 0.7963374257087708,
        "Forgetting_Exp": 0.05429798364639282,
        "BWT_Exp": -0.05429798364639282
    },
    "1": {
        "Loss_Exp": 30.746633529663086,
        "RelativeDistance_Exp": 0.6762638092041016,
        "R2Score_Exp": 0.8750561475753784,
        "Forgetting_Exp": 0.021699130535125732,
        "BWT_Exp": -0.021699130535125732
    },
    "2": {
        "Loss_Exp": 38.518314361572266,
        "RelativeDistance_Exp": 0.514329731464386,
        "R2Score_Exp": 0.8371488451957703,
        "Forgetting_Exp": 0.0019667744636535645,
        "BWT_Exp": -0.0019667744636535645
    },
    "3": {
        "Loss_Exp": 30.08512306213379,
        "RelativeDistance_Exp": 0.4348919987678528,
        "R2Score_Exp": 0.8825137615203857,
        "Forgetting_Exp": -0.01826345920562744,
        "BWT_Exp": 0.01826345920562744
    },
    "4": {
        "Loss_Exp": 26.51932716369629,
        "RelativeDistance_Exp": 0.4949730634689331,
        "R2Score_Exp": 0.8658902049064636,
        "Forgetting_Exp": 0.025245964527130127,
        "BWT_Exp": -0.025245964527130127
    },
    "5": {
        "Loss_Exp": 30.692279815673828,
        "RelativeDistance_Exp": 0.4805600047111511,
        "R2Score_Exp": 0.8365176320075989,
        "Forgetting_Exp": 0.03603404760360718,
        "BWT_Exp": -0.03603404760360718
    },
    "6": {
        "Loss_Exp": 31.37120819091797,
        "RelativeDistance_Exp": 0.3869820833206177,
        "R2Score_Exp": 0.8488565683364868,
        "Forgetting_Exp": 0.014338552951812744,
        "BWT_Exp": -0.014338552951812744
    },
    "7": {
        "Loss_Exp": 28.959569931030273,
        "RelativeDistance_Exp": 0.3841279149055481,
        "R2Score_Exp": 0.8577152490615845,
        "Forgetting_Exp": 0.03984445333480835,
        "BWT_Exp": -0.03984445333480835
    },
    "8": {
        "Loss_Exp": 33.75063705444336,
        "RelativeDistance_Exp": 0.37481623888015747,
        "R2Score_Exp": 0.8616240620613098,
        "Forgetting_Exp": 0.02084296941757202,
        "BWT_Exp": -0.02084296941757202
    },
    "9": {
        "Loss_Exp": 40.4256706237793,
        "RelativeDistance_Exp": 0.5580651760101318,
        "R2Score_Exp": 0.8616371750831604
    },
    "stream": {
        "Loss_Stream/eval_phase/test_stream": 34.25868660994066,
        "RelativeDistance_Stream/eval_phase/test_stream": 0.4961547374725342,
        "R2Score_Stream/eval_phase/test_stream": 0.8523297071456909,
        "Forgetting_Stream/eval_phase/test_stream": {
            "0": 0.05429798364639282,
            "1": 0.021699130535125732,
            "2": 0.0019667744636535645,
            "3": -0.01826345920562744,
            "4": 0.025245964527130127,
            "5": 0.03603404760360718,
            "6": 0.014338552951812744,
            "7": 0.03984445333480835,
            "8": 0.02084296941757202
        },
        "BWT_Stream/eval_phase/test_stream": {
            "0": 0.05429798364639282,
            "1": 0.021699130535125732,
            "2": 0.0019667744636535645,
            "3": -0.01826345920562744,
            "4": 0.025245964527130127,
            "5": 0.03603404760360718,
            "6": 0.014338552951812744,
            "7": 0.03984445333480835,
            "8": 0.02084296941757202
        }
    }
}