{
    "0": {
        "Loss_Exp": 42.25313186645508,
        "RelativeDistance_Exp": 0.8873460292816162,
        "R2Score_Exp": 0.8225592374801636,
        "Forgetting_Exp": 0.0681154727935791,
        "BWT_Exp": -0.0681154727935791
    },
    "1": {
        "Loss_Exp": 48.021949768066406,
        "RelativeDistance_Exp": 0.7821875810623169,
        "R2Score_Exp": 0.8017090559005737,
        "Forgetting_Exp": 0.0771641731262207,
        "BWT_Exp": -0.0771641731262207
    },
    "2": {
        "Loss_Exp": 39.51005935668945,
        "RelativeDistance_Exp": 0.72344571352005,
        "R2Score_Exp": 0.8268349170684814,
        "Forgetting_Exp": 0.06545740365982056,
        "BWT_Exp": -0.06545740365982056
    },
    "3": {
        "Loss_Exp": 28.965627670288086,
        "RelativeDistance_Exp": 0.7650379538536072,
        "R2Score_Exp": 0.8862957954406738,
        "Forgetting_Exp": 0.03546983003616333,
        "BWT_Exp": -0.03546983003616333
    },
    "4": {
        "Loss_Exp": 31.495426177978516,
        "RelativeDistance_Exp": 0.7075350284576416,
        "R2Score_Exp": 0.8707502484321594,
        "Forgetting_Exp": 0.030202209949493408,
        "BWT_Exp": -0.030202209949493408
    },
    "5": {
        "Loss_Exp": 32.81545639038086,
        "RelativeDistance_Exp": 0.6308358907699585,
        "R2Score_Exp": 0.8702181577682495,
        "Forgetting_Exp": 0.012335658073425293,
        "BWT_Exp": -0.012335658073425293
    },
    "6": {
        "Loss_Exp": 30.22617530822754,
        "RelativeDistance_Exp": 0.7746060490608215,
        "R2Score_Exp": 0.8797227144241333,
        "Forgetting_Exp": 0.019193589687347412,
        "BWT_Exp": -0.019193589687347412
    },
    "7": {
        "Loss_Exp": 41.17341995239258,
        "RelativeDistance_Exp": 0.5460928082466125,
        "R2Score_Exp": 0.850641131401062,
        "Forgetting_Exp": 0.04058647155761719,
        "BWT_Exp": -0.04058647155761719
    },
    "8": {
        "Loss_Exp": 27.688608169555664,
        "RelativeDistance_Exp": 0.5543496012687683,
        "R2Score_Exp": 0.9068445563316345,
        "Forgetting_Exp": 0.00039905309677124023,
        "BWT_Exp": -0.00039905309677124023
    },
    "9": {
        "Loss_Exp": 21.097078323364258,
        "RelativeDistance_Exp": 0.49020203948020935,
        "R2Score_Exp": 0.927962064743042
    },
    "stream": {
        "Loss_Stream/eval_phase/test_stream": 37.68806146004994,
        "RelativeDistance_Stream/eval_phase/test_stream": 0.6861638695001602,
        "R2Score_Stream/eval_phase/test_stream": 0.8643537878990173,
        "Forgetting_Stream/eval_phase/test_stream": {
            "0": 0.0681154727935791,
            "1": 0.0771641731262207,
            "2": 0.06545740365982056,
            "3": 0.03546983003616333,
            "4": 0.030202209949493408,
            "5": 0.012335658073425293,
            "6": 0.019193589687347412,
            "7": 0.04058647155761719,
            "8": 0.00039905309677124023
        },
        "BWT_Stream/eval_phase/test_stream": {
            "0": 0.0681154727935791,
            "1": 0.0771641731262207,
            "2": 0.06545740365982056,
            "3": 0.03546983003616333,
            "4": 0.030202209949493408,
            "5": 0.012335658073425293,
            "6": 0.019193589687347412,
            "7": 0.04058647155761719,
            "8": 0.00039905309677124023
        }
    }
}