{
    "0": {
        "Loss_Exp": 132.25569227787486,
        "RelativeDistance_Exp": 1.1618510782718658,
        "R2Score_Exp": 0.6990596950054169,
        "Forgetting_Exp": 0.17811205983161926,
        "BWT_Exp": -0.17811205983161926
    },
    "1": {
        "Loss_Exp": 78.10009344983817,
        "RelativeDistance_Exp": 2.0957216024398804,
        "R2Score_Exp": 0.774611234664917,
        "Forgetting_Exp": 0.12191373109817505,
        "BWT_Exp": -0.12191373109817505
    },
    "2": {
        "Loss_Exp": 64.72299068705622,
        "RelativeDistance_Exp": 0.9152262012163798,
        "R2Score_Exp": 0.7915074626604716,
        "Forgetting_Exp": 0.04013514518737793,
        "BWT_Exp": -0.04013514518737793
    },
    "3": {
        "Loss_Exp": 52.36696953874544,
        "RelativeDistance_Exp": 0.8489724695682526,
        "R2Score_Exp": 0.8277726173400879,
        "Forgetting_Exp": 0.03638467192649841,
        "BWT_Exp": -0.03638467192649841
    },
    "4": {
        "Loss_Exp": 46.48342734662629,
        "RelativeDistance_Exp": 1.044439285993576,
        "R2Score_Exp": 0.8476313948631287,
        "Forgetting_Exp": 0.005811959505081177,
        "BWT_Exp": -0.005811959505081177
    },
    "5": {
        "Loss_Exp": 47.07748512599779,
        "RelativeDistance_Exp": 0.8719889720280966,
        "R2Score_Exp": 0.8169988989830017,
        "Forgetting_Exp": 0.0323577721913656,
        "BWT_Exp": -0.0323577721913656
    },
    "6": {
        "Loss_Exp": 59.47064377263928,
        "RelativeDistance_Exp": 0.9037566582361857,
        "R2Score_Exp": 0.8201342225074768,
        "Forgetting_Exp": 0.02396237850189209,
        "BWT_Exp": -0.02396237850189209
    },
    "7": {
        "Loss_Exp": 38.56388473510742,
        "RelativeDistance_Exp": 0.8782814741134644,
        "R2Score_Exp": 0.8479380011558533,
        "Forgetting_Exp": 0.03500714898109436,
        "BWT_Exp": -0.03500714898109436
    },
    "8": {
        "Loss_Exp": 50.86731529384735,
        "RelativeDistance_Exp": 1.4060676395893097,
        "R2Score_Exp": 0.8322508633136749,
        "Forgetting_Exp": -0.005911916494369507,
        "BWT_Exp": 0.005911916494369507
    },
    "9": {
        "Loss_Exp": 56.81587257164751,
        "RelativeDistance_Exp": 0.9364179074764252,
        "R2Score_Exp": 0.8453921973705292
    },
    "stream": {
        "Loss_Stream/eval_phase/test_stream": 61.40618604213583,
        "RelativeDistance_Stream/eval_phase/test_stream": 1.084458979467551,
        "R2Score_Stream/eval_phase/test_stream": 0.8117732728521029,
        "Forgetting_Stream/eval_phase/test_stream": {
            "0": 0.17811205983161926,
            "1": 0.12191373109817505,
            "2": 0.04013514518737793,
            "3": 0.03638467192649841,
            "4": 0.005811959505081177,
            "5": 0.0323577721913656,
            "6": 0.02396237850189209,
            "7": 0.03500714898109436,
            "8": -0.005911916494369507
        },
        "BWT_Stream/eval_phase/test_stream": {
            "0": 0.17811205983161926,
            "1": 0.12191373109817505,
            "2": 0.04013514518737793,
            "3": 0.03638467192649841,
            "4": 0.005811959505081177,
            "5": 0.0323577721913656,
            "6": 0.02396237850189209,
            "7": 0.03500714898109436,
            "8": -0.005911916494369507
        }
    }
}