{
    "0": {
        "Loss_Exp": 49.729361999959565,
        "RelativeDistance_Exp": 1.0661289870738984,
        "R2Score_Exp": 0.7749859035015106,
        "Forgetting_Exp": 0.066619873046875,
        "BWT_Exp": -0.066619873046875
    },
    "1": {
        "Loss_Exp": 50.430143576613624,
        "RelativeDistance_Exp": 0.9714184641838074,
        "R2Score_Exp": 0.7896984497706095,
        "Forgetting_Exp": 0.038260257244110085,
        "BWT_Exp": -0.038260257244110085
    },
    "2": {
        "Loss_Exp": 40.33292514094826,
        "RelativeDistance_Exp": 0.9052188396453857,
        "R2Score_Exp": 0.829066698367779,
        "Forgetting_Exp": 0.019978702068328857,
        "BWT_Exp": -0.019978702068328857
    },
    "3": {
        "Loss_Exp": 36.8372705882634,
        "RelativeDistance_Exp": 0.8950814008712769,
        "R2Score_Exp": 0.8548214236895243,
        "Forgetting_Exp": 0.02546018362045288,
        "BWT_Exp": -0.02546018362045288
    },
    "4": {
        "Loss_Exp": 43.158437292182484,
        "RelativeDistance_Exp": 0.825812714440482,
        "R2Score_Exp": 0.8311301895550319,
        "Forgetting_Exp": 0.015032640525272867,
        "BWT_Exp": -0.015032640525272867
    },
    "5": {
        "Loss_Exp": 41.63878873246539,
        "RelativeDistance_Exp": 0.736804723739624,
        "R2Score_Exp": 0.8429139157136282,
        "Forgetting_Exp": 0.010569522778193119,
        "BWT_Exp": -0.010569522778193119
    },
    "6": {
        "Loss_Exp": 39.78540005254253,
        "RelativeDistance_Exp": 0.8512215986847878,
        "R2Score_Exp": 0.851481482386589,
        "Forgetting_Exp": 0.017515093088150024,
        "BWT_Exp": -0.017515093088150024
    },
    "7": {
        "Loss_Exp": 52.86368200173999,
        "RelativeDistance_Exp": 0.6780050545930862,
        "R2Score_Exp": 0.8195418193936348,
        "Forgetting_Exp": 0.026285357773303986,
        "BWT_Exp": -0.026285357773303986
    },
    "8": {
        "Loss_Exp": 39.753057048319675,
        "RelativeDistance_Exp": 0.7031296094258627,
        "R2Score_Exp": 0.8548865715662638,
        "Forgetting_Exp": 0.05163818597793579,
        "BWT_Exp": -0.05163818597793579
    },
    "9": {
        "Loss_Exp": 27.310451610341502,
        "RelativeDistance_Exp": 0.5641009360551834,
        "R2Score_Exp": 0.904068112373352
    },
    "stream": {
        "Loss_Stream/eval_phase/test_stream": 44.31882034879908,
        "RelativeDistance_Stream/eval_phase/test_stream": 0.8731983410723415,
        "R2Score_Stream/eval_phase/test_stream": 0.8232465783754984,
        "Forgetting_Stream/eval_phase/test_stream": {
            "0": 0.066619873046875,
            "1": 0.038260257244110085,
            "2": 0.019978702068328857,
            "3": 0.02546018362045288,
            "4": 0.015032640525272867,
            "5": 0.010569522778193119,
            "6": 0.017515093088150024,
            "7": 0.026285357773303986,
            "8": 0.05163818597793579
        },
        "BWT_Stream/eval_phase/test_stream": {
            "0": 0.066619873046875,
            "1": 0.038260257244110085,
            "2": 0.019978702068328857,
            "3": 0.02546018362045288,
            "4": 0.015032640525272867,
            "5": 0.010569522778193119,
            "6": 0.017515093088150024,
            "7": 0.026285357773303986,
            "8": 0.05163818597793579
        }
    }
}