{
    "0": {
        "Loss_Exp": 81.53963494845176,
        "RelativeDistance_Exp": 0.8008428514003754,
        "R2Score_Exp": 0.7303687036037445,
        "Forgetting_Exp": 0.12380170822143555,
        "BWT_Exp": -0.12380170822143555
    },
    "1": {
        "Loss_Exp": 42.29963458842877,
        "RelativeDistance_Exp": 0.7757568061351776,
        "R2Score_Exp": 0.8419330716133118,
        "Forgetting_Exp": 0.046664923429489136,
        "BWT_Exp": -0.046664923429489136
    },
    "2": {
        "Loss_Exp": 52.59750658874398,
        "RelativeDistance_Exp": 0.5897010962168375,
        "R2Score_Exp": 0.795407215754191,
        "Forgetting_Exp": 0.042739470799764034,
        "BWT_Exp": -0.042739470799764034
    },
    "3": {
        "Loss_Exp": 37.74156320214991,
        "RelativeDistance_Exp": 0.5123336315155029,
        "R2Score_Exp": 0.8421883583068848,
        "Forgetting_Exp": 0.022553592920303345,
        "BWT_Exp": -0.022553592920303345
    },
    "4": {
        "Loss_Exp": 31.1697288262318,
        "RelativeDistance_Exp": 0.5689167231321335,
        "R2Score_Exp": 0.8356471806764603,
        "Forgetting_Exp": 0.05926582217216492,
        "BWT_Exp": -0.05926582217216492
    },
    "5": {
        "Loss_Exp": 37.05641296181903,
        "RelativeDistance_Exp": 0.5383011996746063,
        "R2Score_Exp": 0.8004393378893534,
        "Forgetting_Exp": 0.08106982707977295,
        "BWT_Exp": -0.08106982707977295
    },
    "6": {
        "Loss_Exp": 37.751863676295294,
        "RelativeDistance_Exp": 0.5400318503379822,
        "R2Score_Exp": 0.8379138906796774,
        "Forgetting_Exp": 0.019556542237599617,
        "BWT_Exp": -0.019556542237599617
    },
    "7": {
        "Loss_Exp": 33.14597059450937,
        "RelativeDistance_Exp": 0.4036569744348526,
        "R2Score_Exp": 0.8816983699798584,
        "Forgetting_Exp": 0.03750568628311157,
        "BWT_Exp": -0.03750568628311157
    },
    "8": {
        "Loss_Exp": 32.60367669132436,
        "RelativeDistance_Exp": 0.4340634047985077,
        "R2Score_Exp": 0.8650420010089874,
        "Forgetting_Exp": 0.012361317873001099,
        "BWT_Exp": -0.012361317873001099
    },
    "9": {
        "Loss_Exp": 38.98676577303718,
        "RelativeDistance_Exp": 0.5419804155826569,
        "R2Score_Exp": 0.8716968894004822
    },
    "stream": {
        "Loss_Stream/eval_phase/test_stream": 42.101477005594255,
        "RelativeDistance_Stream/eval_phase/test_stream": 0.5686814999580383,
        "R2Score_Stream/eval_phase/test_stream": 0.8283889937400818,
        "Forgetting_Stream/eval_phase/test_stream": {
            "0": 0.12380170822143555,
            "1": 0.046664923429489136,
            "2": 0.042739470799764034,
            "3": 0.022553592920303345,
            "4": 0.05926582217216492,
            "5": 0.08106982707977295,
            "6": 0.019556542237599617,
            "7": 0.03750568628311157,
            "8": 0.012361317873001099
        },
        "BWT_Stream/eval_phase/test_stream": {
            "0": 0.12380170822143555,
            "1": 0.046664923429489136,
            "2": 0.042739470799764034,
            "3": 0.022553592920303345,
            "4": 0.05926582217216492,
            "5": 0.08106982707977295,
            "6": 0.019556542237599617,
            "7": 0.03750568628311157,
            "8": 0.012361317873001099
        }
    }
}