{
    "0": {
        "Loss_Exp": 75.15467727309253,
        "RelativeDistance_Exp": 0.9985863447189331,
        "R2Score_Exp": 0.6643154501914978,
        "Forgetting_Exp": 0.2208001673221588,
        "BWT_Exp": -0.2208001673221588
    },
    "1": {
        "Loss_Exp": 82.4043087248562,
        "RelativeDistance_Exp": 0.8991687575976054,
        "R2Score_Exp": 0.663476808865865,
        "Forgetting_Exp": 0.2376560330390931,
        "BWT_Exp": -0.2376560330390931
    },
    "2": {
        "Loss_Exp": 57.09528701519881,
        "RelativeDistance_Exp": 0.6987580748704764,
        "R2Score_Exp": 0.7558171703265264,
        "Forgetting_Exp": 0.1597580909729004,
        "BWT_Exp": -0.1597580909729004
    },
    "3": {
        "Loss_Exp": 41.83240325441717,
        "RelativeDistance_Exp": 0.7305046319961548,
        "R2Score_Exp": 0.8299411336580912,
        "Forgetting_Exp": 0.11358090904023921,
        "BWT_Exp": -0.11358090904023921
    },
    "4": {
        "Loss_Exp": 50.15058161919175,
        "RelativeDistance_Exp": 0.6538066097668239,
        "R2Score_Exp": 0.7778922915458679,
        "Forgetting_Exp": 0.1453074812889099,
        "BWT_Exp": -0.1453074812889099
    },
    "5": {
        "Loss_Exp": 49.6550167567813,
        "RelativeDistance_Exp": 0.5883278995752335,
        "R2Score_Exp": 0.7969112495581309,
        "Forgetting_Exp": 0.10542024175326037,
        "BWT_Exp": -0.10542024175326037
    },
    "6": {
        "Loss_Exp": 43.889010088952055,
        "RelativeDistance_Exp": 0.6430327147245407,
        "R2Score_Exp": 0.8295089229941368,
        "Forgetting_Exp": 0.0739566758275032,
        "BWT_Exp": -0.0739566758275032
    },
    "7": {
        "Loss_Exp": 47.77668987903901,
        "RelativeDistance_Exp": 0.5052072331309319,
        "R2Score_Exp": 0.8354595452547073,
        "Forgetting_Exp": 0.061919838190078735,
        "BWT_Exp": -0.061919838190078735
    },
    "8": {
        "Loss_Exp": 28.758163089760952,
        "RelativeDistance_Exp": 0.44616732994715375,
        "R2Score_Exp": 0.8928324182828268,
        "Forgetting_Exp": 0.03714865446090698,
        "BWT_Exp": -0.03714865446090698
    },
    "9": {
        "Loss_Exp": 19.49067198909028,
        "RelativeDistance_Exp": 0.3823439031839371,
        "R2Score_Exp": 0.9195667803287506
    },
    "stream": {
        "Loss_Stream/eval_phase/test_stream": 57.6906220388456,
        "RelativeDistance_Stream/eval_phase/test_stream": 0.7225619076210775,
        "R2Score_Stream/eval_phase/test_stream": 0.7648702734782372,
        "Forgetting_Stream/eval_phase/test_stream": {
            "0": 0.2208001673221588,
            "1": 0.2376560330390931,
            "2": 0.1597580909729004,
            "3": 0.11358090904023921,
            "4": 0.1453074812889099,
            "5": 0.10542024175326037,
            "6": 0.0739566758275032,
            "7": 0.061919838190078735,
            "8": 0.03714865446090698
        },
        "BWT_Stream/eval_phase/test_stream": {
            "0": 0.2208001673221588,
            "1": 0.2376560330390931,
            "2": 0.1597580909729004,
            "3": 0.11358090904023921,
            "4": 0.1453074812889099,
            "5": 0.10542024175326037,
            "6": 0.0739566758275032,
            "7": 0.061919838190078735,
            "8": 0.03714865446090698
        }
    }
}