{
    "0": {
        "Loss_Exp": 50.972938537597656,
        "RelativeDistance_Exp": 0.575065553188324,
        "R2Score_Exp": 0.8285977840423584,
        "Forgetting_Exp": 0.019826114177703857,
        "BWT_Exp": -0.019826114177703857
    },
    "1": {
        "Loss_Exp": 25.402427673339844,
        "RelativeDistance_Exp": 0.5685953497886658,
        "R2Score_Exp": 0.8926864862442017,
        "Forgetting_Exp": -5.2094459533691406e-05,
        "BWT_Exp": 5.2094459533691406e-05
    },
    "2": {
        "Loss_Exp": 32.4515380859375,
        "RelativeDistance_Exp": 0.48532459139823914,
        "R2Score_Exp": 0.8527705073356628,
        "Forgetting_Exp": -0.014322936534881592,
        "BWT_Exp": 0.014322936534881592
    },
    "3": {
        "Loss_Exp": 25.04909324645996,
        "RelativeDistance_Exp": 0.432740718126297,
        "R2Score_Exp": 0.8983523845672607,
        "Forgetting_Exp": -0.022467970848083496,
        "BWT_Exp": 0.022467970848083496
    },
    "4": {
        "Loss_Exp": 21.62656593322754,
        "RelativeDistance_Exp": 0.43318653106689453,
        "R2Score_Exp": 0.8910691738128662,
        "Forgetting_Exp": 0.009261250495910645,
        "BWT_Exp": -0.009261250495910645
    },
    "5": {
        "Loss_Exp": 26.370197296142578,
        "RelativeDistance_Exp": 0.44690626859664917,
        "R2Score_Exp": 0.8659243583679199,
        "Forgetting_Exp": 0.01668262481689453,
        "BWT_Exp": -0.01668262481689453
    },
    "6": {
        "Loss_Exp": 26.447080612182617,
        "RelativeDistance_Exp": 0.4017293155193329,
        "R2Score_Exp": 0.8676333427429199,
        "Forgetting_Exp": 0.016160786151885986,
        "BWT_Exp": -0.016160786151885986
    },
    "7": {
        "Loss_Exp": 24.526752471923828,
        "RelativeDistance_Exp": 0.4901900887489319,
        "R2Score_Exp": 0.8792018890380859,
        "Forgetting_Exp": 0.020620107650756836,
        "BWT_Exp": -0.020620107650756836
    },
    "8": {
        "Loss_Exp": 28.45685577392578,
        "RelativeDistance_Exp": 0.36764782667160034,
        "R2Score_Exp": 0.8788968324661255,
        "Forgetting_Exp": 0.009634852409362793,
        "BWT_Exp": -0.009634852409362793
    },
    "9": {
        "Loss_Exp": 36.44096374511719,
        "RelativeDistance_Exp": 0.5485219955444336,
        "R2Score_Exp": 0.8735364675521851
    },
    "stream": {
        "Loss_Stream/eval_phase/test_stream": 29.099799087483593,
        "RelativeDistance_Stream/eval_phase/test_stream": 0.47499082386493685,
        "R2Score_Stream/eval_phase/test_stream": 0.8728669226169586,
        "Forgetting_Stream/eval_phase/test_stream": {
            "0": 0.019826114177703857,
            "1": -5.2094459533691406e-05,
            "2": -0.014322936534881592,
            "3": -0.022467970848083496,
            "4": 0.009261250495910645,
            "5": 0.01668262481689453,
            "6": 0.016160786151885986,
            "7": 0.020620107650756836,
            "8": 0.009634852409362793
        },
        "BWT_Stream/eval_phase/test_stream": {
            "0": 0.019826114177703857,
            "1": -5.2094459533691406e-05,
            "2": -0.014322936534881592,
            "3": -0.022467970848083496,
            "4": 0.009261250495910645,
            "5": 0.01668262481689453,
            "6": 0.016160786151885986,
            "7": 0.020620107650756836,
            "8": 0.009634852409362793
        }
    }
}