{
    "0": {
        "Loss_Exp": 45.102317810058594,
        "RelativeDistance_Exp": 0.5419647693634033,
        "R2Score_Exp": 0.8459038138389587,
        "Forgetting_Exp": -0.0027840733528137207,
        "BWT_Exp": 0.0027840733528137207
    },
    "1": {
        "Loss_Exp": 21.516572952270508,
        "RelativeDistance_Exp": 0.5214831829071045,
        "R2Score_Exp": 0.9129623174667358,
        "Forgetting_Exp": -0.014115452766418457,
        "BWT_Exp": 0.014115452766418457
    },
    "2": {
        "Loss_Exp": 28.052349090576172,
        "RelativeDistance_Exp": 0.43734610080718994,
        "R2Score_Exp": 0.872302770614624,
        "Forgetting_Exp": -0.026211142539978027,
        "BWT_Exp": 0.026211142539978027
    },
    "3": {
        "Loss_Exp": 20.410808563232422,
        "RelativeDistance_Exp": 0.3550373613834381,
        "R2Score_Exp": 0.914993166923523,
        "Forgetting_Exp": -0.04056364297866821,
        "BWT_Exp": 0.04056364297866821
    },
    "4": {
        "Loss_Exp": 17.748231887817383,
        "RelativeDistance_Exp": 0.3779008090496063,
        "R2Score_Exp": 0.9113966226577759,
        "Forgetting_Exp": -0.009211063385009766,
        "BWT_Exp": 0.009211063385009766
    },
    "5": {
        "Loss_Exp": 20.193618774414062,
        "RelativeDistance_Exp": 0.38854366540908813,
        "R2Score_Exp": 0.8878156542778015,
        "Forgetting_Exp": 0.004538238048553467,
        "BWT_Exp": -0.004538238048553467
    },
    "6": {
        "Loss_Exp": 22.43926429748535,
        "RelativeDistance_Exp": 0.3562985360622406,
        "R2Score_Exp": 0.8864752054214478,
        "Forgetting_Exp": 0.0013588666915893555,
        "BWT_Exp": -0.0013588666915893555
    },
    "7": {
        "Loss_Exp": 22.20917510986328,
        "RelativeDistance_Exp": 0.4215092062950134,
        "R2Score_Exp": 0.8964359760284424,
        "Forgetting_Exp": 0.01577240228652954,
        "BWT_Exp": -0.01577240228652954
    },
    "8": {
        "Loss_Exp": 26.059873580932617,
        "RelativeDistance_Exp": 0.34505102038383484,
        "R2Score_Exp": 0.8857144117355347,
        "Forgetting_Exp": 0.010841608047485352,
        "BWT_Exp": -0.010841608047485352
    },
    "9": {
        "Loss_Exp": 40.944305419921875,
        "RelativeDistance_Exp": 0.5220320224761963,
        "R2Score_Exp": 0.8617847561836243
    },
    "stream": {
        "Loss_Stream/eval_phase/test_stream": 25.447220982818195,
        "RelativeDistance_Stream/eval_phase/test_stream": 0.42671666741371156,
        "R2Score_Stream/eval_phase/test_stream": 0.8875784695148468,
        "Forgetting_Stream/eval_phase/test_stream": {
            "0": -0.0027840733528137207,
            "1": -0.014115452766418457,
            "2": -0.026211142539978027,
            "3": -0.04056364297866821,
            "4": -0.009211063385009766,
            "5": 0.004538238048553467,
            "6": 0.0013588666915893555,
            "7": 0.01577240228652954,
            "8": 0.010841608047485352
        },
        "BWT_Stream/eval_phase/test_stream": {
            "0": -0.0027840733528137207,
            "1": -0.014115452766418457,
            "2": -0.026211142539978027,
            "3": -0.04056364297866821,
            "4": -0.009211063385009766,
            "5": 0.004538238048553467,
            "6": 0.0013588666915893555,
            "7": 0.01577240228652954,
            "8": 0.010841608047485352
        }
    }
}