{
    "0": {
        "Loss_Exp": 47.13353927100479,
        "RelativeDistance_Exp": 1.050357323884964,
        "R2Score_Exp": 0.7981602251529694,
        "Forgetting_Exp": 0.05297075510025029,
        "BWT_Exp": -0.05297075510025029
    },
    "1": {
        "Loss_Exp": 43.36871437373301,
        "RelativeDistance_Exp": 0.9926095485687256,
        "R2Score_Exp": 0.8188873966534932,
        "Forgetting_Exp": 0.03945467869440722,
        "BWT_Exp": -0.03945467869440722
    },
    "2": {
        "Loss_Exp": 33.927589498715896,
        "RelativeDistance_Exp": 0.9753145575523376,
        "R2Score_Exp": 0.8546434961832486,
        "Forgetting_Exp": 0.012988416048196672,
        "BWT_Exp": -0.012988416048196672
    },
    "3": {
        "Loss_Exp": 28.032462732806643,
        "RelativeDistance_Exp": 1.037289606200324,
        "R2Score_Exp": 0.8870909478929307,
        "Forgetting_Exp": 0.010087211926778195,
        "BWT_Exp": -0.010087211926778195
    },
    "4": {
        "Loss_Exp": 30.188323666198105,
        "RelativeDistance_Exp": 1.021449897970472,
        "R2Score_Exp": 0.8822610974311829,
        "Forgetting_Exp": -0.010481306484767416,
        "BWT_Exp": 0.010481306484767416
    },
    "5": {
        "Loss_Exp": 31.24244671430869,
        "RelativeDistance_Exp": 0.925558865070343,
        "R2Score_Exp": 0.876818964878718,
        "Forgetting_Exp": -0.008672227462132698,
        "BWT_Exp": 0.008672227462132698
    },
    "6": {
        "Loss_Exp": 30.602034258408125,
        "RelativeDistance_Exp": 1.2294460833072662,
        "R2Score_Exp": 0.8817417174577713,
        "Forgetting_Exp": 0.0023538321256637573,
        "BWT_Exp": -0.0023538321256637573
    },
    "7": {
        "Loss_Exp": 40.03012005284911,
        "RelativeDistance_Exp": 0.8589387014508247,
        "R2Score_Exp": 0.8581071048974991,
        "Forgetting_Exp": 0.01662290096282959,
        "BWT_Exp": -0.01662290096282959
    },
    "8": {
        "Loss_Exp": 30.021672077712907,
        "RelativeDistance_Exp": 0.7799591819445292,
        "R2Score_Exp": 0.8961190183957418,
        "Forgetting_Exp": 0.017263352870941162,
        "BWT_Exp": -0.017263352870941162
    },
    "9": {
        "Loss_Exp": 20.921781089528803,
        "RelativeDistance_Exp": 0.7552694380283356,
        "R2Score_Exp": 0.9223541915416718
    },
    "stream": {
        "Loss_Stream/eval_phase/test_stream": 36.140346815192096,
        "RelativeDistance_Stream/eval_phase/test_stream": 0.9959062882411627,
        "R2Score_Stream/eval_phase/test_stream": 0.854909810754988,
        "Forgetting_Stream/eval_phase/test_stream": {
            "0": 0.05297075510025029,
            "1": 0.03945467869440722,
            "2": 0.012988416048196672,
            "3": 0.010087211926778195,
            "4": -0.010481306484767416,
            "5": -0.008672227462132698,
            "6": 0.0023538321256637573,
            "7": 0.01662290096282959,
            "8": 0.017263352870941162
        },
        "BWT_Stream/eval_phase/test_stream": {
            "0": 0.05297075510025029,
            "1": 0.03945467869440722,
            "2": 0.012988416048196672,
            "3": 0.010087211926778195,
            "4": -0.010481306484767416,
            "5": -0.008672227462132698,
            "6": 0.0023538321256637573,
            "7": 0.01662290096282959,
            "8": 0.017263352870941162
        }
    }
}