{
    "0": {
        "Loss_Exp": 64.12954711914062,
        "RelativeDistance_Exp": 0.9805365204811096,
        "R2Score_Exp": 0.7319216728210449,
        "Forgetting_Exp": 0.15821754932403564,
        "BWT_Exp": -0.15821754932403564
    },
    "1": {
        "Loss_Exp": 68.22930145263672,
        "RelativeDistance_Exp": 0.9229023456573486,
        "R2Score_Exp": 0.7266868352890015,
        "Forgetting_Exp": 0.15498626232147217,
        "BWT_Exp": -0.15498626232147217
    },
    "2": {
        "Loss_Exp": 51.63870620727539,
        "RelativeDistance_Exp": 0.8125088810920715,
        "R2Score_Exp": 0.7793995141983032,
        "Forgetting_Exp": 0.11227107048034668,
        "BWT_Exp": -0.11227107048034668
    },
    "3": {
        "Loss_Exp": 45.85737609863281,
        "RelativeDistance_Exp": 0.8293566107749939,
        "R2Score_Exp": 0.8088490962982178,
        "Forgetting_Exp": 0.11747908592224121,
        "BWT_Exp": -0.11747908592224121
    },
    "4": {
        "Loss_Exp": 45.62098693847656,
        "RelativeDistance_Exp": 0.7689178586006165,
        "R2Score_Exp": 0.8105632066726685,
        "Forgetting_Exp": 0.0863831639289856,
        "BWT_Exp": -0.0863831639289856
    },
    "5": {
        "Loss_Exp": 44.565608978271484,
        "RelativeDistance_Exp": 0.6752018928527832,
        "R2Score_Exp": 0.8237065076828003,
        "Forgetting_Exp": 0.059652507305145264,
        "BWT_Exp": -0.059652507305145264
    },
    "6": {
        "Loss_Exp": 38.92185974121094,
        "RelativeDistance_Exp": 0.8649623394012451,
        "R2Score_Exp": 0.8465286493301392,
        "Forgetting_Exp": 0.0404166579246521,
        "BWT_Exp": -0.0404166579246521
    },
    "7": {
        "Loss_Exp": 50.89583206176758,
        "RelativeDistance_Exp": 0.6013927459716797,
        "R2Score_Exp": 0.8144468665122986,
        "Forgetting_Exp": 0.07218426465988159,
        "BWT_Exp": -0.07218426465988159
    },
    "8": {
        "Loss_Exp": 31.571821212768555,
        "RelativeDistance_Exp": 0.5891973972320557,
        "R2Score_Exp": 0.8937835693359375,
        "Forgetting_Exp": 0.010588884353637695,
        "BWT_Exp": -0.010588884353637695
    },
    "9": {
        "Loss_Exp": 25.04226303100586,
        "RelativeDistance_Exp": 0.5458027720451355,
        "R2Score_Exp": 0.9118205308914185
    },
    "stream": {
        "Loss_Stream/eval_phase/test_stream": 52.30144537095686,
        "RelativeDistance_Stream/eval_phase/test_stream": 0.7590779364109039,
        "R2Score_Stream/eval_phase/test_stream": 0.814770644903183,
        "Forgetting_Stream/eval_phase/test_stream": {
            "0": 0.15821754932403564,
            "1": 0.15498626232147217,
            "2": 0.11227107048034668,
            "3": 0.11747908592224121,
            "4": 0.0863831639289856,
            "5": 0.059652507305145264,
            "6": 0.0404166579246521,
            "7": 0.07218426465988159,
            "8": 0.010588884353637695
        },
        "BWT_Stream/eval_phase/test_stream": {
            "0": 0.15821754932403564,
            "1": 0.15498626232147217,
            "2": 0.11227107048034668,
            "3": 0.11747908592224121,
            "4": 0.0863831639289856,
            "5": 0.059652507305145264,
            "6": 0.0404166579246521,
            "7": 0.07218426465988159,
            "8": 0.010588884353637695
        }
    }
}