{
    "0": {
        "Loss_Exp": 45.46416473388672,
        "RelativeDistance_Exp": 0.541748046875,
        "R2Score_Exp": 0.8457850217819214
    },
    "1": {
        "Loss_Exp": 22.130708694458008,
        "RelativeDistance_Exp": 0.5404505729675293,
        "R2Score_Exp": 0.9102898836135864
    },
    "2": {
        "Loss_Exp": 27.980695724487305,
        "RelativeDistance_Exp": 0.4563907980918884,
        "R2Score_Exp": 0.8724298477172852
    },
    "3": {
        "Loss_Exp": 20.61562728881836,
        "RelativeDistance_Exp": 0.41905808448791504,
        "R2Score_Exp": 0.914946436882019
    },
    "4": {
        "Loss_Exp": 18.343955993652344,
        "RelativeDistance_Exp": 0.4099234342575073,
        "R2Score_Exp": 0.9062453508377075
    },
    "5": {
        "Loss_Exp": 22.527334213256836,
        "RelativeDistance_Exp": 0.42349427938461304,
        "R2Score_Exp": 0.8789175748825073
    },
    "6": {
        "Loss_Exp": 23.061800003051758,
        "RelativeDistance_Exp": 0.3900139033794403,
        "R2Score_Exp": 0.883755624294281
    },
    "7": {
        "Loss_Exp": 23.55893325805664,
        "RelativeDistance_Exp": 0.5008224844932556,
        "R2Score_Exp": 0.889191210269928
    },
    "8": {
        "Loss_Exp": 25.976205825805664,
        "RelativeDistance_Exp": 0.3569980263710022,
        "R2Score_Exp": 0.8839386701583862
    },
    "9": {
        "Loss_Exp": 38.97651290893555,
        "RelativeDistance_Exp": 0.5652042627334595,
        "R2Score_Exp": 0.8669191598892212
    },
    "stream": {
        "Loss_Stream/eval_phase/test_stream": 25.933608507713668,
        "RelativeDistance_Stream/eval_phase/test_stream": 0.46041038930416106,
        "R2Score_Stream/eval_phase/test_stream": 0.8852418780326843,
        "Forgetting_Stream/eval_phase/test_stream": {},
        "BWT_Stream/eval_phase/test_stream": {}
    }
}