{
    "0": {
        "Loss_Exp": 44.18058395385742,
        "RelativeDistance_Exp": 0.8575276136398315,
        "R2Score_Exp": 0.8103494048118591,
        "Forgetting_Exp": 0.08027005195617676,
        "BWT_Exp": -0.08027005195617676
    },
    "1": {
        "Loss_Exp": 48.41135787963867,
        "RelativeDistance_Exp": 0.7828742861747742,
        "R2Score_Exp": 0.7988398671150208,
        "Forgetting_Exp": 0.08276325464248657,
        "BWT_Exp": -0.08276325464248657
    },
    "2": {
        "Loss_Exp": 38.0406379699707,
        "RelativeDistance_Exp": 0.7339475154876709,
        "R2Score_Exp": 0.8355711698532104,
        "Forgetting_Exp": 0.05597466230392456,
        "BWT_Exp": -0.05597466230392456
    },
    "3": {
        "Loss_Exp": 28.13924789428711,
        "RelativeDistance_Exp": 0.7665961384773254,
        "R2Score_Exp": 0.8881722688674927,
        "Forgetting_Exp": 0.034905970096588135,
        "BWT_Exp": -0.034905970096588135
    },
    "4": {
        "Loss_Exp": 30.33185577392578,
        "RelativeDistance_Exp": 0.7396470904350281,
        "R2Score_Exp": 0.877838134765625,
        "Forgetting_Exp": 0.02190423011779785,
        "BWT_Exp": -0.02190423011779785
    },
    "5": {
        "Loss_Exp": 32.83911895751953,
        "RelativeDistance_Exp": 0.6694371700286865,
        "R2Score_Exp": 0.873278021812439,
        "Forgetting_Exp": 0.010849058628082275,
        "BWT_Exp": -0.010849058628082275
    },
    "6": {
        "Loss_Exp": 28.951629638671875,
        "RelativeDistance_Exp": 0.804816722869873,
        "R2Score_Exp": 0.8890835046768188,
        "Forgetting_Exp": 0.00726628303527832,
        "BWT_Exp": -0.00726628303527832
    },
    "7": {
        "Loss_Exp": 38.76078796386719,
        "RelativeDistance_Exp": 0.5556222796440125,
        "R2Score_Exp": 0.863115668296814,
        "Forgetting_Exp": 0.024647116661071777,
        "BWT_Exp": -0.024647116661071777
    },
    "8": {
        "Loss_Exp": 27.644866943359375,
        "RelativeDistance_Exp": 0.5674290657043457,
        "R2Score_Exp": 0.9079674482345581,
        "Forgetting_Exp": 0.0005695223808288574,
        "BWT_Exp": -0.0005695223808288574
    },
    "9": {
        "Loss_Exp": 20.743146896362305,
        "RelativeDistance_Exp": 0.5397993326187134,
        "R2Score_Exp": 0.929477334022522
    },
    "stream": {
        "Loss_Stream/eval_phase/test_stream": 37.205190522689094,
        "RelativeDistance_Stream/eval_phase/test_stream": 0.7017697215080261,
        "R2Score_Stream/eval_phase/test_stream": 0.867369282245636,
        "Forgetting_Stream/eval_phase/test_stream": {
            "0": 0.08027005195617676,
            "1": 0.08276325464248657,
            "2": 0.05597466230392456,
            "3": 0.034905970096588135,
            "4": 0.02190423011779785,
            "5": 0.010849058628082275,
            "6": 0.00726628303527832,
            "7": 0.024647116661071777,
            "8": 0.0005695223808288574
        },
        "BWT_Stream/eval_phase/test_stream": {
            "0": 0.08027005195617676,
            "1": 0.08276325464248657,
            "2": 0.05597466230392456,
            "3": 0.034905970096588135,
            "4": 0.02190423011779785,
            "5": 0.010849058628082275,
            "6": 0.00726628303527832,
            "7": 0.024647116661071777,
            "8": 0.0005695223808288574
        }
    }
}