{
    "0": {
        "Loss_Exp": 52.98091324923331,
        "RelativeDistance_Exp": 0.7310468852519989,
        "R2Score_Exp": 0.8802171647548676,
        "Forgetting_Exp": -0.0014857351779937744,
        "BWT_Exp": 0.0014857351779937744
    },
    "1": {
        "Loss_Exp": 43.44604701101937,
        "RelativeDistance_Exp": 0.9143146872520447,
        "R2Score_Exp": 0.8720363676548004,
        "Forgetting_Exp": 0.019178777933120728,
        "BWT_Exp": -0.019178777933120728
    },
    "2": {
        "Loss_Exp": 44.43918296831135,
        "RelativeDistance_Exp": 0.642479141553243,
        "R2Score_Exp": 0.8582896590232849,
        "Forgetting_Exp": -0.03289604187011719,
        "BWT_Exp": 0.03289604187011719
    },
    "3": {
        "Loss_Exp": 37.574765156304196,
        "RelativeDistance_Exp": 0.5381902754306793,
        "R2Score_Exp": 0.8749707639217377,
        "Forgetting_Exp": -0.01875445246696472,
        "BWT_Exp": 0.01875445246696472
    },
    "4": {
        "Loss_Exp": 34.962065355887944,
        "RelativeDistance_Exp": 0.6184149831533432,
        "R2Score_Exp": 0.8864588737487793,
        "Forgetting_Exp": -0.036942243576049805,
        "BWT_Exp": 0.036942243576049805
    },
    "5": {
        "Loss_Exp": 31.73386648426885,
        "RelativeDistance_Exp": 0.5522858301798502,
        "R2Score_Exp": 0.8766741752624512,
        "Forgetting_Exp": -0.023062805334726932,
        "BWT_Exp": 0.023062805334726932
    },
    "6": {
        "Loss_Exp": 40.57733323478248,
        "RelativeDistance_Exp": 0.6113752325375875,
        "R2Score_Exp": 0.8753150304158529,
        "Forgetting_Exp": -0.0194873412450155,
        "BWT_Exp": 0.0194873412450155
    },
    "7": {
        "Loss_Exp": 33.93947982788086,
        "RelativeDistance_Exp": 0.5417936444282532,
        "R2Score_Exp": 0.8661725521087646,
        "Forgetting_Exp": 0.026448994874954224,
        "BWT_Exp": -0.026448994874954224
    },
    "8": {
        "Loss_Exp": 52.894902696095805,
        "RelativeDistance_Exp": 0.8033828437328339,
        "R2Score_Exp": 0.836253821849823,
        "Forgetting_Exp": 0.032190680503845215,
        "BWT_Exp": -0.032190680503845215
    },
    "9": {
        "Loss_Exp": 65.64982231889846,
        "RelativeDistance_Exp": 0.7105497121810913,
        "R2Score_Exp": 0.8212703466415405
    },
    "stream": {
        "Loss_Stream/eval_phase/test_stream": 42.37179769323403,
        "RelativeDistance_Stream/eval_phase/test_stream": 0.6595351248979568,
        "R2Score_Stream/eval_phase/test_stream": 0.8671808987855911,
        "Forgetting_Stream/eval_phase/test_stream": {
            "0": -0.0014857351779937744,
            "1": 0.019178777933120728,
            "2": -0.03289604187011719,
            "3": -0.01875445246696472,
            "4": -0.036942243576049805,
            "5": -0.023062805334726932,
            "6": -0.0194873412450155,
            "7": 0.026448994874954224,
            "8": 0.032190680503845215
        },
        "BWT_Stream/eval_phase/test_stream": {
            "0": -0.0014857351779937744,
            "1": 0.019178777933120728,
            "2": -0.03289604187011719,
            "3": -0.01875445246696472,
            "4": -0.036942243576049805,
            "5": -0.023062805334726932,
            "6": -0.0194873412450155,
            "7": 0.026448994874954224,
            "8": 0.032190680503845215
        }
    }
}