{
    "0": {
        "Loss_Exp": 103.22266680573765,
        "RelativeDistance_Exp": 0.8354277312755585,
        "R2Score_Exp": 0.6564772129058838,
        "Forgetting_Exp": 0.196740061044693,
        "BWT_Exp": -0.196740061044693
    },
    "1": {
        "Loss_Exp": 53.04558150597529,
        "RelativeDistance_Exp": 0.8880857825279236,
        "R2Score_Exp": 0.808668315410614,
        "Forgetting_Exp": 0.08906543254852295,
        "BWT_Exp": -0.08906543254852295
    },
    "2": {
        "Loss_Exp": 55.79529148781331,
        "RelativeDistance_Exp": 0.6356396476427714,
        "R2Score_Exp": 0.7920097510019938,
        "Forgetting_Exp": 0.049082040786743164,
        "BWT_Exp": -0.049082040786743164
    },
    "3": {
        "Loss_Exp": 38.11668003013197,
        "RelativeDistance_Exp": 0.5306019186973572,
        "R2Score_Exp": 0.860199362039566,
        "Forgetting_Exp": 0.022716939449310303,
        "BWT_Exp": -0.022716939449310303
    },
    "4": {
        "Loss_Exp": 32.56774691858723,
        "RelativeDistance_Exp": 0.5714187920093536,
        "R2Score_Exp": 0.8476442843675613,
        "Forgetting_Exp": 0.05966261029243469,
        "BWT_Exp": -0.05966261029243469
    },
    "5": {
        "Loss_Exp": 35.613465154250996,
        "RelativeDistance_Exp": 0.5518263578414917,
        "R2Score_Exp": 0.8354393641153971,
        "Forgetting_Exp": 0.06606433788935351,
        "BWT_Exp": -0.06606433788935351
    },
    "6": {
        "Loss_Exp": 40.797864165637705,
        "RelativeDistance_Exp": 0.6009461482365926,
        "R2Score_Exp": 0.8490675687789917,
        "Forgetting_Exp": 0.013014475504557255,
        "BWT_Exp": -0.013014475504557255
    },
    "7": {
        "Loss_Exp": 32.34418119392504,
        "RelativeDistance_Exp": 0.4093478322029114,
        "R2Score_Exp": 0.8773609399795532,
        "Forgetting_Exp": 0.04643937945365906,
        "BWT_Exp": -0.04643937945365906
    },
    "8": {
        "Loss_Exp": 31.459497027262625,
        "RelativeDistance_Exp": 0.48591868579387665,
        "R2Score_Exp": 0.8793551921844482,
        "Forgetting_Exp": 0.012805432081222534,
        "BWT_Exp": -0.012805432081222534
    },
    "9": {
        "Loss_Exp": 37.07714655077722,
        "RelativeDistance_Exp": 0.5599161982536316,
        "R2Score_Exp": 0.8771708011627197
    },
    "stream": {
        "Loss_Stream/eval_phase/test_stream": 45.38963649429191,
        "RelativeDistance_Stream/eval_phase/test_stream": 0.6027803170681,
        "R2Score_Stream/eval_phase/test_stream": 0.8295436334609986,
        "Forgetting_Stream/eval_phase/test_stream": {
            "0": 0.196740061044693,
            "1": 0.08906543254852295,
            "2": 0.049082040786743164,
            "3": 0.022716939449310303,
            "4": 0.05966261029243469,
            "5": 0.06606433788935351,
            "6": 0.013014475504557255,
            "7": 0.04643937945365906,
            "8": 0.012805432081222534
        },
        "BWT_Stream/eval_phase/test_stream": {
            "0": 0.196740061044693,
            "1": 0.08906543254852295,
            "2": 0.049082040786743164,
            "3": 0.022716939449310303,
            "4": 0.05966261029243469,
            "5": 0.06606433788935351,
            "6": 0.013014475504557255,
            "7": 0.04643937945365906,
            "8": 0.012805432081222534
        }
    }
}