{
    "0": {
        "Loss_Exp": 0.14394716093864302,
        "BinaryAccuracy_Exp": 0.9519562274217606
    },
    "1": {
        "Loss_Exp": 0.20112759636654476,
        "BinaryAccuracy_Exp": 0.9205155372619629
    },
    "2": {
        "Loss_Exp": 0.16129573167960012,
        "BinaryAccuracy_Exp": 0.9419842720031738
    },
    "3": {
        "Loss_Exp": 0.1266681543639312,
        "BinaryAccuracy_Exp": 0.9513189673423768
    },
    "4": {
        "Loss_Exp": 0.08477867301145302,
        "BinaryAccuracy_Exp": 0.9656967180115836
    },
    "5": {
        "Loss_Exp": 0.11187988475429604,
        "BinaryAccuracy_Exp": 0.9579229056835175
    },
    "6": {
        "Loss_Exp": 0.080534447223523,
        "BinaryAccuracy_Exp": 0.9701894879341125
    },
    "7": {
        "Loss_Exp": 0.08248887053191267,
        "BinaryAccuracy_Exp": 0.97036345799764
    },
    "8": {
        "Loss_Exp": 0.08968223290736696,
        "BinaryAccuracy_Exp": 0.9665998617808024
    },
    "9": {
        "Loss_Exp": 0.07257288277828321,
        "BinaryAccuracy_Exp": 0.9712811261415482
    },
    "stream": {
        "Loss_Stream/eval_phase/test_stream": 0.11364676396668771,
        "BinaryAccuracy_Stream/eval_phase/test_stream": 0.9567560786786287
    }
}