{
    "0": {
        "Loss_Exp": 190.11659240722656,
        "RelativeDistance_Exp": 1.7731654644012451,
        "R2Score_Exp": 0.23159675300121307,
        "Forgetting_Exp": 0.6569072157144547,
        "BWT_Exp": -0.6569072157144547
    },
    "1": {
        "Loss_Exp": 162.932861328125,
        "RelativeDistance_Exp": 1.1614785194396973,
        "R2Score_Exp": 0.40671488642692566,
        "Forgetting_Exp": 0.47582367062568665,
        "BWT_Exp": -0.47582367062568665
    },
    "2": {
        "Loss_Exp": 121.57392883300781,
        "RelativeDistance_Exp": 1.532159686088562,
        "R2Score_Exp": 0.5210900902748108,
        "Forgetting_Exp": 0.3616778254508972,
        "BWT_Exp": -0.3616778254508972
    },
    "3": {
        "Loss_Exp": 133.96170043945312,
        "RelativeDistance_Exp": 1.4968987703323364,
        "R2Score_Exp": 0.48546329140663147,
        "Forgetting_Exp": 0.43011674284935,
        "BWT_Exp": -0.43011674284935
    },
    "4": {
        "Loss_Exp": 147.7572021484375,
        "RelativeDistance_Exp": 1.467530608177185,
        "R2Score_Exp": 0.4124907851219177,
        "Forgetting_Exp": 0.4684050679206848,
        "BWT_Exp": -0.4684050679206848
    },
    "5": {
        "Loss_Exp": 109.73931884765625,
        "RelativeDistance_Exp": 1.1518076658248901,
        "R2Score_Exp": 0.608327329158783,
        "Forgetting_Exp": 0.26424819231033325,
        "BWT_Exp": -0.26424819231033325
    },
    "6": {
        "Loss_Exp": 113.07705688476562,
        "RelativeDistance_Exp": 1.4306259155273438,
        "R2Score_Exp": 0.5975242853164673,
        "Forgetting_Exp": 0.2958316206932068,
        "BWT_Exp": -0.2958316206932068
    },
    "7": {
        "Loss_Exp": 131.23367309570312,
        "RelativeDistance_Exp": 1.0160026550292969,
        "R2Score_Exp": 0.559285581111908,
        "Forgetting_Exp": 0.3242362141609192,
        "BWT_Exp": -0.3242362141609192
    },
    "8": {
        "Loss_Exp": 88.01290130615234,
        "RelativeDistance_Exp": 1.3176517486572266,
        "R2Score_Exp": 0.7331919074058533,
        "Forgetting_Exp": 0.15876585245132446,
        "BWT_Exp": -0.15876585245132446
    },
    "9": {
        "Loss_Exp": 38.278228759765625,
        "RelativeDistance_Exp": 0.9765930771827698,
        "R2Score_Exp": 0.8799489736557007
    },
    "stream": {
        "Loss_Stream/eval_phase/test_stream": 138.4313110262999,
        "RelativeDistance_Stream/eval_phase/test_stream": 1.3323914110660553,
        "R2Score_Stream/eval_phase/test_stream": 0.5435633882880211,
        "Forgetting_Stream/eval_phase/test_stream": {
            "0": 0.6569072157144547,
            "1": 0.47582367062568665,
            "2": 0.3616778254508972,
            "3": 0.43011674284935,
            "4": 0.4684050679206848,
            "5": 0.26424819231033325,
            "6": 0.2958316206932068,
            "7": 0.3242362141609192,
            "8": 0.15876585245132446
        },
        "BWT_Stream/eval_phase/test_stream": {
            "0": 0.6569072157144547,
            "1": 0.47582367062568665,
            "2": 0.3616778254508972,
            "3": 0.43011674284935,
            "4": 0.4684050679206848,
            "5": 0.26424819231033325,
            "6": 0.2958316206932068,
            "7": 0.3242362141609192,
            "8": 0.15876585245132446
        }
    }
}