{
    "0": {
        "Loss_Exp": 85.39516153614423,
        "RelativeDistance_Exp": 0.7695692479610443,
        "R2Score_Exp": 0.8070462048053741,
        "Forgetting_Exp": 0.05106544494628906,
        "BWT_Exp": -0.05106544494628906
    },
    "1": {
        "Loss_Exp": 63.49681317900406,
        "RelativeDistance_Exp": 0.877196341753006,
        "R2Score_Exp": 0.8151082396507263,
        "Forgetting_Exp": 0.0744762122631073,
        "BWT_Exp": -0.0744762122631073
    },
    "2": {
        "Loss_Exp": 47.800698019200844,
        "RelativeDistance_Exp": 0.5924018224080404,
        "R2Score_Exp": 0.8454268177350363,
        "Forgetting_Exp": -0.037988921006520626,
        "BWT_Exp": 0.037988921006520626
    },
    "3": {
        "Loss_Exp": 45.09818882947011,
        "RelativeDistance_Exp": 0.5244917869567871,
        "R2Score_Exp": 0.8514334857463837,
        "Forgetting_Exp": -0.018269240856170654,
        "BWT_Exp": 0.018269240856170654
    },
    "4": {
        "Loss_Exp": 48.381361897929814,
        "RelativeDistance_Exp": 0.6328568309545517,
        "R2Score_Exp": 0.8448139280080795,
        "Forgetting_Exp": -0.009342700242996216,
        "BWT_Exp": 0.009342700242996216
    },
    "5": {
        "Loss_Exp": 47.415071404498555,
        "RelativeDistance_Exp": 0.5722308357556661,
        "R2Score_Exp": 0.8141343792279562,
        "Forgetting_Exp": 0.018149177233378055,
        "BWT_Exp": -0.018149177233378055
    },
    "6": {
        "Loss_Exp": 51.3166418738399,
        "RelativeDistance_Exp": 0.5827816228071848,
        "R2Score_Exp": 0.8432892759641012,
        "Forgetting_Exp": 0.012117266654968262,
        "BWT_Exp": -0.012117266654968262
    },
    "7": {
        "Loss_Exp": 39.34642791748047,
        "RelativeDistance_Exp": 0.5625026822090149,
        "R2Score_Exp": 0.8448523283004761,
        "Forgetting_Exp": 0.009678542613983154,
        "BWT_Exp": -0.009678542613983154
    },
    "8": {
        "Loss_Exp": 55.66457510478416,
        "RelativeDistance_Exp": 0.7569566667079926,
        "R2Score_Exp": 0.8342761099338531,
        "Forgetting_Exp": -0.01218751072883606,
        "BWT_Exp": 0.01218751072883606
    },
    "9": {
        "Loss_Exp": 60.91328914399781,
        "RelativeDistance_Exp": 0.7058431804180145,
        "R2Score_Exp": 0.8350286185741425
    },
    "stream": {
        "Loss_Stream/eval_phase/test_stream": 53.608181232615486,
        "RelativeDistance_Stream/eval_phase/test_stream": 0.650178637355566,
        "R2Score_Stream/eval_phase/test_stream": 0.8341018656889597,
        "Forgetting_Stream/eval_phase/test_stream": {
            "0": 0.05106544494628906,
            "1": 0.0744762122631073,
            "2": -0.037988921006520626,
            "3": -0.018269240856170654,
            "4": -0.009342700242996216,
            "5": 0.018149177233378055,
            "6": 0.012117266654968262,
            "7": 0.009678542613983154,
            "8": -0.01218751072883606
        },
        "BWT_Stream/eval_phase/test_stream": {
            "0": 0.05106544494628906,
            "1": 0.0744762122631073,
            "2": -0.037988921006520626,
            "3": -0.018269240856170654,
            "4": -0.009342700242996216,
            "5": 0.018149177233378055,
            "6": 0.012117266654968262,
            "7": 0.009678542613983154,
            "8": -0.01218751072883606
        }
    }
}