{
    "0": {
        "Loss_Exp": 113.08179554003014,
        "RelativeDistance_Exp": 0.9921773374080658,
        "R2Score_Exp": 0.6286002695560455,
        "Forgetting_Exp": 0.221969872713089,
        "BWT_Exp": -0.221969872713089
    },
    "1": {
        "Loss_Exp": 56.21101578527799,
        "RelativeDistance_Exp": 1.0007776319980621,
        "R2Score_Exp": 0.7967849969863892,
        "Forgetting_Exp": 0.09823283553123474,
        "BWT_Exp": -0.09823283553123474
    },
    "2": {
        "Loss_Exp": 61.40857286265278,
        "RelativeDistance_Exp": 0.7545774579048157,
        "R2Score_Exp": 0.7739816308021545,
        "Forgetting_Exp": 0.06521119674046838,
        "BWT_Exp": -0.06521119674046838
    },
    "3": {
        "Loss_Exp": 40.9697608794245,
        "RelativeDistance_Exp": 0.6589607894420624,
        "R2Score_Exp": 0.8512023091316223,
        "Forgetting_Exp": 0.026378124952316284,
        "BWT_Exp": -0.026378124952316284
    },
    "4": {
        "Loss_Exp": 32.513631405320126,
        "RelativeDistance_Exp": 0.6606617867946625,
        "R2Score_Exp": 0.8479004353284836,
        "Forgetting_Exp": 0.0593457967042923,
        "BWT_Exp": -0.0593457967042923
    },
    "5": {
        "Loss_Exp": 35.428626466277464,
        "RelativeDistance_Exp": 0.6286002993583679,
        "R2Score_Exp": 0.8260059555371603,
        "Forgetting_Exp": 0.06763358910878492,
        "BWT_Exp": -0.06763358910878492
    },
    "6": {
        "Loss_Exp": 45.599359762068275,
        "RelativeDistance_Exp": 0.6932450532913208,
        "R2Score_Exp": 0.823891301949819,
        "Forgetting_Exp": 0.020124733448028564,
        "BWT_Exp": -0.020124733448028564
    },
    "7": {
        "Loss_Exp": 33.92031735549738,
        "RelativeDistance_Exp": 0.5250420421361923,
        "R2Score_Exp": 0.8714756965637207,
        "Forgetting_Exp": 0.03601557016372681,
        "BWT_Exp": -0.03601557016372681
    },
    "8": {
        "Loss_Exp": 34.73042968223835,
        "RelativeDistance_Exp": 0.5383508801460266,
        "R2Score_Exp": 0.866246372461319,
        "Forgetting_Exp": 0.005850076675415039,
        "BWT_Exp": -0.005850076675415039
    },
    "9": {
        "Loss_Exp": 40.15243437131427,
        "RelativeDistance_Exp": 0.6314996480941772,
        "R2Score_Exp": 0.8655068278312683
    },
    "stream": {
        "Loss_Stream/eval_phase/test_stream": 48.47177953818504,
        "RelativeDistance_Stream/eval_phase/test_stream": 0.7026212894916535,
        "R2Score_Stream/eval_phase/test_stream": 0.8169148540496827,
        "Forgetting_Stream/eval_phase/test_stream": {
            "0": 0.221969872713089,
            "1": 0.09823283553123474,
            "2": 0.06521119674046838,
            "3": 0.026378124952316284,
            "4": 0.0593457967042923,
            "5": 0.06763358910878492,
            "6": 0.020124733448028564,
            "7": 0.03601557016372681,
            "8": 0.005850076675415039
        },
        "BWT_Stream/eval_phase/test_stream": {
            "0": 0.221969872713089,
            "1": 0.09823283553123474,
            "2": 0.06521119674046838,
            "3": 0.026378124952316284,
            "4": 0.0593457967042923,
            "5": 0.06763358910878492,
            "6": 0.020124733448028564,
            "7": 0.03601557016372681,
            "8": 0.005850076675415039
        }
    }
}