{
    "0": {
        "Loss_Exp": 93.64653684381852,
        "RelativeDistance_Exp": 1.1452447772026062,
        "R2Score_Exp": 0.790401041507721,
        "Forgetting_Exp": 0.08671838045120239,
        "BWT_Exp": -0.08671838045120239
    },
    "1": {
        "Loss_Exp": 73.83983078926974,
        "RelativeDistance_Exp": 1.0907330513000488,
        "R2Score_Exp": 0.7864503562450409,
        "Forgetting_Exp": 0.07824528217315674,
        "BWT_Exp": -0.07824528217315674
    },
    "2": {
        "Loss_Exp": 56.814142695067076,
        "RelativeDistance_Exp": 0.8690365552902222,
        "R2Score_Exp": 0.8170952796936035,
        "Forgetting_Exp": -0.045940617720286014,
        "BWT_Exp": 0.045940617720286014
    },
    "3": {
        "Loss_Exp": 59.91310656996957,
        "RelativeDistance_Exp": 0.7637444734573364,
        "R2Score_Exp": 0.8027945458889008,
        "Forgetting_Exp": -0.049506962299346924,
        "BWT_Exp": 0.049506962299346924
    },
    "4": {
        "Loss_Exp": 54.98766683000051,
        "RelativeDistance_Exp": 0.8795303851366043,
        "R2Score_Exp": 0.8169551491737366,
        "Forgetting_Exp": -0.008312314748764038,
        "BWT_Exp": 0.008312314748764038
    },
    "5": {
        "Loss_Exp": 53.42910136347232,
        "RelativeDistance_Exp": 0.7689245939254761,
        "R2Score_Exp": 0.791003425916036,
        "Forgetting_Exp": 0.015440007050832039,
        "BWT_Exp": -0.015440007050832039
    },
    "6": {
        "Loss_Exp": 65.01412096857743,
        "RelativeDistance_Exp": 0.7949821551640829,
        "R2Score_Exp": 0.7926542560259501,
        "Forgetting_Exp": 0.04690903425216675,
        "BWT_Exp": -0.04690903425216675
    },
    "7": {
        "Loss_Exp": 47.831546783447266,
        "RelativeDistance_Exp": 0.7555210590362549,
        "R2Score_Exp": 0.8113945126533508,
        "Forgetting_Exp": 0.030244648456573486,
        "BWT_Exp": -0.030244648456573486
    },
    "8": {
        "Loss_Exp": 57.783740616142516,
        "RelativeDistance_Exp": 0.9184423685073853,
        "R2Score_Exp": 0.8253193199634552,
        "Forgetting_Exp": -0.022661030292510986,
        "BWT_Exp": 0.022661030292510986
    },
    "9": {
        "Loss_Exp": 67.4384087446797,
        "RelativeDistance_Exp": 0.851211816072464,
        "R2Score_Exp": 0.817337155342102
    },
    "stream": {
        "Loss_Stream/eval_phase/test_stream": 62.21874968623307,
        "RelativeDistance_Stream/eval_phase/test_stream": 0.8796343952417374,
        "R2Score_Stream/eval_phase/test_stream": 0.805253284672896,
        "Forgetting_Stream/eval_phase/test_stream": {
            "0": 0.08671838045120239,
            "1": 0.07824528217315674,
            "2": -0.045940617720286014,
            "3": -0.049506962299346924,
            "4": -0.008312314748764038,
            "5": 0.015440007050832039,
            "6": 0.04690903425216675,
            "7": 0.030244648456573486,
            "8": -0.022661030292510986
        },
        "BWT_Stream/eval_phase/test_stream": {
            "0": 0.08671838045120239,
            "1": 0.07824528217315674,
            "2": -0.045940617720286014,
            "3": -0.049506962299346924,
            "4": -0.008312314748764038,
            "5": 0.015440007050832039,
            "6": 0.04690903425216675,
            "7": 0.030244648456573486,
            "8": -0.022661030292510986
        }
    }
}