{
    "0": {
        "Loss_Exp": 51.5506535112233,
        "RelativeDistance_Exp": 1.0575054705142974,
        "R2Score_Exp": 0.7772454857826233,
        "Forgetting_Exp": 0.07316531538963311,
        "BWT_Exp": -0.07316531538963311
    },
    "1": {
        "Loss_Exp": 51.24896295914977,
        "RelativeDistance_Exp": 0.9915866732597352,
        "R2Score_Exp": 0.7859471360842387,
        "Forgetting_Exp": 0.06408496300379429,
        "BWT_Exp": -0.06408496300379429
    },
    "2": {
        "Loss_Exp": 41.974393588359334,
        "RelativeDistance_Exp": 0.9864690945698664,
        "R2Score_Exp": 0.8198922918393061,
        "Forgetting_Exp": 0.03950997499319231,
        "BWT_Exp": -0.03950997499319231
    },
    "3": {
        "Loss_Exp": 37.28373659289908,
        "RelativeDistance_Exp": 1.074491282304128,
        "R2Score_Exp": 0.8508299655384488,
        "Forgetting_Exp": 0.04109102487564087,
        "BWT_Exp": -0.04109102487564087
    },
    "4": {
        "Loss_Exp": 38.69601254343165,
        "RelativeDistance_Exp": 1.0646123800958907,
        "R2Score_Exp": 0.8484400936535427,
        "Forgetting_Exp": 0.01209999833788189,
        "BWT_Exp": -0.01209999833788189
    },
    "5": {
        "Loss_Exp": 36.93661341652068,
        "RelativeDistance_Exp": 0.9937976996103922,
        "R2Score_Exp": 0.8579890131950378,
        "Forgetting_Exp": 0.0006616711616516113,
        "BWT_Exp": -0.0006616711616516113
    },
    "6": {
        "Loss_Exp": 40.11781194960173,
        "RelativeDistance_Exp": 1.3092674612998962,
        "R2Score_Exp": 0.848292239010334,
        "Forgetting_Exp": 0.013441190123558044,
        "BWT_Exp": -0.013441190123558044
    },
    "7": {
        "Loss_Exp": 49.55017293391099,
        "RelativeDistance_Exp": 0.9040786549448967,
        "R2Score_Exp": 0.8276856914162636,
        "Forgetting_Exp": 0.020053446292877197,
        "BWT_Exp": -0.020053446292877197
    },
    "8": {
        "Loss_Exp": 35.00563081703694,
        "RelativeDistance_Exp": 0.8251701792081197,
        "R2Score_Exp": 0.8735793034235636,
        "Forgetting_Exp": 0.014517068862915039,
        "BWT_Exp": -0.014517068862915039
    },
    "9": {
        "Loss_Exp": 27.998124577541926,
        "RelativeDistance_Exp": 0.8369175493717194,
        "R2Score_Exp": 0.9045332968235016
    },
    "stream": {
        "Loss_Stream/eval_phase/test_stream": 43.88520424423526,
        "RelativeDistance_Stream/eval_phase/test_stream": 1.0273402715906685,
        "R2Score_Stream/eval_phase/test_stream": 0.824720667468177,
        "Forgetting_Stream/eval_phase/test_stream": {
            "0": 0.07316531538963311,
            "1": 0.06408496300379429,
            "2": 0.03950997499319231,
            "3": 0.04109102487564087,
            "4": 0.01209999833788189,
            "5": 0.0006616711616516113,
            "6": 0.013441190123558044,
            "7": 0.020053446292877197,
            "8": 0.014517068862915039
        },
        "BWT_Stream/eval_phase/test_stream": {
            "0": 0.07316531538963311,
            "1": 0.06408496300379429,
            "2": 0.03950997499319231,
            "3": 0.04109102487564087,
            "4": 0.01209999833788189,
            "5": 0.0006616711616516113,
            "6": 0.013441190123558044,
            "7": 0.020053446292877197,
            "8": 0.014517068862915039
        }
    }
}