{
    "0": {
        "Loss_Exp": 39.65575408935547,
        "RelativeDistance_Exp": 0.8705867528915405,
        "R2Score_Exp": 0.8181636929512024,
        "Forgetting_Exp": 0.07633048295974731,
        "BWT_Exp": -0.07633048295974731
    },
    "1": {
        "Loss_Exp": 52.161155700683594,
        "RelativeDistance_Exp": 0.822634756565094,
        "R2Score_Exp": 0.7863492369651794,
        "Forgetting_Exp": 0.039544522762298584,
        "BWT_Exp": -0.039544522762298584
    },
    "2": {
        "Loss_Exp": 40.9307975769043,
        "RelativeDistance_Exp": 0.8077462911605835,
        "R2Score_Exp": 0.8239486813545227,
        "Forgetting_Exp": 0.035066843032836914,
        "BWT_Exp": -0.035066843032836914
    },
    "3": {
        "Loss_Exp": 36.136024475097656,
        "RelativeDistance_Exp": 1.0156022310256958,
        "R2Score_Exp": 0.8549048900604248,
        "Forgetting_Exp": 0.03969168663024902,
        "BWT_Exp": -0.03969168663024902
    },
    "4": {
        "Loss_Exp": 42.53791046142578,
        "RelativeDistance_Exp": 0.9024276733398438,
        "R2Score_Exp": 0.8279701471328735,
        "Forgetting_Exp": 0.03283798694610596,
        "BWT_Exp": -0.03283798694610596
    },
    "5": {
        "Loss_Exp": 39.79151153564453,
        "RelativeDistance_Exp": 0.6735466122627258,
        "R2Score_Exp": 0.8488122224807739,
        "Forgetting_Exp": 0.006328463554382324,
        "BWT_Exp": -0.006328463554382324
    },
    "6": {
        "Loss_Exp": 36.40378952026367,
        "RelativeDistance_Exp": 0.8162600994110107,
        "R2Score_Exp": 0.865559995174408,
        "Forgetting_Exp": 0.007556498050689697,
        "BWT_Exp": -0.007556498050689697
    },
    "7": {
        "Loss_Exp": 52.226097106933594,
        "RelativeDistance_Exp": 0.6072642803192139,
        "R2Score_Exp": 0.8190855979919434,
        "Forgetting_Exp": 0.027754008769989014,
        "BWT_Exp": -0.027754008769989014
    },
    "8": {
        "Loss_Exp": 37.913848876953125,
        "RelativeDistance_Exp": 0.6770272254943848,
        "R2Score_Exp": 0.8756306767463684,
        "Forgetting_Exp": 0.01874023675918579,
        "BWT_Exp": -0.01874023675918579
    },
    "9": {
        "Loss_Exp": 31.763731002807617,
        "RelativeDistance_Exp": 0.6475080251693726,
        "R2Score_Exp": 0.9000276327133179
    },
    "stream": {
        "Loss_Stream/eval_phase/test_stream": 42.827502494146295,
        "RelativeDistance_Stream/eval_phase/test_stream": 0.7840603947639465,
        "R2Score_Stream/eval_phase/test_stream": 0.8420452773571014,
        "Forgetting_Stream/eval_phase/test_stream": {
            "0": 0.07633048295974731,
            "1": 0.039544522762298584,
            "2": 0.035066843032836914,
            "3": 0.03969168663024902,
            "4": 0.03283798694610596,
            "5": 0.006328463554382324,
            "6": 0.007556498050689697,
            "7": 0.027754008769989014,
            "8": 0.01874023675918579
        },
        "BWT_Stream/eval_phase/test_stream": {
            "0": 0.07633048295974731,
            "1": 0.039544522762298584,
            "2": 0.035066843032836914,
            "3": 0.03969168663024902,
            "4": 0.03283798694610596,
            "5": 0.006328463554382324,
            "6": 0.007556498050689697,
            "7": 0.027754008769989014,
            "8": 0.01874023675918579
        }
    }
}