{
    "0": {
        "Loss_Exp": 112.93909834073558,
        "RelativeDistance_Exp": 0.8888097107410431,
        "R2Score_Exp": 0.6280642151832581,
        "Forgetting_Exp": 0.21423786878585815,
        "BWT_Exp": -0.21423786878585815
    },
    "1": {
        "Loss_Exp": 53.15170242552416,
        "RelativeDistance_Exp": 0.8906728029251099,
        "R2Score_Exp": 0.8083271980285645,
        "Forgetting_Exp": 0.08679625391960144,
        "BWT_Exp": -0.08679625391960144
    },
    "2": {
        "Loss_Exp": 56.164339585479816,
        "RelativeDistance_Exp": 0.6715686917304993,
        "R2Score_Exp": 0.7936142086982727,
        "Forgetting_Exp": 0.05006144444147742,
        "BWT_Exp": -0.05006144444147742
    },
    "3": {
        "Loss_Exp": 39.18409824946996,
        "RelativeDistance_Exp": 0.5664035379886627,
        "R2Score_Exp": 0.8528000712394714,
        "Forgetting_Exp": 0.027285456657409668,
        "BWT_Exp": -0.027285456657409668
    },
    "4": {
        "Loss_Exp": 30.41066540260634,
        "RelativeDistance_Exp": 0.5881891250610352,
        "R2Score_Exp": 0.8569472879171371,
        "Forgetting_Exp": 0.05433511734008789,
        "BWT_Exp": -0.05433511734008789
    },
    "5": {
        "Loss_Exp": 35.79272228471385,
        "RelativeDistance_Exp": 0.5767577489217123,
        "R2Score_Exp": 0.8345089753468832,
        "Forgetting_Exp": 0.06548509995142615,
        "BWT_Exp": -0.06548509995142615
    },
    "6": {
        "Loss_Exp": 39.245090277875356,
        "RelativeDistance_Exp": 0.6206730604171753,
        "R2Score_Exp": 0.8502289056777954,
        "Forgetting_Exp": 0.012369751930236816,
        "BWT_Exp": -0.012369751930236816
    },
    "7": {
        "Loss_Exp": 31.56382123923596,
        "RelativeDistance_Exp": 0.42468929290771484,
        "R2Score_Exp": 0.8793383240699768,
        "Forgetting_Exp": 0.0482633113861084,
        "BWT_Exp": -0.0482633113861084
    },
    "8": {
        "Loss_Exp": 32.45641763382197,
        "RelativeDistance_Exp": 0.45514558255672455,
        "R2Score_Exp": 0.8798899948596954,
        "Forgetting_Exp": 0.01499950885772705,
        "BWT_Exp": -0.01499950885772705
    },
    "9": {
        "Loss_Exp": 36.607258910134085,
        "RelativeDistance_Exp": 0.5629737824201584,
        "R2Score_Exp": 0.8796461820602417
    },
    "stream": {
        "Loss_Stream/eval_phase/test_stream": 45.85688443482776,
        "RelativeDistance_Stream/eval_phase/test_stream": 0.6214857769012451,
        "R2Score_Stream/eval_phase/test_stream": 0.8287590956687927,
        "Forgetting_Stream/eval_phase/test_stream": {
            "0": 0.21423786878585815,
            "1": 0.08679625391960144,
            "2": 0.05006144444147742,
            "3": 0.027285456657409668,
            "4": 0.05433511734008789,
            "5": 0.06548509995142615,
            "6": 0.012369751930236816,
            "7": 0.0482633113861084,
            "8": 0.01499950885772705
        },
        "BWT_Stream/eval_phase/test_stream": {
            "0": 0.21423786878585815,
            "1": 0.08679625391960144,
            "2": 0.05006144444147742,
            "3": 0.027285456657409668,
            "4": 0.05433511734008789,
            "5": 0.06548509995142615,
            "6": 0.012369751930236816,
            "7": 0.0482633113861084,
            "8": 0.01499950885772705
        }
    }
}