{
    "0": {
        "Loss_Exp": 71.09660346322953,
        "RelativeDistance_Exp": 0.763679176568985,
        "R2Score_Exp": 0.7685568332672119,
        "Forgetting_Exp": 0.07501649856567383,
        "BWT_Exp": -0.07501649856567383
    },
    "1": {
        "Loss_Exp": 41.2894259121437,
        "RelativeDistance_Exp": 0.7192209661006927,
        "R2Score_Exp": 0.8409922122955322,
        "Forgetting_Exp": 0.045752495527267456,
        "BWT_Exp": -0.045752495527267456
    },
    "2": {
        "Loss_Exp": 48.90907696588813,
        "RelativeDistance_Exp": 0.5594188570976257,
        "R2Score_Exp": 0.8012454112370809,
        "Forgetting_Exp": 0.03229699532190955,
        "BWT_Exp": -0.03229699532190955
    },
    "3": {
        "Loss_Exp": 35.41557917604504,
        "RelativeDistance_Exp": 0.4592329412698746,
        "R2Score_Exp": 0.8649323284626007,
        "Forgetting_Exp": -0.009763836860656738,
        "BWT_Exp": 0.009763836860656738
    },
    "4": {
        "Loss_Exp": 30.6560082282943,
        "RelativeDistance_Exp": 0.5440925136208534,
        "R2Score_Exp": 0.8451360911130905,
        "Forgetting_Exp": 0.03698073327541351,
        "BWT_Exp": -0.03698073327541351
    },
    "5": {
        "Loss_Exp": 33.55895051892172,
        "RelativeDistance_Exp": 0.4916488726933797,
        "R2Score_Exp": 0.8215363621711731,
        "Forgetting_Exp": 0.05393403768539429,
        "BWT_Exp": -0.05393403768539429
    },
    "6": {
        "Loss_Exp": 36.43153057601526,
        "RelativeDistance_Exp": 0.4440288046995799,
        "R2Score_Exp": 0.8614747126897176,
        "Forgetting_Exp": -0.0072447856267293664,
        "BWT_Exp": 0.0072447856267293664
    },
    "7": {
        "Loss_Exp": 32.52294397852246,
        "RelativeDistance_Exp": 0.3517325818538666,
        "R2Score_Exp": 0.8704862594604492,
        "Forgetting_Exp": 0.03959009051322937,
        "BWT_Exp": -0.03959009051322937
    },
    "8": {
        "Loss_Exp": 35.186287320893385,
        "RelativeDistance_Exp": 0.4401875287294388,
        "R2Score_Exp": 0.8509702980518341,
        "Forgetting_Exp": 0.021995633840560913,
        "BWT_Exp": -0.021995633840560913
    },
    "9": {
        "Loss_Exp": 42.61626054159131,
        "RelativeDistance_Exp": 0.5407052636146545,
        "R2Score_Exp": 0.858314037322998
    },
    "stream": {
        "Loss_Stream/eval_phase/test_stream": 40.15791244040295,
        "RelativeDistance_Stream/eval_phase/test_stream": 0.5284470629692077,
        "R2Score_Stream/eval_phase/test_stream": 0.8376727104187012,
        "Forgetting_Stream/eval_phase/test_stream": {
            "0": 0.07501649856567383,
            "1": 0.045752495527267456,
            "2": 0.03229699532190955,
            "3": -0.009763836860656738,
            "4": 0.03698073327541351,
            "5": 0.05393403768539429,
            "6": -0.0072447856267293664,
            "7": 0.03959009051322937,
            "8": 0.021995633840560913
        },
        "BWT_Stream/eval_phase/test_stream": {
            "0": 0.07501649856567383,
            "1": 0.045752495527267456,
            "2": 0.03229699532190955,
            "3": -0.009763836860656738,
            "4": 0.03698073327541351,
            "5": 0.05393403768539429,
            "6": -0.0072447856267293664,
            "7": 0.03959009051322937,
            "8": 0.021995633840560913
        }
    }
}