{
    "0": {
        "Loss_Exp": 79.15770167520601,
        "RelativeDistance_Exp": 0.7729769945144653,
        "R2Score_Exp": 0.7515339553356171,
        "Forgetting_Exp": 0.0921056866645813,
        "BWT_Exp": -0.0921056866645813
    },
    "1": {
        "Loss_Exp": 40.70904218638291,
        "RelativeDistance_Exp": 0.7786141335964203,
        "R2Score_Exp": 0.8503775000572205,
        "Forgetting_Exp": 0.041315168142318726,
        "BWT_Exp": -0.041315168142318726
    },
    "2": {
        "Loss_Exp": 56.03053077706266,
        "RelativeDistance_Exp": 0.5687557061513265,
        "R2Score_Exp": 0.7943228880564371,
        "Forgetting_Exp": 0.04329085350036621,
        "BWT_Exp": -0.04329085350036621
    },
    "3": {
        "Loss_Exp": 38.60490883380115,
        "RelativeDistance_Exp": 0.4998074918985367,
        "R2Score_Exp": 0.8443537950515747,
        "Forgetting_Exp": 0.018878132104873657,
        "BWT_Exp": -0.018878132104873657
    },
    "4": {
        "Loss_Exp": 32.156533999645234,
        "RelativeDistance_Exp": 0.5547360852360725,
        "R2Score_Exp": 0.838182806968689,
        "Forgetting_Exp": 0.052427634596824646,
        "BWT_Exp": -0.052427634596824646
    },
    "5": {
        "Loss_Exp": 38.11375390891261,
        "RelativeDistance_Exp": 0.5335767765839895,
        "R2Score_Exp": 0.8080568710962931,
        "Forgetting_Exp": 0.07013146082560229,
        "BWT_Exp": -0.07013146082560229
    },
    "6": {
        "Loss_Exp": 38.64278703685001,
        "RelativeDistance_Exp": 0.49727951486905414,
        "R2Score_Exp": 0.8399782180786133,
        "Forgetting_Exp": 0.01826198895772302,
        "BWT_Exp": -0.01826198895772302
    },
    "7": {
        "Loss_Exp": 32.74273469984701,
        "RelativeDistance_Exp": 0.355723612010479,
        "R2Score_Exp": 0.8885903060436249,
        "Forgetting_Exp": 0.03407949209213257,
        "BWT_Exp": -0.03407949209213257
    },
    "8": {
        "Loss_Exp": 34.67960896985284,
        "RelativeDistance_Exp": 0.42235422134399414,
        "R2Score_Exp": 0.8588294982910156,
        "Forgetting_Exp": 0.024119466543197632,
        "BWT_Exp": -0.024119466543197632
    },
    "9": {
        "Loss_Exp": 38.91836975566623,
        "RelativeDistance_Exp": 0.5331148505210876,
        "R2Score_Exp": 0.8725799322128296
    },
    "stream": {
        "Loss_Stream/eval_phase/test_stream": 42.78512570321754,
        "RelativeDistance_Stream/eval_phase/test_stream": 0.5497185176610947,
        "R2Score_Stream/eval_phase/test_stream": 0.832493405342102,
        "Forgetting_Stream/eval_phase/test_stream": {
            "0": 0.0921056866645813,
            "1": 0.041315168142318726,
            "2": 0.04329085350036621,
            "3": 0.018878132104873657,
            "4": 0.052427634596824646,
            "5": 0.07013146082560229,
            "6": 0.01826198895772302,
            "7": 0.03407949209213257,
            "8": 0.024119466543197632
        },
        "BWT_Stream/eval_phase/test_stream": {
            "0": 0.0921056866645813,
            "1": 0.041315168142318726,
            "2": 0.04329085350036621,
            "3": 0.018878132104873657,
            "4": 0.052427634596824646,
            "5": 0.07013146082560229,
            "6": 0.01826198895772302,
            "7": 0.03407949209213257,
            "8": 0.024119466543197632
        }
    }
}