{
    "0": {
        "Loss_Exp": 73.23727568300515,
        "RelativeDistance_Exp": 1.0645704567432404,
        "R2Score_Exp": 0.6897436857223511,
        "Forgetting_Exp": 0.16230969429016107,
        "BWT_Exp": -0.16230969429016107
    },
    "1": {
        "Loss_Exp": 80.6756331109255,
        "RelativeDistance_Exp": 0.992548143863678,
        "R2Score_Exp": 0.6827365636825562,
        "Forgetting_Exp": 0.19897176424662266,
        "BWT_Exp": -0.19897176424662266
    },
    "2": {
        "Loss_Exp": 53.3848569809747,
        "RelativeDistance_Exp": 0.8791039952865014,
        "R2Score_Exp": 0.779961686867934,
        "Forgetting_Exp": 0.12106711130875814,
        "BWT_Exp": -0.12106711130875814
    },
    "3": {
        "Loss_Exp": 40.37771731643579,
        "RelativeDistance_Exp": 0.917184034983317,
        "R2Score_Exp": 0.8421455952856276,
        "Forgetting_Exp": 0.08709428707758582,
        "BWT_Exp": -0.08709428707758582
    },
    "4": {
        "Loss_Exp": 43.4874761904664,
        "RelativeDistance_Exp": 0.7643682020051139,
        "R2Score_Exp": 0.8179767983300346,
        "Forgetting_Exp": 0.09330391883850098,
        "BWT_Exp": -0.09330391883850098
    },
    "5": {
        "Loss_Exp": 39.79188090959389,
        "RelativeDistance_Exp": 0.661968857049942,
        "R2Score_Exp": 0.8432449996471405,
        "Forgetting_Exp": 0.046938518683115604,
        "BWT_Exp": -0.046938518683115604
    },
    "6": {
        "Loss_Exp": 35.04559756475737,
        "RelativeDistance_Exp": 0.7980493307113647,
        "R2Score_Exp": 0.8676697984337807,
        "Forgetting_Exp": 0.033488161861896515,
        "BWT_Exp": -0.033488161861896515
    },
    "7": {
        "Loss_Exp": 43.606695671071165,
        "RelativeDistance_Exp": 0.5925222486257553,
        "R2Score_Exp": 0.8488496020436287,
        "Forgetting_Exp": 0.04347241669893265,
        "BWT_Exp": -0.04347241669893265
    },
    "8": {
        "Loss_Exp": 28.13296871001483,
        "RelativeDistance_Exp": 0.5278359850247701,
        "R2Score_Exp": 0.8915573954582214,
        "Forgetting_Exp": 0.03592218955357873,
        "BWT_Exp": -0.03592218955357873
    },
    "9": {
        "Loss_Exp": 18.571370434647694,
        "RelativeDistance_Exp": 0.502186119556427,
        "R2Score_Exp": 0.9286130666732788
    },
    "stream": {
        "Loss_Stream/eval_phase/test_stream": 53.6648291687961,
        "RelativeDistance_Stream/eval_phase/test_stream": 0.8426145477059447,
        "R2Score_Stream/eval_phase/test_stream": 0.7889710951734472,
        "Forgetting_Stream/eval_phase/test_stream": {
            "0": 0.16230969429016107,
            "1": 0.19897176424662266,
            "2": 0.12106711130875814,
            "3": 0.08709428707758582,
            "4": 0.09330391883850098,
            "5": 0.046938518683115604,
            "6": 0.033488161861896515,
            "7": 0.04347241669893265,
            "8": 0.03592218955357873
        },
        "BWT_Stream/eval_phase/test_stream": {
            "0": 0.16230969429016107,
            "1": 0.19897176424662266,
            "2": 0.12106711130875814,
            "3": 0.08709428707758582,
            "4": 0.09330391883850098,
            "5": 0.046938518683115604,
            "6": 0.033488161861896515,
            "7": 0.04347241669893265,
            "8": 0.03592218955357873
        }
    }
}