{
    "0": {
        "Loss_Exp": 58.57402298965294,
        "RelativeDistance_Exp": 1.0592084288597108,
        "R2Score_Exp": 0.755666446685791,
        "Forgetting_Exp": 0.0961993932723999,
        "BWT_Exp": -0.0961993932723999
    },
    "1": {
        "Loss_Exp": 63.40247127061146,
        "RelativeDistance_Exp": 1.0256395141283672,
        "R2Score_Exp": 0.7526601672172546,
        "Forgetting_Exp": 0.09204826752344775,
        "BWT_Exp": -0.09204826752344775
    },
    "2": {
        "Loss_Exp": 45.10281442888543,
        "RelativeDistance_Exp": 0.9473680166097788,
        "R2Score_Exp": 0.8132387399673462,
        "Forgetting_Exp": 0.04893220387972319,
        "BWT_Exp": -0.04893220387972319
    },
    "3": {
        "Loss_Exp": 39.77543271440509,
        "RelativeDistance_Exp": 1.064726279841529,
        "R2Score_Exp": 0.8456275198194716,
        "Forgetting_Exp": 0.04966376887427437,
        "BWT_Exp": -0.04966376887427437
    },
    "4": {
        "Loss_Exp": 44.48234124464237,
        "RelativeDistance_Exp": 0.9936090367180961,
        "R2Score_Exp": 0.8261505620820182,
        "Forgetting_Exp": 0.03824905838285175,
        "BWT_Exp": -0.03824905838285175
    },
    "5": {
        "Loss_Exp": 43.14537907394147,
        "RelativeDistance_Exp": 0.9348231057325999,
        "R2Score_Exp": 0.8329857885837555,
        "Forgetting_Exp": 0.025935649871826172,
        "BWT_Exp": -0.025935649871826172
    },
    "6": {
        "Loss_Exp": 38.29357780933615,
        "RelativeDistance_Exp": 1.2165679037570953,
        "R2Score_Exp": 0.856395535171032,
        "Forgetting_Exp": 0.01605364680290222,
        "BWT_Exp": -0.01605364680290222
    },
    "7": {
        "Loss_Exp": 50.49940521846104,
        "RelativeDistance_Exp": 0.849942073225975,
        "R2Score_Exp": 0.8268754929304123,
        "Forgetting_Exp": 0.025078848004341125,
        "BWT_Exp": -0.025078848004341125
    },
    "8": {
        "Loss_Exp": 37.02024737669274,
        "RelativeDistance_Exp": 0.8126968145370483,
        "R2Score_Exp": 0.873611589272817,
        "Forgetting_Exp": 0.02214304606119788,
        "BWT_Exp": -0.02214304606119788
    },
    "9": {
        "Loss_Exp": 28.96182843433507,
        "RelativeDistance_Exp": 0.7694776356220245,
        "R2Score_Exp": 0.8956224620342255
    },
    "stream": {
        "Loss_Stream/eval_phase/test_stream": 48.83720009416805,
        "RelativeDistance_Stream/eval_phase/test_stream": 0.9993620389773522,
        "R2Score_Stream/eval_phase/test_stream": 0.8109695661215135,
        "Forgetting_Stream/eval_phase/test_stream": {
            "0": 0.0961993932723999,
            "1": 0.09204826752344775,
            "2": 0.04893220387972319,
            "3": 0.04966376887427437,
            "4": 0.03824905838285175,
            "5": 0.025935649871826172,
            "6": 0.01605364680290222,
            "7": 0.025078848004341125,
            "8": 0.02214304606119788
        },
        "BWT_Stream/eval_phase/test_stream": {
            "0": 0.0961993932723999,
            "1": 0.09204826752344775,
            "2": 0.04893220387972319,
            "3": 0.04966376887427437,
            "4": 0.03824905838285175,
            "5": 0.025935649871826172,
            "6": 0.01605364680290222,
            "7": 0.025078848004341125,
            "8": 0.02214304606119788
        }
    }
}