{
    "0": {
        "Loss_Exp": 44.613189697265625,
        "RelativeDistance_Exp": 0.8978028297424316,
        "R2Score_Exp": 0.8020706176757812,
        "Forgetting_Exp": 0.08748495578765869,
        "BWT_Exp": -0.08748495578765869
    },
    "1": {
        "Loss_Exp": 47.759864807128906,
        "RelativeDistance_Exp": 0.7911393642425537,
        "R2Score_Exp": 0.8054056167602539,
        "Forgetting_Exp": 0.07434022426605225,
        "BWT_Exp": -0.07434022426605225
    },
    "2": {
        "Loss_Exp": 36.83952331542969,
        "RelativeDistance_Exp": 0.7501500844955444,
        "R2Score_Exp": 0.8428996801376343,
        "Forgetting_Exp": 0.04889810085296631,
        "BWT_Exp": -0.04889810085296631
    },
    "3": {
        "Loss_Exp": 30.1702823638916,
        "RelativeDistance_Exp": 0.7362500429153442,
        "R2Score_Exp": 0.8819763660430908,
        "Forgetting_Exp": 0.03970462083816528,
        "BWT_Exp": -0.03970462083816528
    },
    "4": {
        "Loss_Exp": 39.28538131713867,
        "RelativeDistance_Exp": 0.708868682384491,
        "R2Score_Exp": 0.843336284160614,
        "Forgetting_Exp": 0.05277925729751587,
        "BWT_Exp": -0.05277925729751587
    },
    "5": {
        "Loss_Exp": 36.03719711303711,
        "RelativeDistance_Exp": 0.5885729789733887,
        "R2Score_Exp": 0.8624541759490967,
        "Forgetting_Exp": 0.019636332988739014,
        "BWT_Exp": -0.019636332988739014
    },
    "6": {
        "Loss_Exp": 33.501583099365234,
        "RelativeDistance_Exp": 0.6869236826896667,
        "R2Score_Exp": 0.8720525503158569,
        "Forgetting_Exp": 0.02852332592010498,
        "BWT_Exp": -0.02852332592010498
    },
    "7": {
        "Loss_Exp": 49.12935256958008,
        "RelativeDistance_Exp": 0.5235550999641418,
        "R2Score_Exp": 0.8262342810630798,
        "Forgetting_Exp": 0.058356523513793945,
        "BWT_Exp": -0.058356523513793945
    },
    "8": {
        "Loss_Exp": 30.28205680847168,
        "RelativeDistance_Exp": 0.5220659971237183,
        "R2Score_Exp": 0.8986145853996277,
        "Forgetting_Exp": 0.014733195304870605,
        "BWT_Exp": -0.014733195304870605
    },
    "9": {
        "Loss_Exp": 22.59571075439453,
        "RelativeDistance_Exp": 0.46793001890182495,
        "R2Score_Exp": 0.9241118431091309
    },
    "stream": {
        "Loss_Stream/eval_phase/test_stream": 39.72413991677088,
        "RelativeDistance_Stream/eval_phase/test_stream": 0.6673258781433106,
        "R2Score_Stream/eval_phase/test_stream": 0.8559156000614166,
        "Forgetting_Stream/eval_phase/test_stream": {
            "0": 0.08748495578765869,
            "1": 0.07434022426605225,
            "2": 0.04889810085296631,
            "3": 0.03970462083816528,
            "4": 0.05277925729751587,
            "5": 0.019636332988739014,
            "6": 0.02852332592010498,
            "7": 0.058356523513793945,
            "8": 0.014733195304870605
        },
        "BWT_Stream/eval_phase/test_stream": {
            "0": 0.08748495578765869,
            "1": 0.07434022426605225,
            "2": 0.04889810085296631,
            "3": 0.03970462083816528,
            "4": 0.05277925729751587,
            "5": 0.019636332988739014,
            "6": 0.02852332592010498,
            "7": 0.058356523513793945,
            "8": 0.014733195304870605
        }
    }
}