{
    "0": {
        "Loss_Exp": 33.96178436279297,
        "RelativeDistance_Exp": 0.7676130533218384,
        "R2Score_Exp": 0.8518999218940735,
        "Forgetting_Exp": 0.03403753042221069,
        "BWT_Exp": -0.03403753042221069
    },
    "1": {
        "Loss_Exp": 38.80925369262695,
        "RelativeDistance_Exp": 0.6820749044418335,
        "R2Score_Exp": 0.8371475338935852,
        "Forgetting_Exp": 0.03251010179519653,
        "BWT_Exp": -0.03251010179519653
    },
    "2": {
        "Loss_Exp": 32.303749084472656,
        "RelativeDistance_Exp": 0.6654576659202576,
        "R2Score_Exp": 0.8571244478225708,
        "Forgetting_Exp": 0.031517624855041504,
        "BWT_Exp": -0.031517624855041504
    },
    "3": {
        "Loss_Exp": 24.85146141052246,
        "RelativeDistance_Exp": 0.6933053135871887,
        "R2Score_Exp": 0.8996274471282959,
        "Forgetting_Exp": 0.019464194774627686,
        "BWT_Exp": -0.019464194774627686
    },
    "4": {
        "Loss_Exp": 26.249759674072266,
        "RelativeDistance_Exp": 0.6775980591773987,
        "R2Score_Exp": 0.893776535987854,
        "Forgetting_Exp": 0.0027431249618530273,
        "BWT_Exp": -0.0027431249618530273
    },
    "5": {
        "Loss_Exp": 29.507619857788086,
        "RelativeDistance_Exp": 0.6200889348983765,
        "R2Score_Exp": 0.8839223980903625,
        "Forgetting_Exp": -0.0018873810768127441,
        "BWT_Exp": 0.0018873810768127441
    },
    "6": {
        "Loss_Exp": 26.210081100463867,
        "RelativeDistance_Exp": 0.7552255392074585,
        "R2Score_Exp": 0.8986018896102905,
        "Forgetting_Exp": 0.0008609890937805176,
        "BWT_Exp": -0.0008609890937805176
    },
    "7": {
        "Loss_Exp": 38.65503692626953,
        "RelativeDistance_Exp": 0.5419193506240845,
        "R2Score_Exp": 0.8610268831253052,
        "Forgetting_Exp": 0.02431011199951172,
        "BWT_Exp": -0.02431011199951172
    },
    "8": {
        "Loss_Exp": 26.101228713989258,
        "RelativeDistance_Exp": 0.5196479558944702,
        "R2Score_Exp": 0.9111323356628418,
        "Forgetting_Exp": -0.006778120994567871,
        "BWT_Exp": 0.006778120994567871
    },
    "9": {
        "Loss_Exp": 20.694425582885742,
        "RelativeDistance_Exp": 0.4933612048625946,
        "R2Score_Exp": 0.9297113418579102
    },
    "stream": {
        "Loss_Stream/eval_phase/test_stream": 31.826269732483116,
        "RelativeDistance_Stream/eval_phase/test_stream": 0.6416291981935501,
        "R2Score_Stream/eval_phase/test_stream": 0.882397073507309,
        "Forgetting_Stream/eval_phase/test_stream": {
            "0": 0.03403753042221069,
            "1": 0.03251010179519653,
            "2": 0.031517624855041504,
            "3": 0.019464194774627686,
            "4": 0.0027431249618530273,
            "5": -0.0018873810768127441,
            "6": 0.0008609890937805176,
            "7": 0.02431011199951172,
            "8": -0.006778120994567871
        },
        "BWT_Stream/eval_phase/test_stream": {
            "0": 0.03403753042221069,
            "1": 0.03251010179519653,
            "2": 0.031517624855041504,
            "3": 0.019464194774627686,
            "4": 0.0027431249618530273,
            "5": -0.0018873810768127441,
            "6": 0.0008609890937805176,
            "7": 0.02431011199951172,
            "8": -0.006778120994567871
        }
    }
}