{
    "0": {
        "Loss_Exp": 79.67983998337837,
        "RelativeDistance_Exp": 0.6487318575382233,
        "R2Score_Exp": 0.7199845016002655,
        "Forgetting_Exp": 0.1311243176460266,
        "BWT_Exp": -0.1311243176460266
    },
    "1": {
        "Loss_Exp": 39.32555167200711,
        "RelativeDistance_Exp": 0.7179826498031616,
        "R2Score_Exp": 0.8310849070549011,
        "Forgetting_Exp": 0.06617343425750732,
        "BWT_Exp": -0.06617343425750732
    },
    "2": {
        "Loss_Exp": 49.57146937752267,
        "RelativeDistance_Exp": 0.5506239732106527,
        "R2Score_Exp": 0.7908034523328146,
        "Forgetting_Exp": 0.05090941985448194,
        "BWT_Exp": -0.05090941985448194
    },
    "3": {
        "Loss_Exp": 34.74272784380845,
        "RelativeDistance_Exp": 0.469739705324173,
        "R2Score_Exp": 0.8666398525238037,
        "Forgetting_Exp": 0.003967404365539551,
        "BWT_Exp": -0.003967404365539551
    },
    "4": {
        "Loss_Exp": 27.470542245341683,
        "RelativeDistance_Exp": 0.46168292313814163,
        "R2Score_Exp": 0.8701409846544266,
        "Forgetting_Exp": 0.03423590958118439,
        "BWT_Exp": -0.03423590958118439
    },
    "5": {
        "Loss_Exp": 30.36730925796816,
        "RelativeDistance_Exp": 0.45775901277860004,
        "R2Score_Exp": 0.842227041721344,
        "Forgetting_Exp": 0.051668981711069706,
        "BWT_Exp": -0.051668981711069706
    },
    "6": {
        "Loss_Exp": 32.75852744196244,
        "RelativeDistance_Exp": 0.5258354147275289,
        "R2Score_Exp": 0.8465120593706766,
        "Forgetting_Exp": 0.01758219798405969,
        "BWT_Exp": -0.01758219798405969
    },
    "7": {
        "Loss_Exp": 28.304070633021514,
        "RelativeDistance_Exp": 0.3764394670724869,
        "R2Score_Exp": 0.8986894190311432,
        "Forgetting_Exp": 0.030216991901397705,
        "BWT_Exp": -0.030216991901397705
    },
    "8": {
        "Loss_Exp": 31.432769787348924,
        "RelativeDistance_Exp": 0.427980899810791,
        "R2Score_Exp": 0.8674736618995667,
        "Forgetting_Exp": 0.018068701028823853,
        "BWT_Exp": -0.018068701028823853
    },
    "9": {
        "Loss_Exp": 37.37327076103718,
        "RelativeDistance_Exp": 0.5434097051620483,
        "R2Score_Exp": 0.8755356073379517
    },
    "stream": {
        "Loss_Stream/eval_phase/test_stream": 38.49167242903065,
        "RelativeDistance_Stream/eval_phase/test_stream": 0.5127182185649872,
        "R2Score_Stream/eval_phase/test_stream": 0.841520299911499,
        "Forgetting_Stream/eval_phase/test_stream": {
            "0": 0.1311243176460266,
            "1": 0.06617343425750732,
            "2": 0.05090941985448194,
            "3": 0.003967404365539551,
            "4": 0.03423590958118439,
            "5": 0.051668981711069706,
            "6": 0.01758219798405969,
            "7": 0.030216991901397705,
            "8": 0.018068701028823853
        },
        "BWT_Stream/eval_phase/test_stream": {
            "0": 0.1311243176460266,
            "1": 0.06617343425750732,
            "2": 0.05090941985448194,
            "3": 0.003967404365539551,
            "4": 0.03423590958118439,
            "5": 0.051668981711069706,
            "6": 0.01758219798405969,
            "7": 0.030216991901397705,
            "8": 0.018068701028823853
        }
    }
}