{
    "0": {
        "Loss_Exp": 55.07038116455078,
        "RelativeDistance_Exp": 0.8341355323791504,
        "R2Score_Exp": 0.8170974850654602,
        "Forgetting_Exp": 0.03320753574371338,
        "BWT_Exp": -0.03320753574371338
    },
    "1": {
        "Loss_Exp": 45.5927619934082,
        "RelativeDistance_Exp": 0.8454139232635498,
        "R2Score_Exp": 0.8363289833068848,
        "Forgetting_Exp": -0.015662789344787598,
        "BWT_Exp": 0.015662789344787598
    },
    "2": {
        "Loss_Exp": 54.68295669555664,
        "RelativeDistance_Exp": 0.6792303323745728,
        "R2Score_Exp": 0.7939449548721313,
        "Forgetting_Exp": -0.0312497615814209,
        "BWT_Exp": 0.0312497615814209
    },
    "3": {
        "Loss_Exp": 45.378265380859375,
        "RelativeDistance_Exp": 0.631946861743927,
        "R2Score_Exp": 0.8175724744796753,
        "Forgetting_Exp": -0.0760532021522522,
        "BWT_Exp": 0.0760532021522522
    },
    "4": {
        "Loss_Exp": 39.42091369628906,
        "RelativeDistance_Exp": 0.7063835263252258,
        "R2Score_Exp": 0.809215247631073,
        "Forgetting_Exp": -0.029149115085601807,
        "BWT_Exp": 0.029149115085601807
    },
    "5": {
        "Loss_Exp": 41.8668212890625,
        "RelativeDistance_Exp": 0.6184184551239014,
        "R2Score_Exp": 0.7728897929191589,
        "Forgetting_Exp": 0.006829440593719482,
        "BWT_Exp": -0.006829440593719482
    },
    "6": {
        "Loss_Exp": 45.730709075927734,
        "RelativeDistance_Exp": 0.5806123614311218,
        "R2Score_Exp": 0.7954670190811157,
        "Forgetting_Exp": -0.007047891616821289,
        "BWT_Exp": 0.007047891616821289
    },
    "7": {
        "Loss_Exp": 40.39324951171875,
        "RelativeDistance_Exp": 0.6232001185417175,
        "R2Score_Exp": 0.7792208194732666,
        "Forgetting_Exp": 0.03757977485656738,
        "BWT_Exp": -0.03757977485656738
    },
    "8": {
        "Loss_Exp": 49.6901969909668,
        "RelativeDistance_Exp": 0.6149377822875977,
        "R2Score_Exp": 0.8002752065658569,
        "Forgetting_Exp": -0.009988963603973389,
        "BWT_Exp": 0.009988963603973389
    },
    "9": {
        "Loss_Exp": 72.97355651855469,
        "RelativeDistance_Exp": 0.911474883556366,
        "R2Score_Exp": 0.7626528143882751
    },
    "stream": {
        "Loss_Stream/eval_phase/test_stream": 48.28097706088914,
        "RelativeDistance_Stream/eval_phase/test_stream": 0.7045753777027131,
        "R2Score_Stream/eval_phase/test_stream": 0.7984664797782898,
        "Forgetting_Stream/eval_phase/test_stream": {
            "0": 0.03320753574371338,
            "1": -0.015662789344787598,
            "2": -0.0312497615814209,
            "3": -0.0760532021522522,
            "4": -0.029149115085601807,
            "5": 0.006829440593719482,
            "6": -0.007047891616821289,
            "7": 0.03757977485656738,
            "8": -0.009988963603973389
        },
        "BWT_Stream/eval_phase/test_stream": {
            "0": 0.03320753574371338,
            "1": -0.015662789344787598,
            "2": -0.0312497615814209,
            "3": -0.0760532021522522,
            "4": -0.029149115085601807,
            "5": 0.006829440593719482,
            "6": -0.007047891616821289,
            "7": 0.03757977485656738,
            "8": -0.009988963603973389
        }
    }
}