{
    "0": {
        "Loss_Exp": 61.07858931183565,
        "RelativeDistance_Exp": 1.3501129627227784,
        "R2Score_Exp": 0.7395140290260315,
        "Forgetting_Exp": 0.11188759803771975,
        "BWT_Exp": -0.11188759803771975
    },
    "1": {
        "Loss_Exp": 67.05606631939543,
        "RelativeDistance_Exp": 1.3929018100102744,
        "R2Score_Exp": 0.7377746740976969,
        "Forgetting_Exp": 0.11670982837677002,
        "BWT_Exp": -0.11670982837677002
    },
    "2": {
        "Loss_Exp": 47.325765649550725,
        "RelativeDistance_Exp": 1.172737323320829,
        "R2Score_Exp": 0.80086415547591,
        "Forgetting_Exp": 0.07300497476871193,
        "BWT_Exp": -0.07300497476871193
    },
    "3": {
        "Loss_Exp": 35.1719727721463,
        "RelativeDistance_Exp": 1.212646139992608,
        "R2Score_Exp": 0.863165967994266,
        "Forgetting_Exp": 0.04433163007100427,
        "BWT_Exp": -0.04433163007100427
    },
    "4": {
        "Loss_Exp": 42.451641521297894,
        "RelativeDistance_Exp": 1.1409791111946106,
        "R2Score_Exp": 0.8398806537900653,
        "Forgetting_Exp": 0.0467190061296735,
        "BWT_Exp": -0.0467190061296735
    },
    "5": {
        "Loss_Exp": 42.41319098702387,
        "RelativeDistance_Exp": 1.0044552286465962,
        "R2Score_Exp": 0.839305967092514,
        "Forgetting_Exp": 0.03241688013076782,
        "BWT_Exp": -0.03241688013076782
    },
    "6": {
        "Loss_Exp": 36.74480801295436,
        "RelativeDistance_Exp": 1.3300001174211502,
        "R2Score_Exp": 0.8613246381282806,
        "Forgetting_Exp": 0.027499541640281677,
        "BWT_Exp": -0.027499541640281677
    },
    "7": {
        "Loss_Exp": 46.30536330832325,
        "RelativeDistance_Exp": 0.9524949267506599,
        "R2Score_Exp": 0.8400060683488846,
        "Forgetting_Exp": 0.038559675216674805,
        "BWT_Exp": -0.038559675216674805
    },
    "8": {
        "Loss_Exp": 35.32926585883271,
        "RelativeDistance_Exp": 0.804064671198527,
        "R2Score_Exp": 0.8766335844993591,
        "Forgetting_Exp": 0.0330830613772074,
        "BWT_Exp": -0.0330830613772074
    },
    "9": {
        "Loss_Exp": 21.437022328565693,
        "RelativeDistance_Exp": 0.8072967827320099,
        "R2Score_Exp": 0.9199037253856659
    },
    "stream": {
        "Loss_Stream/eval_phase/test_stream": 48.74609512726145,
        "RelativeDistance_Stream/eval_phase/test_stream": 1.1957332138661985,
        "R2Score_Stream/eval_phase/test_stream": 0.8103313872843613,
        "Forgetting_Stream/eval_phase/test_stream": {
            "0": 0.11188759803771975,
            "1": 0.11670982837677002,
            "2": 0.07300497476871193,
            "3": 0.04433163007100427,
            "4": 0.0467190061296735,
            "5": 0.03241688013076782,
            "6": 0.027499541640281677,
            "7": 0.038559675216674805,
            "8": 0.0330830613772074
        },
        "BWT_Stream/eval_phase/test_stream": {
            "0": 0.11188759803771975,
            "1": 0.11670982837677002,
            "2": 0.07300497476871193,
            "3": 0.04433163007100427,
            "4": 0.0467190061296735,
            "5": 0.03241688013076782,
            "6": 0.027499541640281677,
            "7": 0.038559675216674805,
            "8": 0.0330830613772074
        }
    }
}