{
    "0": {
        "Loss_Exp": 40.63523864746094,
        "RelativeDistance_Exp": 0.5898643136024475,
        "R2Score_Exp": 0.8434963226318359,
        "Forgetting_Exp": 0.05385732650756836,
        "BWT_Exp": -0.05385732650756836
    },
    "1": {
        "Loss_Exp": 41.518489837646484,
        "RelativeDistance_Exp": 0.6096466183662415,
        "R2Score_Exp": 0.8380364775657654,
        "Forgetting_Exp": 0.05399125814437866,
        "BWT_Exp": -0.05399125814437866
    },
    "2": {
        "Loss_Exp": 47.66470718383789,
        "RelativeDistance_Exp": 0.6934303045272827,
        "R2Score_Exp": 0.813433825969696,
        "Forgetting_Exp": 0.0796477198600769,
        "BWT_Exp": -0.0796477198600769
    },
    "3": {
        "Loss_Exp": 44.39320755004883,
        "RelativeDistance_Exp": 0.6428734064102173,
        "R2Score_Exp": 0.8153191208839417,
        "Forgetting_Exp": 0.07352262735366821,
        "BWT_Exp": -0.07352262735366821
    },
    "4": {
        "Loss_Exp": 54.894126892089844,
        "RelativeDistance_Exp": 0.6986834406852722,
        "R2Score_Exp": 0.8115063905715942,
        "Forgetting_Exp": 0.07795870304107666,
        "BWT_Exp": -0.07795870304107666
    },
    "5": {
        "Loss_Exp": 46.982330322265625,
        "RelativeDistance_Exp": 0.6317693591117859,
        "R2Score_Exp": 0.8305706977844238,
        "Forgetting_Exp": 0.060387253761291504,
        "BWT_Exp": -0.060387253761291504
    },
    "6": {
        "Loss_Exp": 42.41448974609375,
        "RelativeDistance_Exp": 0.5799290537834167,
        "R2Score_Exp": 0.8452532291412354,
        "Forgetting_Exp": 0.043210625648498535,
        "BWT_Exp": -0.043210625648498535
    },
    "7": {
        "Loss_Exp": 44.707740783691406,
        "RelativeDistance_Exp": 0.5851020216941833,
        "R2Score_Exp": 0.8401226997375488,
        "Forgetting_Exp": 0.02635776996612549,
        "BWT_Exp": -0.02635776996612549
    },
    "8": {
        "Loss_Exp": 41.12868881225586,
        "RelativeDistance_Exp": 0.4408743977546692,
        "R2Score_Exp": 0.856429934501648,
        "Forgetting_Exp": 0.05460667610168457,
        "BWT_Exp": -0.05460667610168457
    },
    "9": {
        "Loss_Exp": 18.627214431762695,
        "RelativeDistance_Exp": 0.565077006816864,
        "R2Score_Exp": 0.9295930862426758
    },
    "stream": {
        "Loss_Stream/eval_phase/test_stream": 45.370677154495034,
        "RelativeDistance_Stream/eval_phase/test_stream": 0.603724992275238,
        "R2Score_Stream/eval_phase/test_stream": 0.8423761785030365,
        "Forgetting_Stream/eval_phase/test_stream": {
            "0": 0.05385732650756836,
            "1": 0.05399125814437866,
            "2": 0.0796477198600769,
            "3": 0.07352262735366821,
            "4": 0.07795870304107666,
            "5": 0.060387253761291504,
            "6": 0.043210625648498535,
            "7": 0.02635776996612549,
            "8": 0.05460667610168457
        },
        "BWT_Stream/eval_phase/test_stream": {
            "0": 0.05385732650756836,
            "1": 0.05399125814437866,
            "2": 0.0796477198600769,
            "3": 0.07352262735366821,
            "4": 0.07795870304107666,
            "5": 0.060387253761291504,
            "6": 0.043210625648498535,
            "7": 0.02635776996612549,
            "8": 0.05460667610168457
        }
    }
}