{
    "0": {
        "Loss_Exp": 30.29711151123047,
        "RelativeDistance_Exp": 0.689993679523468,
        "R2Score_Exp": 0.874098539352417,
        "Forgetting_Exp": 0.025319695472717285,
        "BWT_Exp": -0.025319695472717285
    },
    "1": {
        "Loss_Exp": 42.56330871582031,
        "RelativeDistance_Exp": 0.8253281116485596,
        "R2Score_Exp": 0.8312671184539795,
        "Forgetting_Exp": -0.03212243318557739,
        "BWT_Exp": 0.03212243318557739
    },
    "2": {
        "Loss_Exp": 44.959083557128906,
        "RelativeDistance_Exp": 0.9212238788604736,
        "R2Score_Exp": 0.8215928077697754,
        "Forgetting_Exp": 0.0028406381607055664,
        "BWT_Exp": -0.0028406381607055664
    },
    "3": {
        "Loss_Exp": 45.85786819458008,
        "RelativeDistance_Exp": 0.8932828903198242,
        "R2Score_Exp": 0.8051833510398865,
        "Forgetting_Exp": 0.017748534679412842,
        "BWT_Exp": -0.017748534679412842
    },
    "4": {
        "Loss_Exp": 47.151649475097656,
        "RelativeDistance_Exp": 0.9605653285980225,
        "R2Score_Exp": 0.8340006470680237,
        "Forgetting_Exp": 0.018342912197113037,
        "BWT_Exp": -0.018342912197113037
    },
    "5": {
        "Loss_Exp": 45.77923583984375,
        "RelativeDistance_Exp": 0.8907601237297058,
        "R2Score_Exp": 0.83356112241745,
        "Forgetting_Exp": 0.009698569774627686,
        "BWT_Exp": -0.009698569774627686
    },
    "6": {
        "Loss_Exp": 42.52655792236328,
        "RelativeDistance_Exp": 0.7569953203201294,
        "R2Score_Exp": 0.841396689414978,
        "Forgetting_Exp": 0.008452832698822021,
        "BWT_Exp": -0.008452832698822021
    },
    "7": {
        "Loss_Exp": 41.07453536987305,
        "RelativeDistance_Exp": 0.7938125133514404,
        "R2Score_Exp": 0.8467215299606323,
        "Forgetting_Exp": -0.02508985996246338,
        "BWT_Exp": 0.02508985996246338
    },
    "8": {
        "Loss_Exp": 50.553096771240234,
        "RelativeDistance_Exp": 0.7045005559921265,
        "R2Score_Exp": 0.830427348613739,
        "Forgetting_Exp": 0.014955222606658936,
        "BWT_Exp": -0.014955222606658936
    },
    "9": {
        "Loss_Exp": 31.51460838317871,
        "RelativeDistance_Exp": 0.8678550720214844,
        "R2Score_Exp": 0.8871228694915771
    },
    "stream": {
        "Loss_Stream/eval_phase/test_stream": 43.570410572851,
        "RelativeDistance_Stream/eval_phase/test_stream": 0.8304317474365235,
        "R2Score_Stream/eval_phase/test_stream": 0.8405372023582458,
        "Forgetting_Stream/eval_phase/test_stream": {
            "0": 0.025319695472717285,
            "1": -0.03212243318557739,
            "2": 0.0028406381607055664,
            "3": 0.017748534679412842,
            "4": 0.018342912197113037,
            "5": 0.009698569774627686,
            "6": 0.008452832698822021,
            "7": -0.02508985996246338,
            "8": 0.014955222606658936
        },
        "BWT_Stream/eval_phase/test_stream": {
            "0": 0.025319695472717285,
            "1": -0.03212243318557739,
            "2": 0.0028406381607055664,
            "3": 0.017748534679412842,
            "4": 0.018342912197113037,
            "5": 0.009698569774627686,
            "6": 0.008452832698822021,
            "7": -0.02508985996246338,
            "8": 0.014955222606658936
        }
    }
}