{
    "0": {
        "Loss_Exp": 127.40656079744038,
        "RelativeDistance_Exp": 1.3432996273040771,
        "R2Score_Exp": 0.7111722230911255,
        "Forgetting_Exp": 0.16848215460777283,
        "BWT_Exp": -0.16848215460777283
    },
    "1": {
        "Loss_Exp": 75.96915219243166,
        "RelativeDistance_Exp": 1.6078358888626099,
        "R2Score_Exp": 0.7805738747119904,
        "Forgetting_Exp": 0.11166861653327942,
        "BWT_Exp": -0.11166861653327942
    },
    "2": {
        "Loss_Exp": 65.91336093338825,
        "RelativeDistance_Exp": 1.1417722304662068,
        "R2Score_Exp": 0.7863154212633768,
        "Forgetting_Exp": 0.04289321104685473,
        "BWT_Exp": -0.04289321104685473
    },
    "3": {
        "Loss_Exp": 50.313508308018015,
        "RelativeDistance_Exp": 0.9028782546520233,
        "R2Score_Exp": 0.8324447870254517,
        "Forgetting_Exp": 0.026108652353286743,
        "BWT_Exp": -0.026108652353286743
    },
    "4": {
        "Loss_Exp": 45.22454785386766,
        "RelativeDistance_Exp": 1.0996237248182297,
        "R2Score_Exp": 0.8523882478475571,
        "Forgetting_Exp": -0.003658384084701538,
        "BWT_Exp": 0.003658384084701538
    },
    "5": {
        "Loss_Exp": 47.890862838081695,
        "RelativeDistance_Exp": 0.9726783235867819,
        "R2Score_Exp": 0.8133721152941386,
        "Forgetting_Exp": 0.0314980149269104,
        "BWT_Exp": -0.0314980149269104
    },
    "6": {
        "Loss_Exp": 55.79069875442108,
        "RelativeDistance_Exp": 0.7985558112462362,
        "R2Score_Exp": 0.829487144947052,
        "Forgetting_Exp": 0.007440189520517948,
        "BWT_Exp": -0.007440189520517948
    },
    "7": {
        "Loss_Exp": 36.784996032714844,
        "RelativeDistance_Exp": 0.993380606174469,
        "R2Score_Exp": 0.8549523949623108,
        "Forgetting_Exp": 0.024199575185775757,
        "BWT_Exp": -0.024199575185775757
    },
    "8": {
        "Loss_Exp": 49.162599317921405,
        "RelativeDistance_Exp": 0.9238666594028473,
        "R2Score_Exp": 0.838935911655426,
        "Forgetting_Exp": -0.02165687084197998,
        "BWT_Exp": 0.02165687084197998
    },
    "9": {
        "Loss_Exp": 55.50840795880797,
        "RelativeDistance_Exp": 1.118228018283844,
        "R2Score_Exp": 0.8489542603492737
    },
    "stream": {
        "Loss_Stream/eval_phase/test_stream": 60.00167606733823,
        "RelativeDistance_Stream/eval_phase/test_stream": 1.0801296457648277,
        "R2Score_Stream/eval_phase/test_stream": 0.8156746476888657,
        "Forgetting_Stream/eval_phase/test_stream": {
            "0": 0.16848215460777283,
            "1": 0.11166861653327942,
            "2": 0.04289321104685473,
            "3": 0.026108652353286743,
            "4": -0.003658384084701538,
            "5": 0.0314980149269104,
            "6": 0.007440189520517948,
            "7": 0.024199575185775757,
            "8": -0.02165687084197998
        },
        "BWT_Stream/eval_phase/test_stream": {
            "0": 0.16848215460777283,
            "1": 0.11166861653327942,
            "2": 0.04289321104685473,
            "3": 0.026108652353286743,
            "4": -0.003658384084701538,
            "5": 0.0314980149269104,
            "6": 0.007440189520517948,
            "7": 0.024199575185775757,
            "8": -0.02165687084197998
        }
    }
}