{
    "0": {
        "Loss_Exp": 51.0002555847168,
        "RelativeDistance_Exp": 0.7752362489700317,
        "R2Score_Exp": 0.7976995706558228,
        "Forgetting_Exp": 0.10063278675079346,
        "BWT_Exp": -0.10063278675079346
    },
    "1": {
        "Loss_Exp": 56.059871673583984,
        "RelativeDistance_Exp": 0.7888179421424866,
        "R2Score_Exp": 0.7697970867156982,
        "Forgetting_Exp": 0.12811166048049927,
        "BWT_Exp": -0.12811166048049927
    },
    "2": {
        "Loss_Exp": 58.734458923339844,
        "RelativeDistance_Exp": 0.9013699889183044,
        "R2Score_Exp": 0.7623876333236694,
        "Forgetting_Exp": 0.13395345211029053,
        "BWT_Exp": -0.13395345211029053
    },
    "3": {
        "Loss_Exp": 55.13367462158203,
        "RelativeDistance_Exp": 0.8494540452957153,
        "R2Score_Exp": 0.7617243528366089,
        "Forgetting_Exp": 0.140891432762146,
        "BWT_Exp": -0.140891432762146
    },
    "4": {
        "Loss_Exp": 61.333518981933594,
        "RelativeDistance_Exp": 0.9841396808624268,
        "R2Score_Exp": 0.778313159942627,
        "Forgetting_Exp": 0.11794638633728027,
        "BWT_Exp": -0.11794638633728027
    },
    "5": {
        "Loss_Exp": 50.64658737182617,
        "RelativeDistance_Exp": 0.8290662169456482,
        "R2Score_Exp": 0.8140857219696045,
        "Forgetting_Exp": 0.07720917463302612,
        "BWT_Exp": -0.07720917463302612
    },
    "6": {
        "Loss_Exp": 41.75384521484375,
        "RelativeDistance_Exp": 0.6594704985618591,
        "R2Score_Exp": 0.844028115272522,
        "Forgetting_Exp": 0.04807823896408081,
        "BWT_Exp": -0.04807823896408081
    },
    "7": {
        "Loss_Exp": 41.91101837158203,
        "RelativeDistance_Exp": 0.8278263211250305,
        "R2Score_Exp": 0.8383744955062866,
        "Forgetting_Exp": 0.018512368202209473,
        "BWT_Exp": -0.018512368202209473
    },
    "8": {
        "Loss_Exp": 34.82040786743164,
        "RelativeDistance_Exp": 0.42793354392051697,
        "R2Score_Exp": 0.870721697807312,
        "Forgetting_Exp": 0.030239343643188477,
        "BWT_Exp": -0.030239343643188477
    },
    "9": {
        "Loss_Exp": 19.056991577148438,
        "RelativeDistance_Exp": 0.7621068358421326,
        "R2Score_Exp": 0.9276831150054932
    },
    "stream": {
        "Loss_Stream/eval_phase/test_stream": 53.56183297630548,
        "RelativeDistance_Stream/eval_phase/test_stream": 0.7805421322584152,
        "R2Score_Stream/eval_phase/test_stream": 0.8164814949035645,
        "Forgetting_Stream/eval_phase/test_stream": {
            "0": 0.10063278675079346,
            "1": 0.12811166048049927,
            "2": 0.13395345211029053,
            "3": 0.140891432762146,
            "4": 0.11794638633728027,
            "5": 0.07720917463302612,
            "6": 0.04807823896408081,
            "7": 0.018512368202209473,
            "8": 0.030239343643188477
        },
        "BWT_Stream/eval_phase/test_stream": {
            "0": 0.10063278675079346,
            "1": 0.12811166048049927,
            "2": 0.13395345211029053,
            "3": 0.140891432762146,
            "4": 0.11794638633728027,
            "5": 0.07720917463302612,
            "6": 0.04807823896408081,
            "7": 0.018512368202209473,
            "8": 0.030239343643188477
        }
    }
}