{
    "0": {
        "Loss_Exp": 48.95793914794922,
        "RelativeDistance_Exp": 0.5852442383766174,
        "R2Score_Exp": 0.8337548971176147,
        "Forgetting_Exp": 0.010381042957305908,
        "BWT_Exp": -0.010381042957305908
    },
    "1": {
        "Loss_Exp": 25.584943771362305,
        "RelativeDistance_Exp": 0.5813077688217163,
        "R2Score_Exp": 0.8942253589630127,
        "Forgetting_Exp": -0.00011581182479858398,
        "BWT_Exp": 0.00011581182479858398
    },
    "2": {
        "Loss_Exp": 31.5993595123291,
        "RelativeDistance_Exp": 0.5014004707336426,
        "R2Score_Exp": 0.8608584403991699,
        "Forgetting_Exp": -0.016360104084014893,
        "BWT_Exp": 0.016360104084014893
    },
    "3": {
        "Loss_Exp": 25.098857879638672,
        "RelativeDistance_Exp": 0.4550817906856537,
        "R2Score_Exp": 0.9010997414588928,
        "Forgetting_Exp": -0.022255539894104004,
        "BWT_Exp": 0.022255539894104004
    },
    "4": {
        "Loss_Exp": 22.170026779174805,
        "RelativeDistance_Exp": 0.45112407207489014,
        "R2Score_Exp": 0.8924208879470825,
        "Forgetting_Exp": 0.01161503791809082,
        "BWT_Exp": -0.01161503791809082
    },
    "5": {
        "Loss_Exp": 26.473596572875977,
        "RelativeDistance_Exp": 0.46393123269081116,
        "R2Score_Exp": 0.8644696474075317,
        "Forgetting_Exp": 0.024541854858398438,
        "BWT_Exp": -0.024541854858398438
    },
    "6": {
        "Loss_Exp": 26.142404556274414,
        "RelativeDistance_Exp": 0.4169490933418274,
        "R2Score_Exp": 0.8753705024719238,
        "Forgetting_Exp": 0.0025449395179748535,
        "BWT_Exp": -0.0025449395179748535
    },
    "7": {
        "Loss_Exp": 24.34946632385254,
        "RelativeDistance_Exp": 0.5212615728378296,
        "R2Score_Exp": 0.8817436099052429,
        "Forgetting_Exp": 0.030479252338409424,
        "BWT_Exp": -0.030479252338409424
    },
    "8": {
        "Loss_Exp": 28.177305221557617,
        "RelativeDistance_Exp": 0.3750084936618805,
        "R2Score_Exp": 0.8798954486846924,
        "Forgetting_Exp": 0.014925718307495117,
        "BWT_Exp": -0.014925718307495117
    },
    "9": {
        "Loss_Exp": 37.757503509521484,
        "RelativeDistance_Exp": 0.5679567456245422,
        "R2Score_Exp": 0.8693528175354004
    },
    "stream": {
        "Loss_Stream/eval_phase/test_stream": 29.001768244217214,
        "RelativeDistance_Stream/eval_phase/test_stream": 0.4919265478849411,
        "R2Score_Stream/eval_phase/test_stream": 0.8753191351890564,
        "Forgetting_Stream/eval_phase/test_stream": {
            "0": 0.010381042957305908,
            "1": -0.00011581182479858398,
            "2": -0.016360104084014893,
            "3": -0.022255539894104004,
            "4": 0.01161503791809082,
            "5": 0.024541854858398438,
            "6": 0.0025449395179748535,
            "7": 0.030479252338409424,
            "8": 0.014925718307495117
        },
        "BWT_Stream/eval_phase/test_stream": {
            "0": 0.010381042957305908,
            "1": -0.00011581182479858398,
            "2": -0.016360104084014893,
            "3": -0.022255539894104004,
            "4": 0.01161503791809082,
            "5": 0.024541854858398438,
            "6": 0.0025449395179748535,
            "7": 0.030479252338409424,
            "8": 0.014925718307495117
        }
    }
}