{
    "0": {
        "Loss_Exp": 39.576636242816534,
        "Time_Exp": 0.32629799999995157,
        "RelativeDistance_Exp": 1.1786638975143433,
        "R2Score_Exp": 0.831165099143982,
        "Forgetting_Exp": 0.05700087547302246,
        "BWT_Exp": -0.05700087547302246
    },
    "1": {
        "Loss_Exp": 46.20135606259245,
        "Time_Exp": 0.25487989999965066,
        "RelativeDistance_Exp": 1.3630259831746419,
        "R2Score_Exp": 0.8187649647394816,
        "Forgetting_Exp": -0.019084191322326638,
        "BWT_Exp": 0.019084191322326638
    },
    "2": {
        "Loss_Exp": 38.35580915750765,
        "Time_Exp": 0.19262320000416366,
        "RelativeDistance_Exp": 1.3842684213931744,
        "R2Score_Exp": 0.8431258797645569,
        "Forgetting_Exp": -0.004869465644542936,
        "BWT_Exp": 0.004869465644542936
    },
    "3": {
        "Loss_Exp": 32.509115516645686,
        "Time_Exp": 0.3097252999941702,
        "RelativeDistance_Exp": 1.6735979318618774,
        "R2Score_Exp": 0.8763417667812772,
        "Forgetting_Exp": 0.009528126981523277,
        "BWT_Exp": -0.009528126981523277
    },
    "4": {
        "Loss_Exp": 34.69675659655531,
        "Time_Exp": 0.10184779999690363,
        "RelativeDistance_Exp": 1.5914868797574724,
        "R2Score_Exp": 0.8714204515729632,
        "Forgetting_Exp": -0.00301249538149162,
        "BWT_Exp": 0.00301249538149162
    },
    "5": {
        "Loss_Exp": 35.58740627548983,
        "Time_Exp": 0.09330919999774778,
        "RelativeDistance_Exp": 1.4803059895833333,
        "R2Score_Exp": 0.8709041476249695,
        "Forgetting_Exp": -0.02336088816324866,
        "BWT_Exp": 0.02336088816324866
    },
    "6": {
        "Loss_Exp": 32.69953785853571,
        "Time_Exp": 0.12894950000190875,
        "RelativeDistance_Exp": 1.7789313048124313,
        "R2Score_Exp": 0.8814495429396629,
        "Forgetting_Exp": -0.009686768054962158,
        "BWT_Exp": 0.009686768054962158
    },
    "7": {
        "Loss_Exp": 45.191617774289035,
        "Time_Exp": 0.13657849999435712,
        "RelativeDistance_Exp": 1.452358901500702,
        "R2Score_Exp": 0.8506815955042839,
        "Forgetting_Exp": 0.001583106815814972,
        "BWT_Exp": -0.001583106815814972
    },
    "8": {
        "Loss_Exp": 30.579453017089058,
        "Time_Exp": 0.039506100001744926,
        "RelativeDistance_Exp": 1.222943127155304,
        "R2Score_Exp": 0.8948087493578593,
        "Forgetting_Exp": 0.016458292802174923,
        "BWT_Exp": -0.016458292802174923
    },
    "9": {
        "Loss_Exp": 27.51812513807874,
        "Time_Exp": 0.01924239999789279,
        "RelativeDistance_Exp": 1.6746668815612793,
        "R2Score_Exp": 0.9060823023319244
    },
    "stream": {
        "Loss_Stream/eval_phase/test_stream": 38.52164588630689,
        "Time_Stream/eval_phase/test_stream": 1.6324691999980132,
        "RelativeDistance_Stream/eval_phase/test_stream": 1.4590201046731737,
        "R2Score_Stream/eval_phase/test_stream": 0.8533314297228684,
        "Forgetting_Stream/eval_phase/test_stream": {
            "0": 0.05700087547302246,
            "1": -0.019084191322326638,
            "2": -0.004869465644542936,
            "3": 0.009528126981523277,
            "4": -0.00301249538149162,
            "5": -0.02336088816324866,
            "6": -0.009686768054962158,
            "7": 0.001583106815814972,
            "8": 0.016458292802174923
        },
        "BWT_Stream/eval_phase/test_stream": {
            "0": 0.05700087547302246,
            "1": -0.019084191322326638,
            "2": -0.004869465644542936,
            "3": 0.009528126981523277,
            "4": -0.00301249538149162,
            "5": -0.02336088816324866,
            "6": -0.009686768054962158,
            "7": 0.001583106815814972,
            "8": 0.016458292802174923
        }
    }
}