{
    "0": {
        "Loss_Exp": 30.161529345882265,
        "RelativeDistance_Exp": 0.8904352307319641,
        "R2Score_Exp": 0.8626422345638275,
        "Forgetting_Exp": -0.011797976493835405,
        "BWT_Exp": 0.011797976493835405
    },
    "1": {
        "Loss_Exp": 31.74628568935631,
        "RelativeDistance_Exp": 0.8594101786613464,
        "R2Score_Exp": 0.8633644143740337,
        "Forgetting_Exp": -0.011121730009714836,
        "BWT_Exp": 0.011121730009714836
    },
    "2": {
        "Loss_Exp": 28.727207038479776,
        "RelativeDistance_Exp": 0.869544634452233,
        "R2Score_Exp": 0.8736529258581308,
        "Forgetting_Exp": -0.007797140341538666,
        "BWT_Exp": 0.007797140341538666
    },
    "3": {
        "Loss_Exp": 23.402745207164685,
        "RelativeDistance_Exp": 0.961416847176022,
        "R2Score_Exp": 0.9042589399549696,
        "Forgetting_Exp": -0.005543344550662632,
        "BWT_Exp": 0.005543344550662632
    },
    "4": {
        "Loss_Exp": 25.98961076756328,
        "RelativeDistance_Exp": 0.93398403269904,
        "R2Score_Exp": 0.8961760827473232,
        "Forgetting_Exp": -0.033317174230303115,
        "BWT_Exp": 0.033317174230303115
    },
    "5": {
        "Loss_Exp": 28.450045940735667,
        "RelativeDistance_Exp": 0.8775531947612762,
        "R2Score_Exp": 0.8875184456507365,
        "Forgetting_Exp": -0.026613523562749153,
        "BWT_Exp": 0.026613523562749153
    },
    "6": {
        "Loss_Exp": 27.964649804292318,
        "RelativeDistance_Exp": 1.1669694781303406,
        "R2Score_Exp": 0.8923305049538612,
        "Forgetting_Exp": -0.011778697371482849,
        "BWT_Exp": 0.011778697371482849
    },
    "7": {
        "Loss_Exp": 38.223930881760644,
        "RelativeDistance_Exp": 0.8203452751040459,
        "R2Score_Exp": 0.8654708340764046,
        "Forgetting_Exp": -0.0019398480653762817,
        "BWT_Exp": 0.0019398480653762817
    },
    "8": {
        "Loss_Exp": 31.084074574470957,
        "RelativeDistance_Exp": 0.7710359692573547,
        "R2Score_Exp": 0.8880259394645691,
        "Forgetting_Exp": 0.012848873933156368,
        "BWT_Exp": -0.012848873933156368
    },
    "9": {
        "Loss_Exp": 24.140710827665735,
        "RelativeDistance_Exp": 0.7704215347766876,
        "R2Score_Exp": 0.9140444397926331
    },
    "stream": {
        "Loss_Stream/eval_phase/test_stream": 29.47443005535832,
        "RelativeDistance_Stream/eval_phase/test_stream": 0.9050372007452412,
        "R2Score_Stream/eval_phase/test_stream": 0.8793287372883455,
        "Forgetting_Stream/eval_phase/test_stream": {
            "0": -0.011797976493835405,
            "1": -0.011121730009714836,
            "2": -0.007797140341538666,
            "3": -0.005543344550662632,
            "4": -0.033317174230303115,
            "5": -0.026613523562749153,
            "6": -0.011778697371482849,
            "7": -0.0019398480653762817,
            "8": 0.012848873933156368
        },
        "BWT_Stream/eval_phase/test_stream": {
            "0": -0.011797976493835405,
            "1": -0.011121730009714836,
            "2": -0.007797140341538666,
            "3": -0.005543344550662632,
            "4": -0.033317174230303115,
            "5": -0.026613523562749153,
            "6": -0.011778697371482849,
            "7": -0.0019398480653762817,
            "8": 0.012848873933156368
        }
    }
}