{
    "0": {
        "Loss_Exp": 37.631309509277344,
        "RelativeDistance_Exp": 0.9084756374359131,
        "R2Score_Exp": 0.8285921216011047,
        "Forgetting_Exp": 0.059531331062316895,
        "BWT_Exp": -0.059531331062316895
    },
    "1": {
        "Loss_Exp": 52.26104736328125,
        "RelativeDistance_Exp": 0.9586030840873718,
        "R2Score_Exp": 0.7888611555099487,
        "Forgetting_Exp": 0.0038352608680725098,
        "BWT_Exp": -0.0038352608680725098
    },
    "2": {
        "Loss_Exp": 40.47489929199219,
        "RelativeDistance_Exp": 0.8828612565994263,
        "R2Score_Exp": 0.8266680240631104,
        "Forgetting_Exp": 0.004911065101623535,
        "BWT_Exp": -0.004911065101623535
    },
    "3": {
        "Loss_Exp": 33.763343811035156,
        "RelativeDistance_Exp": 0.9989160895347595,
        "R2Score_Exp": 0.8678795099258423,
        "Forgetting_Exp": 0.006000995635986328,
        "BWT_Exp": -0.006000995635986328
    },
    "4": {
        "Loss_Exp": 37.396053314208984,
        "RelativeDistance_Exp": 0.8623324036598206,
        "R2Score_Exp": 0.8528761863708496,
        "Forgetting_Exp": 0.007068157196044922,
        "BWT_Exp": -0.007068157196044922
    },
    "5": {
        "Loss_Exp": 36.52408218383789,
        "RelativeDistance_Exp": 0.6751008629798889,
        "R2Score_Exp": 0.8600872755050659,
        "Forgetting_Exp": -0.011108040809631348,
        "BWT_Exp": 0.011108040809631348
    },
    "6": {
        "Loss_Exp": 34.19020462036133,
        "RelativeDistance_Exp": 0.8326878547668457,
        "R2Score_Exp": 0.87388014793396,
        "Forgetting_Exp": -0.006303250789642334,
        "BWT_Exp": 0.006303250789642334
    },
    "7": {
        "Loss_Exp": 50.37556838989258,
        "RelativeDistance_Exp": 0.6180830001831055,
        "R2Score_Exp": 0.8258640170097351,
        "Forgetting_Exp": 0.01781398057937622,
        "BWT_Exp": -0.01781398057937622
    },
    "8": {
        "Loss_Exp": 37.40744400024414,
        "RelativeDistance_Exp": 0.7119237184524536,
        "R2Score_Exp": 0.8798320889472961,
        "Forgetting_Exp": 0.014319121837615967,
        "BWT_Exp": -0.014319121837615967
    },
    "9": {
        "Loss_Exp": 29.239389419555664,
        "RelativeDistance_Exp": 0.7253230810165405,
        "R2Score_Exp": 0.9052103161811829
    },
    "stream": {
        "Loss_Stream/eval_phase/test_stream": 41.113564399449565,
        "RelativeDistance_Stream/eval_phase/test_stream": 0.8174306988716126,
        "R2Score_Stream/eval_phase/test_stream": 0.8509750843048096,
        "Forgetting_Stream/eval_phase/test_stream": {
            "0": 0.059531331062316895,
            "1": 0.0038352608680725098,
            "2": 0.004911065101623535,
            "3": 0.006000995635986328,
            "4": 0.007068157196044922,
            "5": -0.011108040809631348,
            "6": -0.006303250789642334,
            "7": 0.01781398057937622,
            "8": 0.014319121837615967
        },
        "BWT_Stream/eval_phase/test_stream": {
            "0": 0.059531331062316895,
            "1": 0.0038352608680725098,
            "2": 0.004911065101623535,
            "3": 0.006000995635986328,
            "4": 0.007068157196044922,
            "5": -0.011108040809631348,
            "6": -0.006303250789642334,
            "7": 0.01781398057937622,
            "8": 0.014319121837615967
        }
    }
}