{
    "0": {
        "Loss_Exp": 39.03091345093285,
        "RelativeDistance_Exp": 0.965728509426117,
        "R2Score_Exp": 0.822719144821167,
        "Forgetting_Exp": 0.027059239149093584,
        "BWT_Exp": -0.027059239149093584
    },
    "1": {
        "Loss_Exp": 51.531377892583485,
        "RelativeDistance_Exp": 1.0008498867352804,
        "R2Score_Exp": 0.7863447109858195,
        "Forgetting_Exp": -0.0015873591105143303,
        "BWT_Exp": 0.0015873591105143303
    },
    "2": {
        "Loss_Exp": 43.056966026455626,
        "RelativeDistance_Exp": 0.9312935150586642,
        "R2Score_Exp": 0.8175234932165879,
        "Forgetting_Exp": -0.006362222708188536,
        "BWT_Exp": 0.006362222708188536
    },
    "3": {
        "Loss_Exp": 42.69312123169686,
        "RelativeDistance_Exp": 1.068898684448666,
        "R2Score_Exp": 0.8308083415031433,
        "Forgetting_Exp": -0.009371724393632652,
        "BWT_Exp": 0.009371724393632652
    },
    "4": {
        "Loss_Exp": 49.62910972957296,
        "RelativeDistance_Exp": 1.0329179763793945,
        "R2Score_Exp": 0.8132469824382237,
        "Forgetting_Exp": -0.03584573950086323,
        "BWT_Exp": 0.03584573950086323
    },
    "5": {
        "Loss_Exp": 45.12655351749157,
        "RelativeDistance_Exp": 0.8527502119541168,
        "R2Score_Exp": 0.8305879334608713,
        "Forgetting_Exp": -0.010842055082321167,
        "BWT_Exp": 0.010842055082321167
    },
    "6": {
        "Loss_Exp": 43.38608256142343,
        "RelativeDistance_Exp": 1.0469738692045212,
        "R2Score_Exp": 0.8404576703906059,
        "Forgetting_Exp": 0.0030265897512435913,
        "BWT_Exp": -0.0030265897512435913
    },
    "7": {
        "Loss_Exp": 59.73197088379039,
        "RelativeDistance_Exp": 0.8536645099520683,
        "R2Score_Exp": 0.7971248030662537,
        "Forgetting_Exp": -0.0032024160027503967,
        "BWT_Exp": 0.0032024160027503967
    },
    "8": {
        "Loss_Exp": 45.784928870233934,
        "RelativeDistance_Exp": 0.924438456694285,
        "R2Score_Exp": 0.8443452914555868,
        "Forgetting_Exp": 0.035034795602162605,
        "BWT_Exp": -0.035034795602162605
    },
    "9": {
        "Loss_Exp": 40.23132004412909,
        "RelativeDistance_Exp": 0.8388234972953796,
        "R2Score_Exp": 0.8696141541004181
    },
    "stream": {
        "Loss_Stream/eval_phase/test_stream": 46.52418823369062,
        "RelativeDistance_Stream/eval_phase/test_stream": 0.9679004167333062,
        "R2Score_Stream/eval_phase/test_stream": 0.8169953462518291,
        "Forgetting_Stream/eval_phase/test_stream": {
            "0": 0.027059239149093584,
            "1": -0.0015873591105143303,
            "2": -0.006362222708188536,
            "3": -0.009371724393632652,
            "4": -0.03584573950086323,
            "5": -0.010842055082321167,
            "6": 0.0030265897512435913,
            "7": -0.0032024160027503967,
            "8": 0.035034795602162605
        },
        "BWT_Stream/eval_phase/test_stream": {
            "0": 0.027059239149093584,
            "1": -0.0015873591105143303,
            "2": -0.006362222708188536,
            "3": -0.009371724393632652,
            "4": -0.03584573950086323,
            "5": -0.010842055082321167,
            "6": 0.0030265897512435913,
            "7": -0.0032024160027503967,
            "8": 0.035034795602162605
        }
    }
}