{
    "0": {
        "Loss_Exp": 73.6358485159884,
        "RelativeDistance_Exp": 1.0754190921783446,
        "R2Score_Exp": 0.6945329308509827,
        "Forgetting_Exp": 0.15384678244590755,
        "BWT_Exp": -0.15384678244590755
    },
    "1": {
        "Loss_Exp": 77.81011948093665,
        "RelativeDistance_Exp": 0.9148960987726847,
        "R2Score_Exp": 0.6935003240903218,
        "Forgetting_Exp": 0.18270394404729218,
        "BWT_Exp": -0.18270394404729218
    },
    "2": {
        "Loss_Exp": 55.603908406730085,
        "RelativeDistance_Exp": 0.8128054783894465,
        "R2Score_Exp": 0.7631109494429368,
        "Forgetting_Exp": 0.13274377584457397,
        "BWT_Exp": -0.13274377584457397
    },
    "3": {
        "Loss_Exp": 41.82093680985624,
        "RelativeDistance_Exp": 0.8880804114871554,
        "R2Score_Exp": 0.8331583274735345,
        "Forgetting_Exp": 0.09520268440246582,
        "BWT_Exp": -0.09520268440246582
    },
    "4": {
        "Loss_Exp": 44.54361115217553,
        "RelativeDistance_Exp": 0.7313765457698277,
        "R2Score_Exp": 0.8277735795293536,
        "Forgetting_Exp": 0.0799407788685389,
        "BWT_Exp": -0.0799407788685389
    },
    "5": {
        "Loss_Exp": 43.61063671032548,
        "RelativeDistance_Exp": 0.649196614821752,
        "R2Score_Exp": 0.8280502657095591,
        "Forgetting_Exp": 0.06144619981447863,
        "BWT_Exp": -0.06144619981447863
    },
    "6": {
        "Loss_Exp": 38.16606331904612,
        "RelativeDistance_Exp": 0.7861225455999374,
        "R2Score_Exp": 0.8520846366882324,
        "Forgetting_Exp": 0.04590887576341629,
        "BWT_Exp": -0.04590887576341629
    },
    "7": {
        "Loss_Exp": 45.28195205472687,
        "RelativeDistance_Exp": 0.5664124637842178,
        "R2Score_Exp": 0.842165507376194,
        "Forgetting_Exp": 0.050524190068244934,
        "BWT_Exp": -0.050524190068244934
    },
    "8": {
        "Loss_Exp": 27.862133745646027,
        "RelativeDistance_Exp": 0.5162346363067627,
        "R2Score_Exp": 0.9093115329742432,
        "Forgetting_Exp": 0.017862816651662228,
        "BWT_Exp": -0.017862816651662228
    },
    "9": {
        "Loss_Exp": 17.994194169807738,
        "RelativeDistance_Exp": 0.47439028322696686,
        "R2Score_Exp": 0.9238409698009491
    },
    "stream": {
        "Loss_Stream/eval_phase/test_stream": 54.539520498862615,
        "RelativeDistance_Stream/eval_phase/test_stream": 0.8070297208097246,
        "R2Score_Stream/eval_phase/test_stream": 0.7859140222455249,
        "Forgetting_Stream/eval_phase/test_stream": {
            "0": 0.15384678244590755,
            "1": 0.18270394404729218,
            "2": 0.13274377584457397,
            "3": 0.09520268440246582,
            "4": 0.0799407788685389,
            "5": 0.06144619981447863,
            "6": 0.04590887576341629,
            "7": 0.050524190068244934,
            "8": 0.017862816651662228
        },
        "BWT_Stream/eval_phase/test_stream": {
            "0": 0.15384678244590755,
            "1": 0.18270394404729218,
            "2": 0.13274377584457397,
            "3": 0.09520268440246582,
            "4": 0.0799407788685389,
            "5": 0.06144619981447863,
            "6": 0.04590887576341629,
            "7": 0.050524190068244934,
            "8": 0.017862816651662228
        }
    }
}