{
    "0": {
        "Loss_Exp": 57.46440505981445,
        "RelativeDistance_Exp": 0.9712919592857361,
        "R2Score_Exp": 0.7662209868431091,
        "Forgetting_Exp": 0.1228991150856018,
        "BWT_Exp": -0.1228991150856018
    },
    "1": {
        "Loss_Exp": 64.97815704345703,
        "RelativeDistance_Exp": 0.8908765316009521,
        "R2Score_Exp": 0.7447061538696289,
        "Forgetting_Exp": 0.14194607734680176,
        "BWT_Exp": -0.14194607734680176
    },
    "2": {
        "Loss_Exp": 44.90858840942383,
        "RelativeDistance_Exp": 0.8133449554443359,
        "R2Score_Exp": 0.8098617792129517,
        "Forgetting_Exp": 0.08519291877746582,
        "BWT_Exp": -0.08519291877746582
    },
    "3": {
        "Loss_Exp": 37.73275375366211,
        "RelativeDistance_Exp": 0.7984609007835388,
        "R2Score_Exp": 0.8525240421295166,
        "Forgetting_Exp": 0.06759119033813477,
        "BWT_Exp": -0.06759119033813477
    },
    "4": {
        "Loss_Exp": 45.66202163696289,
        "RelativeDistance_Exp": 0.775750458240509,
        "R2Score_Exp": 0.8139679431915283,
        "Forgetting_Exp": 0.09100967645645142,
        "BWT_Exp": -0.09100967645645142
    },
    "5": {
        "Loss_Exp": 40.49625778198242,
        "RelativeDistance_Exp": 0.6809262037277222,
        "R2Score_Exp": 0.8412651419639587,
        "Forgetting_Exp": 0.04411470890045166,
        "BWT_Exp": -0.04411470890045166
    },
    "6": {
        "Loss_Exp": 33.373966217041016,
        "RelativeDistance_Exp": 0.8095049262046814,
        "R2Score_Exp": 0.8714694976806641,
        "Forgetting_Exp": 0.016739368438720703,
        "BWT_Exp": -0.016739368438720703
    },
    "7": {
        "Loss_Exp": 44.472537994384766,
        "RelativeDistance_Exp": 0.5725902915000916,
        "R2Score_Exp": 0.8417789936065674,
        "Forgetting_Exp": 0.04608893394470215,
        "BWT_Exp": -0.04608893394470215
    },
    "8": {
        "Loss_Exp": 29.88817596435547,
        "RelativeDistance_Exp": 0.5828275084495544,
        "R2Score_Exp": 0.9033418893814087,
        "Forgetting_Exp": -0.00271528959274292,
        "BWT_Exp": 0.00271528959274292
    },
    "9": {
        "Loss_Exp": 23.372447967529297,
        "RelativeDistance_Exp": 0.49001094698905945,
        "R2Score_Exp": 0.920624852180481
    },
    "stream": {
        "Loss_Stream/eval_phase/test_stream": 47.24002700463351,
        "RelativeDistance_Stream/eval_phase/test_stream": 0.7385584682226181,
        "R2Score_Stream/eval_phase/test_stream": 0.8365761280059815,
        "Forgetting_Stream/eval_phase/test_stream": {
            "0": 0.1228991150856018,
            "1": 0.14194607734680176,
            "2": 0.08519291877746582,
            "3": 0.06759119033813477,
            "4": 0.09100967645645142,
            "5": 0.04411470890045166,
            "6": 0.016739368438720703,
            "7": 0.04608893394470215,
            "8": -0.00271528959274292
        },
        "BWT_Stream/eval_phase/test_stream": {
            "0": 0.1228991150856018,
            "1": 0.14194607734680176,
            "2": 0.08519291877746582,
            "3": 0.06759119033813477,
            "4": 0.09100967645645142,
            "5": 0.04411470890045166,
            "6": 0.016739368438720703,
            "7": 0.04608893394470215,
            "8": -0.00271528959274292
        }
    }
}