{
    "0": {
        "Loss_Exp": 57.32370209367308,
        "RelativeDistance_Exp": 0.6484095752239227,
        "R2Score_Exp": 0.8097502589225769,
        "Forgetting_Exp": 0.03623849153518677,
        "BWT_Exp": -0.03623849153518677
    },
    "1": {
        "Loss_Exp": 36.44007681282509,
        "RelativeDistance_Exp": 0.6583359837532043,
        "R2Score_Exp": 0.85585156083107,
        "Forgetting_Exp": 0.03309258818626404,
        "BWT_Exp": -0.03309258818626404
    },
    "2": {
        "Loss_Exp": 47.90518694360179,
        "RelativeDistance_Exp": 0.5021568437417349,
        "R2Score_Exp": 0.8081664045651754,
        "Forgetting_Exp": 0.025719404220581055,
        "BWT_Exp": -0.025719404220581055
    },
    "3": {
        "Loss_Exp": 35.27037180357536,
        "RelativeDistance_Exp": 0.46233993768692017,
        "R2Score_Exp": 0.8609614968299866,
        "Forgetting_Exp": -0.009347707033157349,
        "BWT_Exp": 0.009347707033157349
    },
    "4": {
        "Loss_Exp": 28.400336148658404,
        "RelativeDistance_Exp": 0.48094722628593445,
        "R2Score_Exp": 0.8550793677568436,
        "Forgetting_Exp": 0.03420998156070709,
        "BWT_Exp": -0.03420998156070709
    },
    "5": {
        "Loss_Exp": 34.28943645298081,
        "RelativeDistance_Exp": 0.4634660979111989,
        "R2Score_Exp": 0.8125261267026266,
        "Forgetting_Exp": 0.05501284201939893,
        "BWT_Exp": -0.05501284201939893
    },
    "6": {
        "Loss_Exp": 36.624204964031705,
        "RelativeDistance_Exp": 0.42081838846206665,
        "R2Score_Exp": 0.8369290630022684,
        "Forgetting_Exp": 0.015079816182454464,
        "BWT_Exp": -0.015079816182454464
    },
    "7": {
        "Loss_Exp": 33.01621473571401,
        "RelativeDistance_Exp": 0.3316398113965988,
        "R2Score_Exp": 0.8776562213897705,
        "Forgetting_Exp": 0.021791726350784302,
        "BWT_Exp": -0.021791726350784302
    },
    "8": {
        "Loss_Exp": 34.020553863908056,
        "RelativeDistance_Exp": 0.45688632130622864,
        "R2Score_Exp": 0.8557490408420563,
        "Forgetting_Exp": 0.015181928873062134,
        "BWT_Exp": -0.015181928873062134
    },
    "9": {
        "Loss_Exp": 41.31691845941082,
        "RelativeDistance_Exp": 0.5239271968603134,
        "R2Score_Exp": 0.8648183345794678
    },
    "stream": {
        "Loss_Stream/eval_phase/test_stream": 38.01993587257164,
        "RelativeDistance_Stream/eval_phase/test_stream": 0.48984762191772463,
        "R2Score_Stream/eval_phase/test_stream": 0.8417102432250977,
        "Forgetting_Stream/eval_phase/test_stream": {
            "0": 0.03623849153518677,
            "1": 0.03309258818626404,
            "2": 0.025719404220581055,
            "3": -0.009347707033157349,
            "4": 0.03420998156070709,
            "5": 0.05501284201939893,
            "6": 0.015079816182454464,
            "7": 0.021791726350784302,
            "8": 0.015181928873062134
        },
        "BWT_Stream/eval_phase/test_stream": {
            "0": 0.03623849153518677,
            "1": 0.03309258818626404,
            "2": 0.025719404220581055,
            "3": -0.009347707033157349,
            "4": 0.03420998156070709,
            "5": 0.05501284201939893,
            "6": 0.015079816182454464,
            "7": 0.021791726350784302,
            "8": 0.015181928873062134
        }
    }
}