{
    "0": {
        "Loss_Exp": 50.948219299316406,
        "RelativeDistance_Exp": 0.5619680881500244,
        "R2Score_Exp": 0.8257632255554199,
        "Forgetting_Exp": 0.027873516082763672,
        "BWT_Exp": -0.027873516082763672
    },
    "1": {
        "Loss_Exp": 26.77178382873535,
        "RelativeDistance_Exp": 0.5619047284126282,
        "R2Score_Exp": 0.8883621692657471,
        "Forgetting_Exp": 0.006612956523895264,
        "BWT_Exp": -0.006612956523895264
    },
    "2": {
        "Loss_Exp": 32.90470886230469,
        "RelativeDistance_Exp": 0.48465099930763245,
        "R2Score_Exp": 0.8509075045585632,
        "Forgetting_Exp": -0.006136417388916016,
        "BWT_Exp": 0.006136417388916016
    },
    "3": {
        "Loss_Exp": 23.662229537963867,
        "RelativeDistance_Exp": 0.4457439184188843,
        "R2Score_Exp": 0.9017421007156372,
        "Forgetting_Exp": -0.028760552406311035,
        "BWT_Exp": 0.028760552406311035
    },
    "4": {
        "Loss_Exp": 20.964139938354492,
        "RelativeDistance_Exp": 0.434933602809906,
        "R2Score_Exp": 0.8968394994735718,
        "Forgetting_Exp": 0.007089972496032715,
        "BWT_Exp": -0.007089972496032715
    },
    "5": {
        "Loss_Exp": 26.381690979003906,
        "RelativeDistance_Exp": 0.45642411708831787,
        "R2Score_Exp": 0.8628358840942383,
        "Forgetting_Exp": 0.02881300449371338,
        "BWT_Exp": -0.02881300449371338
    },
    "6": {
        "Loss_Exp": 26.6348819732666,
        "RelativeDistance_Exp": 0.4140896797180176,
        "R2Score_Exp": 0.8687595129013062,
        "Forgetting_Exp": 0.014713823795318604,
        "BWT_Exp": -0.014713823795318604
    },
    "7": {
        "Loss_Exp": 24.635498046875,
        "RelativeDistance_Exp": 0.522322416305542,
        "R2Score_Exp": 0.8824137449264526,
        "Forgetting_Exp": 0.026801109313964844,
        "BWT_Exp": -0.026801109313964844
    },
    "8": {
        "Loss_Exp": 28.27682876586914,
        "RelativeDistance_Exp": 0.37589341402053833,
        "R2Score_Exp": 0.8782857656478882,
        "Forgetting_Exp": 0.013550996780395508,
        "BWT_Exp": -0.013550996780395508
    },
    "9": {
        "Loss_Exp": 36.63286590576172,
        "RelativeDistance_Exp": 0.5663487315177917,
        "R2Score_Exp": 0.8730584383010864
    },
    "stream": {
        "Loss_Stream/eval_phase/test_stream": 29.068773491533406,
        "RelativeDistance_Stream/eval_phase/test_stream": 0.4824279695749283,
        "R2Score_Stream/eval_phase/test_stream": 0.8728967845439911,
        "Forgetting_Stream/eval_phase/test_stream": {
            "0": 0.027873516082763672,
            "1": 0.006612956523895264,
            "2": -0.006136417388916016,
            "3": -0.028760552406311035,
            "4": 0.007089972496032715,
            "5": 0.02881300449371338,
            "6": 0.014713823795318604,
            "7": 0.026801109313964844,
            "8": 0.013550996780395508
        },
        "BWT_Stream/eval_phase/test_stream": {
            "0": 0.027873516082763672,
            "1": 0.006612956523895264,
            "2": -0.006136417388916016,
            "3": -0.028760552406311035,
            "4": 0.007089972496032715,
            "5": 0.02881300449371338,
            "6": 0.014713823795318604,
            "7": 0.026801109313964844,
            "8": 0.013550996780395508
        }
    }
}