{
    "0": {
        "Loss_Exp": 69.13704051413731,
        "RelativeDistance_Exp": 0.7644959390163422,
        "R2Score_Exp": 0.8432368040084839,
        "Forgetting_Exp": 0.03276801109313965,
        "BWT_Exp": -0.03276801109313965
    },
    "1": {
        "Loss_Exp": 61.998181612759026,
        "RelativeDistance_Exp": 0.9838283658027649,
        "R2Score_Exp": 0.8199933171272278,
        "Forgetting_Exp": 0.06306999921798706,
        "BWT_Exp": -0.06306999921798706
    },
    "2": {
        "Loss_Exp": 51.168774340801995,
        "RelativeDistance_Exp": 0.6257602969805399,
        "R2Score_Exp": 0.8351437648137411,
        "Forgetting_Exp": -0.03184552987416589,
        "BWT_Exp": 0.03184552987416589
    },
    "3": {
        "Loss_Exp": 44.46315459743157,
        "RelativeDistance_Exp": 0.5279669761657715,
        "R2Score_Exp": 0.8523368537425995,
        "Forgetting_Exp": -0.01393580436706543,
        "BWT_Exp": 0.01393580436706543
    },
    "4": {
        "Loss_Exp": 51.25948584899558,
        "RelativeDistance_Exp": 0.6933503448963165,
        "R2Score_Exp": 0.8313401490449905,
        "Forgetting_Exp": -0.00645679235458374,
        "BWT_Exp": 0.00645679235458374
    },
    "5": {
        "Loss_Exp": 45.74582473091457,
        "RelativeDistance_Exp": 0.5800899465878805,
        "R2Score_Exp": 0.8210603992144266,
        "Forgetting_Exp": 0.009937127431233761,
        "BWT_Exp": -0.009937127431233761
    },
    "6": {
        "Loss_Exp": 60.373271042122624,
        "RelativeDistance_Exp": 0.5899491012096405,
        "R2Score_Exp": 0.8148339589436849,
        "Forgetting_Exp": 0.0385110775629679,
        "BWT_Exp": -0.0385110775629679
    },
    "7": {
        "Loss_Exp": 38.43397521972656,
        "RelativeDistance_Exp": 0.56501305103302,
        "R2Score_Exp": 0.848450243473053,
        "Forgetting_Exp": 0.01711943745613098,
        "BWT_Exp": -0.01711943745613098
    },
    "8": {
        "Loss_Exp": 56.522629150462095,
        "RelativeDistance_Exp": 0.9020982980728149,
        "R2Score_Exp": 0.8397573232650757,
        "Forgetting_Exp": -0.010062247514724731,
        "BWT_Exp": 0.010062247514724731
    },
    "9": {
        "Loss_Exp": 60.3515363748363,
        "RelativeDistance_Exp": 0.6907826066017151,
        "R2Score_Exp": 0.8359395563602448
    },
    "stream": {
        "Loss_Stream/eval_phase/test_stream": 53.64310201623986,
        "RelativeDistance_Stream/eval_phase/test_stream": 0.6860065348446369,
        "R2Score_Stream/eval_phase/test_stream": 0.8320605382323265,
        "Forgetting_Stream/eval_phase/test_stream": {
            "0": 0.03276801109313965,
            "1": 0.06306999921798706,
            "2": -0.03184552987416589,
            "3": -0.01393580436706543,
            "4": -0.00645679235458374,
            "5": 0.009937127431233761,
            "6": 0.0385110775629679,
            "7": 0.01711943745613098,
            "8": -0.010062247514724731
        },
        "BWT_Stream/eval_phase/test_stream": {
            "0": 0.03276801109313965,
            "1": 0.06306999921798706,
            "2": -0.03184552987416589,
            "3": -0.01393580436706543,
            "4": -0.00645679235458374,
            "5": 0.009937127431233761,
            "6": 0.0385110775629679,
            "7": 0.01711943745613098,
            "8": -0.010062247514724731
        }
    }
}