{
    "0": {
        "Loss_Exp": 87.49503387094241,
        "RelativeDistance_Exp": 0.9751649498939514,
        "R2Score_Exp": 0.8039238154888153,
        "Forgetting_Exp": 0.06918874382972717,
        "BWT_Exp": -0.06918874382972717
    },
    "1": {
        "Loss_Exp": 63.292694214333224,
        "RelativeDistance_Exp": 1.4105191826820374,
        "R2Score_Exp": 0.8160935640335083,
        "Forgetting_Exp": 0.08542677760124207,
        "BWT_Exp": -0.08542677760124207
    },
    "2": {
        "Loss_Exp": 60.647960101941074,
        "RelativeDistance_Exp": 0.8206812938054403,
        "R2Score_Exp": 0.8064258098602295,
        "Forgetting_Exp": 0.0160621007283529,
        "BWT_Exp": -0.0160621007283529
    },
    "3": {
        "Loss_Exp": 49.46536216389399,
        "RelativeDistance_Exp": 0.650720864534378,
        "R2Score_Exp": 0.8354584276676178,
        "Forgetting_Exp": 0.02001902461051941,
        "BWT_Exp": -0.02001902461051941
    },
    "4": {
        "Loss_Exp": 49.068082630970295,
        "RelativeDistance_Exp": 0.8992595076560974,
        "R2Score_Exp": 0.84056755900383,
        "Forgetting_Exp": 0.011273130774497986,
        "BWT_Exp": -0.011273130774497986
    },
    "5": {
        "Loss_Exp": 46.38447205916695,
        "RelativeDistance_Exp": 0.7304268280665079,
        "R2Score_Exp": 0.8185848196347555,
        "Forgetting_Exp": 0.010623613993326786,
        "BWT_Exp": -0.010623613993326786
    },
    "6": {
        "Loss_Exp": 63.314890018760735,
        "RelativeDistance_Exp": 0.7211422125498453,
        "R2Score_Exp": 0.7988243897755941,
        "Forgetting_Exp": 0.03556438287099195,
        "BWT_Exp": -0.03556438287099195
    },
    "7": {
        "Loss_Exp": 46.85248947143555,
        "RelativeDistance_Exp": 0.7443376183509827,
        "R2Score_Exp": 0.8152550458908081,
        "Forgetting_Exp": 0.05922916531562805,
        "BWT_Exp": -0.05922916531562805
    },
    "8": {
        "Loss_Exp": 56.46429439785888,
        "RelativeDistance_Exp": 0.9957909882068634,
        "R2Score_Exp": 0.8068668246269226,
        "Forgetting_Exp": 0.0013471245765686035,
        "BWT_Exp": -0.0013471245765686035
    },
    "9": {
        "Loss_Exp": 62.67460932207934,
        "RelativeDistance_Exp": 0.858165055513382,
        "R2Score_Exp": 0.830761045217514
    },
    "stream": {
        "Loss_Stream/eval_phase/test_stream": 57.56069007399049,
        "RelativeDistance_Stream/eval_phase/test_stream": 0.872452030579249,
        "R2Score_Stream/eval_phase/test_stream": 0.8181349039077759,
        "Forgetting_Stream/eval_phase/test_stream": {
            "0": 0.06918874382972717,
            "1": 0.08542677760124207,
            "2": 0.0160621007283529,
            "3": 0.02001902461051941,
            "4": 0.011273130774497986,
            "5": 0.010623613993326786,
            "6": 0.03556438287099195,
            "7": 0.05922916531562805,
            "8": 0.0013471245765686035
        },
        "BWT_Stream/eval_phase/test_stream": {
            "0": 0.06918874382972717,
            "1": 0.08542677760124207,
            "2": 0.0160621007283529,
            "3": 0.02001902461051941,
            "4": 0.011273130774497986,
            "5": 0.010623613993326786,
            "6": 0.03556438287099195,
            "7": 0.05922916531562805,
            "8": 0.0013471245765686035
        }
    }
}