{
    "0": {
        "Loss_Exp": 57.136904692899755,
        "RelativeDistance_Exp": 1.0672909915447235,
        "R2Score_Exp": 0.7558908641338349,
        "Forgetting_Exp": 0.0986289799213409,
        "BWT_Exp": -0.0986289799213409
    },
    "1": {
        "Loss_Exp": 62.98520013686195,
        "RelativeDistance_Exp": 1.0735172589619955,
        "R2Score_Exp": 0.7475850542386373,
        "Forgetting_Exp": 0.11058762868245442,
        "BWT_Exp": -0.11058762868245442
    },
    "2": {
        "Loss_Exp": 46.31697885878607,
        "RelativeDistance_Exp": 1.0224223824647756,
        "R2Score_Exp": 0.8026745135967548,
        "Forgetting_Exp": 0.06707019530809843,
        "BWT_Exp": -0.06707019530809843
    },
    "3": {
        "Loss_Exp": 38.940434731481346,
        "RelativeDistance_Exp": 1.0807779100206163,
        "R2Score_Exp": 0.8442051211992899,
        "Forgetting_Exp": 0.05520825915866434,
        "BWT_Exp": -0.05520825915866434
    },
    "4": {
        "Loss_Exp": 41.52863499780716,
        "RelativeDistance_Exp": 1.0554869260106767,
        "R2Score_Exp": 0.8362149511064801,
        "Forgetting_Exp": 0.02621780974524368,
        "BWT_Exp": -0.02621780974524368
    },
    "5": {
        "Loss_Exp": 41.43457400570199,
        "RelativeDistance_Exp": 0.9791659414768219,
        "R2Score_Exp": 0.8407005866368612,
        "Forgetting_Exp": 0.02254425485928846,
        "BWT_Exp": -0.02254425485928846
    },
    "6": {
        "Loss_Exp": 36.08966761842142,
        "RelativeDistance_Exp": 1.285560503602028,
        "R2Score_Exp": 0.8621550723910332,
        "Forgetting_Exp": 0.014055252075195312,
        "BWT_Exp": -0.014055252075195312
    },
    "7": {
        "Loss_Exp": 47.884368443119484,
        "RelativeDistance_Exp": 0.8718505203723907,
        "R2Score_Exp": 0.8341647088527679,
        "Forgetting_Exp": 0.024162210524082184,
        "BWT_Exp": -0.024162210524082184
    },
    "8": {
        "Loss_Exp": 35.80138676447735,
        "RelativeDistance_Exp": 0.8225858211517334,
        "R2Score_Exp": 0.8762925863265991,
        "Forgetting_Exp": 0.02821481227874756,
        "BWT_Exp": -0.02821481227874756
    },
    "9": {
        "Loss_Exp": 26.7080376167116,
        "RelativeDistance_Exp": 0.802499920129776,
        "R2Score_Exp": 0.9030105471611023
    },
    "stream": {
        "Loss_Stream/eval_phase/test_stream": 47.75177947059672,
        "RelativeDistance_Stream/eval_phase/test_stream": 1.0418470443030934,
        "R2Score_Stream/eval_phase/test_stream": 0.811215611151707,
        "Forgetting_Stream/eval_phase/test_stream": {
            "0": 0.0986289799213409,
            "1": 0.11058762868245442,
            "2": 0.06707019530809843,
            "3": 0.05520825915866434,
            "4": 0.02621780974524368,
            "5": 0.02254425485928846,
            "6": 0.014055252075195312,
            "7": 0.024162210524082184,
            "8": 0.02821481227874756
        },
        "BWT_Stream/eval_phase/test_stream": {
            "0": 0.0986289799213409,
            "1": 0.11058762868245442,
            "2": 0.06707019530809843,
            "3": 0.05520825915866434,
            "4": 0.02621780974524368,
            "5": 0.02254425485928846,
            "6": 0.014055252075195312,
            "7": 0.024162210524082184,
            "8": 0.02821481227874756
        }
    }
}