{
    "0": {
        "Loss_Exp": 32.310882568359375,
        "RelativeDistance_Exp": 0.6813901662826538,
        "R2Score_Exp": 0.8644969463348389,
        "Forgetting_Exp": 0.03538870811462402,
        "BWT_Exp": -0.03538870811462402
    },
    "1": {
        "Loss_Exp": 42.86587142944336,
        "RelativeDistance_Exp": 0.8225070238113403,
        "R2Score_Exp": 0.8263195157051086,
        "Forgetting_Exp": 0.014902770519256592,
        "BWT_Exp": -0.014902770519256592
    },
    "2": {
        "Loss_Exp": 47.785255432128906,
        "RelativeDistance_Exp": 0.8847970366477966,
        "R2Score_Exp": 0.8033081293106079,
        "Forgetting_Exp": 0.03898900747299194,
        "BWT_Exp": -0.03898900747299194
    },
    "3": {
        "Loss_Exp": 45.17519760131836,
        "RelativeDistance_Exp": 0.9054014682769775,
        "R2Score_Exp": 0.8052009344100952,
        "Forgetting_Exp": 0.03874671459197998,
        "BWT_Exp": -0.03874671459197998
    },
    "4": {
        "Loss_Exp": 52.69227981567383,
        "RelativeDistance_Exp": 1.048133373260498,
        "R2Score_Exp": 0.8144350051879883,
        "Forgetting_Exp": 0.034405529499053955,
        "BWT_Exp": -0.034405529499053955
    },
    "5": {
        "Loss_Exp": 53.563987731933594,
        "RelativeDistance_Exp": 0.9813109636306763,
        "R2Score_Exp": 0.8012042045593262,
        "Forgetting_Exp": 0.03576481342315674,
        "BWT_Exp": -0.03576481342315674
    },
    "6": {
        "Loss_Exp": 43.31992721557617,
        "RelativeDistance_Exp": 0.8035678863525391,
        "R2Score_Exp": 0.833220362663269,
        "Forgetting_Exp": 0.021569550037384033,
        "BWT_Exp": -0.021569550037384033
    },
    "7": {
        "Loss_Exp": 39.50023651123047,
        "RelativeDistance_Exp": 0.7779781222343445,
        "R2Score_Exp": 0.8490636348724365,
        "Forgetting_Exp": -0.024988293647766113,
        "BWT_Exp": 0.024988293647766113
    },
    "8": {
        "Loss_Exp": 41.23919677734375,
        "RelativeDistance_Exp": 0.6905225515365601,
        "R2Score_Exp": 0.8564268350601196,
        "Forgetting_Exp": 0.01287078857421875,
        "BWT_Exp": -0.01287078857421875
    },
    "9": {
        "Loss_Exp": 35.5884895324707,
        "RelativeDistance_Exp": 1.0755544900894165,
        "R2Score_Exp": 0.8721503019332886
    },
    "stream": {
        "Loss_Stream/eval_phase/test_stream": 45.8339187418079,
        "RelativeDistance_Stream/eval_phase/test_stream": 0.8671163082122803,
        "R2Score_Stream/eval_phase/test_stream": 0.8325825870037079,
        "Forgetting_Stream/eval_phase/test_stream": {
            "0": 0.03538870811462402,
            "1": 0.014902770519256592,
            "2": 0.03898900747299194,
            "3": 0.03874671459197998,
            "4": 0.034405529499053955,
            "5": 0.03576481342315674,
            "6": 0.021569550037384033,
            "7": -0.024988293647766113,
            "8": 0.01287078857421875
        },
        "BWT_Stream/eval_phase/test_stream": {
            "0": 0.03538870811462402,
            "1": 0.014902770519256592,
            "2": 0.03898900747299194,
            "3": 0.03874671459197998,
            "4": 0.034405529499053955,
            "5": 0.03576481342315674,
            "6": 0.021569550037384033,
            "7": -0.024988293647766113,
            "8": 0.01287078857421875
        }
    }
}