{
    "0": {
        "Loss_Exp": 49.07315444946289,
        "RelativeDistance_Exp": 0.7713179588317871,
        "R2Score_Exp": 0.8080450296401978,
        "Forgetting_Exp": 0.092926025390625,
        "BWT_Exp": -0.092926025390625
    },
    "1": {
        "Loss_Exp": 47.123924255371094,
        "RelativeDistance_Exp": 0.7383164763450623,
        "R2Score_Exp": 0.8166653513908386,
        "Forgetting_Exp": 0.08168327808380127,
        "BWT_Exp": -0.08168327808380127
    },
    "2": {
        "Loss_Exp": 51.41352844238281,
        "RelativeDistance_Exp": 0.8244142532348633,
        "R2Score_Exp": 0.8027428388595581,
        "Forgetting_Exp": 0.09487605094909668,
        "BWT_Exp": -0.09487605094909668
    },
    "3": {
        "Loss_Exp": 49.391971588134766,
        "RelativeDistance_Exp": 0.7558102011680603,
        "R2Score_Exp": 0.797179639339447,
        "Forgetting_Exp": 0.1010255217552185,
        "BWT_Exp": -0.1010255217552185
    },
    "4": {
        "Loss_Exp": 55.28650665283203,
        "RelativeDistance_Exp": 0.8187835216522217,
        "R2Score_Exp": 0.8055437803268433,
        "Forgetting_Exp": 0.09111380577087402,
        "BWT_Exp": -0.09111380577087402
    },
    "5": {
        "Loss_Exp": 43.52400588989258,
        "RelativeDistance_Exp": 0.8050046563148499,
        "R2Score_Exp": 0.8433752059936523,
        "Forgetting_Exp": 0.05289030075073242,
        "BWT_Exp": -0.05289030075073242
    },
    "6": {
        "Loss_Exp": 41.111331939697266,
        "RelativeDistance_Exp": 0.6284566521644592,
        "R2Score_Exp": 0.845657229423523,
        "Forgetting_Exp": 0.04620230197906494,
        "BWT_Exp": -0.04620230197906494
    },
    "7": {
        "Loss_Exp": 38.08049392700195,
        "RelativeDistance_Exp": 0.6809710264205933,
        "R2Score_Exp": 0.8632221221923828,
        "Forgetting_Exp": 0.0014721155166625977,
        "BWT_Exp": -0.0014721155166625977
    },
    "8": {
        "Loss_Exp": 44.1585578918457,
        "RelativeDistance_Exp": 0.501775324344635,
        "R2Score_Exp": 0.8589030504226685,
        "Forgetting_Exp": 0.04403340816497803,
        "BWT_Exp": -0.04403340816497803
    },
    "9": {
        "Loss_Exp": 18.538484573364258,
        "RelativeDistance_Exp": 0.662747323513031,
        "R2Score_Exp": 0.9301698207855225
    },
    "stream": {
        "Loss_Stream/eval_phase/test_stream": 47.70401070749713,
        "RelativeDistance_Stream/eval_phase/test_stream": 0.7187597393989563,
        "R2Score_Stream/eval_phase/test_stream": 0.8371504068374633,
        "Forgetting_Stream/eval_phase/test_stream": {
            "0": 0.092926025390625,
            "1": 0.08168327808380127,
            "2": 0.09487605094909668,
            "3": 0.1010255217552185,
            "4": 0.09111380577087402,
            "5": 0.05289030075073242,
            "6": 0.04620230197906494,
            "7": 0.0014721155166625977,
            "8": 0.04403340816497803
        },
        "BWT_Stream/eval_phase/test_stream": {
            "0": 0.092926025390625,
            "1": 0.08168327808380127,
            "2": 0.09487605094909668,
            "3": 0.1010255217552185,
            "4": 0.09111380577087402,
            "5": 0.05289030075073242,
            "6": 0.04620230197906494,
            "7": 0.0014721155166625977,
            "8": 0.04403340816497803
        }
    }
}