{
    "0": {
        "Loss_Exp": 62.880393981933594,
        "RelativeDistance_Exp": 0.6767469048500061,
        "R2Score_Exp": 0.7771087884902954,
        "Forgetting_Exp": 0.07193511724472046,
        "BWT_Exp": -0.07193511724472046
    },
    "1": {
        "Loss_Exp": 44.855716705322266,
        "RelativeDistance_Exp": 0.7209674715995789,
        "R2Score_Exp": 0.8249209523200989,
        "Forgetting_Exp": 0.014900743961334229,
        "BWT_Exp": -0.014900743961334229
    },
    "2": {
        "Loss_Exp": 54.77622985839844,
        "RelativeDistance_Exp": 0.585257351398468,
        "R2Score_Exp": 0.7948129177093506,
        "Forgetting_Exp": -0.015214085578918457,
        "BWT_Exp": 0.015214085578918457
    },
    "3": {
        "Loss_Exp": 39.420169830322266,
        "RelativeDistance_Exp": 0.5127038955688477,
        "R2Score_Exp": 0.837951123714447,
        "Forgetting_Exp": -0.055140912532806396,
        "BWT_Exp": 0.055140912532806396
    },
    "4": {
        "Loss_Exp": 34.44534683227539,
        "RelativeDistance_Exp": 0.5942947268486023,
        "R2Score_Exp": 0.822181224822998,
        "Forgetting_Exp": 0.01247107982635498,
        "BWT_Exp": -0.01247107982635498
    },
    "5": {
        "Loss_Exp": 37.05055236816406,
        "RelativeDistance_Exp": 0.5468302965164185,
        "R2Score_Exp": 0.7828834056854248,
        "Forgetting_Exp": 0.04649055004119873,
        "BWT_Exp": -0.04649055004119873
    },
    "6": {
        "Loss_Exp": 40.91331481933594,
        "RelativeDistance_Exp": 0.4922487437725067,
        "R2Score_Exp": 0.8164364099502563,
        "Forgetting_Exp": 0.028037548065185547,
        "BWT_Exp": -0.028037548065185547
    },
    "7": {
        "Loss_Exp": 37.46486282348633,
        "RelativeDistance_Exp": 0.4914209842681885,
        "R2Score_Exp": 0.796536922454834,
        "Forgetting_Exp": 0.05798584222793579,
        "BWT_Exp": -0.05798584222793579
    },
    "8": {
        "Loss_Exp": 38.35477066040039,
        "RelativeDistance_Exp": 0.5013232231140137,
        "R2Score_Exp": 0.847604513168335,
        "Forgetting_Exp": -0.0062538981437683105,
        "BWT_Exp": 0.0062538981437683105
    },
    "9": {
        "Loss_Exp": 48.690860748291016,
        "RelativeDistance_Exp": 0.6786831021308899,
        "R2Score_Exp": 0.8372307419776917
    },
    "stream": {
        "Loss_Stream/eval_phase/test_stream": 43.44821379377444,
        "RelativeDistance_Stream/eval_phase/test_stream": 0.5800476700067521,
        "R2Score_Stream/eval_phase/test_stream": 0.8137667000293731,
        "Forgetting_Stream/eval_phase/test_stream": {
            "0": 0.07193511724472046,
            "1": 0.014900743961334229,
            "2": -0.015214085578918457,
            "3": -0.055140912532806396,
            "4": 0.01247107982635498,
            "5": 0.04649055004119873,
            "6": 0.028037548065185547,
            "7": 0.05798584222793579,
            "8": -0.0062538981437683105
        },
        "BWT_Stream/eval_phase/test_stream": {
            "0": 0.07193511724472046,
            "1": 0.014900743961334229,
            "2": -0.015214085578918457,
            "3": -0.055140912532806396,
            "4": 0.01247107982635498,
            "5": 0.04649055004119873,
            "6": 0.028037548065185547,
            "7": 0.05798584222793579,
            "8": -0.0062538981437683105
        }
    }
}