{
    "0": {
        "Loss_Exp": 63.43362808227539,
        "RelativeDistance_Exp": 0.6406495571136475,
        "R2Score_Exp": 0.793815553188324,
        "Forgetting_Exp": 0.05026441812515259,
        "BWT_Exp": -0.05026441812515259
    },
    "1": {
        "Loss_Exp": 34.96912384033203,
        "RelativeDistance_Exp": 0.6495625376701355,
        "R2Score_Exp": 0.8593510389328003,
        "Forgetting_Exp": 0.03902542591094971,
        "BWT_Exp": -0.03902542591094971
    },
    "2": {
        "Loss_Exp": 40.6816291809082,
        "RelativeDistance_Exp": 0.5145681500434875,
        "R2Score_Exp": 0.8301596641540527,
        "Forgetting_Exp": 0.01437222957611084,
        "BWT_Exp": -0.01437222957611084
    },
    "3": {
        "Loss_Exp": 28.881282806396484,
        "RelativeDistance_Exp": 0.46314144134521484,
        "R2Score_Exp": 0.8865532875061035,
        "Forgetting_Exp": -0.01564699411392212,
        "BWT_Exp": 0.01564699411392212
    },
    "4": {
        "Loss_Exp": 24.546730041503906,
        "RelativeDistance_Exp": 0.45250290632247925,
        "R2Score_Exp": 0.8810150623321533,
        "Forgetting_Exp": 0.022177517414093018,
        "BWT_Exp": -0.022177517414093018
    },
    "5": {
        "Loss_Exp": 29.19358253479004,
        "RelativeDistance_Exp": 0.4718560576438904,
        "R2Score_Exp": 0.8569669723510742,
        "Forgetting_Exp": 0.034691452980041504,
        "BWT_Exp": -0.034691452980041504
    },
    "6": {
        "Loss_Exp": 29.387210845947266,
        "RelativeDistance_Exp": 0.4251009523868561,
        "R2Score_Exp": 0.8691081404685974,
        "Forgetting_Exp": 0.010663211345672607,
        "BWT_Exp": -0.010663211345672607
    },
    "7": {
        "Loss_Exp": 27.433998107910156,
        "RelativeDistance_Exp": 0.5027344226837158,
        "R2Score_Exp": 0.8762752413749695,
        "Forgetting_Exp": 0.029853522777557373,
        "BWT_Exp": -0.029853522777557373
    },
    "8": {
        "Loss_Exp": 32.53539276123047,
        "RelativeDistance_Exp": 0.37581247091293335,
        "R2Score_Exp": 0.8688281774520874,
        "Forgetting_Exp": 0.019798755645751953,
        "BWT_Exp": -0.019798755645751953
    },
    "9": {
        "Loss_Exp": 35.401214599609375,
        "RelativeDistance_Exp": 0.5393892526626587,
        "R2Score_Exp": 0.8777332901954651
    },
    "stream": {
        "Loss_Stream/eval_phase/test_stream": 33.9115815387728,
        "RelativeDistance_Stream/eval_phase/test_stream": 0.5035317748785019,
        "R2Score_Stream/eval_phase/test_stream": 0.8599806427955627,
        "Forgetting_Stream/eval_phase/test_stream": {
            "0": 0.05026441812515259,
            "1": 0.03902542591094971,
            "2": 0.01437222957611084,
            "3": -0.01564699411392212,
            "4": 0.022177517414093018,
            "5": 0.034691452980041504,
            "6": 0.010663211345672607,
            "7": 0.029853522777557373,
            "8": 0.019798755645751953
        },
        "BWT_Stream/eval_phase/test_stream": {
            "0": 0.05026441812515259,
            "1": 0.03902542591094971,
            "2": 0.01437222957611084,
            "3": -0.01564699411392212,
            "4": 0.022177517414093018,
            "5": 0.034691452980041504,
            "6": 0.010663211345672607,
            "7": 0.029853522777557373,
            "8": 0.019798755645751953
        }
    }
}