{
    "0": {
        "Loss_Exp": 39.9812722132141,
        "RelativeDistance_Exp": 0.9789704445161318,
        "R2Score_Exp": 0.824259634080686,
        "Forgetting_Exp": 0.020634320221449287,
        "BWT_Exp": -0.020634320221449287
    },
    "1": {
        "Loss_Exp": 41.80740425002854,
        "RelativeDistance_Exp": 0.9423109550597304,
        "R2Score_Exp": 0.8230514819339171,
        "Forgetting_Exp": 0.033295601101244854,
        "BWT_Exp": -0.033295601101244854
    },
    "2": {
        "Loss_Exp": 35.150887848900965,
        "RelativeDistance_Exp": 0.9424047567406479,
        "R2Score_Exp": 0.8454731775789844,
        "Forgetting_Exp": 0.018749834323416037,
        "BWT_Exp": -0.018749834323416037
    },
    "3": {
        "Loss_Exp": 28.464782732201492,
        "RelativeDistance_Exp": 1.0110293784562279,
        "R2Score_Exp": 0.8854087082778707,
        "Forgetting_Exp": 0.015336157644496251,
        "BWT_Exp": -0.015336157644496251
    },
    "4": {
        "Loss_Exp": 30.984151669414032,
        "RelativeDistance_Exp": 1.0092689180374146,
        "R2Score_Exp": 0.8738357734680176,
        "Forgetting_Exp": -0.00644372463226317,
        "BWT_Exp": 0.00644372463226317
    },
    "5": {
        "Loss_Exp": 32.63578568567171,
        "RelativeDistance_Exp": 0.9124527374903361,
        "R2Score_Exp": 0.871315228442351,
        "Forgetting_Exp": -0.011557651062806373,
        "BWT_Exp": 0.011557651062806373
    },
    "6": {
        "Loss_Exp": 32.049666771449694,
        "RelativeDistance_Exp": 1.237112507224083,
        "R2Score_Exp": 0.8782096058130264,
        "Forgetting_Exp": -0.0030036885291337967,
        "BWT_Exp": 0.0030036885291337967
    },
    "7": {
        "Loss_Exp": 41.59905945376141,
        "RelativeDistance_Exp": 0.8551812089722732,
        "R2Score_Exp": 0.8532836334458713,
        "Forgetting_Exp": 0.008527414552096602,
        "BWT_Exp": -0.008527414552096602
    },
    "8": {
        "Loss_Exp": 32.43575448801672,
        "RelativeDistance_Exp": 0.8555634419123331,
        "R2Score_Exp": 0.888542095820109,
        "Forgetting_Exp": 0.011569427119361042,
        "BWT_Exp": -0.011569427119361042
    },
    "9": {
        "Loss_Exp": 24.274953289001754,
        "RelativeDistance_Exp": 0.8437877297401428,
        "R2Score_Exp": 0.9194941878318786
    },
    "stream": {
        "Loss_Stream/eval_phase/test_stream": 35.796209858685,
        "RelativeDistance_Stream/eval_phase/test_stream": 0.9762746998550076,
        "R2Score_Stream/eval_phase/test_stream": 0.8539925252920703,
        "Forgetting_Stream/eval_phase/test_stream": {
            "0": 0.020634320221449287,
            "1": 0.033295601101244854,
            "2": 0.018749834323416037,
            "3": 0.015336157644496251,
            "4": -0.00644372463226317,
            "5": -0.011557651062806373,
            "6": -0.0030036885291337967,
            "7": 0.008527414552096602,
            "8": 0.011569427119361042
        },
        "BWT_Stream/eval_phase/test_stream": {
            "0": 0.020634320221449287,
            "1": 0.033295601101244854,
            "2": 0.018749834323416037,
            "3": 0.015336157644496251,
            "4": -0.00644372463226317,
            "5": -0.011557651062806373,
            "6": -0.0030036885291337967,
            "7": 0.008527414552096602,
            "8": 0.011569427119361042
        }
    }
}