{
    "0": {
        "Loss_Exp": 53.92632293701172,
        "RelativeDistance_Exp": 0.6279129981994629,
        "R2Score_Exp": 0.8176730871200562,
        "Forgetting_Exp": 0.035669684410095215,
        "BWT_Exp": -0.035669684410095215
    },
    "1": {
        "Loss_Exp": 31.04573631286621,
        "RelativeDistance_Exp": 0.6201786994934082,
        "R2Score_Exp": 0.8710225820541382,
        "Forgetting_Exp": 0.026117682456970215,
        "BWT_Exp": -0.026117682456970215
    },
    "2": {
        "Loss_Exp": 36.87606430053711,
        "RelativeDistance_Exp": 0.5147942304611206,
        "R2Score_Exp": 0.8410934209823608,
        "Forgetting_Exp": 0.010260701179504395,
        "BWT_Exp": -0.010260701179504395
    },
    "3": {
        "Loss_Exp": 28.36638832092285,
        "RelativeDistance_Exp": 0.45953550934791565,
        "R2Score_Exp": 0.8881641030311584,
        "Forgetting_Exp": -0.01810377836227417,
        "BWT_Exp": 0.01810377836227417
    },
    "4": {
        "Loss_Exp": 24.00129508972168,
        "RelativeDistance_Exp": 0.45148980617523193,
        "R2Score_Exp": 0.886381983757019,
        "Forgetting_Exp": 0.012651801109313965,
        "BWT_Exp": -0.012651801109313965
    },
    "5": {
        "Loss_Exp": 29.074474334716797,
        "RelativeDistance_Exp": 0.47568419575691223,
        "R2Score_Exp": 0.8506700396537781,
        "Forgetting_Exp": 0.036846935749053955,
        "BWT_Exp": -0.036846935749053955
    },
    "6": {
        "Loss_Exp": 29.717742919921875,
        "RelativeDistance_Exp": 0.41748854517936707,
        "R2Score_Exp": 0.8617868423461914,
        "Forgetting_Exp": 0.009650230407714844,
        "BWT_Exp": -0.009650230407714844
    },
    "7": {
        "Loss_Exp": 26.806564331054688,
        "RelativeDistance_Exp": 0.5037996768951416,
        "R2Score_Exp": 0.8647934794425964,
        "Forgetting_Exp": 0.039967477321624756,
        "BWT_Exp": -0.039967477321624756
    },
    "8": {
        "Loss_Exp": 29.755355834960938,
        "RelativeDistance_Exp": 0.3801463842391968,
        "R2Score_Exp": 0.8760589361190796,
        "Forgetting_Exp": 0.017071902751922607,
        "BWT_Exp": -0.017071902751922607
    },
    "9": {
        "Loss_Exp": 36.985862731933594,
        "RelativeDistance_Exp": 0.5553624629974365,
        "R2Score_Exp": 0.8728322386741638
    },
    "stream": {
        "Loss_Stream/eval_phase/test_stream": 32.08233672411201,
        "RelativeDistance_Stream/eval_phase/test_stream": 0.5006392508745193,
        "R2Score_Stream/eval_phase/test_stream": 0.8630476713180542,
        "Forgetting_Stream/eval_phase/test_stream": {
            "0": 0.035669684410095215,
            "1": 0.026117682456970215,
            "2": 0.010260701179504395,
            "3": -0.01810377836227417,
            "4": 0.012651801109313965,
            "5": 0.036846935749053955,
            "6": 0.009650230407714844,
            "7": 0.039967477321624756,
            "8": 0.017071902751922607
        },
        "BWT_Stream/eval_phase/test_stream": {
            "0": 0.035669684410095215,
            "1": 0.026117682456970215,
            "2": 0.010260701179504395,
            "3": -0.01810377836227417,
            "4": 0.012651801109313965,
            "5": 0.036846935749053955,
            "6": 0.009650230407714844,
            "7": 0.039967477321624756,
            "8": 0.017071902751922607
        }
    }
}