{
    "0": {
        "Loss_Exp": 193.97898864746094,
        "RelativeDistance_Exp": 1.8521708250045776,
        "R2Score_Exp": 0.21686184406280518,
        "Forgetting_Exp": 0.6687027215957642,
        "BWT_Exp": -0.6687027215957642
    },
    "1": {
        "Loss_Exp": 168.63563537597656,
        "RelativeDistance_Exp": 1.1773614883422852,
        "R2Score_Exp": 0.3860507011413574,
        "Forgetting_Exp": 0.4943281412124634,
        "BWT_Exp": -0.4943281412124634
    },
    "2": {
        "Loss_Exp": 127.4664535522461,
        "RelativeDistance_Exp": 1.5163990259170532,
        "R2Score_Exp": 0.5003161430358887,
        "Forgetting_Exp": 0.3871232271194458,
        "BWT_Exp": -0.3871232271194458
    },
    "3": {
        "Loss_Exp": 141.2605743408203,
        "RelativeDistance_Exp": 1.58875572681427,
        "R2Score_Exp": 0.46514320373535156,
        "Forgetting_Exp": 0.450950026512146,
        "BWT_Exp": -0.450950026512146
    },
    "4": {
        "Loss_Exp": 162.5040740966797,
        "RelativeDistance_Exp": 1.5018715858459473,
        "R2Score_Exp": 0.3617371916770935,
        "Forgetting_Exp": 0.5142349004745483,
        "BWT_Exp": -0.5142349004745483
    },
    "5": {
        "Loss_Exp": 109.29503631591797,
        "RelativeDistance_Exp": 1.1715521812438965,
        "R2Score_Exp": 0.606844961643219,
        "Forgetting_Exp": 0.2667391300201416,
        "BWT_Exp": -0.2667391300201416
    },
    "6": {
        "Loss_Exp": 114.3022232055664,
        "RelativeDistance_Exp": 1.4514274597167969,
        "R2Score_Exp": 0.5960201621055603,
        "Forgetting_Exp": 0.2993379831314087,
        "BWT_Exp": -0.2993379831314087
    },
    "7": {
        "Loss_Exp": 129.87986755371094,
        "RelativeDistance_Exp": 1.0363671779632568,
        "R2Score_Exp": 0.5674721598625183,
        "Forgetting_Exp": 0.3127784729003906,
        "BWT_Exp": -0.3127784729003906
    },
    "8": {
        "Loss_Exp": 95.18476867675781,
        "RelativeDistance_Exp": 1.3194420337677002,
        "R2Score_Exp": 0.7069898843765259,
        "Forgetting_Exp": 0.18707036972045898,
        "BWT_Exp": -0.18707036972045898
    },
    "9": {
        "Loss_Exp": 37.92841339111328,
        "RelativeDistance_Exp": 0.9497196078300476,
        "R2Score_Exp": 0.8813319802284241
    },
    "stream": {
        "Loss_Stream/eval_phase/test_stream": 143.1602042215471,
        "RelativeDistance_Stream/eval_phase/test_stream": 1.3565067112445832,
        "R2Score_Stream/eval_phase/test_stream": 0.5288768231868743,
        "Forgetting_Stream/eval_phase/test_stream": {
            "0": 0.6687027215957642,
            "1": 0.4943281412124634,
            "2": 0.3871232271194458,
            "3": 0.450950026512146,
            "4": 0.5142349004745483,
            "5": 0.2667391300201416,
            "6": 0.2993379831314087,
            "7": 0.3127784729003906,
            "8": 0.18707036972045898
        },
        "BWT_Stream/eval_phase/test_stream": {
            "0": 0.6687027215957642,
            "1": 0.4943281412124634,
            "2": 0.3871232271194458,
            "3": 0.450950026512146,
            "4": 0.5142349004745483,
            "5": 0.2667391300201416,
            "6": 0.2993379831314087,
            "7": 0.3127784729003906,
            "8": 0.18707036972045898
        }
    }
}