{
    "0": {
        "Loss_Exp": 71.84932848212604,
        "RelativeDistance_Exp": 1.0267181992530823,
        "R2Score_Exp": 0.6899914503097534,
        "Forgetting_Exp": 0.1585390567779541,
        "BWT_Exp": -0.1585390567779541
    },
    "1": {
        "Loss_Exp": 77.92054221732657,
        "RelativeDistance_Exp": 0.9664886474609375,
        "R2Score_Exp": 0.691624931494395,
        "Forgetting_Exp": 0.16557137966156,
        "BWT_Exp": -0.16557137966156
    },
    "2": {
        "Loss_Exp": 52.321258355483494,
        "RelativeDistance_Exp": 0.9741439131590036,
        "R2Score_Exp": 0.7784229104335492,
        "Forgetting_Exp": 0.08610724944334758,
        "BWT_Exp": -0.08610724944334758
    },
    "3": {
        "Loss_Exp": 41.83896894881111,
        "RelativeDistance_Exp": 1.1034689214494493,
        "R2Score_Exp": 0.8365210096041361,
        "Forgetting_Exp": 0.06401911709043717,
        "BWT_Exp": -0.06401911709043717
    },
    "4": {
        "Loss_Exp": 44.08338070787335,
        "RelativeDistance_Exp": 1.0388155153819494,
        "R2Score_Exp": 0.8244598252432687,
        "Forgetting_Exp": 0.03842118808201389,
        "BWT_Exp": -0.03842118808201389
    },
    "5": {
        "Loss_Exp": 43.680505736979,
        "RelativeDistance_Exp": 0.9794820845127106,
        "R2Score_Exp": 0.8337841629981995,
        "Forgetting_Exp": 0.026983320713043213,
        "BWT_Exp": -0.026983320713043213
    },
    "6": {
        "Loss_Exp": 39.77780619423593,
        "RelativeDistance_Exp": 1.2643190026283264,
        "R2Score_Exp": 0.8489577993750572,
        "Forgetting_Exp": 0.028605438768863678,
        "BWT_Exp": -0.028605438768863678
    },
    "7": {
        "Loss_Exp": 52.98936807042657,
        "RelativeDistance_Exp": 0.907168947160244,
        "R2Score_Exp": 0.8173325881361961,
        "Forgetting_Exp": 0.040690451860427856,
        "BWT_Exp": -0.040690451860427856
    },
    "8": {
        "Loss_Exp": 42.46841849773069,
        "RelativeDistance_Exp": 0.8378016352653503,
        "R2Score_Exp": 0.8379147052764893,
        "Forgetting_Exp": 0.05821470419565833,
        "BWT_Exp": -0.05821470419565833
    },
    "9": {
        "Loss_Exp": 27.08617144794736,
        "RelativeDistance_Exp": 0.8127188682556152,
        "R2Score_Exp": 0.9004124999046326
    },
    "stream": {
        "Loss_Stream/eval_phase/test_stream": 55.24815329152042,
        "RelativeDistance_Stream/eval_phase/test_stream": 1.0125796323941079,
        "R2Score_Stream/eval_phase/test_stream": 0.7819912514568846,
        "Forgetting_Stream/eval_phase/test_stream": {
            "0": 0.1585390567779541,
            "1": 0.16557137966156,
            "2": 0.08610724944334758,
            "3": 0.06401911709043717,
            "4": 0.03842118808201389,
            "5": 0.026983320713043213,
            "6": 0.028605438768863678,
            "7": 0.040690451860427856,
            "8": 0.05821470419565833
        },
        "BWT_Stream/eval_phase/test_stream": {
            "0": 0.1585390567779541,
            "1": 0.16557137966156,
            "2": 0.08610724944334758,
            "3": 0.06401911709043717,
            "4": 0.03842118808201389,
            "5": 0.026983320713043213,
            "6": 0.028605438768863678,
            "7": 0.040690451860427856,
            "8": 0.05821470419565833
        }
    }
}